id,phone_number,address
08835222X2,0883523854,"88 AIRPORT RD NR MARSHALL TCE, BROOKLYN PARK"
07326614X2,0732666619,"31 ACACIA AVE CNR STATION AVE, NORTHGATE"
03979146X2,0397917437,"1 ACER ST NR POWER RD, DOVETON"
03933599X2,0393354345,"FLR 1 5 AIRPORT DRV STH TERM GATE 6, MELBOURNE AIRPORT"
03932928X2,0393299706,"197 ADDERLEY ST NR HAWKE ST, WEST MELBOURNE"
02931392X2,0293136631,"9 ADDISON ST NR ANZAC PDE, KENSINGTON"
02429710X2,0242972389,"74 ADDISON AVE OS SHOPS, LAKE ILLAWARRA"
02956907X2,0295691339,"163 ADDISON ST NR EAST ST, MARRICKVILLE"
02955030X2,0295503605,"13 ADDISON RD NR ENMORE RD, MARRICKVILLE"
08844733X2,0884475898,"41 ADDISON RD NEAR, PENNINGTON"
02956009X2,0295602882,"279 ADDISON RD NEAR AUDLEY ST, PETERSHAM"
02429601X2,0242964521,"18 ADDISON ST OS POST OFFICE, SHELLHARBOUR"
02636820X2,0263682001,"64 ADELAIDE ST NR BURNS ST, BLAYNEY"
02636822X2,0263682304,"130 ADELAIDE ST NR OGILVY ST, BLAYNEY"
07465632X2,0746563218,"0 ADELAIDE ST NR FREW ST, BIRDSVILLE"
02432324X2,0243236465,"30 ADELAIDE ST , EAST GOSFORD"
08922115X2,0892212547,"195 ADELAIDE TCE NR BURT WAY, EAST PERTH"
03502480X2,0350248400,"30 ADELAIDE ST OS POST OFFICE, GOL GOL"
08853114X2,0885310272,"311 ADELAIDE RD NR RONALD ST, MURRAY BRIDGE"
08853116X2,0885310431,"151 ADELAIDE RD NR PLYMOUTH ST, MURRAY BRIDGE"
07412301X2,0741232843,"230 ADELAIDE ST NR KENT ST, MARYBOROUGH"
02985807X2,0298582471,"2 ADELAIDE ST CNR VICTORIA RD, WEST RYDE"
02954515X2,0295453163,"1 ADELONG ST CNR EAST PDE, SUTHERLAND"
07559106X2,0755916235,"7 ADMIRALTY DRV NR NELSON APPART, SURFERS PARADISE"
07329400X2,0732946441,"50 A SUMMERVILLES RD OPP STATE SCHOOL, KARALEE"
03567438X2,0356743133,"5 A'BECKETT ST NR REILLY ST, INVERLOCH"
07544365X2,0754437994,"110 AERODROME RD NR SECOND AVE, MAROOCHYDORE"
07542310X2,0754231104,"26 ABBOTSFORD ST NR FULHAM ST, TOOGOOLAWAH"
07326808X2,0732686315,"84 ABBOTT ST CNR LANCASTER RD, ASCOT"
07405162X2,0740516673,"83 ABBOTT ST O/S WOOLWORTHS, CAIRNS CTY"
08826106X2,0882612032,"2 ABBOTT ST NR FOURTH AVE, KLEMZIG"
07477822X2,0747782255,"74 ABBOTT ST NR OONOONBA HOTEL, OONOONBA"
02969952X2,0296993509,"332 ABERCROMBE ST NR RAGLAN ST, DARLINGTON"
02499014X2,0249903164,"69 ABERDARE RD , ABERDARE"
02499001X2,0249902732,"50 ABERDARE ST , KITCHENER"
03945713X2,0394574309,"48 ABERDEEN RD , MACLEOD"
02682218X2,0268221909,"92 ABERFORD ST , COONAMBLE"
02668533X2,0266853200,"143 ALCORN ST , SUFFOLK PARK"
08935411X2,0893542868,"73 APSLEY RD NR WOODPECKER AVE, WILLETTON"
08933612X1,0893363135,"SECURI TY 2 ALMA ST FREMANTLE HOSP W42, FREMANTLE"
08933613X1,0893363140,"SECURI TY 2 ALMA ST FREMANTLE HOSP W51, FREMANTLE"
08943010X1,0894306050,"CANTEN  2 ALMA ST FREMANTLE HOSP B5, FREMANTLE"
08943015X1,0894306967,"B3  2 ALMA ST FREMANTLE ADMISSIO, FREMANTLE"
08922713X2,0892275365,"100 ALMA ST OS NTH PERTH PLAZA, NORTH PERTH"
08922709X2,0892270202,"100 ALMA ST OS NTH PERTH PLAZA, NORTH PERTH"
03859806X2,0385989126,"55 ALMA RD , ST KILDA"
03859803X2,0385989263,"31 ALMA RD CHARNWOOD CRES, ST KILDA"
03952711X2,0395272896,"128 ALMA RD CNR WESTBURY ST, ST KILDA EAST"
07412327X2,0741234201,"251 ANN ST NR RICHMOND ST, MARYBOROUGH"
02967900X2,0296791810,"169 ANNANGROVE RD NR DEBORAH RD, ANNANGROVE"
02965303X2,0296532842,"142 ARCADIA RD , ARCADIA"
08936191X2,0893617921,"20 ARCHER ST NR STAR, CARLISLE"
08936193X2,0893618110,"45 ARCHER ST NR BISHOPSGATE, CARLISLE"
03575931X2,0357593563,"0 ALPINE HWY IN TOURIST SHELTER, HOTHAM HEIGHTS"
07477924X2,0747798873,"53 ANNE ST , AITKENVALE"
07339121X2,0733915564,"2 ANNERLEY RD CNR STANLEY ST, WOOLLOONGABBA"
07549611X2,0754961104,"47 ARCHER ST NR WEBB LA, WOODFORD"
07549613X2,0754961109,"109 ARCHER ST NR ELIZABETH ST, WOODFORD"
03639184X2,0363918203,"201 AIRPORT RD LTON AIRPRT QANTAS, WESTERN JUNCTION"
03639182X2,0363918201,"201 AIRPORT RD LTON AIRPRT QANTAS, WESTERN JUNCTION"
02447171X2,0244717009,"10 ANSLIE PDE ADJ SUNPATCH PDE, TOMAKIN"
03542712X2,0354271904,"35 ANSLOW ST , WOODEND"
03937076X2,0393703491,"12 ALEXANDER AVE CNR PASCOE VALE RD, MOONEE PONDS"
03946509X2,0394658179,"134 ALEXANDER AVE , THOMASTOWN"
08938719X2,0893871644,"5 ALEXANDER ST NR CAMBRIDGE ST, WEMBLEY"
07552403X2,0755243000,"20 ALTAIR ST , TWEED HEADS SOUTH"
03542830X2,0354283101,"21 AITKEN ST NR HAMILTON ST, GISBORNE"
08953508X2,0895351977,"43 ANSTRUTHER RD NR WARD ST, MANDURAH"
03643133X2,0364314300,"19 ALEXANDRA ST NEAR WILMOT STREET, BURNIE"
08825817X2,0882584721,"22 AMANDA ST NEAR, SALISBURY"
02943833X2,0294383010,"74 ALBANY ST , CROWS NEST"
08947033X2,0894701947,"780 ALBANY HWY NR SUSSEX ST, EAST VICTORIA PARK"
08829415X2,0882942432,"451 ANZAC HWY NR MORPHETT RD, CAMDEN PARK"
02998201X2,0299824143,"20 ANZAC AVE NR PITTWATER RD, COLLAROY"
02975435X2,0297541093,"28 ANZAC AVE CNR DALE ST, FAIRFIELD"
02981629X2,0298165188,"32 ALEXANDRA ST CNR ERNEST ST, HUNTERS HILL"
07544344X2,0754438796,"7 ALEXANDRA PDE NR MEMORIAL AVE, MAROOCHYDORE"
08934205X2,0893421277,"60 AMBERTON AVE NR AMBERTON LANE, GIRRAWHEEN"
08984112X2,0898412822,"30 ALBANY ST NR YORK ST, ALBANY"
08829722X2,0882976254,"130 ANZAC HWY CNR, GLANDORE"
08829404X2,0882941432,"746 ANZAC HWY NEAR, GLENELG"
08829413X2,0882942309,"572 ANZAC HWY NEAR, GLENELG EAST"
02684362X2,0268436200,"4 ANZAC PDE , GWABEGAR"
02971813X2,0297183826,"1 AMY ST NEAR BEAMISH ST, CAMPSIE"
08922714X2,0893553854,"789 ALBANY HWY THE PARK CENTRE S*, EAST VICTORIA PARK"
08922710X2,0893553856,"789 ALBANY HWY THE PARK CENTRE S*, EAST VICTORIA PARK"
08949021X2,0894901827,"2244 ALBANY HWY NR DOROTHY OS PO, GOSNELLS"
08949022X2,0894901820,"2244 ALBANY HWY NR DOROTHY OS PO, GOSNELLS"
08983140X2,0898311687,"47 ALBANY HWY NR KATANNING RD, KOJONUP"
07495121X2,0749511047,"166 ALFRED ST NEAR CNR WOOD ST, MACKAY"
02971826X2,0297189207,"1 AMY ST NR BEAMISH ST, CAMPSIE"
03599872X2,0359987720,"19 ANCHORAGE DRV CNR HERON CT, BLIND BIGHT"
08949501X1,0894951446,"2784 ALBANY HWY KELMSCOTT PLAZA, KELMSCOTT"
08945202X2,0894522613,"1697 ALBANY HWY NR CNR ROYAL ST, KENWICK"
08936181X2,0893617232,"590 ALBANY HWY NR STATE ST, VICTORIA PARK"
02931395X2,0293136759,"227 ANZAC PDE OS UNISEARCH HOUSE, KENSINGTON"
03952960X2,0395293355,"83 ALFRED ST NR COMMERCIAL RD, PRAHRAN"
02925109X2,0292517732,"0 ALFRED ST OPP LOFTUS ST, SYDNEY"
02925120X2,0292517633,"0 ALFRED ST NR YOUNG ST, SYDNEY"
03935917X2,0393592445,"91 ANDERSON RD OS FRUIT SHOP, FAWKNER"
07405125X2,0740517584,"61 ANDERSON ST NR ADELAIDE ST, MANUNDA"
07557235X2,0755725455,"29 ALBATROSS AVE NR LAVARACK RD, MERMAID BEACH"
07554115X2,0755411898,"29 ALBERT ST NR ARTHUR ST, BEAUDESERT"
07557021X2,0755702102,"16 ALBERT AVE O/S CBA BANK, BROADBEACH"
07388304X1,0738832053,"272 ANZAC AVE PENINSULA FAIR, KIPPA-RING"
03936424X2,0393642658,"33 ALFRIEDA ST , ST ALBANS"
07549880X2,0754988201,"10 ALICE ST CNR AMY ST, DONNYBROOK"
07403210X2,0740324279,"84 ANDERSON ST NR MACDONNELL ST, MANUNDA"
02979225X2,0297923382,"69 ANDERSON ST NR WESTON ST, PANANIA"
08917319X2,0891731853,"107 ANDERSON ST NR FREWER ST, PORT HEDLAND"
08988520X7,0898851002,"72 ALBANY HWY O/S POST OFFICE, WILLIAMS"
02966121X2,0296618579,"1407 ANZAC PDE O/S LIQUOR STORE, LITTLE BAY"
02969406X2,0296941543,"1605 ANZAC PDE , LA PEROUSE"
07412309X2,0741234026,"534 ALICE ST NR JUPITER ST, MARYBOROUGH"
03582600X2,0358260200,"15 ANDERSON ST , UNDERA"
03968757X2,0393620690,"9 ANDERSON ST NR WILLIS ST, YARRAVILLE"
03968756X2,0396893650,"9 ANDERSON ST NR WILLIS ST, YARRAVILLE"
08828119X2,0882812454,"57 ANDREW SMITH DRV NR COOK ST, PARAFIELD GARDENS"
02939825X2,0293987527,"26 ALISON RD JOHN RD, RANDWICK"
02435110X2,0243554673,"23 ALISON RD OS POST OFFICE, WYONG"
08822307X2,0882234098,"139 ANGAS ST CNR, ADELAIDE"
07472812X2,0747283591,"9 ALBERT ST CNR NATHAN ST, CRANBROOK"
03538205X2,0353825811,"15 ALBERT ST NR EDITH ST, HORSHAM"
08944401X2,0894440165,"174 ANZAC RD NR EGINA ST, MT HAWTHORN"
08829729X2,0882977298,"232 ANZAC HWY NR CHARLES ST, PLYMPTON"
08829731X2,0882977765,"287 ANZAC HWY NR LYDIA ST, PLYMPTON"
02494670X2,0249467076,"14 ALLAMBEE PL , VALENTINE"
02997518X2,0299756473,"130 ALLAMBIE RD OS COMMUNITY CNTR, ALLAMBIE HEIGHTS"
07546215X2,0754621289,"16 ALLAN ST NR OLD COLLEDGE RD, GATTON"
03585215X2,0358521584,"31 ALLAN ST NR LEWRY ST, KYABRAM"
03585216X2,0358521691,"377 ALLAN ST OPP HAWKINS ST, KYABRAM"
03954622X2,0395464593,"1 ALLAN ST CNR JOY PDE, NOBLE PARK"
08822318X2,0882235165,"193 ANGAS ST NR REGENT ST, ADELAIDE"
08936721X2,0893677587,"77 ANGELO ST NR COODE ST, SOUTH PERTH"
03533609X2,0353361952,"200 ALBERT ST NR VICTORIA ST, SEBASTOPOL"
03533604X2,0353361953,"10 ALBERT ST NR RUBICON ST, SEBASTOPOL"
02974620X2,0297463602,"1 ALBERT RD OS RAILWAY STN, STRATHFIELD"
02974600X2,0297461629,"1 ALBERT RD OS RAIL STATION, STRATHFIELD"
02974634X2,0297461877,"1 ALBERT RD OS STATION STH SID, STRATHFIELD"
02974628X2,0297463693,"1 ALBERT RD OS STATION STH SID, STRATHFIELD"
07328441X2,0732846344,"27 ANZAC AVE NR JOHN ST, REDCLIFFE"
07328420X2,0732847966,"107 ANZAC AVE NR TILLEY ST, REDCLIFFE"
03579217X2,0357921473,"111 ANZAC AVE OS POST OFFICE, SEYMOUR"
03579901X2,0357992137,"219 ANZAC AVE OS BARNEYS M/BAR, SEYMOUR"
02499004X2,0249901187,"19 ALLANDALE ST , KEARSLEY"
08984120X2,0898413900,"32 ANGOVE RD SHOPPING CENTRE, SPENCER PARK"
02637903X2,0263794487,"73 ANGUS AVE NR NOYES ST, KANDOS"
08827224X2,0882725121,"20 ALBERT ST OPP ROSE LANE, MITCHAM"
07465480Y2,0746548172,"0 ALBERT ST NR VICTORIA ST, MORVEN"
02686213X2,0268623040,"37 ALBERT ST NR VICTORIA ST, PARKES"
03969920X2,0396995080,"16 ALBERT RD CNR ST KILDA RD, SOUTH MELBOURNE"
07493911X2,0749391981,"32 ANZAC PDE CNR COMO UNITS, YEPPOON"
03549472X2,0354947307,"1 ALLEN ST NR VERNON ST, KORONG VALE"
02655346X2,0265534787,"9 ALLEN ST CNR KILLAARRA ST, WINGHAM"
07382400X2,0738240019,"1 ALLENBY RD FINUCANE RD NEAR, ALEXANDRA HILLS"
02636215X2,0263621765,"1 ALLENBY RD NR BATHURST RD, ORANGE"
02494027X2,0249654132,"29 ALBERT ST , WICKHAM"
07335705X2,0733576765,"51 ALBION RD NR MAWARRA ST, ALBION"
03989903X2,0398990255,"32 ALBION RD , BOX HILL"
03938363X2,0393832429,"132 ALBION ST , BRUNSWICK"
03939001X2,0393901656,"1 APOLLO RD NR SUNSHINE AVE, TAYLORS LAKES"
02463100X2,0246311109,"75 APPIN RD OS SHOPS, APPIN"
07335638X2,0733565396,"38 APPLEBY RD CNR TEEVAN ST, STAFFORD"
02423600X2,0242360200,"32 ALLOWRIE ST OS POST OFFICE, JAMBEROO"
07326920X2,0732696588,"58 ALLPASS PDE NR JETTY ST, SHORNCLIFFE"
02936117X2,0293610179,"150 ALBION ST NR CROWN ST, SURRY HILLS"
07326904X2,0732696411,"3 ALBURY ST NR ADAMS ST, DEAGON"
03954637X2,0395465873,"4 BALMORAL AVE CNR SPRINGVALE RD, SPRINGVALE"
03954614X2,0395464037,"4 BALMORAL AVE CNR SPRINGVALE RD, SPRINGVALE"
02929916X2,0292996837,"21 BARRACK ST NR GEORGE ST, SYDNEY"
02929906X2,0292996838,"21 BARRACK ST NR GEORGE ST, SYDNEY"
03559431X2,0355943305,"6 BARRAMUL ST O/S GENERAL STORE, SIMPSON"
08832211X2,0883873861,"43 BARRAMUNDI DRV NEAR CNR ROGANA CR, HALLETT COVE"
02991806X2,0299189321,"652 BARRENJOEY RD NTH AVALON RD, AVALON BEACH"
07336603X2,0733661299,"5 ASHGROVE AVE NR WATERWORKS RD, ASHGROVE"
03978933X2,0397895849,"108 ASHLEIGH AVE CNR FLAM ST, FRANKSTON"
03978912X2,0397890109,"108 ASHLEIGH AVE CNR FLAM ST, FRANKSTON"
03931830X2,0393183019,"108 ASHLEY ST CNR CHURCHILL AVE, MAIDSTONE"
08964110X2,0896411000,"134 AVON TCE O/S POST OFFICE, YORK"
03502061Y2,0350206858,"0 BALRANALD/IVANHOE RD OS HOTEL, HATFIELD"
02434300X2,0243421752,"113 BARRENJOEY RD CNR BANGALOW, ETTALONG BEACH"
02434420X2,0243415230,"21 BARRENJOEY RD , ETTALONG BEACH"
02997901X2,0299796750,"347 BARRENJOEY RD NEAR ROBERTSON RD, NEWPORT"
02999715X2,0299973262,"366 BARRENJOEY RD CNR BRAMLEY RD, NEWPORT"
08938416X2,0893848011,"22 ASHTON AVE NR SECOND AVE, CLAREMONT"
02665108X2,0266512708,"52 AZALEA AVE NR COMBINE ST, COFFS HARBOUR"
08953900Y2,0892484119,"28 BAAL ST NR KOOKABURRA AVE, CULLACABARDEE"
02674224X2,0267422309,"9 BANDO ST CNR HOPEDALE ST, GUNNEDAH"
02668090X2,0266809421,"78 BANGALOW RD NR CUMBEBIN PLACE, BYRON BAY"
07559601X2,0755782709,"21 BARRINE DRV NR MATARANKA DVE, WORONGARY"
03649231X2,0364923209,"53 BARRINGTON RD OS POST OFFICE, BARRINGTON"
07383202X2,0738321077,"67 ASTOR TCE NR COUSINS ST, SPRING HILL"
07383203X2,0738321099,"1 ASTOR TCE NR UPPER EDWARD ST, SPRING HILL"
03645837X2,0364583100,"570 BACK LINE/MENGHA RD , FOREST"
03587103X2,0358712071,"47 BANK ST , COBRAM"
02980706X2,0298073309,"27 BANK ST OPP RAIL STATION, MEADOWBANK"
02636680X2,0263668002,"46 BANK ST NR POST OFFICE, MOLONG"
08931494X2,0893379210,"72 ARCHIBALD ST NR CUMMINS ST, WILLAGEE"
08931459X2,0893316553,"72 ARCHIBALD ST NR CUMMINS ST, WILLAGEE"
02966510X2,0296658662,"242 ARDEN ST NR CARR ST, COOGEE"
03932943X2,0393298413,"180 ARDEN ST OS FLATS, NORTH MELBOURNE"
03933302X2,0393333251,"37 ARDLIE ST CARAVAN PARK, ATTWOOD"
03956809X2,0395680533,"30 ATHERTON RD , OAKLEIGH"
02931608X2,0293164952,"2 BANKSIA ST POST OFFICE, BOTANY"
02465510X2,0246551816,"168 ARGYLE ST IN CAMDEN ARCADE, CAMDEN"
03935919X2,0393593390,"34 ARGYLE ST NEAR CNR WILSON ST, FAWKNER"
02486807X2,0248681632,"475 ARGYLE ST NR WHITE ST, MOSS VALE"
02486805X2,0248681254,"0 ARGYLE RD RAILWAY STATION, MOSS VALE"
03954628X2,0395465084,"175 ATHOL RD CNR SPRINGVALE RD, SPRINGVALE SOUTH"
03956830X2,0395683437,"49 ATKINSON ST OS SHOPS, CHADSTONE"
02998131X2,0299812254,"20 AUBREEN ST CNR TELOPEA ST, COLLAROY"
08938820X2,0893887297,"374 BAGOT RD NR DOUGLAS AVE, SUBIACO"
08938814X2,0893887897,"374 BAGOT RD NR DOUGLAS AVE, SUBIACO"
08931642X2,0893642294,"33 ARDROSS ST NR KINTAIL RD, APPLECROSS"
08808703X2,0880871310,"231 ARGENT ST NR SULPHIDE ST, BROKEN HILL"
07553155X2,0755315691,"31 AUBREY ST NR GOLD COAST HWY, SURFERS PARADISE"
02964312X2,0296438765,"70 AUBURN RD O/S PUBLIC SCHOOL, AUBURN"
02964900X2,0296497058,"41 AUBURN RD O/S AUBURN VILLAGE, AUBURN"
02482225X2,0248221792,"288 AUBURN ST OS EMPIRE HOTEL, GOULBURN"
03981904X2,0398191223,"168 AUBURN RD , HAWTHORN"
02696441X2,0269644605,"457 BANNA AVE , GRIFFITH"
03623435X2,0362346037,"346 ARGYLE ST CNR YARDLEY ST, NORTH HOBART"
03988223X2,0398823890,"65 AUBURN RD , HAWTHORN"
07559181X2,0755918579,"1 BAKER AVE NR FRANK ST, LABRADOR"
08945500X2,0894552082,"280 BANNISTER RD MARKET CITY, CANNING VALE"
07416812Y2,0741681019,"1 BARAMBAH AVE NR FISHER ST, CHERBOURG"
02697820X2,0269782200,"0 ARIAH ST LIONS PARK, ARDLETHAN"
08924709X2,0893435316,"4 ARISTOS WAY NR MIRRABOOKA AVE, MARANGAROO"
08934415X2,0893444018,"206 ARKANA RD NR MAJELLA RD, WESTMINSTER"
07403305X2,0740332075,"18 BALACLAVA RD O/S SCHOOL, EARLVILLE"
08925700X2,0892930425,"14 BARBER ST NR HAYNES ST, KALAMUNDA"
03523103X2,0352312513,"75 ARMSTRONG ST NR NELSON ST, COLAC"
07320007X1,0732002736,"2 ARMSTRONG RD NEW ENTRANCE, MEADOWBROOK"
07320006X1,0732002735,"2 ARMSTRONG RD NEW ENTRANCE, MEADOWBROOK"
07405131X2,0740518637,"128 AUMULLER ST CNR SPENCE ST, BUNGALOW"
07404155X7,0740415909,"164 AUMULLER ST OS AUST POST, BUNGALOW"
02983513X2,0298352321,"157 AURORA DRV OPP BALLENY DRIVE, TREGEAR"
02962803X2,0296285193,"157 AURORA DRV OPP BALLENY DRIVE, TREGEAR"
02985824X2,0298584598,"2 BALACLAVA RD OPP 9A NR VIMERA, EASTWOOD"
02675370X2,0267537309,"62 BALARANG ST OS POST OFFICE, WEEMELAH"
02684724X2,0268472205,"13 BARDON ST NR WARREN RD, GILGANDRA"
03950910X2,0395091966,"66 ARMADALE ST CNR OF CHEEL ST, PRAHRAN"
02664930X2,0266493248,"9 ARMIDALE RD OS POST OFFICE/BP, COUTTS CROSSING"
02676632X2,0267669931,"513 ARMIDALE RD IN REST AREA, TAMWORTH"
07553831X2,0755386383,"17 ARMRICK AVE CNR SURF PDE, BROADBEACH"
03958906X2,0395896023,"349 BALCOMBE RD OS SHOPS, BEAUMARIS"
03958907X2,0395896025,"465 BALCOMBE RD NR GRANDVIEW AVE, BEAUMARIS"
02939817X2,0293983044,"127 BARKER ST NR BOTANY ST, RANDWICK"
08938835X2,0893889615,"29 BARKER RD IN WANDANA FLATS, SUBIACO"
03981928X2,0398192381,"140 BARKERS RD , HAWTHORN"
08924618X2,0892464471,"57 ARNISDALE RD OS GLENGARRY HOSP, DUNCRAIG"
03989915X2,0398990277,"2 ARNOLD ST O/S BOX HILL HOSP, BOX HILL"
08893217X2,0889325641,"32 BALDWIN DRV O/S SHOPS, WOODROFFE"
02602981X2,0260298400,"33 BALFOUR ST OS POST OFFICE, CULCAIRN"
03985304X2,0398532037,"83 BARKERS RD BEEHIVE HOTEL OPP, KEW"
03535209X2,0353521361,"143 BARKLY ST NR COLES LANE, ARARAT"
03535203X2,0353521656,"93 BARKLY ST POST OFFICE, ARARAT"
03535202X2,0353521478,"201 BARKLY ST TOWN HALL SQUARE, ARARAT"
02664923X2,0266492336,"46 ARRAWARRA BH RD BH HOLIDAY PK, ARRAWARRA"
02971614X2,0297166409,"47 ARTHUR ST OS PRATTEN PARK, ASHFIELD"
03979122X2,0397912274,"19 AUTUMN PL , DOVETON"
03979195X2,0397912759,"17 AUTUMN PL , DOVETON"
03522222X2,0352223914,"327 AUTUMN ST OS MINERVA PO, NEWTOWN"
08836220X2,0883623543,"2 BALIOL ST NEAR, COLLEGE PARK"
03934727X2,0393475271,"166 BARKLY ST NEAR CNR RATHDOWNE ST, CARLTON"
03552307X2,0355231948,"36 BARKLY ST OS SHOPPING CNTR, PORTLAND"
03625023X2,0362502302,"6965 ARTHUR HWY OS CEMETARY, PORT ARTHUR"
02936138X2,0293610435,"70 ARTHUR ST NR BOURKE ST, SURRY HILLS"
03625030X2,0362503206,"5931 ARTHUR HWY OS SERV STN, TARANNA"
03931190X2,0393118520,"290 BALLARAT RD NR ERROL ST, BRAYBROOK"
03936315X2,0393633851,"908 BALLARAT RD NR RAVENSLEA CRES, DEER PARK"
03968709X2,0396896142,"LVL 1 96 BALLARAT RD VIC UNI BLDG E OS, FOOTSCRAY"
03931828X2,0393183037,"204 BALLARAT RD CNR GORDON ST, FOOTSCRAY"
03931708X2,0393173056,"130 BALLARAT RD CNR SHORT ST, MAIDSTONE"
07498621X9,0749861736,"60 ARTHUR ST CNR, BLACKWATER"
03625031X2,0362503208,"5119 ARTHUR HWY , EAGLEHAWK NECK"
03936956X2,0393691484,"5 AVIATION RD NR RAILWAY AVE, LAVERTON"
02438104X2,0243811262,"179 AVOCA DRV , AVOCA BEACH"
02438109X2,0243811279,"1 AVOCA DRV OS SURF CLUB, AVOCA BEACH"
02436521X2,0243652012,"100 AVOCA DRV CNR MILPERRA RD, GREEN POINT"
02436302X2,0243631814,"120 AVOCA DRV OS FROST RESERVE, KINCUMBER"
03645701X2,0364571233,"1402 ARTHUR RIVER RD , ARTHUR RIVER"
02983807X2,0298388552,"22 ARTILLERY CRS NR COLLINS ST, SEVEN HILLS"
03937612X2,0393761502,"44 ASCOT ST NR EPSOM, ASCOT VALE"
02939816X2,0293982975,"208 AVOCA ST NR DELMORE ST, RANDWICK"
02939804X2,0293986765,"208 AVOCA ST NR BELMORE ST, RANDWICK"
02998109X2,0299811432,"1 AVON RD NR PACIFIC PDE, DEE WHY"
03599880X2,0359988403,"2405 BALLARTO RD OS SCHOOL, CARDINIA"
08835608X2,0883565565,"8 BALLATER AVE OPP SELKIRK ST, SEATON"
02668770X2,0266877200,"73 BALLINA ST ROSS PARK, LENNOX HEAD"
03627203X2,0362724019,"51 BAROSSA RD , GLENORCHY"
08852440X2,0885244210,"27 BAROSSA VALLEY HWY POST OFFICE, LYNDOCH"
03623460X2,0362348059,"24 BARRACK ST , HOBART"
07320910X2,0732099085,"10 ASCOT DRV NEAR CLARK RD, LOGANHOLME"
07552413X2,0755247230,"45 ASH DRV OUTSIDE SHOPS, BANORA POINT"
03525003X2,0352502309,"29 ASH RD POST OFFICE, LEOPOLD"
02692138X2,0269219237,"160 BAYLIS ST OS MILTON GEAR, WAGGA WAGGA SOUTH"
07412511X2,0741255560,"74 BIDEFORD ST OPP CNR BOAT HARB*, TORQUAY"
02649421X2,0264942009,"8 BIG JACK MOUNTAIN RD OP  PUBLIC HALL, ROCKY HALL"
03936408X2,0393641493,"47 BELMONT AVE NR GOODWOOD DVE, KEILOR DOWNS"
08945918X2,0894595200,"73 BELMONT RD OS KENWICK VILL, KENWICK"
03981607X2,0398163426,"346 BELMORE RD , BALWYN"
07477511X2,0747755837,"315 BAYSWATER RD OS HOTEL, GARBUTT"
03936626X2,0393662166,"134 BIGGS ST NR MILLAWA ST, ST ALBANS"
08927212X2,0892722766,"1002 BEAUFORT ST NR SALISBURY ST, BEDFORD"
08927103X2,0892717255,"751 BEAUFORT ST NR SECOND AVE, MT LAWLEY"
02963007X2,0296305654,"41 BELMORE ST NR CHARLES ST, OATLANDS"
02953409X2,0295344221,"63 BELMORE RD NR MAJOR ST, PUNCHBOWL"
02472203X1,0247321395,"1 BELMORE ST OS PENRITH RWY STN, PENRITH"
02958416X2,0295841746,"198 BELMORE RD NR CAIRNS ST, RIVERWOOD"
03574400X2,0357441595,"106 BELMORE ST NR ORR, YARRAWONGA"
07552730X1,0755273621,"2 BELTANA WAY CNR MCLAREN RD, NERANG"
08884740X2,0888474150,"13 BELVIDERE RD BRIDLE ST, SADDLEWORTH"
02664302Y2,0266431391,"0 BIMBLE AVE , SOUTH GRAFTON"
08922711X2,0892271487,"222 BEAUFORT ST NR MONGER ST, PERTH"
03643521X2,0364352938,"26 BEAUFORT ST CNR LYONS ST, SOMERSET"
02496900X2,0249698013,"58 BEAUMONT ST , HAMILTON"
02676936X2,0267693687,"0 BARRY STATION RD OS GOLD MINER PARK, HANGING ROCK"
07320408X2,0732042987,"8 BAYVIEW TCE NR SUMMER ST, DECEPTION BAY"
03987021X2,0398709724,"93 BEDFORD RD , RINGWOOD EAST"
03572790X2,0357279210,"13 BARTLEY ST OS POST OFFICE, MOYHU"
03632601X1,0363267075,"11 BARTON ST IN BARTON LODGE, MOWBRAY"
02622756X2,0262275643,"LOT 2 0 BARTON HWY ADJ PARK, MURRUMBATEMAN"
08902151X7,0890215805,"12 BARTON ST , WILLIAMSTOWN"
08937813X2,0893786435,"81 BENARA RD OS PERTH HOLIDAY P, CAVERSHAM"
02989805X2,0298983794,"2 BENAUD PL O/S PETROL STATION, TELOPEA"
07553708X2,0755373060,"144 BAYVIEW ST NR LAE DVE, RUNAWAY BAY"
07556380X2,0755638501,"8 BAYVIEW ST OS NO 8, RUNAWAY BAY"
02668252X2,0266825064,"0 BEECH ST OS CARAVAN PARK, EVANS HEAD"
03643112X2,0364313660,"62 BASS HWY OSBOURNE ST, COOEE"
03624404X2,0362441741,"40 BASS ST , WARRANE"
03942927X2,0394293302,"30 BENDIGO ST , RICHMOND"
03543680X2,0354368203,"1 BENDIGO-PYRAMID RD NR SERPENTINE RD, DINGEE"
03502570X2,0350257200,"5 BENETOOK AVE POST OFFICE, KOORLONG"
03958902X2,0395896008,"470 BEACH RD OS SHOPS, BEAUMARIS"
03586510X2,0358651200,"24 BEEK ST NR POST OFFICE, KATAMATITE"
07334409X2,0733442539,"953 BEENLEIGH RD CNR DATURA ST, RUNCORN"
03512704X2,0351271784,"2 BARWICK PL NR WIRRAWAY ST, MOE"
07467751X2,0746775204,"0 BARWON HWY OS POST OFFICE, TOOBEAH"
07335903X2,0733598019,"70 BASNETT ST NR MAUNDRELL TCE, CHERMSIDE WEST"
02498740X2,0249874895,"77 BENJAMIN LEE DRV OS SHOPPING CENTRE, RAYMOND TERRACE"
03979154X2,0397917747,"10 BENNET ST OS SHOWGROUND, DANDENONG"
02688222X2,0268823832,"31 BENNETT ST NR LOVETT AVE, DUBBO"
08932511X2,0893257681,"42 BENNETT ST NR HAY ST, EAST PERTH"
08932514X2,0893257881,"16 BENNETT ST NR ADELAIDE TCE, EAST PERTH"
08838209X2,0883822121,"63 BEACH RD NR FULLER TCE, CHRISTIES BEACH"
08924622X2,0892464498,"473 BEACH RD NR DAVALLIA, DUNCRAIG"
02649411X2,0264941106,"5 BEGA ST OS POST OFFICE, TATHRA"
02433422X2,0243342075,"105 BATEAU BAY RD CNR  PARKSIDE AVE, BATEAU BAY"
03556229X2,0355621584,"19 BATES RD NR VERDON ST, WARRNAMBOOL"
03538201X2,0353825513,"15 BENNETT RD POST OFFICE, HORSHAM"
02983402X1,0298345185,"155 BENNETT RD SHOPPING CENTRE, ST CLAIR"
02625802X2,0262589764,"0 BENNETTS CL NR DUMAS ST, MCKELLAR"
07389903X2,0738994427,"183 BENNETTS RD NR MACROSSAN AVE, NORMAN PARK"
08931053X2,0893106115,"54 BENNINGFIELD RD NR SOUTH ST, BULLCREEK"
03514427X2,0351447381,"12 BENNISON DRV , WURRUK"
07556450X2,0755645192,"270 BENOWA RD CNR COLLINS CRES, BENOWA"
02655613X2,0265561407,"3 BEACH ST NR PILOT ST, HARRINGTON"
08838202X2,0883823321,"380 BEACH RD NR RALPH, HACKHAM WEST"
03629200X2,0362921650,"4 BEACH RD NR CHANNEL HWY, MIDDLETON"
08920900X2,0892091098,"1896 BEACH RD CNR CROCKER DRIVE, MALAGA"
02665541X2,0266554458,"0 BEACH PDE OPP BORONIA AVE, MYLESTOM"
08827223X2,0882723898,"123 BELAIR TCE NR NEWARK RD, TORRENS PARK"
02496222X2,0249622234,"37 BELFORD ST , BROADMEADOW"
03980732X2,0398073299,"49 BATESFORD RD CNR POWER RD, CHADSTONE"
02689530X2,0268953041,"31 BATHURST ST OS POST OFFICE, CONDOBOLIN"
02664336X2,0266431726,"200 BENT ST CNR MCGUREN ST, SOUTH GRAFTON"
03552305X2,0355232820,"40 BENTINCK ST NR GAWLER ST, PORTLAND"
02494401X2,0249448232,"19 BEACH RD , REDHEAD"
03623403X2,0362252389,"3 BEACH RD , SANDY BAY"
02955319X2,0295538801,"36 BELGRAVE ST ST GEORGE HOSPITAL, KOGARAH"
08826117X2,0882614432,"37 BENTLEY DRV OPP, HOLDEN HILL"
02665425X2,0266542608,"48 BEACH ST NR NIGHTINGALE ST, WOOLGOOLGA"
02955316X2,0295538541,"36 BELGRAVE AVE ST GEORGE HOSPITAL, KOGARAH"
03975403X2,0397547391,"147 BELGRAVE HALLAM RD NR GILMOUR CRT, BELGRAVE SOUTH"
03596843X2,0359684288,"294 BELGRAVE-GEMBROOK RD , CLEMATIS"
03623462X2,0362347410,"93 BATHURST ST IN BATHURST ST PO, HOBART"
03623413X2,0362342619,"80 BATHURST ST CNR ELIZABETH ST, HOBART"
02928311X2,0292835145,"97 BATHURST ST OPP, SYDNEY"
08935904X2,0893591910,"105 BERKSHIRE RD NR BOUGAINVILLEA, FORRESTFIELD"
03525101X2,0352513006,"60 BEACON POINT RD NR CENTAURUS AVE, CLIFTON SPRINGS"
07494201X2,0749421391,"28 BEACONSFIELD RD NR NICKLIN DRV, BEACONSFIELD"
07326919X2,0732696455,"457 BEACONSFIELD TCE CNR NINETEEN AVE, BRIGHTON"
08927706X2,0892772772,"360 BELGRAVIA ST O/S SHOP CENTRE, CLOVERDALE"
03935054X2,0393504874,"226 BELL ST OPP ALICE ST, COBURG"
03974427X2,0397442273,"32 BATMAN AVE NR COOK ST, SUNBURY"
08836214X2,0883624263,"57 BATTAMS RD 5 SIXTH AVE, ROYSTON PARK"
03953720X2,0395371688,"369 BEACONSFIELD PDE CNR FITZROY ST, ST KILDA"
03948041X2,0394803491,"143 BELL ST , PRESTON"
03948032X2,0394805790,"614 BELL ST , PRESTON"
08898794Y1,0889879492,"0 BAWAKA COMM LAYNHAPUY HOMELAND, NHULUNBUY"
03597800X2,0359786400,"62 BAXTER/TOORADIN RD , PEARCEDALE"
02956716X2,0295678352,"297 BAY ST NR MOATE ST, BRIGHTON-LE-SANDS"
02959701X2,0295972050,"351 BAY ST O/S RSL CLUB, BRIGHTON-LE-SANDS"
02992337X2,0299231165,"50 BERRY ST , NORTH SYDNEY"
07383102X2,0738311200,"24 BERRY ST NR WICKHAM TCE, SPRING HILL"
07492824X2,0749282509,"377 BERSERKER ST NR STEWART ST, FRENCHVILLE"
07474551X2,0747455105,"0 BEAMES ST O/S POST OFFICE, BURKETOWN"
02962511X2,0296259743,"281 BEAMES AVE , MOUNT DRUITT"
03973001X2,0397301600,"30 BELL ST OS HOT BREAD SHOP, YARRA GLEN"
08872405X1,0887247729,"0 BAY RD BLUE LAKE CRVN PK, MT GAMBIER"
08872403X2,0887247967,"2 BAY RD , MT GAMBIER"
02992338X2,0299231254,"6 BAY RD , NORTH SYDNEY"
03964510X2,0396452502,"253 BAY ST O/S POST OFFICE, PORT MELBOURNE"
07326508X2,0732651903,"3 BEAMS RD CNR SANDGATE RD, BOONDALL"
07326520X2,0732653092,"233 BEAMS RD OS TAIGUM SC, TAIGUM"
07326527X2,0732651906,"181 BEAMS RD NEAR MULLER RD, TAIGUM"
03956246X2,0395627942,"22 BELLERIVE AVE CNR STEPHENSONS RD, MT WAVERLEY"
03972902X2,0397291979,"14 BELLEVUE CRT CNR DORSET RD, BORONIA"
02422613X2,0242263319,"1 BELLEVUE RD CNR PRINCES HWY, FIGTREE"
03959602X2,0395968225,"66 BAY ST CNR NEW ST, BRIGHTON"
03958455X2,0395843899,"360 BAY RD , CHELTENHAM"
02677103X2,0267714982,"118 BEARDY ST OS JEAN PIERRE'S, ARMIDALE"
02677234X2,0267722140,"194 BEARDY ST WEST END MALL, ARMIDALE"
07384707X2,0738471438,"43 BEATRICE ST NEAR JULIETTE ST, GREENSLOPES"
07557102X2,0755710215,"45 BELLEVUE PDE CNR KUMBARI AVE, LABRADOR"
02437901X2,0243791200,"87 BAY ST CARAVAN PARK, PATONGA"
03959814X2,0395989621,"39 BAY RD , SANDRINGHAM"
08862613X2,0886261685,"2 BAY RD POST OFFICE, STREAKY BAY"
07559913X2,0755991314,"29 BAY ST OS CARPARK, TWEED HEADS"
02992210X2,0299224610,"63 BAY RD LOCATED IN RESERVE, WAVERTON"
02971305X2,0297134236,"1 BEVIN AVE NR HARRIS RD, FIVE DOCK"
02457101X2,0245711600,"27 BELLS LINE OF RD OS SHOPPING CENTRE, NORTH RICHMOND"
08938523X2,0893854438,"8 BAY VIEW TCE , CLAREMONT"
08975551X2,0897555401,"143 BAY VIEW DRV O/S STORE, GRACETOWN"
02988716X2,0298871454,"6 BLENHEIM RD CNR COXS RD, NORTH RYDE"
03953722X2,0395371733,"45 BLESSINGTON ST CNR MITFORD ST, ST KILDA"
07548411X2,0754841102,"21 BLIGH ST NR PARK ST, KILKIVAN"
03624403X1,0362451142,"26 BLIGH ST EASTLANDS SHOPPING, ROSNY PARK"
02499712X2,0249971065,"71 BOONER ST OS COMMUNITY HALL, HAWKS NEST"
02499710X7,0249970776,"123 BOONER ST OS CARAVAN PARK, HAWKS NEST"
02998604X2,0299863560,"2 BOORALIE RD , TERREY HILLS"
03957809X2,0395783299,"177 BOORAN RD NR CNR BUNDEERA RD, CAULFIELD SOUTH"
03957104X2,0395715548,"112 BOORAN RD NR GLENHUNTLY RD, GLEN HUNTLY"
07326706X2,0732675080,"64 BLINZINGER RD NR WELLINGTON ST, BANYO"
02966014X2,0296602893,"119 BOOTH ST NR JOHNSTON ST, ANNANDALE"
03967106X2,0396713595,"146 BOURKE ST , MELBOURNE"
03963917X2,0396390618,"58 BOURKE ST NR LIVERPOOL ST, MELBOURNE"
02654314X2,0265431365,"25 BRENTWOOD ST OS HOSPITAL SHOP, MUSWELLBROOK"
03514800X2,0351480300,"8 BLORES RD OS STORE, COONGULLA"
03960008X2,0396000280,"391 BOURKE ST , MELBOURNE"
03960013X2,0396000612,"497 BOURKE ST NR WILLIAM ST STH, MELBOURNE"
03961440X2,0396145667,"601 BOURKE ST KING ST STH, MELBOURNE"
03965413X2,0396542191,"331 BOURKE ST BOURKE ST MALL, MELBOURNE"
03960009X2,0396000283,"386 BOURKE ST OPP BUNNINGS, MELBOURNE"
02422631X2,0242265362,"43 BOURKE ST O/S POST OFFICE, WOLLONGONG"
02457805X2,0245782832,"40 BOURKE ST OS GOLF CLUB, RICHMOND"
02675490X2,0267549514,"51 BINGERA ST NR POST OFFICE, PALLAMALLAWA"
02637710X2,0263771029,"45 BINNIA ST NR POST OFFICE, COOLAH"
07382402X2,0738242139,"2 BLUEBELL ST NR VALANTINE RD, ALEXANDRA HILLS"
03976202X2,0397622055,"87 BORONIA RD OS POST OFFICE, BORONIA"
03976210X2,0397621659,"281 BORONIA RD NR SCORESBY RD, BORONIA"
03976201X1,0397620574,"123 BORONIA RD BORONIA JNCTN S/C, BORONIA"
02931391X2,0293136450,"48 BORRODALE ST NR ANZAC PDE, KINGSFORD"
02969945X2,0296992875,"662 BOURKE ST NR CLEVELAND ST, REDFERN"
02933121X2,0293315843,"416 BOURKE ST O/S HOPETOUN HTL, SURRY HILLS"
02434440X2,0243444038,"176 BOURKE RD , UMINA BEACH"
07382216X2,0738227390,"143 BIRKDALE RD O/S SERVICE STN, BIRKDALE"
02427624X2,0242743587,"38 BIRMINGHAM ST CNR LAKE AVE, CRINGILA"
02963734X2,0296374059,"19 BIRMINGHAM ST O/S HOME UNITS, MERRYLANDS"
02992507X2,0299250232,"173 BLUES POINT RD CNR LAVENDER ST, NORTH SYDNEY"
03959813X2,0395989217,"179 BLUFF RD , BLACK ROCK"
03959809X2,0395988638,"117 BLUFF RD OPP MCKAY AVE, BLACK ROCK"
03642415X2,0364244900,"1 BLUFF RD OPP CARAVAN PARK, DEVONPORT"
03955331X2,0395531325,"406 BLUFF RD , HAMPTON"
07405353X2,0740535843,"89 BIRCH ST NR MCCORMACK ST, MANUNDA"
03959808X2,0395988387,"318 BLUFF RD NR FRANCES ST, SANDRINGHAM"
08930100X2,0893012186,"65 BOAS AVE S END CENTRAL WALK, JOONDALUP"
07477508X2,0747755079,"57 BOWEN RD , ROSSLEA"
03523630X2,0352363300,"1419 BIRREGURRA-DEANS MARSH RD POST OFFICE, DEANS MARSH"
03523660X2,0352366200,"1586 BIRREGURRA-FOREST RD , BARWON DOWNS"
07412520X2,0741252756,"764 BOAT HARBOUR DRV OS BILSONS CNR STR, URANGAN"
02944911X2,0294499343,"276 BOBBIN HEAD RD NEAR NORMURRA AVE, NORTH TURRAMURRA"
02931037X2,0293107405,"9 BOTANY RD , WATERLOO"
08927425X2,0892745990,"69 BISHOP RD NR MOUNTJOY ST, MIDDLE SWAN"
08927614X2,0892767988,"5 BISHOP ST NR PROGRESS, MORLEY"
07380100X2,0732098994,"2 BISMARK ST CNR BRYANTS RD, LOGANHOLME"
07327907X2,0732792024,"20 BOGONG ST RIVERHILLS PLAZA, RIVERHILLS"
02656894X2,0265689572,"42 BOWRA ST NR ROSEDALE ST, NAMBUCCA HEADS"
02656861X2,0265686302,"25 BOWRA ST OS POLICE STATION, NAMBUCCA HEADS"
03980213X2,0398027774,"67 BLACKBURN RD TALLY HO POST OFF, MT WAVERLEY"
02658100X2,0265810061,"1 BLACKBUTT RD NR LAKE RD, PORT MACQUARIE"
03946009X2,0394604619,"99 BOLDREWOOD PDE , RESERVOIR"
02972419X2,0297243804,"32 BOLIVIA ST NR KAURI ST, CABRAMATTA"
07497421X2,0749742104,"1 BOWTON ST OS SHOP, TURKEY BEACH"
02952841X2,0295283290,"545 BOX RD NR RAILWAY CRES, JANNALI"
02952840X2,0295283090,"545 BOX RD NR RAILWAY CRES, JANNALI"
02954415X2,0295446403,"256 BOX RD CNR COREA ST, SYLVANIA"
07553351X2,0755335214,"1 BOY-ULL RD CNR SPRINGBROOK RD, SPRINGBROOK"
03954447X2,0395449348,"629 BLACKBURN RD CNR MORTON ST, CLAYTON"
03980207X2,0398026019,"216 BLACKBURN RD NR TRICKS CRT, GLEN WAVERLEY"
03943915X2,0394391784,"136 BOLTON ST , ELTHAM"
03588611X2,0358861532,"83 BOLTON ST OS MOBIL S/STN, JERILDERIE"
02633242X2,0263325374,"56 BOYD ST NR SHOPPNG CENTRE, KELSO"
07553082X2,0755308761,"85 BOYKAMBIL ESP NR SHEENHAN AVED, HOPE ISLAND"
03939102X2,0393910304,"310 BLACKSHAWS RD NR BEGONIA AVE, ALTONA NORTH"
07328146X2,0732813320,"124 BLACKSTONE RD NR TEAPE ST, SILKSTONE"
02645880X2,0264588100,"40 BOMBALA ST OS POST OFFICE, DELEGATE"
03627501X2,0362752019,"2 BRADFIELD ST NR CAMMERAY, CLAREMONT"
02989608X2,0298964493,"380 BLACKTOWN RD , PROSPECT"
02458852X2,0245885349,"2 BLACKTOWN RD TAFE COLLEGE, RICHMOND"
02434428X7,0243427843,"49 BLACKWALL RD OS POLICE, WOY WOY"
02434461X2,0243414010,"46 BLACKWALL RD PENINSULA PLAZA, WOY WOY"
08975814X2,0897581504,"70 BLACKWOOD AVE O/S POST OFFICE, AUGUSTA"
03646100X2,0364611204,"6 BLACKWOOD ST NR ACACIA ST, GRASSY"
02628806X2,0262883121,"48 BLACKWOOD TCE HOLDER PLACE, HOLDER"
02938601X2,0293864814,"240 BONDI RD OPP BP SERVICE STN, BONDI"
02953400X2,0295341308,"214 BONDS RD NR ILUKA ST, RIVERWOOD"
03524802X2,0352483208,"162 BOUNDARY RD NR WINSTANLEY RD, THOMSON"
07384423X2,0738444403,"190 BOUNDARY ST CNR END ST, WEST END"
08894561X2,0889450879,"11 BRADSHAW TCE O/S WESTPAC BANK, CASUARINA"
03626115X2,0362612797,"5 BLAIR ST NR MONTAGU CRES, NEW NORFOLK"
08920105X2,0892010497,"2 BLAKE ST NR WALCOTT ST, NORTH PERTH"
03586600X2,0358662200,"52 BLAKE ST OS POST OFFICE, NATHALIA"
03937631X2,0393767298,"1 BLAMEY ST O/S FLATS, ASCOT VALE"
08826136X2,0882616854,"28 BLAMEY AVE NR MCKAY ST, BROADVIEW"
02682510X2,0268251000,"24 BOURBAH ST , GULARGAMBONE"
03979520X2,0397953033,"34 BRADY RD NR CNR VICTOR RD, DANDENONG NORTH"
03936958X2,0393696869,"52 BLADIN ST CNR WHITTAKER AVE, LAVERTON"
03930906X2,0393094191,"26 BLAIR ST , BROADMEADOWS"
02665566X2,0266556201,"11 BONVILLE ST OS DOCTORS SURG, URUNGA"
03935923X2,0393594778,"29 BONWICK ST POST OFFICE, FAWKNER"
07406420X2,0740642360,"4 BOOGAN RD O/S POST OFFICE, SOUTH JOHNSTONE"
02434439X2,0243419508,"78 BOOKER BAY RD , BOOKER BAY"
03972910X2,0397293800,"48 BLANDFORD CRS CNR SHERBOURNE, BAYSWATER NORTH"
02974331X2,0297436380,"13 BLAXLAND RD OPP STATION, RHODES"
02696610X2,0269661200,"16 BOOMERANG ST OPP PARK, RANKINS SPRINGS"
02983129X2,0298315443,"41 BOOMERANG PL NR RAILWAY STN, SEVEN HILLS"
02983120X2,0298315451,"41 BOOMERANG PL NR RAILWAY STN, SEVEN HILLS"
02688230X2,0268828148,"105 BOURKE ST OS TRADE EQUIPMENT, DUBBO"
07406684X2,0740668905,"1 BRASENOSE ST OS POST OFFICE, CARDWELL"
07326927X2,0732698637,"97 BRAUN ST NR NEARRA ST, DEAGON"
02665142X2,0266517021,"0 BRAY ST CNR PACIFIC HWY, COFFS HARBOUR"
08837103X2,0883715692,"59 BRAY ST NR HILL ST, PLYMPTON PARK"
02980744X2,0298072321,"178 BLAXLAND RD , RYDE"
03633129X2,0363316408,"108 BRISBANE ST IN MALL NR JOHN ST, LAUNCESTON"
03633406X2,0363343482,"84 BRISBANE ST O/S AMCAL CHEMIST, LAUNCESTON"
02667200X2,0266723587,"50 BRISBANE ST CNR HARTIGAN ST, MURWILLUMBAH"
02667201X2,0266726184,"0 BRISBANE ST OS POST OFFICE, MURWILLUMBAH"
02667213X2,0266727209,"0 BRISBANE ST OS POST OFFICE, MURWILLUMBAH"
08932836X2,0893287555,"110 BRISBANE ST NR LANE ST, PERTH"
07328800X2,0732881855,"70 BRISBANE RD NR COMM HOTEL, REDBANK"
02941818X2,0294189279,"50 BURNS BAY RD OS SHOP 450, LANE COVE"
02941813X2,0294189305,"50 BURNS BAY RD OS SHOP 450, LANE COVE"
02941832X2,0294189287,"110 BURNS BAY RD CNR GRACE ST, LANE COVE"
08924628X2,0892467022,"8 BURRAGAH WAY OS DUNCRAIG VILL, DUNCRAIG"
07326608X2,0732668400,"188 BUCKLAND RD OPP PARK RD, NUNDAH"
03933704X2,0393378190,"299 BUCKLEY ST OPP HIGH SCHOOL, ESSENDON"
07405571X2,0740557130,"2 BUCKLEY ST CNR VARLEY ST, YORKEYS KNOB"
02928134X2,0292810584,"43 BRISBANE ST NR HUNT ST, SURRY HILLS"
07328153X2,0732811748,"303 BRISBANE ST NR CLAY ST, WEST IPSWICH"
02668430X2,0266843137,"71 BURRINGBAR ST OS STATE BANK, MULLUMBIMBY"
03546420X2,0354642501,"13 BUCKNALL ST POST OFFICE, CARISBROOK"
07549102X2,0754917438,"74 BULCOCK ST , CALOUNDRA"
07549138X2,0754918545,"40 BULCOCK ST CALOUNDRA ARCADE, CALOUNDRA"
02496727X2,0249673308,"57 BULL ST , MAYFIELD"
08936171X2,0893611083,"120 BURSWOOD RD NR HOWICK ST, BURSWOOD"
07380010X2,0738006647,"251 BROWNS PLAINS RD NR WEMBLEY RD, BROWNS PLAINS"
02662212X1,0266224318,"8 BREWSTER ST NR LAUREL AVE, LISMORE"
08833710X2,0883374054,"707 BRIAN GR NR LOWER N-E RD, PARADISE"
02979216X2,0297921713,"6 BULLECOURT AVE NR SHOPS, MILPERRA"
03985007X2,0398502401,"192 BULLEEN RD , BULLEEN"
07542670X2,0754267105,"1474 BRISBANE VALLEY HWY NR BANKS CREEK RD, FERNVALE"
07542671X2,0754267304,"1501 BRISBANE VALLEY HWY OPP SIMPSON ST, FERNVALE"
03526109X2,0352616029,"13 BRISTOL RD POST OFFICE, TORQUAY"
08997361X2,0899736063,"16 BRITT ST , LATHAM"
02439904X2,0243991571,"33 BRUCE RD OS SHOPS, BUFF POINT"
03572812X2,0357281205,"9 BRIDGE ST , BEECHWORTH"
03576200X2,0357621148,"1 BRIDGE ST OS POST OFFICE, BENALLA"
03576202X2,0357621702,"2 BRIDGE ST OS GARDENS, BENALLA"
07492704X1,0749275804,"5 BRIDGE ST ABORIGINAL HOSTEL, BERSERKER"
02986810X2,0298681765,"39 BRIDGE ST , EPPING"
02685218X2,0268521632,"12 BRIDGE ST , FORBES"
03515214X2,0351521481,"158 BULUMWALL RD PAYPHONE, WY YUNG"
08836219X2,0883622797,"19 BROAD ST 5 BLANDEN AVE, MARDEN"
08853113X2,0885310261,"70 BRIDGE ST NR SWANPORT RD, MURRAY BRIDGE"
03964659X2,0396464742,"219 BRIDGE ST CNR ROSS ST, PORT MELBOURNE"
02494019X2,0249408264,"43 BROADMEADOW RD , BROADMEADOW"
07477782X2,0747778201,"10 BRUCE PDE O/S POST OFFICE, LUCINDA"
07479830X2,0747983041,"51 BRUCE PDE O/S CARAVAN PARK, LUCINDA"
08843104X2,0884312732,"31 BRIDGE ST OPP, KENSINGTON"
02952302X2,0295233308,"7 BUNDEENA DRV , BUNDEENA"
07477234X2,0747725073,"83 BUNDOCK ST , BELGIAN GARDENS"
07499208X2,0749921748,"3 BUNERBA ST , BILOELA"
08927906X2,0892795244,"2 BROADWAY  NR RAILWAY PDE, BASSENDEAN"
03942920X2,0394293037,"634 BRIDGE RD NR TUDOR ST, RICHMOND"
03942112X2,0394216729,"174 BRIDGE RD O/S CENTRE LINK, RICHMOND"
07495229X2,0749526745,"199 BRIDGE RD CNR MILTON ST, SOUTH MACKAY"
07382000X2,0738207394,"SHOPS  21 BUNKER RD OS VIC PT CENTRAL, VICTORIA POINT"
03587102X2,0358712080,"53 BROADWAY ST , COBRAM"
03546811X2,0354681012,"102 BROADWAY ST POST OFFICE, DUNOLLY"
03946041X2,0394608437,"250 BROADWAY  , RESERVOIR"
03548970X2,0354897248,"1 BUNNALOO-MATHOURA RD OPP SCHOOL, BUNNALOO"
02931126X1,0293112864,"238 BUNNERONG RD SOUTHPOINT S/C, HILLSDALE"
02934935X2,0293498352,"169 BUNNERONG RD NR SNAPE ST, MAROUBRA"
02921203X2,0292123321,"LVL 3 15 BROADWAY ST BLDG 1 NR THOMAS S, ULTIMO"
02687476X2,0268747766,"0 HUNGERFORD RD , YANTABULLA"
02928011X2,0292802001,"185 BROADWAY  NEAR MOUNTAIN ST, ULTIMO"
03549370X2,0354937203,"300 BROADWAY ST POST OFFICE, WYCHEPROOF"
02602439X2,0260241748,"128 BROCKLEY ST , WDNGA"
08977610X2,0897761007,"47 BROCKMAN ST COUNCIL VERGE, PEMBERTON"
02495722X2,0249578451,"195 BRUNKER RD NR POST OFFICE, ADAMSTOWN"
02495211X2,0249521432,"266 BRUNKER RD OS MAXIES CAFE, ADAMSTOWN"
02493312X2,0249337698,"44 BRUNSWICK ST , EAST MAITLAND"
03513414X2,0351346745,"61 BRIDLE RD NR SHOPS, MORWELL"
03969917X2,0396993091,"196 BRIDPORT ST CNR MERTON ST, ALBERT PARK"
07335107X2,0733511384,"164 BUNYA RD CNR ARLINGTON DRV, ARANA HILLS"
07474110X2,0747411102,"61 BRODIE ST O/S POST OFFICE, HUGHENDEN"
08838224X2,0883829032,"220 BRODIE RD ADJ SHOPS, MORPHETT VALE"
02677842X2,0267784601,"55 BRIDGE ST CNR SALISBURY ST, URALLA"
02947612X2,0294766232,"34 BURDETT ST , HORNSBY"
03637500X2,0363751100,"52 BURGESS ST CNR TRIBE ST, BICHENO"
03637502X2,0363751203,"75 BURGESS ST , BICHENO"
02434304X2,0243413847,"153 BROKEN BAY RD CNR BARRENJOEY RD, ETTALONG BEACH"
02695440X2,0269544000,"1 BROLGA PL NR WESTPAC BANK, COLEAMBALLY"
03953124X2,0395318155,"95 BRIGHTON RD , ELWOOD"
03953111X2,0395318455,"229 BRIGHTON RD , ELWOOD"
07384459X2,0738448550,"38 BRIGHTON ST NR FRANKLIN ST, HIGHGATE HILL"
08941845X2,0894188535,"2 BURGUNDY CRS NR LANCASTER ST, SPEARWOOD"
02936919X2,0293896092,"471 BRONTE RD OPP BRONTE BEACH, BRONTE"
02936920X2,0293694372,"267 BRONTE RD NR JUDGES LANE, WAVERLY"
07335809X2,0733581999,"1020 BRUNSWICK ST NR OXLADE DVE, NEW FARM"
07335832X2,0733583499,"710 BRUNSWICK ST NR ANNIE ST, NEW FARM"
07335816X2,0733582899,"710 BRUNSWICK ST NR ANNIE ST, NEW FARM"
07335833X2,0733584945,"544 BRUNSWICK ST NR HARCOURT, NEW FARM"
08829806X2,0882985276,"349 BRIGHTON RD NEAR, HOVE"
08934111X2,0893413372,"111 BRIGHTON RD NR CALAIS RD, SCARBOROUGH"
03953746X2,0395371355,"13 BRIGHTON RD CNR MORONEY ST, ST KILDA"
07546650X2,0754665108,"2 BRIGHTVIEW RD NR GROVE ST, GLENORE GROVE"
03981300X2,0398134937,"612 BURKE RD NEAR ANZ BANK, CAMBERWELL"
03988204X2,0398821673,"720 BURKE RD CNR COOKSON ST, CAMBERWELL"
03988206X2,0398822299,"766 BURKE RD CNR BROADWAY RD, CAMBERWELL"
03988228X2,0398825090,"1029 BURKE RD CNR RATHMINES ST, CAMBERWELL"
03988514X2,0398856090,"261 BURKE RD , GLEN IRIS"
03950907X2,0395090755,"163 BURKE RD , GLEN IRIS"
03981618X2,0398169785,"1345 BURKE RD , KEW"
02666218X2,0266624790,"136 BRUXNER HWY OPP C/VAN PARK, CASINO"
07328201X2,0732826148,"37 BRISBANE RD NR BRAESIDE ST, BUNDAMBA"
07381209X1,0738120350,"139 BRISBANE RD CNR STATION RD SC, BOOVAL"
07328200X2,0732821302,"42 BRISBANE RD CNR RIVER RD, DINMORE"
07409350Y2,0740935900,"0 BURKE DEVELOPMENTAL RD OS STORE, PETFORD"
07405310X2,0740535619,"17 BROOKS ST NR TURNER ST, WHITFIELD"
02956706X2,0295677227,"2 BRYANT ST CNR PRINCES HWY, ROCKDALE"
02956719X2,0295678390,"86 BRYANT ST OS CARAVAN PARK, ROCKDALE"
02695923X2,0269625963,"12 BRINGAGEE ST OS RETIREMENT HME, GRIFFITH"
07493411X9,0749340366,"0 BURNETT HWY GENERAL STORE, BOULDERCOMBE"
03588700X2,0358875459,"41 BROUGHAM ST O/S CARAVAN PARK, MOULAMEIN"
03624911X2,0362492008,"2 BUCAAN ST OS POST OFFICE, CHIGWELL"
03942913X2,0394292120,"125 BURNLEY ST CNR SOMERSET ST, RICHMOND"
03942936X2,0394293873,"284 BURNLEY ST NR COSAIRS ST, RICHMOND"
02432323X7,0243232111,"0 BURNS CRS RAILWAY STATION, GOSFORD"
02941203X2,0294122509,"2 BROUGHTON RD NEAR 2A, ARTARMON"
02655820X2,0265582316,"0 BUCKETTS WAY NA SALEYARDS, GLOUCESTER"
02969949X2,0296993267,"2 BUCKLAND ST NR BOTANY RD, ALEXANDRIA"
02969956X2,0296993823,"14 BUCKLAND ST NR O'CONNOR ST, CHIPPENDALE"
07328162X2,0732813891,"126 BRISBANE ST NR ELLENBOROUGH ST, IPSWICH"
07553709X1,0755374019,"100 BRISBANE RD LABRADOR PK SC, LABRADOR"
07553700X1,0755374037,"100 BRISBANE RD LABRADOR PK SC, LABRADOR"
03633130X2,0363316686,"133 BRISBANE ST BRISBANE MALL, LAUNCESTON"
03633405X2,0363343481,"140 BRISBANE ST BRIS MALL OS COLES, LAUNCESTON"
02664470X2,0266447043,"6 CASINO RD NR BUTCHER'S SHOP, JUNCTION HILL"
07549680X2,0754968102,"5 CABOOLTURE-BEACHMERE RD OPP BIGGS AVE, BEACHMERE"
07549751X2,0754975412,"1385 CABOOLTURE-BRIBIE ISLAND RD NR RUBY ST, NINGI"
02447409X2,0244743580,"3 CAMPBELL ST NR HAWDEN ST, MORUYA"
07469119X2,0746911091,"20 CAMPBELL ST NR LORRIMER ST, OAKEY"
02987510X2,0298752392,"10 CASTLE HILL RD NR PENANT HILLS RD, WEST PENNANT HILLS"
07389111X1,0738916942,"9 CASTLEBAR ST SHAFSTON MANSIONS, KANGAROO POINT"
02439316X2,0243931619,"2 CADONIA RD TUGGERAWONG RD, TUGGERAWONG"
03503307X2,0350331483,"77 CAMPBELL ST TELSTRA EXCHANGE, SWAN HILL"
03503217X2,0350324779,"476 CAMPBELL ST TOURIST INFO BOARD, SWAN HILL"
03967016X2,0396706923,"18 CARAVEL LA , DOCKLANDS"
02998111X2,0299811587,"55 CARAWA RD , CROMER"
02982234X2,0298224692,"65 CASTLEREAGH ST CNR MOORE ST, LIVERPOOL"
03559860X2,0355986301,"29 CAIRNS ST BEACH FRONT, PORT CAMPBELL"
07327308X2,0732734179,"200 CALAM RD NR HONEYWOOD ST, SUNNYBANK HILLS"
02685105X2,0268515718,"27 CALARIE RD OPP THOMSON ST, FORBES"
03543731X2,0354373103,"2 CALDER HWY POST OFFICE, BRIDGEWATER ON LODDON"
02499762X2,0249976284,"7 CAMPING RESERVE ST , SEAL ROCKS"
02971825X2,0297185495,"1 CAMPSIE ST NR BEAMISH ST, CAMPSIE"
02978906X2,0297894929,"1 CAMPSIE ST NR BEAMISH ST, CAMPSIE"
02495114X2,0249513106,"23 CARDIFF RD , WALLSEND"
03933602X2,0393367018,"702 CALDER HWY NR KENNEDY, KEILOR"
02497601X2,0249761032,"62 CAMS BLV OS SHOPS, SUMMERLAND POINT"
08934987X2,0893496366,"31 CANARA RD NR MARLOO RD, WESTMINSTER"
03624906X2,0362492575,"1 CANBERRA RD , CLAREMONT"
07478290X2,0747829209,"10 CAREY ST , GIRU"
08930715X2,0893074357,"99 CARIDEAN ST OS HEATHRIDGE SC, HEATHRIDGE"
08924626X2,0892464507,"2 CALECTASIA ST O/S GREENWOOD SC, GREENWOOD"
08927204X2,0892722255,"45 CALEDONIAN ST NR MARGARET ST, MAYLANDS"
02988821X2,0298883543,"8 CALLAGHAN ST CNR BADAJOZ RD, RYDE"
02664480X2,0266448350,"0 CANDOLE ST NR SCHOOL, TUCABIA"
08934206X2,0893421322,"36 CANHAM WAY NR WANNEROO RD, GREENWOOD"
02972416X2,0297273128,"204 CANLEY VALE RD NEAR ASCOT ST, CANLEY HEIGHTS"
02975441X2,0297541396,"33 CANLEY VALE RD NEAR FORNASIER LANE, CANLEY VALE"
07380400X2,0738040217,"2 CARL HECK BLV CNR BEAUDESERT RD, WINDAROO"
08828108X2,0882815254,"181 BURTON RD NR WHITES RD, PARALOWIE"
07559911X2,0755991270,"1 CALOOLA DRV CNR DUCAT ST, TWEED HEADS"
08833230X2,0883328632,"2 CALOROGA ST NR KENSINGTON RD, WATTLE PARK"
03934737X2,0393476313,"50 CANNING ST , CARLTON"
02973809X2,0297389059,"125 CARLINGFORD RD CNR HELEN ST, SEFTON"
03953745X2,0395371200,"156 CARLISLE ST OPP TOWN HALL, ST KILDA"
03959312X2,0395936956,"41 CARLISLE ST NR CNR FOSTER ST, ST KILDA"
03980948X2,0398091332,"610 CAMBERWELL RD OS HARRIS W TOYOTA, CAMBERWELL"
03988207X2,0398823191,"389 CAMBERWELL RD CNR CRESCENT ST, CAMBERWELL"
03988215X2,0398826753,"163 CAMBERWELL RD , HAWTHORN EAST"
08931900X2,0893390459,"273 CANNING HWY O/S EXCHANGE, PALMYRA"
02958804X2,0295881322,"48 CARLTON PDE NR SHORT ST, CARLTON"
02968216X2,0296824476,"6 CARLTON ST OPP LIBRARY, GRANVILLE"
03626581X2,0362658128,"52 CARLTON BEACH RD OS SHOP (LHS), DODGES FERRY"
03980804X2,0398084897,"10 BURWOOD HWY NR MIDDLEBOROUGH, BURWOOD EAST"
02974708X2,0297475453,"6 BURWOOD RD , CONCORD"
02428537X2,0242851206,"0 CAMBRIDGE AVE NR 17 PRINCES HWY, FAIRY MEADOW"
07326510X2,0732655148,"3 CARLYLE RD CNR SANDGATE RD, BOONDALL"
02668573X2,0266857306,"65 CARLYLE ST NR MASSINGER ST, BYRON BAY"
08996371Y2,0899637969,"0 CARNARVON-MULLEWA RD O/S STORE, MURCHISON"
03975803X2,0397582019,"1216 BURWOOD HWY NEAR HOTEL, UPPER FERNTREE GULLY"
07339608X2,0733967102,"53 CAMBRIDGE PDE NR STRATTON TCE, MANLY"
07339630X2,0733969758,"2 CAMBRIDGE PDE NR ROYAL ESP, MANLY"
07339633X2,0733968930,"25 CAMBRIDGE PDE NR ROYAL ESP, MANLY"
02664327X2,0266431560,"80 CAMBRIDGE ST CNR ARMIDALE ST, SOUTH GRAFTON"
08938715X2,0893871455,"292 CAMBRIDGE ST NR NANSON ST, WEMBLEY"
03981913X2,0398191256,"75 BURWOOD RD , HAWTHORN"
03981912X1,0398190424,"FOYER  445 BURWOOD RD S U T JOHN ST BLDG, HAWTHORN"
02649210X2,0264921254,"182 CARP ST AYERS WALKWAY, BEGA"
02966513X2,0296659032,"29 CARR ST BUS STOP, COOGEE"
08932837X2,0893288297,"97 CARR ST NR STRATHCONA ST, WEST PERTH"
03633103X2,0363312413,"116 CAMERON ST OS SUPREME COURT, LAUNCESTON"
03633144X2,0363312746,"69 CAMERON ST PUBLIC BUILDINGS, LAUNCESTON"
02666228X2,0266628278,"163 CANTERBURY ST CASINO SHP PLAZA, CASINO"
02666200X2,0266624784,"0 CANTERBURY ST NR RAILWAY, CASINO"
03987700X1,0398779357,"270 CANTERBURY RD FOREST HILL CHASE, FOREST HILL"
03972915X2,0397295946,"164 CANTERBURY RD , HEATHMONT"
03987022X2,0398706691,"161 CANTERBURY RD HEATHMONT PO, HEATHMONT"
03933539X2,0393354267,"193 CARRICK DRV CNR GAYNOR CRES, GLADSTONE PARK"
03576208X2,0357621408,"60 CARRIER ST NR BRIDGE ST, BENALLA"
08822313X2,0882235309,"372 CARRINGTON ST OPP MARION ST, ADELAIDE"
08822717X2,0882272343,"120 CARRINGTON ST NEAR QUEEN ST, ADELAIDE"
02966501X2,0296650187,"288 CARRINGTON RD NR BREAM ST, COOGEE"
02993807X2,0299383226,"50 CARRINGTON PDE OPP SURF CLUB, CURL CURL"
02658515X2,0265851705,"113 CAMERON ST NR PHILLIP ST, WAUCHOPE"
07494540X2,0749454627,"27 CAMM RD CNR O'HANLON CRS, MOUNT JULIAN"
02990822X2,0299081266,"22 CAMMERAY RD NR GRAFTON ST, CAMMERAY"
03599651X2,0359965153,"23 CAMMS RD CNR DAVID AVE, CRANBOURNE"
03969986X2,0396995180,"110 CANTERBURY RD NR ARMSTRONG ST, MIDDLE PARK"
08828102X2,0882816738,"20 CANTERBURY DRV NR SHERIDAN ST, SALISBURY HEIGHTS"
02939823X2,0293984963,"48 CARRINGTON RD , RANDWICK"
08934213X2,0893423000,"53 BUTTERWORTH AVE NR BURLINSON CRES, KOONDOOLA"
03534826X2,0353482304,"3 CAMP ST , DAYLESFORD"
03549810X2,0354981200,"21 CAMP ST NR WATCHEM HOTEL, WATCHEM"
03535205X2,0353524990,"37 CAMPBELL ST NR BAIRD ST, ARARAT"
02439702X2,0243967953,"30 CANTON BEACH RD CNR MAIN RD, TOUKLEY"
03945715X2,0394575379,"68 CAPE ST NR BURGANDY ST, HEIDELBERG"
02929904X2,0292992262,"2 CARRINGTON ST NR MARGARET ST, SYDNEY"
08975760X2,0897576220,"38 BUSSELL HWY NR REDGATE RD, WITCHCLIFFE"
07406821X2,0740682636,"0 BUTLER ST OS SHOWGROUNDS, TULLY"
07497360X2,0749736551,"0 BUTLER ST OS SHOP, YARWUN"
03526600X2,0352661200,"563 CAPE OTWAY RD POST OFFICE, MORIAC"
08839600X2,0883960126,"249 CARRUTHERS DRV SW MILNE RD, MODBURY NORTH"
02975002X2,0297506154,"2 BYKOOL AVE , KINGSGROVE"
03539570X2,0353957228,"6 BYRNE ST , YAAPEET"
02955915X2,0295593255,"1 BYRNES ST NR ILLAWARRA RD, MARRICKVILLE"
07409230X1,0740923952,"135 BYRNES ST , MAREEBA"
02928154X7,0292813569,"40 CAMPBELL ST BETWEEN 40-50, HAYMARKET"
02982104X2,0298212182,"42 CAMPBELL ST CNR BIGGE ST, LIVERPOOL"
08938955X2,0893898643,"2 CAPORN ST NR BROADWAY, CRAWLEY"
02694711X2,0269471309,"152 CAPPER ST OS SHOP, TUMUT"
02668710X2,0266871300,"26 BYRON ST NR POST OFFICE, BANGALOW"
02668772X2,0266877373,"25 BYRON ST OS SCHOOL, LENNOX HEAD"
03955743X2,0395573099,"379 CENTRE RD NR CNR BENT ST, BENTLEIGH"
03955745X2,0395574721,"462 CENTRE RD NR CNR MITCHELL ST, BENTLEIGH"
03956322X2,0395639682,"187 CENTRE RD , BENTLEIGH"
03957916X2,0395793899,"739 CENTRE RD OS SHOPS, BENTLEIGH EAST"
03954468X2,0395442714,"1475 CENTRE RD NR CNR MORIAH ST, CLAYTON"
02666209X2,0266621787,"185 CENTRE ST NR NORTH ST, CASINO"
08920100X2,0892019297,"356 CHARLES ST NR ANGOVE ST, NORTH PERTH"
08924206X2,0892423247,"513 CHARLES ST NR ELLESMERE ST, NORTH PERTH"
02956912X2,0295699201,"1 CHARLES ST NR PARRAMMATTA RD, PETERSHAM"
03959302X1,0395931168,"LWRLVL  26 CHURCH ST NR REAR EXIT, BRIGHTON"
02666211X2,0266622343,"69 CENTRE ST CNR MCELROY ST, CASINO"
02447406X2,0244743583,"4 CHARLES MOFFAT DRV NR CORONATION DVE, MORUYA HEADS"
02494211X1,0249425834,"338 CHARLESTOWN RD HILLTOP PLAZA, CHARLESTOWN"
02971615X2,0297166433,"68 CHARLOTTE ST , ASHFIELD"
03527810X2,0352787499,"17 CHURCH ST OS SERV STN, GEELONG WEST"
03985305X2,0398532166,"6 CHURCH ST BARKERS RD CNR, HAWTHORN"
02493408X2,0249342618,"88 CHURCH ST OS RAILWAY STATION, MAITLAND"
03527802X2,0352789822,"161 CHURCH ST NR SHANNON AVE, MANIFOLD HEIGHTS"
03538572X2,0353857501,"55 CHURCH ST NR MAIN ST, MINYIP"
02963012X2,0296308210,"486 CHURCH ST CNR ALBERT ST, NORTH PARRAMATTA"
02956006X2,0295601639,"1 CLARENDON RD NR NORTHUMBERLAND, STANMORE"
03948021X2,0394805767,"2 CLARENDON ST , THORNBURY"
08972810X2,0897281000,"1 CHARLOTTE ST O/S POST OFFICE, DARDANUP"
02926403X1,0292645838,"133 CASTLEREAGH ST PICADILLY CNTR, SYDNEY"
03980219X2,0398028999,"27 CENTRE WAY PINEWOOD SHOP CNTR, MT WAVERLEY"
02926910X2,0292690673,"131 CASTLEREAGH ST CNR MARKET ST, SYDNEY"
03958432X2,0395842022,"251 CENTRE DANDENONG RD , CHELTENHAM"
03933601X2,0393362378,"27 CENTREWAY  POST OFFICE, KEILOR EAST"
02493041X2,0249304294,"66 CESSNOCK RD , NEATH"
08959230X2,0895923533,"86 CHARTHOUSE RD NR RESOLUTION DVE, WAIKIKI"
02655113X2,0265510549,"66 CHATHAM AVE OPP PLOVER ST, TAREE"
02982249X2,0298224720,"48 CASULA RD NR HUME HWY, CASULA"
02686910X2,0268691200,"60 CASWELL ST OS POST OFFICE, PEAK HILL"
02686911X2,0268691300,"126 CASWELL ST NR BOGAN ST, PEAK HILL"
07409471X2,0740947260,"1 CATHEDRAL ST NR QUEEN ST, CHILLAGOE"
08873701X2,0887372470,"0 CHURCH ST NR JOHN ST, PENOLA"
03942925X2,0394293219,"240 CHURCH ST OS VENTURE PLAZA, RICHMOND"
03942803X2,0394289326,"240 CHURCH ST OS VENTURE PLAZA, RICHMOND"
03942933X2,0394293637,"40 CHURCH ST NR LINCOLN PDE, RICHMOND"
03942949X2,0394298365,"2 CHURCH ST NR VICTORIA ST, RICHMOND"
03942915X2,0394292302,"544 CHURCH ST NR ADELAIDE ST, RICHMOND"
07335710X2,0733577948,"79 CHALK ST OPP FLORRIE ST, LUTWYCHE"
07385707X2,0738572482,"136 CHALK ST NR LUTWYCHE RD, LUTWYCHE"
07335720X2,0733579920,"136 CHALK ST NR LUTWYCHE RD, LUTWYCHE"
07384831X2,0738488455,"8 CHAUCER ST NR IPSWICH RD, MOOROOKA"
07542610X2,0754261109,"79 MAIN ST , LOWOOD"
02926417X2,0292649280,"265 CASTLEREAGH ST OS CHAMBERS ARCADE, SYDNEY"
03622404X2,0362241190,"1 CASTRAY ESP SALAMANCA PL, HOBART"
08894816X2,0889480142,"254 CASUARINA DRV , NIGHTCLIFF"
07326515X2,0732653784,"93 CHURCH RD OPP DUFFY ST, ZILLMERE"
07386503X2,0738653378,"7 CHURCH RD CNR ZILLMERE RD, ZILLMERE"
08939937X2,0893998549,"42 CHALLIS RD NR WARRINA PLACE, ARMADALE"
03939105X2,0393913490,"46 CHALLIS ST OS NEWPORT WEST PO, NEWPORT"
08902122X2,0890212367,"84 CHEETHAM ST NR LANE ST, KALGOORLIE"
02493322X2,0249334010,"105 CHELMSFORD DRV , METFORD"
03931192X2,0393118473,"154 CHURCHILL AVE , BRAYBROOK"
07335617X2,0733565004,"40 CHERMSIDE ST CNR RAYMONT RD, GRANGE"
03958407X2,0395842955,"99 CAVANAGH ST , CHELTENHAM"
02973604X2,0297363706,"2 CAVENDISH ST NR VICTORIA ST, CONCORD WEST"
07339707X2,0733977058,"320 CAVENDISH RD NR NORFOLK ST, COORPAROO"
08826022X2,0882603632,"447 CHURCHILL RD NR BRUNSWICK ST, KILBURN"
08826925X2,0882693521,"209 CHURCHILL RD NEAR, PROSPECT"
08826929X2,0882693909,"50 CHURCHILL RD NR ALLAN ST, PROSPECT"
03622307X1,0362234158,"1 CHURCHILL AVE UNI OS ARTS STUDIO, SANDY BAY"
02974601X2,0297463607,"1 CHURCHILL AVE OPP STRATH PLAZA, STRATHFIELD"
02974624X2,0297463606,"1 CHURCHILL AVE OPP STRATH PLAZA, STRATHFIELD"
03512221X2,0351222680,"12 CHURINGA DRV OPP DALPURA CT, CHURCHILL"
03943814X2,0394381310,"25 CHUTE ST , DIAMOND CREEK"
03958042X2,0395806237,"26 CHUTE ST OPP BARKLY ST, MORDIALLOC"
03958001X2,0395806419,"70 CHUTE ST , MORDIALLOC"
03979810X2,0397982302,"387 CHANDLER RD NR PARKMORE RD, KEYSBOROUGH"
07553150X7,0755315926,"26 CAVILL AVE NR GOLD COAST HWY, SURFERS PARADISE"
07553810X2,0755382914,"26 CAVILL AVE NR GOLD COAST HWY, SURFERS PARADISE"
07553991X2,0755399417,"52 CAVILL AVE CNR FERRY AVE, SURFERS PARADISE"
02954017X2,0295403430,"90 CAWARRA RD NR DRAKE AVE, CARINGBAH"
03957909X2,0395792702,"287 CHESTERVILLE RD CNR SOUTH RD, BENTLEIGH EAST"
03958445X2,0395844300,"88 CHESTERVILLE RD , CHELTENHAM"
07334901X2,0733495699,"735 CAVENDISH RD NR SEVILLE, HOLLAND PARK"
08975540X2,0897554000,"345 CAVES RD SIESTA PARK STORE, SIESTA PARK"
08935655X2,0893561816,"14 CECIL AVE NR LEILA ST, CANNINGTON"
03968612X2,0396865178,"600 CITY RD , SOUTH MELBOURNE"
02979013X2,0297905876,"228 CHAPEL RD NS CAMBRIDGE ST, BANKSTOWN"
03627324X2,0362738401,"111 CHAPEL ST CNR BRENT ST, GLENORCHY"
03969935X2,0396997190,"84 CECIL ST NR YORK ST, SOUTH MELBOURNE"
03939840X2,0393982049,"37 CIVIC PDE NR MILLERS RD, ALTONA"
08897930X7,0889792092,"75 CIVIC DRV RANGER GUEST HOUSE, JABIRU"
03951009X2,0395109747,"324 CHAPEL ST , PRAHRAN"
03982703X1,0398272965,"500 CHAPEL ST JAM FACTORY, SOUTH YARRA"
03982723X2,0398273751,"383 CHAPEL ST , SOUTH YARRA"
03953708X2,0395371177,"18 CHAPEL ST NR CNR ARGYLE ST, ST KILDA"
03953709X2,0395371199,"195 CHAPEL ST OS POLICE STATION, ST KILDA"
02983304X2,0298331825,"62 CHAPEL ST CNR QUEEN ST, ST MARYS"
07466880X2,0746688728,"0 CHINCHILLA - WONDIA RD OS SERVICE STATION, DARR CREEK"
03930216X2,0393094303,"13 CENTRAL GR , BROADMEADOWS"
07544123X2,0754412955,"0 CIVIC WAY QR NAMBOUR, NAMBOUR"
07547601X2,0754760165,"0 CIVIC WAY QR NAMBOUR, NAMBOUR"
08932839X2,0893288455,"113 CLAISEBROOK RD NR MURCHISON TCE, PERTH"
03952900X2,0395291034,"37 CHAPEL ST NR MADDOCK ST, WINDSOR"
03952912X2,0395293155,"37 CHAPEL ST NR MADDOCK ST, WINDSOR"
08996442X2,0899644970,"90 CHAPMAN RD BILL SEWELL CENTRE, GERALDTON"
07405561X2,0740556501,"2 CENTAUR ST CNR REED RD, TRINITY PARK"
02656890X2,0265689213,"159 CENTENARY DRV CNR MANN ST, NAMBUCCA HEADS"
03623102X2,0362285783,"61 CLARE ST NR OVAL, NEW TOWN"
02971823X2,0297182568,"0 CLAREMONT ST NR BEAMISH ST, CAMPSIE"
02978909X2,0297896829,"0 CLAREMONT ST NR BEAMISH ST, CAMPSIE"
08938401X2,0893840597,"111 CLAREMONT CRS NR SALADIN ST, SWANBOURNE"
02664723X2,0266472168,"7135 CLARENCE WAY OS SCHOOL, BARYULGIL"
02658426X2,0265842335,"52 CLARENCE ST NR BUS STOP, PORT MACQUARIE"
03503202X2,0350324789,"100 CHAPMAN ST NR THURLA ST, SWAN HILL"
03587107X2,0358712076,"9 CHARLES ST , COBRAM"
07477513X2,0747753166,"24 CHOONDA ST EAR, CRANBROOK"
07554351X2,0755435729,"33 CHRISTIE ST NR KIDSTON ST, CANUNGRA"
07493812X7,0749381878,"14 CENTRAL ST MT MORGAN EXCHANGE, MT MORGAN"
02425702X2,0242571335,"63 CENTRAL AVE CNR FISHER ST, OAK FLATS"
08935409X2,0893542765,"57 CENTRAL AVE NR THIRD AVE, ROSSMOYNE"
03946517X2,0394659608,"1 CENTRAL AVE , THOMASTOWN"
02664665X2,0266466636,"113 CHARLES ST OS NEWSAGENT, ILUKA"
07553513X2,0755350360,"98 CHRISTINE AVE CNR HILLSTAR AVE, BURLEIGH WATERS"
02488360X2,0248836001,"5 CHURCH ST OS OSBOURNE AVE, BUNDANOON"
03959204X2,0395922399,"119 CHURCH ST , BRIGHTON"
03959210X2,0395928135,"133 CHURCH ST , BRIGHTON"
03955741X2,0395571699,"463 CENTRE RD , BENTLEIGH"
02683210X2,0268321343,"60 COBAR ST , NYNGAN"
03964219X2,0396423980,"330 COLLINS ST , MELBOURNE"
02465100X2,0246512241,"355 COBBITY RD NR CHITTICK LANE, COBBITTY"
08994308Y2,0899430574,"0 COBRA STN 300KM E CARNARVON, WEST LYONS RIVER"
03623906X2,0362390101,"542 COLLINSVALE RD NR TELSTRA EXCHNGE, COLLINSVALE"
03582244X2,0358224276,"21 COLLIVER RD NR ASHTON RD, SHEPPARTON"
08927909X2,0892795445,"3 COLSTOUN RD NR MAIDOS ST, ASHFIELD"
08934224X2,0893423600,"120 COCKMAN RD NR CANHAM WAY, GREENWOOD"
02482241X2,0248222134,"64 COMBERMERE ST NR ROBINSON ST, GOULBURN"
03515830X2,0351583220,"0 COMBIENBAR RD OS POST OFFICE, CLUB TERRACE"
03515850X2,0351585220,"0 COMBIENBAR RD OS HALL, COMBIENBAR"
02655691X2,0265569100,"1412 COMBOYNE RD OS COMMUNITY HALL, UPPER LANSDOWNE"
02974511X2,0297454161,"1 COMER ST NR BURWOOD RD, BURWOOD"
08936716X2,0893676599,"17 COMER ST NR MELVILLE PDE, COMO"
08826005X2,0882604700,"23 CODD ST NR WOODSTOCK CRES, PARA HILLS WEST"
08938117X2,0893811299,"60 COGHLAN RD NR HAY ST, SUBIACO"
07320703X2,0732077982,"131 COLBURN AVE , VICTORIA POINT"
02664623X2,0266462203,"16 COLDSTREAM ST CNR YAMBA ST, YAMBA"
03954634X2,0395465548,"10 COLE ST NR CNR AMBRE CR, NOBLE PARK"
03626530X2,0362653749,"17 COLE ST OS MCDONALDS, SORELL"
03954465X2,0395445837,"345 CLAYTON RD CNR DUNSTAN ST, CLAYTON"
03954466X2,0395445273,"345 CLAYTON RD CNR DUNSTAN ST, CLAYTON"
03954471X2,0395440437,"345 CLAYTON RD CNR DUNSTAN ST, CLAYTON"
03954470X2,0395445819,"294 CLAYTON RD OPP DUNSTAN ST, CLAYTON"
03954430X2,0395442746,"170 CLAYTON RD OS LAUNDROMAT, CLAYTON"
03954437X2,0395445212,"334 CLAYTON RD OS SHOPS, CLAYTON"
03954441X2,0395447502,"367 CLAYTON RD OS MCDONALDS, CLAYTON"
03954448X2,0395449473,"481 CLAYTON RD CNR BRENTWOOD CL, CLAYTON SOUTH"
03625970X2,0362597101,"16 COLEBROOK RD OS TELSTRA EXCHNGE, COLEBROOK"
03626040X2,0362604130,"99 COLEBROOK RD OS TELSTRA EXCHNGE, CAMPANIA"
02662840X2,0266284206,"85 COLEMAN ST OS POST OFFICE, BEXHILL"
03980216X2,0398028008,"27 COLEMAN PDE , GLEN WAVERLEY"
07493963X2,0749396519,"2 CLAUDE ST OS SHOP, ZILZIE"
03948262X2,0394825026,"11 CLAUSCEN ST NR NICHOLSON ST, FITZROY NORTH"
03979103X2,0397913426,"153 CLEELAND ST , DANDENONG"
02982247X2,0298224713,"1 COLLEGE ST NR TECH COLLEGE, LIVERPOOL"
08834200X1,0883424873,"2 CLEMENTS ST ABORIGINAL HOSTEL, DUDLEY PARK"
07494159X7,0749415491,"1 CLEMENTS ST CNR BARRACLOUGH CR, MORANBAH"
07498235X2,0749823584,"73 CLERMONT ST NEAR EMERALD HOTEL, EMERALD"
02422650X2,0242263824,"20 CLIFF RD NR BOURKE ST, WOLLONGONG"
02668532X2,0266853178,"2 CLIFFORD ST BROKEN HEAD RD, SUFFOLK PARK"
03523770X2,0352377872,"131 COLLINGWOOD ST O/S BAY LEAF CAFE, APOLLO BAY"
03523761X2,0352376300,"35 COLLINGWOOD ST O/S WAYNES RESTUAR, APOLLO BAY"
03624811X2,0362489888,"1 CLIFTON BEACH RD OS SURF CLUB, CLIFTON BEACH"
07403201X2,0740321270,"0 COLLINS AVE OS BOTANICAL GRDNS, EDGE HILL"
08838219X2,0883823921,"77 COLLINS PDE NR LEA ST, HACKHAM"
03622400X2,0362240149,"132 COLLINS ST IN COLLINS COURT, HOBART"
02939809X2,0293981106,"62 CLOVELLY RD NR MARKET ST, RANDWICK"
02423314X2,0242331039,"0 COLLINS ST CNR TERRALONG ST, KIAMA"
03972524X2,0397254178,"2 COLLINS PL , KILSYTH"
03965492X2,0396544607,"271 COLLINS ST , MELBOURNE"
03962151X2,0396211406,"600 COLLINS ST , MELBOURNE"
03979605X1,0397961405,"71 CLYDE RD MONASH CAMPUS, BERWICK"
03961463X2,0396145585,"367 COLLINS ST , MELBOURNE"
03962137X2,0396211931,"525 COLLINS ST NEAR RIALTO TOWERS, MELBOURNE"
03961442X2,0396145725,"555 COLLINS ST , MELBOURNE"
02495919X2,0249591309,"195 COAL PT RD , COAL POINT"
03961435X2,0396145576,"425 COLLINS ST NR MARKET ST, MELBOURNE"
03962149X2,0396211379,"477 COLLINS ST BW WILLIAM/KING ST, MELBOURNE"
03965015X2,0396504889,"296 COLLINS ST (NE) ELIZABETH ST, MELBOURNE"
03965017X2,0396506670,"234 COLLINS ST NR SWANSTON ST, MELBOURNE"
03965411X2,0396542141,"12 COLLINS ST OPP HOTEL SOFITEL, MELBOURNE"
03965447X2,0396544574,"80 COLLINS ST OS NAURU HOUSE, MELBOURNE"
02997500X2,0299751352,"5 COOK ST CNR WARRINGAH RD, FORESTVILLE"
02958013X2,0295802669,"27 COOK ST NR MORTS RD, MORTDALE"
02958002X2,0295800421,"27 COOK ST NR MORTS RD, MORTDALE"
07337903X2,0733796155,"97 COOK ST NR ELLEN ST, OXLEY"
02972625X2,0297262021,"1 CUTLER ST NR HUME HWY, LANSVALE"
02435115X2,0243554681,"4 CUTLER DRV CNR WAQTANOBBI RD, WYONG"
03567436X2,0356743161,"1 CUTTRISS ST NR THE ESPLANADE, INVERLOCH"
03567801X2,0356780300,"69 CUTTY SARK RD NR KANGAROO WAY, CORONET BAY"
07416300X2,0741630301,"69 COULSON ST NR SUTTON ST, BLACKBUTT"
08952705X2,0895274400,"69 COUNCIL AVE O/S AQUATIC CTR, ROCKINGHAM"
07553838X2,0755387637,"20 CROMBIE AVE O/S MAIL EXCHANGE, BUNDALL"
03538550X2,0353855267,"18 CROMIE ST NR WALTER ST, RUPANYUP"
03982700X2,0398276832,"90 CROMWELL ST NR TOORAK RD, SOUTH YARRA"
02952307X2,0295230035,"1 CRONULLA MALL NR THE KINGSWAY, CRONULLA"
02952300X2,0295231147,"1 CRONULLA MALL NR THE KINGSWAY, CRONULLA"
02952301X2,0295232128,"62 CRONULLA MALL OPP POST OFFICE, CRONULLA"
02954453X2,0295443548,"62 CRONULLA MALL OPP POST OFFICE, CRONULLA"
02696446X2,0269644617,"56 COOLAH ST CNR ULONG ST, GRIFFITH"
07542980X2,0754298103,"1058 D'AGUILAR HWY NEAR WISE ST, WAMURAN"
07466817X2,0746681718,"0 DALBY - CONDOMINE RD NR HOTEL, KOGAN"
08844734X2,0884478423,"70 DALE ST E OF CHURCH ST, PORT ADELAIDE"
08832208X2,0883223795,"121 COVE RD NR KURNABINNA TCE, HALLETT COVE"
03969925X2,0396995390,"301 COVENTRY ST CNR CECIL ST, SOUTH MELBOURNE"
08829816X2,0882986254,"29 COMMERCIAL RD OPP MALBOROUGH ST, BRIGHTON"
08906250X2,0890625020,"4 CROSSLAND ST O/S POST OFFICE, MUNTADGIN"
08924627X2,0892464510,"136 COOLIBAH DRV NR WAHROONGA WAY, GREENWOOD"
03539220X2,0353922358,"49 COMMERCIAL ST POST OFFICE, KANIVA"
03556580X2,0355658200,"99 COMMERCIAL RD POST OFFICE ESIDE, KOROIT"
03502530X2,0350253657,"94 COMMERCIAL RD POST OFFICE, MERBEIN"
02936121X2,0293610226,"258 CROWN ST NR OXFORD ST, DARLINGHURST"
02492648X2,0249261536,"5 CROWN ST , NEWCASTLE"
03968906X2,0396894908,"59 COWPER ST , FOOTSCRAY"
02499450X2,0249945107,"52 COWPER ST CNR MEMORIAL AVE, STROUD"
03953311X2,0395332790,"220 COMMERCIAL RD , PRAHRAN"
08864216X2,0886422309,"50 COMMERCIAL ST OS POST OFFICE, PORT AUGUSTA"
02422606X2,0242262945,"501 CROWN ST ADJ TO FISHER ST, WEST WOLLONGONG"
02422602X2,0242262297,"11 CROWN ST CNR HARBOUR ST, WOLLONGONG"
02422621X2,0242264265,"93 CROWN ST ADJ OLD TOWN HALL, WOLLONGONG"
08938910X2,0893898254,"9 COOPER ST NR BROADWAY, CRAWLEY"
02936232X2,0293624173,"10 COOPER ST NR SOUTH AVE, DOUBLE BAY"
02427403X2,0242744334,"194 COWPER ST NEAR KING ST, WARRAWONG"
02935701X2,0293571454,"57 COWPER WHARF RD NR DOWLING ST, WOOLLOOMOOLOO"
08844713X2,0884474432,"93 COMMERCIAL RD , PORT ADELAIDE"
08924621X2,0892464489,"20 CROXTON PL O/S FLATS, NORTH BEACH"
02656812X2,0265681454,"3 COOPER ST OPP POST OFFICE, MACKSVILLE"
02969803X2,0296985137,"18 COOPER ST NR WALKER ST, REDFERN"
03535807X2,0353582148,"113 COOPER ST NR SLOANE, STAWELL"
07465643Y2,0746564961,"0 COOPER DEVELOPMENT RD OS ROYAL FLY DOC, EROMANGA"
08853700X2,0885370024,"0 COXE ST MILANG POST OFFICE, MILANG"
03518202X2,0351825212,"216 COMMERCIAL RD OS POST OFFICE, YARRAM"
02956424X2,0295642036,"111 CRYSTAL ST NR STANMORE RD, PETERSHAM"
02928140X2,0292810595,"182 COMMONWEALTH ST NR ALBION ST, SURRY HILLS"
02667404X2,0266740882,"0 CUDGEN RD TAFE COLLEGE BK B, KINGSCLIFF"
03599870X2,0359987220,"6 CULGOA ST , WARNEET"
07477820X7,0747782439,"23 CULGOA ST CNR STUART DVE, WULGURU"
02668914X2,0266891868,"45 CULLEN ST TELEPHONE EXCHANGE, NIMBIN"
02668912X2,0266891867,"45 CULLEN ST TELEPHONE EXCHANGE, NIMBIN"
02668910X2,0266891864,"45 CULLEN ST TELEPHONE EXCHANGE, NIMBIN"
03942923X2,0394293120,"157 COPPIN ST NR BENSON ST, RICHMOND"
02665612X2,0266561658,"17 CORAL DRV NR DIAMOND HD RD, SANDY BEACH"
02974953X2,0297494291,"65 DARTBROOK RD , AUBURN"
03947821X1,0394786164,"55 CRAMER ST O/S RMIT CAMPUS, PRESTON"
03978311X2,0397696536,"34 CRANBOURNE RD NR CNR JOY ST, FRANKSTON"
03978918X2,0397896366,"220 CRANBOURNE RD NR CNR LINDRUM RD, FRANKSTON"
02986800X2,0298681054,"170 CULLODEN RD CNR TARANTO RD, MARSFIELD"
08934303X2,0893439216,"11 CULLOTON CRS NR NEWBURY ST, BALGA"
02982911X2,0298292487,"133 CUMBERLAND RD NR PHOENIX AVE, INGLEBURN"
08949024X2,0894902808,"300 CORFIELD ST NR HARRY O/S S/C, GOSNELLS"
02447861X2,0244786004,"4 CORILLA ST OPP GENERAL STORE, SOUTH DURRAS"
03644610X2,0364461108,"1 CORINNA RD OS MOTOR INN, SAVAGE RIVER"
03583114X2,0358311404,"183 CORIO ST NR HIGH ST, SHEPPARTON"
03977605X2,0397767330,"117 CRANBOURNE RD NR CNR LONG ST, LANGWARRIN"
03977008X1,0397709942,"230 CRANBOURNE-FRANKSTON RD SHOP CNTR OS COLES, LANGWARRIN"
07465893X2,0746583237,"15 CRANE ST NR SPARROW, LONGREACH"
03549220X2,0354922203,"79 CUMMING ST POST OFFICE, BIRCHIP"
07466255X2,0746625701,"130 CUNNINGHAM ST DALBY EXCHANGE, DALBY"
02997516X2,0299756347,"2 CORNISH AVE NR WILLANDRA RD, BEACON HILL"
02994940X2,0299496787,"108 CONDAMINE ST CNR SYDNEY RD, BALGOWLAH"
07320914X2,0732091705,"5 CUPANIA ST DAISY HILL RD PLZ, DAISY HILL"
02447150X2,0244715294,"71 CORONATION DRV NR FRANCIS, BROULEE"
03572611X2,0357261400,"40 CONNESS ST OS LION CLUB KIOSK, CHILTERN"
03559511X2,0355951200,"21 CURDIE ST , COBDEN"
07327901X2,0732792041,"86 CURRAGUNDI RD CNR ARRABRI AVE, JINDALEE"
03516510X1,0351651142,"0 CURRAWONG RD VISITOR CENTRE, BAW BAW VLGE"
03976105X2,0397619002,"1 CURRAWONG RD CNR STRADBROKE RD, MONTROSE"
02667613X2,0266761206,"9 CORONATION AVE OS GENERAL STORE, POTTSVILLE"
07478551X2,0747855302,"26 CONWAY ST OS POST OFFICE, COLLINSVILLE"
02662100X2,0266214380,"21 CONWAY ST OS CONWAY PLAZA, LISMORE"
08821228X2,0882126876,"208 CURRIE ST NEAR ADELAIDE REM*, ADELAIDE"
08938816X2,0893887634,"13 CURRIE ST NR JERSEY ST, JOLIMONT"
03954644X2,0395469275,"52 CORRIGAN RD OS MILKBAR, NOBLE PARK"
07542311X2,0754231205,"65 CRESSBROOK ST NR FULHAM ST, TOOGOOLAWAH"
07544120X7,0754412197,"66 CURRIE ST NR MILL ST, NAMBOUR"
07544116X2,0754412265,"96 CURRIE ST NR MILL ST, NAMBOUR"
07553301X2,0755330304,"1206 CURRUMBIN CREEK RD OPP ROCKPOOL, CURRUMBIN VALLEY"
03576213X2,0357622273,"35 COSTER ST OS HOSPITAL, BENALLA"
03985302X2,0398530870,"28 COTHAM RD CNR HIGH ST, KEW"
07553914X2,0755391655,"142 COTLEW ST OS ASHMORE PLAZA, ASHMORE"
03947864X2,0394785047,"18 CREVELLI ST NR BLAKE ST, RESERVOIR"
07549410X1,0754941456,"0 CRIBB ST QR LANDSBOROUGH, LANDSBOROUGH"
03572211X2,0357229819,"72 CRIBBES RD , WANGARATTA"
02963336X2,0296333157,"46 CRIMEA ST CNR PITT ST, PARRAMATTA"
02955924X2,0295594422,"15 CRINAN ST NR STATION, HURLSTONE PARK"
03588114X2,0358811709,"109 CRISPE ST CNR HENRY ST, DENILIQUIN"
08826833X2,0882688432,"110 CRITTENDEN RD NEAR, FINDON"
08825501X2,0882551709,"19 CONYNGHAM ST OPP, ELIZABETH EAST"
02635286X2,0263521730,"58 COOERWULL RD NR LITHGOW C/VAN P, BOWENFELS"
08944414X2,0894446948,"2 COOGEE ST NR ANZAC RD, MT HAWTHORN"
02445613X2,0244561119,"93 CURVERS ST NR INYADDA DVE, MANYANA"
07559607X2,0755784125,"30 COTTON ST NR LAVELLE ST, NERANG"
07544333X2,0754438190,"17 COTTON TREE PDE NR KING ST, MAROOCHYDORE"
03974127X2,0397417928,"86 COTTRELL ST , WERRIBEE"
02966511X2,0296658823,"138 COOGEE BAY RD NR POWELL, COOGEE"
03503960X2,0350396200,"28 DILLON ST POST OFFICE, ULTIMA"
08825000X2,0882501021,"116 DIMENT RD , SALISBURY NORTH"
03933703X2,0393376991,"49 DINAH PDE NR MCFARLANE, KEILOR EAST"
03547330X2,0354733229,"1 DOVETON ST POST OFFICE, ELPHINSTONE"
03979148X2,0397917520,"98 DOVETON AVE , EUMEMMERRING"
02499204X2,0249923015,"169 DOWLING ST , DUNGOG"
02499205X2,0249923052,"129 DOWLING ST , DUNGOG"
03533810X2,0353381025,"223 DOWLING ST NR ORAMA AVE, WENDOUREE"
03598394X2,0359839500,"143 DISNEY ST CNR STONY POINT RD, CRIB POINT"
07328147X2,0732813291,"86 DOWNS ST NR FERGUSON ST, NORTH IPSWICH"
03629780X2,0362978170,"2 DOYLE AVE , VERONA SANDS"
02936188X2,0293610202,"100 DARLINGHURST RD NEAR FIRE STATION, DARLINGHURST"
07320323X2,0732032037,"763 DECEPTION BAY RD NR ANZAC AVE, ROTHWELL"
02998122X2,0299813387,"22 DEE WHY PDE NR CLARENCE, DEE WHY"
02921220X2,0292123296,"62 DIXON ST CHINATOWN PLAZA, HAYMARKET"
08959244X2,0895929011,"29 DIXON RD NR DOWLING, ROCKINGHAM"
07466131X2,0746618435,"26 DRAGON ST CNR CNR FITZROY ST, WARWICK"
07405178X2,0740519384,"238 DRAPER ST NR SCOTT ST, PARRAMATTA PARK"
07466223X2,0746622073,"0 DRAYTON ST NR OWEN ST, DALBY"
07546515X2,0754651795,"94 DRAYTON ST NR PIONEER ST, LAIDLEY"
02935707X2,0293574483,"9 DARLINGHURST RD NEAR LLANKELLY PL , POTTS POINT"
02971603X2,0297166133,"60 DALHOUSIE ST , HABERFIELD"
02668439X2,0266843256,"93 DALLEY ST TELEPHONE EXCHANGE, MULLUMBIMBY"
02668433X2,0266843152,"93 DALLEY ST TELEPHONE EXCHANGE, MULLUMBIMBY"
02931603X2,0293164783,"19 DALLEY AVE O/S HIGH SCHOOL, PAGEWOOD"
02931303X7,0293137495,"33 DALMENY AVE NR ASQUITH ST, ROSEBERY"
07465142X2,0746514184,"0 DARWIN ST OS RW STTN, JERICHO"
08855322X2,0885532224,"41 DAUNCEY ST POST OFFICE, KINGSCOTE"
08855320X2,0885532118,"41 DAUNCEY ST POST OFFICE, KINGSCOTE"
03970011X2,0397004947,"1 DELOS CRT NR AMALFI DVE, ENDEAVOUR HILLS"
02672560X2,0267256405,"0 DELUNGRA RD NR HOTEL, GRAMAN"
02433425X2,0243341339,"69 DAMPIER BLV CNR ROBERTSON RD, KILLARNEY VALE"
03623446X2,0362245697,"142 DAVEY ST OS ST ANNES HOME, HOBART"
02936505X2,0293655102,"36 DENHAM ST NR BONDI RD, BONDI"
08829433X2,0882941565,"5 DENHAM AVE NR MORPHETT RD, MORPHETTVILLE"
07338500X2,0733850471,"272 DOHLES ROCKS RD OS CASTLE HILL SC, MURRUMBA DOWNS"
03978915X2,0397893700,"63 DALPURA CCT NR CNR ILLIRA AVE, FRANKSTON"
02686206X2,0268621832,"40 DALTON ST NR COOKE ST, PARKES"
08988870X2,0898887000,"18 DALTON ST ADJ HOTEL, YEALERING"
02602108X2,0260212454,"591 DAVID ST CNR WILSON ST, ALBURY"
07548310X2,0754831514,"1 DAVID DRV NR BRUCE HWY, CURRA"
03518300X2,0351832519,"5 DAVID ST , MANNS BEACH"
03588314X2,0358831098,"43 DENISON ST OS POST OFFICE, FINLEY"
02637256X2,0263724487,"205 DENISON ST NR JUBILEE OVAL, MUDGEE"
03986711X2,0398673972,"255 DOMAIN RD NR PUNT RD, SOUTH YARRA"
07466831X2,0746683118,"0 DANDABAH PICNIC AREA  , BUNYA MOUNTAINS"
07544850X1,0754485076,"2 DAVID LOW WAY OPP COACH HOUSE, DIDDILLIBAH"
02948701X2,0294871437,"38 DENMAN PDE , NORMANHURST"
03985315X2,0398532502,"92 DENMARK ST WELLINGTON ST CNR, KEW"
07478612X2,0747861291,"36 DON ST O/S RAILWAY STORE, BOWEN"
03954426X2,0395440384,"1903 DANDENONG RD OS NEWSAGENTS, CLAYTON"
03954433X2,0395443570,"1798 DANDENONG RD NR CNR EVELYN ST, CLAYTON"
03978607X2,0397863984,"385 DANDENONG RD CNR CHILE ST, FRANKSTON NORTH"
03638216X7,0363821597,"22 DAVIDSON ST HALF WAY DOWN ST, GEORGE TOWN"
08938407X2,0893845066,"34 DAVIES RD , CLAREMONT"
03638222X2,0363822008,"83 DAVIES ST CNR MARUERITE, GEORGE TOWN"
03981608X2,0398163427,"287 DONCASTER RD , BALWYN NORTH"
03954640X2,0395468922,"870 DANDENONG RD OS SUNDOWNER C/PK, SPRINGVALE"
03954626X2,0395464720,"870 DANDENONG RD OS SUNDOWNER C/PK, SPRINGVALE"
03952719X2,0395277564,"338 DANDENONG RD , ST KILDA EAST"
03952110X2,0395213795,"252 DANDENONG RD NR CNR WILLIAMS RD, ST KILDA EAST"
03952935X2,0395295485,"209 DANDENONG RD , WINDSOR"
08936184X2,0893617409,"2 DANE ST NR ALBANY HWY, EAST VICTORIA PARK"
02432400X2,0243246565,"10 DANE DRV OS CCLC, GOSFORD"
03556235X2,0355622104,"108 DAVIS ST OPP BUS SHELTER, WARRNAMBOOL"
02436306X2,0243690251,"287 DAVISTOWN RD , YATTALUNGA"
07557231X2,0755724307,"1 DAWN PDE CNR GOLD COAST HWY, MIAMI"
03935018X2,0393502934,"40 DERBY ST NR GAFFNEY ST, PASCOE VALE"
03984200X2,0398421261,"995 DONCASTER RD , DONCASTER EAST"
03954620X2,0395464473,"399 DANDENONG RD OS ZORBAS REST, NOBLE PARK"
03956804X2,0395680033,"1402 DANDENONG RD NR DRUMMOND ST, OAKLEIGH"
03952936X2,0395295594,"259 DANDENONG RD , PRAHRAN"
08827626X2,0882761121,"56 DAWS RD CNR KARONG AVE, EDWARDSTOWN"
08938114X2,0893811033,"58 DERBY RD , SUBIACO"
03558670X2,0355867530,"6 DERGHOLM RD ADJ FIRE SHED, POOLAIJELO"
03974960X2,0397490953,"262 DERRIMUT RD O/S RED ROOSTER, HOPPERS CROSSING"
03974959X2,0397490952,"262 DERRIMUT RD O/S RED ROOSTER, HOPPERS CROSSING"
02486804X2,0248681109,"1 DONKIN AVE NR ELIZABETH ST, MOSS VALE"
02432343X2,0243234274,"107 DONNISON ST CNR MANN ST, GOSFORD"
02998509X2,0299857831,"PLATFM 2 1 DANGAR RD HAWKESBURY RAIL, BROOKLYN"
08825001X2,0882501065,"68 DAPHNE RD NEAR, SALISBURY EAST"
02492646X2,0249265429,"141 DARBY ST , COOKS HILL"
03938785X2,0393874073,"1 DAWSON ST OS TOWN HALL, BRUNSWICK"
03556070X2,0355607301,"83 DAWSON ST POST OFFICE, HAWKESDALE"
02662125X2,0266219754,"138 DAWSON ST NR BALLINA ST, LISMORE"
07499731X2,0749973108,"82 DAWSON HWY O/S POST OFFICE, MOURA"
07339119X2,0733915447,"4 DESHON ST NR LOGAN RD, WOOLLOONGABBA"
08837913X2,0883793999,"91 DEVEREAUX RD NR HAY ST, LINDEN PARK"
08843107X2,0884314709,"52 DEVITT AVE NR ASHBROOK AVE, PAYNEHAM SOUTH"
03596714X2,0359671601,"200 DOON RD NR CORDUROY RD, YARRA JUNCTION"
02962133X2,0296215632,"255 DOONSIDE CRS NR HILL END RD, DOONSIDE"
02962101X2,0296211363,"255 DOONSIDE CRS NR HILL END RD, DOONSIDE"
02960022X2,0296227395,"255 DOONSIDE CRS NR HILL END RD, DOONSIDE"
02957020X2,0295706902,"1 DORA ST OS HRSTVLE COUNCIL, HURSTVILLE"
02674730X2,0267473801,"0 DARBY RD NR KINGSTON ST, SPRING RIDGE"
03946506X2,0394654419,"62 DAREBIN DRV , THOMASTOWN"
07462731X2,0746273237,"0 DAWSON ST NR HUTTON ST, TAROOM"
02427221X2,0242722993,"7 DEVON ST NR POLICE STATION, BERKELEY"
02969968X2,0296999989,"255 DEVONSHIRE ST NR BOURKE ST, SURRY HILLS"
03931182X2,0393119891,"85 DEVONSHIRE RD , SUNSHINE"
08823417X1,0882348549,"55 DEW ST ABORIGINAL HOSTEL, THEBARTON"
02497004X2,0249705819,"79 DORA ST , MORISSET"
02497310X2,0249731489,"73 DORA ST CNR SHORT ST, MORISSET"
03594280X2,0359428200,"641 DORE RD OPP 641, NAR NAR GOON NORTH"
08825810X2,0882584098,"80 DOROTHY ST NR THE STRAND, BRAHMA LODGE"
03525002X2,0352502000,"11 DOROTHY AVE NR SIMONS RD, LEOPOLD"
02997713X2,0299773870,"2 DARLEY RD NEAR CHILD CENTRE, MANLY"
08836508X2,0883657179,"0 DARLEY RD PARADISE INTERCHGE, PARADISE"
03938326X2,0393832529,"51 DE CARLE ST , BRUNSWICK"
02662106X2,0266218451,"73 DIADEM ST OS K-MART, LISMORE"
03976100X1,0397610232,"50 DORSET SQ SHOP/C OS MEDIBANK, BORONIA"
03972541X2,0397256892,"433 DORSET RD NR BARCLAY AVE, CROYDON"
07497440X2,0749744104,"18 DOUGAL ST OS POST OFFICE, BOROREN"
03502121X2,0350211986,"1500 DEAKIN AVE NR 15TH ST, MILDURA"
03502212X2,0350221687,"305 DEAKIN AVE NR 14TH ST, MILDURA"
08829426X2,0882941854,"68 DIAGONAL RD FRONT UNIQUE ONE S, SOMERTON PARK"
07544262X2,0754426223,"7 DIAMOND ST NR OLD BRUCE HWY, COOROY"
08927947X2,0892795845,"38 DIANA CRS NR TITUS RD, LOCKRIDGE"
03957405X2,0395742734,"31 DOUGLAS ST O/S POST OFFICE, NOBLE PARK"
02955523X2,0295558647,"243 DARLING ST NR BOOTH ST, BALMAIN"
02684311X2,0268431800,"25 DARLING ST , BARADINE"
07492647X2,0749266734,"SHOP 1 402 DEAN ST NR KERRIGAN ST, FRENCHVILLE"
07387014X2,0738700186,"36 DEAN ST NR ELIZABETH ST, TOOWONG"
07465861X2,0746586191,"0 DICKSON ST OS TELSTRA EXCH, JUNDAH"
07340986X2,0734098273,"49 DICKSON WAY OS S/BRKE TOUR PK, POINT LOOKOUT"
02495112X2,0249514232,"38 DOUGLAS ST , WALLSEND"
02981000X2,0298108624,"704 DARLING ST NR WATERLOO ST, ROZELLE"
03502730X2,0350273000,"60 DARLING ST NR SANDWYCH ST, WENTWORTH"
07495920X2,0749592100,"1 DUTTON ST OS POLICE STATION, WALKERSTON"
08893212X2,0889321824,"59 EMERY AVE , GRAY"
02494502X2,0249459310,"22 EMILY ST , MARKS POINT"
03579215X2,0357921302,"38 EMILY ST OS HOTEL, SEYMOUR"
07465546X2,0746551386,"77 EMMA ST NR WILLIAM ST, CUNNAMULLA"
03982209X2,0398224208,"2 EDGAR ST CNR HIGH OPP 2, GLEN IRIS"
03946505X2,0394654184,"276 EDGARS RD , LALOR"
07328416X2,0732846977,"92 ELIZABETH AVE NR CORNELIUS ST, CLONTARF"
07328310X2,0732835804,"9 ELIZABETH AVE O/S BAY PLAZA, CLONTARF"
03930905X2,0393094148,"20 EMU PDE NEAR CNR BAMBURG ST, BROADMEADOWS"
03636238X2,0363622386,"10 EMU BAY RD OS POST OFFICE, DELORAINE"
03636255X2,0363622297,"12 EMU BAY RD OUTSIDE EXCHANGE, DELORAINE"
02955040X2,0295503723,"110 EDGEWARE RD CNR JAMES ST, ENMORE"
02996700X2,0299672849,"77 EDINBURGH RD NR EASTERN VALLEY, CASTLECRAG"
02665090X2,0266509251,"0 ELIZABETH ST IN BUS BAY, COFFS HARBOUR"
03558514X2,0355851631,"63 ELIZABETH ST CNR AMOS ST, EDENHOPE"
03623122X2,0362313173,"79 ELIZABETH ST HOBART MALL, HOBART"
03623401X2,0362349164,"9 ELIZABETH ST OS GPO, HOBART"
08930710X2,0893076516,"21 ENDEAVOUR RD NR VENUS ST, HILLARYS"
07406135X2,0740617026,"204 EDITH ST CNR CASSOWARY ST, INNISFAIL"
02960212X2,0296026864,"1 ELIZABETH ST GRD FLR MAIN FOYER, LIVERPOOL"
08856915X2,0885691430,"22 ELIZABETH ST NR REED AVE, MANNUM"
03961422X2,0396145093,"1 ELIZABETH ST , MELBOURNE"
03965406X2,0396541727,"142 ELIZABETH ST , MELBOURNE"
03934717X1,0393471719,"711 ELIZABETH ST , MELBOURNE"
07409651X2,0740965205,"1 EACHAM PL OS POST OFFICE, MALANDA"
07409650X2,0740965105,"1 EACHAM PL OS POST OFFICE, MALANDA"
02696449X2,0269644610,"7 EDON ST , YOOGALI"
07554110X2,0755411032,"2 EDWARD ST NR BRISBANE ST, BEAUDESERT"
03965434X2,0396544070,"48 ELIZABETH ST , MELBOURNE"
03962156X2,0396212325,"35 ELIZABETH ST , MELBOURNE"
03964216X2,0396425235,"329 ELIZABETH ST CNR LATROBE ST SW, MELBOURNE"
03960250X2,0396024796,"299 ELIZABETH ST SW CNR LT LONSDALE, MELBOURNE"
03932846X2,0393284575,"503 ELIZABETH ST , MELBOURNE"
07465821X2,0746582186,"0 EAGLE ST I/S COUNCIL SHELTR, LONGREACH"
07497565X2,0749756270,"12 DRYNAN DRV , CALLIOPE"
07478250X2,0747825200,"59 DRYSDALE ST , BRANDON"
03962157X2,0396212416,"65 ELIZABETH ST , MELBOURNE"
03960208X2,0396021906,"253 ELIZABETH ST , MELBOURNE"
03966289X2,0396623860,"250 ELIZABETH ST NR LITTLE BOURKE, MELBOURNE"
03623428X2,0362345419,"412 ELIZABETH ST OS POST OFFICE, NORTH HOBART"
02989005X2,0298902545,"30 ELIZABETH ST CNR VICTORIA RD, PARRAMATTA"
03958904X2,0395896020,"28 EAST CNCRSE , BEAUMARIS"
02688242X2,0268822232,"35 EAST ST NR YOUNG ST, DUBBO"
08933920X2,0893395499,"46 EAST ST NR GEORGE ST, EAST FREMANTLE"
02683732X2,0268373878,"1 EDWARD ST , CANBELEGO"
02499021X2,0249904254,"2 EDWARD ST , CESSNOCK"
08836211X2,0883623032,"1 EDWARD ST NEAR, NORWOOD"
02636267X2,0263621654,"61 EDWARD ST NR CHURCHILL AVE, ORANGE"
03935920X2,0393593445,"62 EAST ST , HADFIELD"
07328151X2,0732812366,"70 EAST ST NR SOUTH ST, IPSWICH"
03572215X2,0357221704,"4 EDWARD ST SHOPPING CENTRE, WANGARATTA"
02694315X2,0269431501,"0 DUDAUMAN RD TELEPHONE EXCHANGE, STOCKINBINGAL"
02923305X2,0292330798,"99 ELIZABETH ST , SYDNEY"
02997785X2,0299778356,"46 EAST ESP , MANLY"
02997782X2,0299776093,"46 EAST ESP , MANLY"
02997765X2,0299771831,"40 EAST ESP OPP WENTWORTH ST, MANLY"
08937062X2,0893704867,"32 EAST ST NR PENINSULA RD, MAYLANDS"
08829707X2,0882979143,"19 EAST AVE NEAR, MILLSWOOD"
03946031X2,0394605984,"34 EDWARDES ST , RESERVOIR"
03535900X2,0353590200,"4 EDWARDS ST POST OFFICE, GLENORCHY"
02439302X2,0243933014,"80 DUDLEY ST SPRING VALLEY AVE, GOROKAN"
08826823X2,0882685832,"30 DUDLEY ST NR HENRY ST, MANSFIELD PARK"
03932942X2,0393290364,"22 DUDLEY ST NR WILLIAM ST, WEST MELBOURNE"
02494304X2,0249437454,"155 DUDLEY RD , WHITEBRIDGE"
02922313X2,0292232319,"133 ELIZABETH ST ST JAMES STATION, SYDNEY"
02928330X2,0292831429,"120 ELIZABETH ST HYDE PARK, SYDNEY"
02926720X2,0292672465,"201 ELIZABETH ST CNR PARK ST, SYDNEY"
02954504X2,0295453156,"25 EAST PDE OPP BUS TERMINAL, SUTHERLAND"
03957907X2,0395791920,"68 EAST BOUNDARY RD , BENTLEIGH EAST"
02981906X2,0298196245,"151 EDWIN ST NR VICTIA RD, DRUMMOYNE"
02465900X2,0246596101,"1 EGANS RD NR BURRAGANG, OAKDALE"
02462504X2,0246251173,"51 DUMARESQ ST NR QUEEN ST, CAMPBELLTOWN"
02969961X2,0296998276,"760 ELIZABETH ST NR WELLINGTON ST, WATERLOO"
03624306X2,0362437483,"15 EAST DERWENT HWY IN BOWEN PK CABINS, RISDON VALE"
02457828X2,0245787621,"30 EAST MARKET ST NR RAILWAY STATION, RICHMOND"
03526308X2,0352633154,"54 EIGHTH AVE NR MELBA PDE, ANGLESEA"
03939121X2,0393916286,"2 DUKE ST , ALTONA NORTH"
07474840X2,0747484946,"0 DUKE ST OPP DUCHESS HOTEL, DUCHESS"
07553160X7,0755315495,"1 ELKHORN AVE NR ESPLANADE, SURFERS PARADISE"
07478220X7,0747821301,"138 EIGHTH AVE OS POLICE STATION, HOME HILL"
07478211X7,0747821705,"58 EIGHTH AVE O/S POST OFFICE, HOME HILL"
07478230X7,0747822273,"152 EIGHTH AVE OS CARAVAN PARK, HOME HILL"
07335702X2,0733576302,"2 EIGHTH AVE NR LECKIE RD, KEDRON"
08937044X2,0893703893,"62 EIGHTH AVE , MAYLANDS"
08927208X2,0892723633,"62 EIGHTH AVE , MAYLANDS"
08927211X2,0894731006,"32 EIGHTH AVE NR GUILDFORD RD, MAYLANDS"
03502100X2,0350211902,"123 EIGHTH ST NR DEAKIN AVE, MILDURA"
03502133X2,0350214612,"231 EIGHTH ST NR ONTARIO AVE, MILDURA"
07553460X2,0755346148,"1 EIGHTH AVE NR GOLD COAST HWY, PALM BEACH"
07384800X2,0738480012,"5 EKIBIN RD NR IPSWICH RD, ANNERLEY"
07384803X2,0738480747,"95 EKIBIN RD NR GUSTAVSON ST, ANNERLEY"
07325251X2,0732524423,"9 DUNCAN ST CHINA TOWN MALL, FORTITUDE VALLEY"
08863307X2,0886331925,"149 ELLEN ST OS RADIO 5CS, PORT PIRIE"
08924404X2,0892441675,"384 ELLEN STIRLING BLV O/S PHARMACY, INNALOO"
07406992X2,0740699602,"0 EASTERN AVE NR CEDRELLA RD, ROCKY POINT"
03969038X2,0396901690,"147 EASTERN RD NR PALMERSTON CRES, SOUTH MELBOURNE"
02625113X1,0262519654,"100 EASTERN VALLEY WAY AQUATIC CENTRE, BRUCE"
03948044X2,0394805211,"81 DUNDAS ST , THORNBURY"
02955534X2,0295558776,"79 ELLIOTT ST CNR DARLING ST, BALMAIN"
03642513X2,0364251500,"50 EASTLAND DRV , ULVERSTONE"
03956827X2,0395682819,"2 EATON ST OS NAT AUS BANK, OAKLEIGH"
03956810X2,0395680677,"31 EATON ST , OAKLEIGH"
07326332X2,0732635055,"87 DUNSFORD ST , ZILLMERE"
07472408X2,0747242139,"0 ECHLIN ST CNR INGHAM RD, WEST END"
02478218X2,0247821254,"38 ECHO POINT RD NR CLIFF DVE, KATOOMBA"
07498416X2,0749841309,"42 ECLIPSE ST OS SPRINGSURE HTEL, SPRINGSURE"
07478212X7,0747821309,"72 ELEVENTH AVE HOME HILL HOSPITA*, HOME HILL"
03502103X2,0350214605,"48 ELEVENTH ST NR RYDAL AVE, MILDURA"
07557632X2,0755767862,"19 ELEVENTH AVE NR CYPRESS AVE, PALM BEACH"
03582117X2,0358215302,"24 DUNKIRK AVE , SHEPPARTON"
03559930X7,0355992000,"89 DUNLOP ST PO NR WEBSTER ST, MORTLAKE"
02971626X2,0297166366,"1 DUNMORE ST NR GEORGES RIVR RD, CROYDON PARK"
02696363X2,0269636314,"14 DUNN ST , THARBOGANG"
08975532X2,0897553569,"35 DUNN BAY RD NE NR NATURALISTE, DUNSBOROUGH"
02488940X2,0248894209,"5 ELM ST NR RAILWAY AVE, COLO VALE"
02954417X2,0295440807,"103 ELOUERA RD CNR MARLO RD, CRONULLA"
08967101X2,0896711548,"9 ELPHIN CRS NR HARVEST PL, WONGAN HILLS"
03989800X2,0398980743,"333 ELGAR RD NR CANTERBURY RD, SURREY HILLS"
03980810X2,0398081790,"199 ELGAR RD CNR RIVERSDALE RD, SURREY HILLS"
03934770X2,0393475817,"200 ELGIN ST OS PERCYS BAR, CARLTON"
08852214X2,0885222109,"1 ELGIN AVE S OF BACTON ST, EVANSTON"
02493400X2,0249341598,"24 ELGIN ST MARKET PLACE, MAITLAND"
02625734X2,0262573175,"46 ELIMATTA ST NR ANSLIE AVE, REID"
02955925X2,0295594599,"101 DUNTROON ST CNR FLOSS ST, HURLSTONE PARK"
03624716X2,0362473467,"36 DUNTROON DRV , ROKEBY"
07544342X2,0754438591,"79 DUPORTH AVE NR GIBSON ST, MAROOCHYDORE"
02955057X2,0295509960,"RD  1 ELTHAM ST NR NEW CANTERBURY, LEWISHAM"
03594400X2,0359443300,"28 EMERALD RD NR HALFORD ST, BEACONSFIELD UPPER"
08940300X2,0894037542,"111 EDDYSTONE AVE NR TAVERN, CRAIGIE"
02959716X2,0295974817,"26 EDEN ST , ARNCLIFFE"
08839502X2,0883954029,"108 ELIZABETH ST S BELMONT PL, BANKSIA PARK"
08996450X2,0899645497,"177 DURLACHER ST NR ELIZABETH ST, GERALDTON"
08952410X2,0895241279,"2 FIFTY RD NR MANDURAH RD, BALDIVIS"
07549433X2,0754943416,"1 FIG ST CNR MAPLE ST, MALENY"
07495506X2,0749555019,"3 FINCH ST OS SHOPPING CENTRE, SLADE POINT"
08931060X2,0893108008,"120 FINDLAY RD NR ASHBY CRT, LEEMING"
03968971X2,0396894681,"48 ESSEX ST NR STAFFORD ST, FOOTSCRAY"
03952945X2,0395294851,"11 ESSEX ST OPP SWIMMING POOL, PRAHRAN"
08844917X2,0884493165,"43 FAIRFORD TCE NEAR, SEMAPHORE PARK"
07327741X2,0732773426,"1 FAIRLAWN ST CNR OF TOOHEY RD, NATHAN"
02447863X2,0244786103,"15 FAIRLEY ST NR CARR ST, DEPOT BEACH"
03978331X2,0397696132,"2 FAIRWAY ST CNR ORWIL ST, FRANKSTON"
08826808X2,0882684498,"127 FINDON RD NEAR, FINDON"
08829602X2,0882964254,"28 FINNISS ST NR GEORGE ST, MARION"
02985802X2,0298584276,"10 ETHEL ST , EASTWOOD"
03576205X2,0357621837,"35 FAITHFULL ST NR FOUR MILE RD, BENALLA"
02992502X2,0299250098,"168 FALCON ST NR RODBOROUGH ST, CROWS NEST"
02992328X2,0299232765,"202 FALCON ST NR LYTTON ST, NORTH SYDNEY"
07557730X2,0755773437,"21 FALKINDER AVE CNR GRICE AVE, PARADISE POINT"
03568300X2,0356832200,"29 FALLS RD POST OFFICE, FISH CREEK"
03512211X2,0351221509,"1 FIRMIN RD NR SWITCHBACK RD, CHURCHILL"
08936187X2,0893617709,"64 ETWELL ST NR NORTHAMPTON, EAST VICTORIA PARK"
07495851X2,0749585100,"0 EUNGELLA RD CNR C JOHNSON ST, GARGETT"
07403100X2,0740312410,"12 EUREKA ST TAFE CENTRE BLK H, MANUNDA"
08935654X2,0893561684,"6 EUREKA RD NR BUNGAREE RD, WILSON"
02979229X2,0297923662,"8 FARADAY RD OS POST OFFICE, PADSTOW"
08897105X2,0889710175,"20 FIRST ST OS CINEMA, KATHERINE"
02665813X2,0266581305,"25 FIRST AVE OS 1ST AVE CINEMA, SAWTELL"
02956718X2,0295678376,"1 FIRTH ST NR SRA STATION, ARNCLIFFE"
02963725X2,0296378698,"1 ENID AVE OPP, GRANVILLE"
02971816X2,0297186216,"1 EVALINE ST NEAR BEAMISH ST, CAMPSIE"
02971804X2,0297180723,"1 EVALINE ST NR BEAMISH ST, CAMPSIE"
02427208X2,0242722992,"1 FARMBOROUGH RD NR PRINCES HWY, UNANDERRA"
03566440X2,0356644306,"23 FARMER RD OS POST OFFICE, DUMBALK"
02956711X2,0295678173,"29 FIRTH ST , ARNCLIFFE"
02668280X2,0266828245,"1 FISHER ST OS POST OFFICE, BROADWATER"
02445614X2,0244561201,"126 ENTRANCE RD NR MILLHAM ST, LAKE CONJOLA"
03940811X2,0394081354,"491 EPPING RD OS POST OFFICE, WOLLERT"
02494504X2,0249459254,"30 EVANS ST , BELMONT"
07335003X2,0733502548,"22 FARRANT ST NR GATWICK ST, STAFFORD HEIGHTS"
08898402X2,0889843627,"1429 FARRELL CRS , WINNELLIE"
02497501X2,0249751832,"14 FISHING POINT RD , RATHMINES"
07335632X2,0733569455,"250 ENOGGERA RD , NEWMARKET"
03974429X2,0397442484,"40 EVANS ST NR BROOK ST OS PO, SUNBURY"
02478785X2,0247878400,"1 EVANS LOOKOUT RD NR GWH, BLACKHEATH"
02934902X2,0293498798,"130 FITZGERALD AVE NR ANZAC PDE, MAROUBRA"
03539510X2,0353951426,"27 FEDERAL ST POST OFFICE, RAINBOW"
08962280X1,0896228329,"181 FITZGERALD ST I/S BOULEVARD S/C, NORTHAM"
08962251X1,0896225157,"239 FITZGERALD ST O/S EXCHANGE, NORTHAM"
03597801X2,0359780719,"13 ERAMOSA RD O/S SHOPPING CENTR, SOMERVILLE"
03976206X2,0397622699,"29 ERICA AVE , BORONIA"
02974504X2,0297452394,"1 EVERTON RD O/S RAILWAY STN, STRATHFIELD"
02974417X2,0297447441,"1 EVERTON RD O/S RAILWAY STN, STRATHFIELD"
02974415X2,0297447431,"1 EVERTON RD O/S RAILWAY STN, STRATHFIELD"
02974404X2,0297445076,"1 EVERTON RD O/S RAILWAY STN, STRATHFIELD"
07495891Y2,0749589216,"1 EWAN DRV GLENDEN SC, GLENDEN"
07380821X2,0738082304,"202 EWING RD NR COMPTON RD, WOODRIDGE"
07320924X2,0732094324,"99 EWING RD NR MACQUARIE ST, WOODRIDGE"
03508400X2,0350841200,"9 FEDERATION ST NR KERNOT ST, PATCHEWOLLOCK"
02963015X2,0296304190,"142 FELTON RD , CARLINGFORD"
03585230X2,0358523248,"189 FENAUGHTY ST NR UNION ST, KYABRAM"
02688205X2,0268821921,"0 FITZROY ST NR SHORT ST, DUBBO"
02963207X2,0296321187,"160 EXCELSIOR ST , GUILDFORD"
07409211X2,0740924821,"18 FENWICK ST OS BORZI PARK, MAREEBA"
03953728X2,0395371977,"99 FITZROY ST PO ST KILDA WEST, ST KILDA"
03952521X2,0395254129,"99 FITZROY ST PO ST KILDA WEST, ST KILDA"
03952524X2,0395254964,"173 FITZROY ST NR CNR PRINCESS ST, ST KILDA"
03952506X2,0395254956,"173 FITZROY ST NR CNR PRINCESS ST, ST KILDA"
08934419X2,0893447356,"59 ERINDALE RD NR GIBBERD RD, BALCATTA"
03974308X2,0397436702,"9 EXFORD ST NR CNR STAUGHTON, MELTON SOUTH"
03939705X2,0393971388,"170 FERGUSON ST OS SHOPS, WILLIAMSTOWN"
03939710X2,0393971920,"116 FERGUSON ST NR LEONORE CR, WILLIAMSTOWN"
03939712X2,0393972133,"56 FERGUSON ST NR COXS GARDEN, WILLIAMSTOWN"
02423403X2,0242341200,"100 FERN ST NEAR SHOPS, GERRINGONG"
03552320X2,0355232237,"1 FERN ST NR BENTINCK ST, PORTLAND"
08945808X2,0894586521,"3 FERN RD NR FLEMING AVE, WILSON"
03959309X2,0395936928,"59 FITZROY ST , ST KILDA"
03959308X2,0395939720,"59 FITZROY ST , ST KILDA"
03528925X2,0352892536,"1 ERSKINE AVE NR GREAT OCEAN RD, LORNE"
03967113X2,0396713659,"242 EXHIBITION ST NR LONSDALE ST N/E, MELBOURNE"
03966279X2,0396623039,"229 EXHIBITION ST NR HER MAJESTYS, MELBOURNE"
03965403X2,0396541381,"37 EXHIBITION ST NR FLINDERS LA SW, MELBOURNE"
03965426X2,0396542951,"75 EXHIBITION ST NR COLLINS NW, MELBOURNE"
08934508X2,0893451071,"5 FERNHURST CRS NR WALDERTON AVE, BALGA"
02664313X2,0266431827,"1 FLAHERTY ST CAR MAXWELL ST, SOUTH GRAFTON"
03638218X7,0363821075,"2 ESPLANADE  OPP PARK, BEECHFORD"
02473912X2,0247391854,"215 EXPLORERS RD DAWES PL NEAR, LAPSTONE"
08868120X2,0886812030,"10 EYRE HWY NR ELLISTON RD, KYANCUTTA"
03956019X2,0395609369,"410 FERNTREE GULLY RD NR BLACKBURN RD, NOTTING HILL"
07335102X2,0733512501,"134 FERNY WAY CNR MONARO ST SC, FERNY HILLS"
03932916X2,0393296492,"9 FLEMINGTON RD NR BEDFORD PL, NORTH MELBOURNE"
03932939X2,0393298385,"179 FLEMINGTON RD , NORTH MELBOURNE"
08838605X2,0883861732,"324 ESPLANADE  NR NASHWALK CRES, MOANA"
03969018X2,0396902121,"364 FERRARS ST NR BRIDPORT ST, ALBERT PARK"
03534600X2,0353461300,"20 FERRARS ST POST OFFICE, ROKEWOOD"
07339103X1,0733913291,"SHOP 4 35 FERRY ST AMITY TOWER, KANGAROO POINT"
03625700X7,0362570092,"10 ESPLANADE ESP O/S SUPERMARKET, COLES BAY"
08868022X2,0886802354,"40 EYRE HWY OPP MOBIL ROADHSE, WUDINNA"
07325218X2,0732528995,"7 FAGAN ST NR BUTTERFIELD ST, HERSTON"
07552840X2,0755284654,"64 FERRY RD , SOUTHPORT"
02495710X2,0249527489,"89 FLETCHER ST , ADAMSTOWN"
07384614X1,0738460719,"180 FAIRFIELD RD , FAIRFIELD"
07384823X2,0738489502,"190 FAIRFIELD RD NEAR CNR ASHBY ST, FAIRFIELD"
07548645X2,0754864419,"0 ESPLANADE  NR NRMAN POINT RD, TIN CAN BAY"
07412516X2,0741253302,"470 ESPLANADE  CNR WITT ST, TORQUAY"
07412609X2,0741268700,"137 ESPLANADE  NR THIRD AV, WOODGATE"
07412610X2,0741268909,"54 ESPLANADE  NR SEVENTH AV, WOODGATE"
07371400X1,0737149240,"235 FOREST LAKE BLV O/S EAST MALL, FOREST LAKE"
03512709X2,0351272502,"1 GEORGE ST AT TAXI RANK, MOE"
02665581X2,0266554537,"16 GEORGE ST OS POST OFFICE, MYLESTOM"
07553350X2,0755335100,"8 FORESTRY RD O/S CAFE, SPRINGBROOK"
08919273X1,0891927835,"52 FORREST ST AHL BROOME TIME, BROOME"
08972703X2,0897272100,"33 FORREST ST O/S SHIRE OFFICE, CAPEL"
08973418X2,0897347289,"43 FORREST ST , COLLIE"
02963521X2,0296357476,"75 GEORGE ST , PARRAMATTA"
02963342X2,0296334509,"135 GEORGE ST O/S HOTEL, PARRAMATTA"
08925804X2,0892588497,"160 GEORGE ST NR RAILWAY PDE, QUEENS PARK"
03502611X2,0350261214,"30 GEORGE ST NR HERBERT ST, ROBINVALE"
03978203X2,0397821379,"1165 FRANKSTON/DANDENONG RD CARAVAN PARK MOTEL, CARRUM DOWNS"
02457711X2,0245774343,"489 GEORGE ST NR ARGYLE ST, SOUTH WINDSOR"
03961408X2,0396145553,"239 FLINDERS ST OS RAIL STN, MELBOURNE"
03961434X2,0396145485,"356 FLINDERS ST NR QUEEN ST, MELBOURNE"
03962007X2,0396201528,"300 FLINDERS ST NR ELIZ ST NSIDE, MELBOURNE"
03959600X2,0395968044,"133 GARDENVALE RD , GARDENVALE"
08962251X2,0896225419,"54 FORREST ST O/S SHOP, NORTHAM"
03595670X2,0359567324,"8 FORREST AVE OS STORE, NEWHAVEN"
03523662X2,0352366301,"2 FORREST-APOLLO BAY RD NR U/GELLIBRAND RD, BARRAMUNGA"
02957004X2,0295706891,"20 FREDERICK ST NR LETITIA ST, OATLEY"
03624820X2,0362489927,"1 FREDERICK HENRY PDE , CREMORNE"
03965436X2,0396544203,"94 FLINDERS ST , MELBOURNE"
08984220X1,0898422693,"28 FLINDERS PDE I/S C/VAN PK, MIDDLETON BEACH"
03942917X2,0394292502,"24 GARDNER ST NR KENT ST, RICHMOND"
02971306X2,0297134675,"1 GARFIELD ST NR GR NORTH RD, FIVE DOCK"
02983804X2,0298383083,"23 GARFIELD RD NR PITT ST, RIVERSTONE"
03623424X2,0362783594,"34 FORSTER ST NR VALENTINE ST, NEW TOWN"
03527819X2,0352787188,"33 FORSTER ST LABUAN SQUARE, NORLANE"
02962402X2,0296245698,"16 FREEMAN ST , LALOR PARK"
02962401X2,0296247454,"16 FREEMAN ST , LALOR PARK"
02497700X2,0249771006,"559 FREEMANS DRV , COORANBONG"
02952311X2,0295231835,"57 FLINDERS RD NR WILLS RD, WOOLOOWARE"
08920103X2,0892010475,"91 FLINDERS ST NR HECTOR ST, YOKINE"
08934972X2,0893495543,"207 FLINDERS ST NR SWAN ST, YOKINE"
03625702X2,0362570130,"2 GARNET AVE OS SHOP & PO, COLES BAY"
07478900X2,0747892574,"1 GARNET ST CNR HAMMOND WAY, KELSO"
08988114X2,0898814097,"22 FORTUNE ST O/S POST OFFICE, NARROGIN"
03637503X2,0363751308,"54 FOSTER ST OS CARAVAN PARK, BICHENO"
08984441X2,0898444203,"639 FRENCHMANS BAY RD NR BAYVIEW DVE, LITTLE GROVE"
02997514X2,0299756149,"20 FRENCHS FOREST RD CNR PATANGA RD, FRENCHS FOREST"
07326923X2,0732696244,"160 FLINDERS PDE NR SEVENTH AVE, SANDGATE"
02634411X7,0263441609,"54 GASKILL ST OS POST OFFICE, CANOWINDRA"
03933607X2,0393361017,"3 FOSTER RD OS SHOPS, KEILOR PARK"
02689811X2,0268981103,"33 FOSTER ST NR CANADA ST, LAKE CARGELLIGO"
03649601X2,0364961300,"2 FOSTER ST CNR ESPLANADE, RAILTON"
03627500X2,0362750013,"11 FOUCHE DRV OS SHOP, OLD BEACH"
03625703X2,0362570145,"151 FREYCINET DRV IN NAT PK NR TOLL, FREYCINET"
03568404X2,0356841202,"7 FREYCINET ST NR CARAVAN PARK, WARATAH BAY"
03625982X2,0362598182,"13 FLINTSTONE DRV , FLINTSTONE"
02938902X2,0293891521,"14 FLOOD ST NR WATKINS ST, BONDI"
08839100X2,0883913279,"13 GAWLER ST CNR CNR WALKER ST, MT BARKER"
08839807X2,0883982266,"57 GAWLER ST OPP ELDERS R/EST, MT BARKER"
08832605X2,0883269047,"19 GAWLER ST , PORT NOARLUNGA"
08826103X2,0882611254,"3 FOURTH AVE NR OG RD, KLEMZIG"
07409825X2,0740982464,"24 FRONT ST POST OFFICE, MOSSMAN"
07409822X2,0740982012,"24 FRONT ST POST OFFICE, MOSSMAN"
08924611X2,0892464452,"103 FLORA TCE NR CASTLE ST, NORTH BEACH"
08826019X2,0882603154,"89 FLORENCE AVE , BLAIR ATHOL"
02948226X2,0294822407,"32 FLORENCE ST O/S HORNSBY HOUSE, HORNSBY"
02948276X2,0294821311,"32 FLORENCE ST O/S HORNSBY HOUSE, HORNSBY"
07415603X2,0741569118,"0 GAY ST NR ROSEDALE RD, LOWMEAD"
03533003X2,0353302938,"101 GEAR AVE BALLARAT UNI, MOUNT HELEN"
02928153X2,0292811702,"24 FOVEAUX ST NR COMMONWEALTH ST, SURRY HILLS"
02921131X2,0292113039,"56 FOVEAUX ST NEAR BELLEVUE ST, SURRY HILLS"
02974348X2,0297437198,"150 FROST LA NR WALDRON RD, CHESTER HILL"
02664341X2,0266431991,"313 FRY ST CNR CRANWORTH ST, GRAFTON"
07380712X2,0738076034,"166 FRYAR RD OS EAGLE TAVERN, EAGLEBY"
03583125X2,0358314078,"1 FRYER ST NR WELSFORD ST, SHEPPARTON"
08927719X2,0892778309,"250 FULHAM RD NR ABERNETHY, CLOVERDALE"
07477928X2,0747799030,"126 FULHAM RD , GULLIVER"
08938930X2,0893898253,"10 FLORENCE RD OPP SUPERMARKET, NEDLANDS"
08863327X2,0886332814,"80 FLORENCE ST NR ALEXANDER, PORT PIRIE"
02672916X2,0267291204,"0 GEDDES ST NR HOLDEN ST POOL, WARIALDA"
08834106X2,0883418379,"63 GEDVILLE RD , TAPEROO"
03931496X2,0393146319,"553 GEELONG RD NR MILLERS RD, BROOKLYN"
03931490X2,0393147046,"737 GEELONG RD NR BURGESS ST, BROOKLYN"
03525406X2,0352542600,"0 GEELONG RD OS BOWLING CLUB, BARWON HEADS"
03533007X2,0353301805,"1174 GEELONG RD O/S MIDVALE SHOP/C, MOUNT CLEAR"
02692127X2,0269215032,"55 FOX ST , WAGGA WAGGA SOUTH"
03975809X2,0397583819,"1 FLOWER ST CNR DORSET RD, FERNTREE GULLY"
03931489X2,0393146941,"366 GEELONG RD NR ORMOND RD, WEST FOOTSCRAY"
02498324X2,0249831202,"2 GEER ST O/S PARK, RAYMOND TERRACE"
02956714X2,0295678295,"5 GEEVES AVE NR PRINCES HWY, ROCKDALE"
03523102X2,0352311344,"54 GELLIBRAND ST NR MURRAY ST, COLAC"
03596813X2,0359681572,"2555 GEMBROOK LAUNCHING PLACE RD GILWELEL SCOUTCAMP, GEMBROOK"
03596740X2,0359674200,"690 GEMBROOK LAUNCHING PLACE RD OS SCHOOL, HODDLES CREEK"
02948922X2,0294890090,"176 FOX VALLEY RD CNR KIOGLE ST, WAHROONGA"
02939815X2,0293982667,"30 FRANCES ST , RANDWICK"
08938336X2,0892871528,"1 FLYNN ST NR PEARSON ST, CHURCHLANDS"
07412700X2,0741271300,"23 GEORGE ST NR AUGUSTA ST, BIGGENDEN"
08962700X2,0896275100,"33 GEORGE ST O/S POST OFFICE, BOLGART"
08824000X2,0882401671,"33 FUSSEL PL NR RAILWAY LINE, ALBERTON"
02495106X2,0249515172,"45 FUSSELL ST , BIRMINGHAM GARDENS"
03523113X2,0352316274,"51 FYANS ST O/S CARAVAN PARK, COLAC"
08826007X2,0882605165,"2 FOOTE AVE NR CHURCHILL RD, KILBURN"
03968710X2,0396894595,"584 FOOTSCRAY RD , WEST MELBOURNE"
08922718X2,0892278626,"92 FRANCIS ST NR LAKE ST, NORTHBRIDGE"
08922720X2,0892278628,"34 FRANCIS ST NR WILLIAM ST, NORTHBRIDGE"
08922719X2,0892278627,"34 FRANCIS ST NR WILLIAM ST, NORTHBRIDGE"
08988750X2,0898875030,"10 FRANCIS ST NR BOX ST, POPANYINNING"
03978921X2,0397898502,"117 FRANCISCAN AVE NR RAPHAEL CRES, FRANKSTON"
02982252X2,0298224761,"1 FRANGIPANE AVE CNR FLOWERDALE RD, LIVERPOOL"
08979100X7,0897916582,"62 FRANKEL ST NR WOODROW ST, CAREY PARK"
03639611X2,0363961204,"1953 FRANKFORD RD OS PO NR 1953, FRANKFORD"
03639561X2,0363956102,"907 GALCONDA RD OS EXCHANGE, LEBRINA"
03642426X2,0364244944,"89 FORBES ST , DEVONPORT"
03572205X2,0357221602,"34 FORD ST OS BIG W CAR PARK, WANGARATTA"
02495312X7,0249531543,"20 GEORGE ST , HOLMESVILLE"
08821207X2,0882125032,"254 FRANKLIN ST NR GRAY ST, ADELAIDE"
08821232X2,0882126365,"28 FRANKLIN ST , ADELAIDE"
03623417X2,0362342854,"2 FRANKLIN WHF CONSTITUTION DOCK, HOBART"
03932937X2,0393299583,"151 FRANKLIN ST O/S KING CAR PK, MELBOURNE"
02427215X2,0242721169,"50 GALLOP ST CNR CAMBRIDGE ST, BERKELEY"
08838218X2,0883823832,"111 GALLOWAY RD CNR SELWAY TCE, O'SULLIVAN BEACH"
02959707X2,0295974300,"437 FOREST RD NR ORIENTAL ST, BEXLEY"
07466851X2,0746685300,"31 GEORGE ST NR HICKEY ST, JANDOWAE"
08936726X2,0893678990,"47 GEORGE ST NR KENNARD ST, KENSINGTON"
07546370X2,0754637501,"72 GEORGE ST NR WILLIAM ST, KALBAR"
03639780X1,0363978355,"4 FRANKLIN AVE OS SERV STN, POATINA"
03625782X2,0362578260,"11 FRANKLIN ST , SWANSEA"
03517422X2,0351747122,"135 FRANKLIN ST OS POST OFFICE, TRARALGON"
03502523X2,0350252400,"19 GAME ST NR SURGEY ST, MERBEIN"
02478240X2,0247827985,"1 GANG GANG RD OPP KATOOMBA ST, KATOOMBA"
02957018X2,0295704241,"124 FOREST RD CNR HUDSON ST, HURSTVILLE"
02958602X2,0295864237,"285 FOREST RD O/S H& R BLOCK, HURSTVILLE"
02958052X2,0295809073,"217 FOREST RD MEMORIAL SQUARE, HURSTVILLE"
08833213X2,0883325054,"192 GLYNBURN RD NEAR, TRANMERE"
02958022X2,0295807696,"217 FOREST RD MEMORIAL SQUARE, HURSTVILLE"
07477302X2,0747732320,"1 FOREST AVE , KIRWAN"
07474671X2,0747467601,"33 GOLDRING ST O/S HOTEL, JULIA CREEK"
03546670X2,0354667201,"1 GOLDSMITH ST NR AMPOL SERV STN, LEXTON"
07404170X1,0740417768,"162 GRAFTON ST ABORIGINAL HOSTEL, CAIRNS CTY"
07405117X1,0740516519,"162 GRAFTON ST ABORIGINAL HOSTEL, CAIRNS CTY"
02665451X2,0266545201,"25 GRAFTON ST OS POST OFFICE, LOWANNA"
02673422X2,0267342241,"0 GRAFTON ST CNR VICTORIA ST, RED RANGE"
08822351X2,0882235232,"314 GILLES ST NR HUTT ST, ADELAIDE"
03981615X2,0398169030,"922 GLENFERRIE RD CNR COTHAM ST, KEW"
03982201X2,0398221898,"320 GLENFERRIE RD , MALVERN"
02682934X2,0268293952,"0 GLENGARRY RD OPAL FLDS TELE EXG, CUMBORAH"
07477310X2,0747736491,"112 GOLF LINKS DRV O/S MINI MART, KIRWAN"
03964520X2,0396451899,"455 GRAHAM ST NR WILLIAMSTOWN RD, PORT MELBOURNE"
02974017X2,0297404183,"0 GILLIES ST CNR HALDON ST, LAKEMBA"
03556214X2,0355624320,"2 GILLIES ST POST OFFICE, WARRNAMBOOL"
03952858X2,0395285819,"682 GLENHUNTLY RD NR CNR ROYAL PDE, CAULFIELD SOUTH"
08929308X2,0892935291,"220 GLENISLA RD NR CARMEL RD, CARMEL"
07475510X2,0747551567,"8 GOLLOGLY LA , RASMUSSEN"
02968223X2,0296824943,"14 GOOD ST , GRANVILLE"
03567205X2,0356723400,"102 GRAHAM ST , WONTHAGGI"
03567201X2,0356724612,"174 GRAHAM ST NR BILLSON ST, WONTHAGGI"
02938001X2,0293805174,"10 GLENMORE RD NR OXFORD ST, PADDINGTON"
07544980X1,0754498526,"111 GOODCHAP ST NOOSA HOSPITAL, NOOSAVILLE"
07388602X1,0738860167,"35 GOODFELLOWS RD PINES CARAVAN PARK, KALLANGUR"
02936168X2,0293610258,"6 GOODHOPE ST NR GLENMORE RD, PADDINGTON"
07555900X2,0755590672,"166 GOODING DRV O/S MEDICAL CENTRE, MERRIMAC"
02422656X2,0242262498,"225 GIPPS RD OS POST OFFICE, KEIRAVILLE"
07336902X2,0733691273,"58 GLENROSA RD OS S/ARMY MOONYAH, RED HILL"
07557617X2,0755763468,"57 GOODWIN TCE NR GOLD COAST HWAY, BURLEIGH HEADS"
02674211X2,0267421509,"4 GOODWIN RD NR WALTERRODD ST, GUNNEDAH"
08827714X2,0882778532,"550 GOODWOOD RD ADJ 7 DAY SUPERMAR, DAW PARK"
08827238X2,0882723098,"140 GOODWOOD RD NEAR GOODWOOD PRI*, GOODWOOD"
07336704X2,0733692137,"163 GIVEN TCE NR DOWSE ST, PADDINGTON"
02981630X2,0298165305,"45 GLADESVILLE RD NEAR SHOPS, HUNTERS HILL"
03970705X2,0397071619,"3 GLOUCESTER AVE OS EXCHANGE, BERWICK"
08825809X2,0882584032,"41 GLOUCESTER AVE NEAR MADISON PARK*, SALISBURY EAST"
03508121X2,0350812100,"15 GLOUCESTER AVE , WOOMELANG"
02422678X2,0242265351,"128 GLADSTONE AVE CNR BRIDGE ST, CONISTON"
02676216X2,0267627591,"383 GOONOO GOONOO RD , HILLVUE"
07465130Y2,0746513205,"52 GORDON ST , ARAMAC"
02926109X2,0292612512,"542 GEORGE ST OS PRICE BUSTERS, SYDNEY"
02926901X2,0292690093,"599 GEORGE ST NR GOULBURN ST, SYDNEY"
02926732X2,0292675405,"636 GEORGE ST CNR LIVERPOOL ST, SYDNEY"
02926906X2,0292690676,"690 GEORGE ST O/S WORLD SQUARE, SYDNEY"
02925250X2,0292529897,"259 GEORGE ST O/S AAP CENTRE, SYDNEY"
02623920X2,0262391350,"8 GLADSTONE ST PARAGON MALL, FYSHWICK"
07384469X2,0738443623,"11 GLADSTONE RD NR VULTURE ST, HIGHGATE HILL"
03512715X2,0351271491,"6 GLADSTONE ST CNR MENA ST, MOE"
02956444X2,0295646144,"1 GLADSTONE ST NR MARRICKVILLE RD, MARRICKVILLE"
08825828X2,0882588032,"82 GODDARD DRV OPP, SALISBURY PARK"
07466567X2,0746656718,"0 GODFREY ST NR SYBIL ST, GLENMORGAN"
03585720X2,0358572300,"1 GODLEY PL NR BIRDWOOD AVE, STANHOPE"
03931819X2,0393183148,"19 GORDON ST CNR KINNEAR ST, FOOTSCRAY"
02494017X2,0249654376,"52 GORDON AVE , HAMILTON"
07495306X2,0749530817,"24 GORDON ST CNR BRISBANE ST, MACKAY"
07553506X2,0755353455,"1967 GOLD COAST HWY NR FIFTH AVE, BURLEIGH HEADS"
02658414X2,0265841557,"141 GORDON ST NR GORE ST, PORT MACQUARIE"
02447170X1,0244717283,"2152 GEORGE BASS DRV MOORINGS RESORT, TOMAKIN"
03632602X2,0363261477,"119 GEORGE TOWN RD OS SHOP, NEWNHAM"
03632614X2,0363266683,"75 GEORGE TOWN RD OS ROLF VOS SMRKT, NEWNHAM"
07328207X2,0732821655,"176 GLEBE RD CNR MARGARET ST, BOOVAL"
07553848X2,0755386327,"2719 GOLD COAST HWY NR QUEENSLAND AVE, BROADBEACH"
07559262X2,0755926952,"2707 GOLD COAST AVE NR VICTORIA AVE, BROADBEACH"
07557248X2,0755720183,"2518 GOLD COAST HWY NR GAVEN CRES, MERMAID BEACH"
02658316X2,0265831365,"85 GORE ST NR PLATT ST, PORT MACQUARIE"
08833701X2,0883371921,"337 GORGE RD NEAR, ATHELSTONE"
08836501X1,0883650817,"320 GORGE RD ATHELSTONE SHP CNT, ATHELSTONE"
02925213X2,0292522486,"102 GEORGE ST OS ROCKS TOURIST C, THE ROCKS"
08835245X2,0883522109,"66 GEORGE ST DEW ST, THEBARTON"
02457710X2,0245774654,"224 GEORGE ST NR FITZGERALD ST, WINDSOR"
02457708X2,0245774454,"126 GEORGE ST NR KABLE ST, WINDSOR"
02956601X2,0295661186,"186 GLEBE POINT RD NEAR WIGRAM RD, GLEBE"
02955222X2,0295522660,"210 GLEBE PT RD , GLEBE"
07552662X2,0755266541,"2251 GOLD COAST HWY CNR WAVE ST, MERMAID BEACH"
07557228X2,0755723166,"2380 GOLD COAST HWY OPP MERMAID PLAZA, MERMAID BEACH"
07553504X2,0755353055,"2035 GOLD COAST HWY OPP NUNDAH AVE, MIAMI"
07557525X2,0755752802,"2156 GOLD COAST HWY CNR PACIFIC HWY, MIAMI"
02496729X2,0249673410,"57 GEORGETOWN RD , GEORGETOWN"
03952811X2,0395282473,"38 GLEN EIRA RD , RIPPONLEA"
03952814X2,0395283019,"75 GLEN EIRA RD , RIPPONLEA"
07553420X7,0755342584,"987 GOLD COAST HWY OPP FIRST AVE, PALM BEACH"
07557602X2,0755764068,"1389 GOLD COAST HWY NR 23RD AVE, PALM BEACH"
07553512X2,0755354638,"1350 GOLD COAST HWY NR 19TH AVE, PALM BEACH"
07553433X2,0755343485,"1114 GOLD COAST HWY NR FIFTH AVE, PALM BEACH"
07553859X2,0755383584,"3313 GOLD COAST HWY NR PANDANUS AVE, SURFERS PARADISE"
02483202X2,0248321698,"83 GOULBURN ST OS POST OFFICE, CROOKWELL"
07326822X2,0732686501,"81 GERLER RD NR MCINTYRE ST, HENDRA"
02954403X2,0295441166,"101 GERRALE ST OPP RSL CLUB, CRONULLA"
03841503X1,0384151870,"83 GERTRUDE ST NR BRUNSWICK ST, FITZROY"
03946029X2,0394606831,"68 GERTZ AVE , RESERVOIR"
03952828X2,0395286019,"215 GLEN HUNTLY RD , ELSTERNWICK"
03952810X2,0395282219,"445 GLEN HUNTLY RD , ELSTERNWICK"
03957113X2,0395713099,"1143 GLEN HUNTLY RD , GLEN HUNTLY"
02926723X2,0292678991,"66 GOULBURN ST OS MASONIC CENTRE, SYDNEY"
03623414X2,0362342654,"168 GOULBURN ST , WEST HOBART"
03577321X2,0357732355,"1288 GOULBURN VALLEY HWY OS POST OFFICE, THORNTON"
08940115X2,0894019588,"231 GIBSON AVE NR GREGORY AVE, PADBURY"
02930000X2,0293009487,"120 GLENAYR AVE O/S CONVEN STORE, BONDI BEACH"
07553153X2,0755315459,"3206 GOLD COAST HWY , SURFERS PARADISE"
03522200X2,0352221744,"47 GHERINGHAP ST NR RYRIE ST, GEELONG"
07339141X2,0733917237,"1 GIBBON ST CNR STANLEY ST, WOOLLOONGABBA"
07339167X2,0733917273,"1 GIBBON ST CNR STANLEY ST, WOOLLOONGABBA"
08825102X1,0882517184,"307 GOLDEN WAY NR SHOPS, GOLDEN GROVE"
07553630X2,0755369603,"169 GOLDEN FOUR DRV NR GEORGE ST, BILINGA"
07553421X2,0755342184,"461 GOLDEN FOUR DRV NR BIELBY ST, TUGUN"
07553470X2,0755347902,"327 GOLDEN FOUR DRV , TUGUN"
02478780X2,0247878100,"40 GOVETTS LEAP RD CNR WENTWORTH ST, BLACKHEATH"
07334517X2,0733456987,"168 GOWAN RD CNR BRANDON RD, SUNNYBANK HILLS"
03642614X2,0364261296,"110 GILBERT ST OPP POST OFFICE, LATROBE"
03948012X2,0394804437,"197 GILBERT RD NR BIRCH ST, PRESTON"
03526110X2,0352615397,"21 GILBERT ST MAIN SHOP STRIP, TORQUAY"
03981922X2,0398191865,"627 GLENFERRIE RD , HAWTHORN"
03981924X2,0398191898,"830 GLENFERRIE RD , HAWTHORN"
03981953X2,0398191512,"546 GLENFERRIE RD , HAWTHORN"
03981901X2,0398191490,"546 GLENFERRIE RD , HAWTHORN"
03981919X2,0398191656,"733 GLENFERRIE RD CNR CHRYSTOBEL CRS, HAWTHORN"
03644205X2,0364422411,"35 GOLDIE ST , WYNYARD"
07409630X2,0740963408,"63 GRACE ST O/S POST OFFICE, HERBERTON"
08909119X2,0890915934,"89 GRAEME ST ADJ BUS STOP, HANNANS"
02426819X2,0242681219,"1 GILCHRIST ST RAILWAY STATION, AUSTINMER"
08934106X2,0893412467,"159 GILDERCLIFFE ST NR SCARB BEACH RD, SCARBOROUGH"
08929601X2,0892964200,"777 GREAT NORTHERN HWY O/S GENERAL STORE, HERNE HILL"
08996365Y2,0899636511,"0 GREAT NORTHERN HWY NEAR TRUCK RAMP, PAYNES FIND"
08929603X2,0892964600,"1341 GREAT NORTHERN HWY O/S GINGERS CAFE, UPPER SWAN"
08976120X2,0897612297,"142 HAMPTON ST O/S POST OFFICE, BRIDGETOWN"
08936186X2,0893617545,"6 HAMPTON ST UNITS, BURSWOOD"
03959209X2,0395928134,"748 HAMPTON ST , BRIGHTON"
03959826X2,0395983671,"440 HAMPTON ST , HAMPTON"
03959803X2,0395987637,"481 HAMPTON ST NR LUDSTONE ST, HAMPTON"
03959810X2,0395988714,"597 HAMPTON ST OS SHOPS, HAMPTON"
03959812X2,0395988853,"285 HAMPTON ST OS SHOPS, HAMPTON"
03959825X2,0395988159,"363 HAMPTON ST , HAMPTON"
03526301X2,0352633196,"101 GREAT OCEAN RD POST OFFICE, ANGLESEA"
03528970X2,0352897106,"38 GREAT OCEAN RD POST OFFICE, AIREYS INLET"
08933568X2,0893358220,"223 HAMPTON RD NR LLOYD ST, SOUTH FREMANTLE"
02496720X2,0249673098,"133 HANBURY ST , MAYFIELD"
02473101X2,0247312518,"2 HAND AVE NR DERBY ST, PENRITH"
07326511X2,0732656019,"40 HANDFORD RD NR ZILLMERE RD, ZILLMERE"
07326503X2,0732656037,"40 HANDFORD RD NR ZILLMERE RD, ZILLMERE"
07386506X2,0738651767,"40 HANDFORD RD NR ZILLMERE RD, ZILLMERE"
08822326X2,0882233987,"101 GRENFELL ST NR WYATT ST, ADELAIDE"
08822319X2,0882235143,"120 GRENFELL ST ADJ ADELAIDE ARC, ADELAIDE"
08841025X2,0884104678,"28 GRENFELL ST NR JAMES PL, ADELAIDE"
03572245X2,0357221703,"125 GRETA RD , WANGARATTA"
07335900X2,0733590019,"773 GYMPIE RD NR HALL ST, CHERMSIDE"
07335901X2,0733590237,"704 GYMPIE RD NR WALLACE ST, CHERMSIDE"
07326326X2,0732632184,"1754 GYMPIE RD OS SERV STATION, CARSELDINE"
02499640X2,0249964118,"30 GREY ST , CLARENCE TOWN"
08993710X2,0899371079,"52 GREY ST , KALBARRI"
08826020X2,0882603276,"418 GRAND JUNCTION RD AMBER AVE, CLEARVIEW"
08839607X2,0883960589,"1220 GRAND JUNCTION RD , HOPE VALLEY"
07335010X2,0733502702,"320 GYMPIE RD CNR HOWELL ST, KEDRON"
02475908X2,0247591500,"353 GREAT WESTERN HWY CNR COORANGER ST, BULLABURRA"
02473909X2,0247398504,"144 GREAT WESTERN HWY BLAXLAND MALL OFF, BLAXLAND"
02473503X2,0247356451,"95 GREAT WESTERN HWY NR STATION ST, EMU PLAINS"
03952531X2,0395255867,"27 GREY ST , ST KILDA"
03517428X2,0351744078,"0 GREY ST CNR GRUBB AVE, TRARALGON"
08826413X2,0882642521,"961 GRAND JUNCTION RD NR KINCRAIG CRES, MODBURY"
08826203X2,0882625106,"703 GRAND JUNCTION RD NR WICKLOW ST, NORTHFIELD"
08844732X2,0884475854,"85 GRAND JUNCTION RD , ROSEWATER"
07388101X2,0738810174,"388 GYMPIE RD O/S HUNGRY JACKS, STRATHPINE"
02472200X2,0247229389,"192 GREAT WESTERN HWY OPPOSITE STATION, KINGSWOOD"
07494157X2,0749415432,"3 GRIFFIN ST NEAR BELMORE CENT*, MORANBAH"
07559938X2,0755995460,"30 GRIFFITH ST NR METWAY BANK, COOLANGATTA"
08824307X2,0882431467,"261 GRANGE RD NR NOBLET ST, FINDON"
03957606X2,0395769616,"302 GRANGE RD , ORMOND"
08893217X1,0889324386,"35 GRANITES DRV , ROSEBERY"
02624814X2,0262480254,"1 HACKETT PL , HACKETT"
02668622X2,0266867760,"6 GRANDVIEW ST OS SHOP, EAST BALLINA"
03957108X2,0395712999,"54 GRANGE RD NR CNR MUNSTER AVE, CARNEGIE"
08952967X2,0895294149,"3 GRANGE DRV NR ENNIS AVE, COOLOONGUP"
08959231X2,0895923785,"3 GRANGE DRV NR ENNIS AVE, COOLOONGUP"
02955904X2,0295591755,"24 GRIFFITHS ST CNR GREEN ST, TEMPE"
03946717X2,0394676319,"597 GRIMSHAW ST NR PLENTY RD, BUNDOORA"
08822301X2,0882234358,"201 HALIFAX ST NR CASTLE ST, ADELAIDE"
02475360X2,0247536009,"280 GREAT WESTERN HWY ADJACENT, WARRIMOO"
07547452X2,0754745667,"2 GRASS TREE CRT NR BEN LEXCEN DR, SUNRISE BEACH"
02936552X2,0293656792,"40 HALL ST ADJ IN GDN BED, BONDI BEACH"
08929514X2,0892952200,"2 HALL RD , MUNDARING"
03974120X2,0397415281,"158 GREAVES ST NR QUARBING ST, WERRIBEE"
02993838X2,0299385098,"5 GREEN ST , BROOKVALE"
08944419X2,0894449043,"24 GREEN ST NR LONDON ST, MT HAWTHORN"
02457210X2,0245721208,"640 GROSE VALE RD CNR GROSEWOLD RD, GROSE VALE"
03934801X2,0393482915,"2 GRATTAN ST OS ROYAL MELB HOS, PARKVILLE"
03946513X2,0394658448,"24 GRATWICK ST , LALOR"
03572202X2,0357221402,"41 GREEN ST BASE HOSPITAL, WANGARATTA"
02655523X2,0265558039,"111 GREEN POINT DRV , GREEN POINT"
02925209X2,0292522053,"11 GROSVENOR ST NR LANG ST, SYDNEY"
08821221X2,0882121765,"45 GROTE ST CENTRL MKT ENT, ADELAIDE"
08821234X2,0882126187,"157 GROTE ST NR STORR ST, ADELAIDE"
08821233X2,0882126276,"2 GROTE ST VICTORIA SQ, ADELAIDE"
03627216X2,0362728891,"22 GROVE RD , GLENORCHY"
02955811X2,0295584137,"1 GROVE ST NR ILLAWARRA RD, MARRICKVILLE"
02979012X2,0297905551,"96 HIGH ST CNR CHAPEL RD, BANKSTOWN"
02955927X2,0295594877,"1 GROVE ST CAR ILLAWARRA RD, MARRICKVILLE"
03934766X2,0393477651,"132 GRATTAN ST OS ROYAL WOMENS, CARLTON"
07416205X2,0741624174,"280 HALY ST NR FIRST AV, KINGAROY"
07416215X2,0741624182,"140 HALY ST NR KINGAROY ST, KINGAROY"
07416806X2,0741685400,"74 HALY ST NR SCOTT ST, WONDAI"
02682935X2,0268293906,"0 GRAWIN ST GLENGARRY OPAL FLD, CUMBORAH"
07474112X2,0747411231,"11 GRAY ST NR F.T. FOOD STORE, HUGHENDEN"
08844705X2,0884471098,"2 GRAY TCE , ROSEWATER"
03503201X2,0350324785,"48 GRAY ST NR BROWN ST, SWAN HILL"
03557930X2,0355793231,"2 HAMILTON RD , DIGBY"
02972403X2,0297246071,"57 HAMILTON RD NR LACKEY ST, FAIRFIELD"
02972510X2,0297256069,"197 HAMILTON RD NR THE BOULEVARDE, FAIRFIELD"
08839003X2,0883903324,"1086 GREENHILL RD , SUMMERTOWN"
02475802X2,0247586600,"192 GT WESTERN HWY CNR ROSEDALE AVE, HAZELBROOK"
02475905X2,0247591501,"285 GT WESTERN HWY CNR HONOUR AVE, LAWSON"
07554671X2,0755467012,"4 GUARA DRV NR MIRAMBEENA DRV, PIMPAMA"
02952501X2,0295250891,"106 GRAYS POINT RD OS POST OFFICE, GRAYS POINT"
03526510X2,0352651300,"1 HAMILTON HWY POST OFFICE, INVERLEIGH"
08941828X2,0894188697,"142 HAMILTON RD O/S BEALE PARK, SPEARWOOD"
07553828X2,0755385619,"32 HAMILTON AVE CNR GOLD COAST HWY, SURFERS PARADISE"
08856233X2,0885623678,"0 GREENOCK RD NR HATCH ST, NURIOOTPA"
08934214X2,0893423318,"38 GREENPARK RD , ALEXANDER HEIGHTS"
07405317X2,0740537748,"45 GREENSLOPES ST OS RONDO THEATRE, EDGE HILL"
02963205X2,0296325165,"332 GUILDFORD RD NEAR POST OFFICE, GUILDFORD"
02963202X2,0296323454,"332 GUILDFORD RD NEAR POST OFFICE, GUILDFORD"
08929501X2,0892952787,"7175 GREAT EASTERN HWY IN NICHOL ST, MUNDARING"
08947736X2,0894773748,"109 GREAT EASTERN HWY CNR ACTON AVE, RIVERVALE"
07477861X2,0747786201,"1 GREENVALE ST O/S S/STATION, YABULU"
02444711X2,0244471601,"89 GREENWELL POINT RD OS SHOP, GREENWELL POINT"
07495617X2,0749561701,"0 GREETHAM ST OS SARINA CV, SARINA"
08938935X2,0893898270,"186 HAMPDEN RD NR KARELLA ST, NEDLANDS"
07325207X2,0732521163,"557 GREGORY TCE , FORTITUDE VALLEY"
08930714X2,0893077665,"14 GUNTER GR CNR ALIDADE, BELDON"
07384455X2,0738447035,"47 HAMPSTEAD RD OPP BLAKENEY ST, HIGHGATE HILL"
08826204X2,0882627223,"325 HAMPSTEAD RD NR PETTIT ST, NORTHFIELD"
07477219X2,0747723732,"21 GREGORY ST , NORTH WARD"
07477247X2,0747726384,"59 GREGORY ST NR SEAVIEW HOTEL, NORTH WARD"
08938817X2,0893886941,"10 GREGORY ST NR CAMBRIDGE ST, WEMBLEY"
03947011X2,0394702891,"367 HIGH ST , PRESTON"
03514426X2,0351444705,"201 GUTHERIDGE PDE OS POST OFFICE, SALE"
03545710X2,0354571203,"24 GUTHRIE ST POST OFFICE, QUAMBATOOK"
03973605X2,0397362902,"33 HEREFORD RD NR DAWN ST, MT EVELYN"
02492803X2,0249282343,"48 HEREFORD ST OS AMBULANCE STN, STOCKTON"
03950920X2,0395098466,"1280 HIGH ST CNR GLENFERRIE RD, MALVERN"
03557620X7,0355761202,"35 HIGH ST POST OFFICE, MACARTHUR"
03547501X2,0354752001,"95 HIGH ST POST OFFICE, MALDON"
03974301X2,0397433015,"383 HIGH ST OS NEWSAGENCY, MELTON"
08826932X2,0882694151,"80 HARVEY ST NEAR, COLLINSWOOD"
03642418X2,0364245700,"8 HARVIL WAY RD , DEVONPORT"
03626112X2,0362612397,"34 HIGH ST OS POST OFFICE, NEW NORFOLK"
03582414X2,0358241520,"22 HASTIE ST NR DAVY ST, TATURA"
03948236X2,0394823513,"490 HIGH ST , NORTHCOTE"
03948240X2,0394824162,"290 HIGH ST , NORTHCOTE"
07544804X2,0754480601,"26 HASTINGS ST OS BAY VILLAGE, NOOSA HEADS"
07544922X7,0754492986,"51 HASTINGS ST ACCOM NOOSA, NOOSA HEADS"
08924505X2,0892451065,"41 HASTINGS ST NR BRIGHTON RD, SCARBOROUGH"
03978315X2,0397696104,"52 HEATHERHILL RD NR CNR MANLY AVE, FRANKSTON"
03978934X2,0397891600,"300 HEATHERHILL RD OPP HARDWICKE CRT, FRANKSTON"
03954600X2,0395465019,"1268 HEATHERTON RD CNR CHANDLER RD, NOBLE PARK"
08909116X2,0890918192,"250 HANNAN ST ST BARBARAS SQUARE, KALGOORLIE"
08909109X2,0890914885,"250 HANNAN ST ST BARBARAS SQUARE, KALGOORLIE"
08902158X2,0890215844,"464 HANNAN ST NR NETHERCOTT ST, KALGOORLIE"
08909113X1,0890918961,"12 HANNAN ST AHL TRILBY COOPER, KALGOORLIE"
02494007X2,0249408759,"74 HANNELL ST , WICKHAM"
03978916X2,0397894991,"11 HAVANA CRS CNR INGLENOOK CRS, FRANKSTON"
03974971X2,0397491632,"131 HEATHS RD , HOPPERS CROSSING"
02993812X2,0299383293,"200 HARBORD RD , BROOKVALE"
02665134X2,0266513430,"312 HARBOUR DRV OS BACK TRACKERS, COFFS HARBOUR"
02444343X2,0244434302,"353 HAWKEN RD OS POST OFFICE, TOMERONG"
02998110X2,0299811498,"1 HAWKESBURY AVE NR PITTWATER RD, DEE WHY"
08826026X2,0882605109,"14 HAWKESBURY AVE NR CHURCHILL RD, KILBURN"
02475400X2,0247541000,"281 HAWKESBURY RD NR LEE RD, WINMALEE"
03949920X2,0394995168,"707 HEIDELBERG RD , ALPHINGTON"
07339170X2,0733917393,"77 HEIDELBERG ST NR HEATH ST, EAST BRISBANE"
03980300X2,0398032330,"S/C  5 HANOVER RD O/S MAIN ENRNCE, VERMONT SOUTH"
07557715X2,0755771109,"62 HANSFORD RD , COOMBABAH"
07557753X2,0755775263,"21 HANSFORD RD COOMBABAH PLAZA, COOMBABAH"
08826809X2,0882684509,"58 HANSON RD NEAR, WOODVILLE GARDENS"
02963330X2,0296334832,"151 HAWKESBURY RD , WESTMEAD"
02963502X2,0296351365,"143 HAWKESBURY RD CNR ALEXANDRA AVE, WESTMEAD"
02963311X2,0296332387,"90 HAWKESBURY RD NR CHURCH AVE, WESTMEAD"
08927418X2,0892745658,"52 HELENA ST , MIDLAND"
03524150X2,0352415000,"85 HEYERS RD NR BURDOO DVE, GROVEDALE"
02664690X2,0266469098,"14 HARBOUR ST OS CALYPSO VAN PK, YAMBA"
02968948X2,0296892778,"LVL 2 212 HAWKESBURY RD CHILDRENS HOSPITAL, WESTMEAD"
02963328X2,0296334709,"LVL 2 180 HAWKESBURY RD HOSP MAIN FOYER, WESTMEAD"
02963507X2,0296354854,"LVL 1 180 HAWKESBURY RD DENTAL SCH FOYER, WESTMEAD"
02968712X1,0296872085,"180 HAWKESBURY RD HOSP OS CHAPEL TTY, WESTMEAD"
08938809X2,0893823297,"67 HEYTESBURY RD ROKEBY RD, SUBIACO"
03579205X2,0357921702,"17 HEYWOOD CRS NR HAWDON ST, SEYMOUR"
07557990X2,0755799083,"51 HICKEY WAY NR MICHELMORE RD, CARRARA"
03959601X2,0395968173,"698 HAWTHORN RD CNR UNION ST, BRIGHTON EAST"
03952832X2,0395286986,"281 HAWTHORN RD OPP TOWN HALL, CAULFIELD"
03952857X2,0395284419,"134 HAWTHORN RD , CAULFIELD NORTH"
03952830X2,0395286219,"416 HAWTHORN RD CNR SYCAMORE ST, CAULFIELD SOUTH"
03622909X2,0362296906,"26 HAWTHORN DRV OS SHOP, KINGSTON"
07339920X2,0733992655,"327 HAWTHORNE RD CNR BARTON RD, HAWTHORNE"
03979106X2,0397914099,"88 HEMMINGS ST CNR WILMA, DANDENONG"
02969943X2,0296992440,"5 HENDERSON RD NR BOTANY RD, ALEXANDRIA"
08894740X1,0889470172,"15 HIDDEN VALLEY RD TOURIST PARK, BERRIMAH"
02433431X2,0243341411,"17 HARGRAVES ST CNR HUTTON RD, THE ENTRANCE NORTH"
08932508X2,0893257382,"249 HAY ST OS POST OFFICE, EAST PERTH"
02976411X2,0297644496,"5 HENLEY ST NR THE CRESCENT, HOMEBUSH WEST"
02974623X2,0297463605,"5 HENLEY ST NR THE CRESCENT, HOMEBUSH WEST"
08823405X2,0883522752,"289 HENLEY BEACH RD NEAR, BROOKLYN PARK"
03543970X2,0354397461,"47 HIGH ST POST OFFICE, AXEDALE"
03970704X2,0397071291,"65 HIGH ST , BERWICK"
03599871X2,0359987290,"2 HARDY AVE , CANNONS CREEK"
07553050X2,0755305071,"55 HARDYS RD NR WALLABY DVE, MUDGEERABA"
02666215X2,0266622876,"58 HARE ST WOOROOWOOLGAN ST, CASINO"
03588120X2,0358812654,"357 HARFLEUR ST CNR EDWARDES ST, DENILIQUIN"
08835207X2,0883522121,"164 HENLEY BEACH RD , TORRENSVILLE"
03556220X2,0355621720,"74 HENNA ST OPP CARAVAN PARK, WARRNAMBOOL"
02633216X2,0263321160,"17 HENRY ST NR GEORGE ST, BATHURST"
03524320X2,0352432011,"164 HIGH ST OS BENDIGO BANK, BELMONT"
03528110X2,0352811200,"21 HIGH ST NR MILTON ST, BANNOCKBURN"
02656475X2,0265647102,"29 HIGH ST OS TAFE, BOWRAVILLE"
03578431X2,0357843030,"123 HIGH ST OS POST OFFICE, BROADFORD"
02955810X2,0295582911,"2 HARNETT AVE CNR ILLAWARRA RD, MARRICKVILLE"
03533815X2,0353381273,"23 HAROLD ST OPP EDWIN ST, WENDOUREE"
08932206X2,0893225529,"976 HAY ST O/S QV1 CAR PARK, PERTH"
08932205X2,0893225526,"815 HAY ST NEAR KING ST, PERTH"
08927439X2,0892745354,"2 HENRY ST NR FERGUSON ST, MIDLAND"
02472109X2,0247315343,"90 HENRY ST OS PENRITH TELEPHO, PENRITH"
03549110X7,0354911203,"68 HIGH ST POST OFFICE, CHARLTON"
03623108X2,0362310454,"96 HARRINGTON ST CNR LIVERPOOL ST, HOBART"
08936201X2,0893621510,"21 HARRIS ST NR OATS ST, CARLISLE"
08948109X2,0894814169,"1249 HAY ST NR COLIN ST, WEST PERTH"
08932125X2,0893215582,"1249 HAY ST NR COLIN ST, WEST PERTH"
03552321X2,0355232102,"23 HENTY ST NR PERCY ST, PORTLAND"
03981610X2,0398163429,"87 HIGH ST CNR VILLAGE AVE, DONCASTER"
03525300X2,0352531638,"26 HIGH ST NR EVERSLEY ST, DRYSDALE"
02493303X2,0249337321,"121 HIGH ST , EAST MAITLAND"
03548227X2,0354822433,"355 HIGH ST , ECHUCA"
02928159X2,0292813496,"622 HARRIS ST NR MARY ANN ST, ULTIMO"
02928149X2,0292810707,"622 HARRIS ST NR MARY ANN ST, ULTIMO"
08825515X2,0882550378,"90 HAYDOWN RD N OF HASLAM CR, ELIZABETH VALE"
08935405X2,0893544370,"189 HERALD AVE NR HIGH RD, WILLETTON"
07466630X2,0746663106,"64 HERBERT ST NR DRAYTON ST, ALLORA"
07478618X2,0747861673,"7 HERBERT ST CNR DALRYMPLE ST, BOWEN"
08933554X2,0893356911,"142 HIGH ST NR JOSEPHSON, FREMANTLE"
08933608X1,0893365781,"80 HIGH ST SUNDANCER B'PACKER, FREMANTLE"
08933616X2,0893364724,"120 HIGH ST NEAR MARKET ST, FREMANTLE"
07557625X2,0755767852,"61 HAYLE ST NR GOODWIN TCE, BURLEIGH HEADS"
02689250X2,0268925101,"8 HAYLOCK ST NR CUNNINGHAM ST, TULLAMORE"
02637411X2,0263741602,"49 HERBERT ST NR BELMORE ST, GULGONG"
03988510X2,0398852590,"69 HIGH ST NR GLEN IRIS RD, GLEN IRIS"
02493871X2,0249387207,"61 HIGH ST , GRETA"
03597906X2,0359792057,"55 HIGH ST NR CNR VICTORIA ST, HASTINGS"
03543320X2,0354332904,"209 HIGH ST NR POHLMAN ST, HEATHCOTE"
03544711X2,0354479166,"124 HIGH ST POST OFFICE, KANGAROO FLAT"
02974968X2,0297495497,"1 HARROW RD OS AMBULANCE STN, AUBURN"
02974967X2,0297495392,"1 HARROW RD OS AMBULANCE STN, AUBURN"
08947114X1,0894719478,"6 HARROW ST AHL DERBAL DIDJAR, MAYLANDS"
08947113X1,0894719475,"6 HARROW ST AHL DERBAL DIDJAR, MAYLANDS"
02955604X2,0295561951,"2 HARTILL-LAW AVE , BARDWELL PARK"
03948281X2,0394825447,"40 HARTINGTON ST RAIL STN PLATFM DO, NORTHCOTE"
03975806X2,0397582819,"1 HAYWARD RD CNR BURWOOD RD, FERNTREE GULLY"
07405362X2,0740536791,"39 HAYWARD ST O/S PARK, MOOROOBOOL"
08927411X2,0892745401,"12 HAZELMERE CRS NR WEST PDE, HAZELMERE"
03513404X2,0351344984,"2 HAZELWOOD RD OS LIBRARY, MORWELL"
03517600X2,0351761618,"2 HAZELWOOD RD NR BANK ST OS SHOP, TRARALGON"
08938718X2,0893871599,"85 HERDSMAN PDE , WEMBLEY"
03985316X2,0398532548,"181 HIGH ST COTHAM RD CNR, KEW"
03985317X2,0398536202,"251 HIGH ST DEREK ST OPP, KEW"
08841038X2,0884105208,"150 HINDLEY ST NR MORPHETT ST, ADELAIDE"
08822100X2,0882215891,"208 HINDLEY ST NR FENN PL, ADELAIDE"
08823128X2,0882316043,"105 HINDLEY ST NR ROSINA ST, ADELAIDE"
07553517X2,0755355807,"28 IKKINA RD NR TAWARRI CRES, BURLEIGH HEADS"
03502413X2,0350241200,"64 ILEX ST NR INDI AVE, RED CLIFFS"
07465833X2,0746583150,"0 ILFRACOMBE RD NR THRUSH RD, LONGREACH"
08823237X2,0882325789,"2 HINDMARSH SQ NR PULTENEY ST, ADELAIDE"
02679222X2,0267922721,"41 HINDS ST OPP PARK CRES, NARRABRI"
07553030X2,0755303507,"363 HINKLER DRV NR KURILPA DVE, WORONGARY"
07553202X2,0755321817,"8 HINZE ST OS CAR PARK, SOUTHPORT"
08933013X2,0893306101,"6 HISLOP RD , ATTADALE"
07477945X2,0747798702,"3 ILLUKA ST NEAR WARRINA SHOP*, CURRAJONG"
03556710X2,0355671000,"1732 HOPKINS HWY CNR BLACK LANE, PURNIM"
03507002X2,0350702100,"65 HORACE ST OS SHIRE OFFICE, SEA LAKE"
03935729X1,0393577197,"1780 HUME HWY SYLVAN CARAVAN PRK, CAMPBELLFIELD"
03930803X2,0393085706,"2110 HUME HWY BLUE GUM CARAVAN P, CAMPBELLFIELD"
03935932X2,0393591845,"1297 HUME HWY OS KFC, FAWKNER"
02649614X2,0264961602,"201 IMLAY ST , EDEN"
02936512X2,0293655111,"43 IMPERIAL AVE NR BONDI, BONDI"
03974046X2,0397407542,"30 HORNE ST NR CORNISH ST, SUNBURY"
02472146X2,0247214168,"482 HIGH ST NR PEDESTRIAN RD C, PENRITH"
02472130X1,0247314280,"601 HIGH ST PENRITH LIBRARY, PENRITH"
03952961X2,0395295153,"577 HIGH ST CNR GRANDVIEW GVE, PRAHRAN"
03952964X2,0395295983,"514 HIGH ST , PRAHRAN"
07405405X2,0740543891,"2 HOAD ST NR DOWNING ST, EARLVILLE"
07405138X2,0740519219,"28 HOARE ST NR EUREKA ST, MANUNDA"
03948020X2,0394805454,"50 HIGH ST , PRESTON"
03947041X2,0394702091,"725 HIGH ST , PRESTON"
03947010X2,0394702725,"465 HIGH ST , PRESTON"
03634406X2,0363445786,"104 HOBART RD OS MEADOW MEWS, KINGS MEADOWS"
02495703X1,0249579846,"88 HOBART RD WEST LEAGUES CLUB, NEW LAMBTON"
03634401X2,0363444413,"2 HOBART RD OS ST MARKS CHURCH, SOUTH LAUNCESTON"
03634408X2,0363447108,"353 HOBART RD OS GARDEN CENTRE, YOUNGTOWN"
03525819X2,0352581295,"5 HOBSON ST NR HESSE ST, QUEENSCLIFF"
02979230X2,0297923664,"72 HORSLEY RD NR CARSON ST, PANANIA"
02972505X2,0297251302,"676 HORSLEY DRV OS POST OFFICE, SMITHFIELD"
07468105X2,0746813100,"2 HIGH ST NR FRANCIS ST, STANTHORPE"
02635513X2,0263551200,"21 HUME ST NR CANNELITE ST, WALLERAWANG"
03941906X2,0394191931,"2 HODDLE ST CNR VICTORIA ST, ABBOTSFORD"
07340910X2,0734091114,"65 HIGH ST , RUSSELL ISLAND"
02979621X2,0297967753,"484 HUME HWY NR STATION, YAGOONA"
03933706X2,0393378971,"75 HOFFMANS RD NR TEAGUE ST, NIDDRIE"
03582413X2,0358241491,"259 HOGAN ST NR HANLON, TATURA"
08825521X2,0882554632,"156 HOGARTH RD W OF MOFFLIN RD, ELIZABETH GROVE"
08959310X2,0895934070,"3 HOKIN ST NR SAFETY BAY RD, WAIKIKI"
08959300X2,0895931255,"3 HOKIN ST NR SAFETY BAY RD, WAIKIKI"
07498223X2,0749822984,"126 HOSPITAL RD NR RACECOURSE, EMERALD"
03946504X2,0394652993,"211 HIGH ST , THOMASTOWN"
03559212X2,0355921702,"28 HIGH ST POST OFFICE, TERANG"
07387028X2,0738707081,"31 HIGH ST OS WOOLWORTHS, TOOWONG"
02658514X2,0265851007,"67 HIGH ST NR HOSPITAL, WAUCHOPE"
02658511X2,0265851509,"22 HIGH ST OS CO-OP STORE, WAUCHOPE"
02658513X2,0265851806,"41 HIGH ST NR ANZ BANK, WAUCHOPE"
02982302X2,0298237358,"209 HUMPHRIES RD NR SALECICH PLACE, BONNYRIGG"
08873971X2,0887397324,"12 HUNKIN TCE POST OFFICE, NANGWARRY"
08862520X7,0886252124,"20 HUNT ST , THEVENARD"
03633112X2,0363313986,"31 HOLBROOK ST OS PLAY SCHOOL, INVERMAY"
07544117X2,0754412283,"1 HOSPITAL RD MAIN FOYER, NAMBOUR"
07544112X1,0754412165,"1 HOSPITAL RD MAIN FOYER, NAMBOUR"
02602421X2,0260245037,"131 HIGH ST CNR STANLEY ST, WDNGA"
03549431X2,0354943209,"70 HIGH ST POST OFFICE, WEDDERBURN"
03579731X2,0357973087,"10 HIGH ST , YEA"
02662118X2,0266219339,"44 HUNTER ST NR ORION ST, LISMORE"
02492618X2,0249261223,"103 HUNTER ST , NEWCASTLE"
03980217X2,0398028190,"694 HIGH STREET RD CNR MYERS AVE, GLEN WAVERLEY"
08934210X2,0893422055,"48 HIGHCLERE BLV O/S SHOPS, MARANGAROO"
03937630X2,0393766427,"25 HOLLAND CRT , FLEMINGTON"
03952712X2,0395273013,"130 HOTHAM ST , ST KILDA EAST"
03930502X2,0393055199,"122 HOTHLYN DRV OS SHOPS, CRAIGIEBURN"
03930801X2,0393081269,"15 HOTHLYN DRV , CRAIGIEBURN"
07340940X2,0734094759,"47 HIGH CENTRAL RD OS SHOPPING CENTRE, MACLEAY ISLAND"
02923310X2,0292332840,"42 HUNTER ST O/S CIGNA BLDG, SYDNEY"
03980722X2,0398071090,"265 HUNTINGDALE RD CNR RAILWAY PDE, CHADSTONE"
03954307X2,0395431819,"286 HUNTINGDALE RD , HUNTINGDALE"
03980725X2,0398071799,"412 HUNTINGDALE RD OS MEDICAL CENTRE, MT WAVERLEY"
07553703X2,0755371520,"43 HOLLYWELL RD NR PARR ST, BIGGERA WATERS"
02998101X2,0299811165,"112 HOWARD AVE NR THE STRAND, DEE WHY"
08933555X2,0893357212,"28 HOWARD ST NR SOUTH TCE, FREMANTLE"
03627215X2,0362728673,"135 HOWARD RD , GOODWOOD"
03942914X2,0394292291,"145 HIGHETT ST NR BELGIUM AVE, RICHMOND"
02979607X2,0297961596,"1 HIGHLAND AVE NR HUME HWY, YAGOONA"
08929705X2,0892972813,"2 HIGHPOINT BLV OS COMMUNITY CTR, ELLENBROOK"
03629811X2,0362981283,"80 HUON HWY OPP POST OFFICE, DOVER"
02982527X2,0298253990,"31 HUON CRS OPP SWIMMING POOL, HOLSWORTHY"
03599690X2,0359969021,"3 HUON PARK RD CNR LAWLESS DR, CRANBOURNE NORTH"
03938443X2,0393841005,"81 HOLMES ST , BRUNSWICK"
03937018X2,0393706290,"32 HOLMES RD OS POST OFFICE, MOONEE PONDS"
07320104X2,0732018748,"11 HOLMES ST O/S SHOP, NORTH IPSWICH"
02951604X2,0295162749,"1 HOLMWOOD ST NR KING ST, NEWTOWN"
02979207X2,0297923475,"55 HOWARD ST CNR MEMORIAL DVE, PADSTOW"
08825516X2,0882551232,"14 HILCOTT ST NEAR, ELIZABETH NORTH"
02975434X2,0297541026,"35 HILL ST NR MCBURNEY RD, CABRAMATTA"
02990503X2,0299050981,"2 HUSTON RD OS NTH CURL CURL S, NORTH CURL CURL"
02956024X2,0295609521,"1 HOLT ST NR TRAFALGAR ST, STANMORE"
03624805X1,0362484286,"1 HOLYMANS AVE HOBART AIRPORT, CAMBRIDGE"
03624812X2,0362485290,"1 HOLYMANS AVE HOBART AIRPORT, CAMBRIDGE"
03522207X2,0352223517,"5 HOLYROOD AVE NR WEST FYANS ST, NEWTOWN"
08853206X2,0885310421,"50 HOMBURG DRV NR DARLING AVE, MURRAY BRIDGE"
02677841X2,0267784421,"15 HILL ST NR POST OFFICE, URALLA"
02962125X2,0296216445,"127 HILL END RD , DOONSIDE"
02974049X2,0297404151,"58 HILLCREST ST OPP, PUNCHBOWL"
08822317X2,0882235210,"155 HUTT ST NR CARRINGTON ST, ADELAIDE"
02433406X2,0243343203,"83 HUTTON RD OS SURF CLUB, THE ENTRANCE NORTH"
08927602X2,0892762026,"94 HOMER ST NR BAYLEY ST, DIANELLA"
03644513X2,0364451109,"1 HONEY SUCKLE AVE , SISTERS BEACH"
07337925X2,0733795149,"PLATFM 2 0 HONOUR AVE QR CHELMER STN, CHELMER"
08942107X2,0894211861,"84 HILL ST NR BISHOPS ROW, EAST PERTH"
02941623X2,0294168276,"63 HILL ST OFF, ROSEVILLE"
02665520X2,0266552415,"96 HYDE ST NR OAK ST, BELLINGEN"
08837000X1,0883706651,"140 HUB DRV ABERFOYLE PARK VI*, ABERFOYLE PARK"
03930910X1,0393096329,"35 HUDSON CCT O/S MEADOW HTS SC, MEADOW HEIGHTS"
07494210X2,0749421248,"66 HILLEND RD OS SERVICE STATION, GLENELLA"
08934980X2,0893496500,"86 HILLSBOROUGH DRV O/S SHOPS, NOLLAMARA"
08934979X2,0893496433,"86 HILLSBOROUGH DRV O/S SHOPS, NOLLAMARA"
03954645X2,0395469499,"24 IAN ST CNR HEATHERTON RD, NOBLE PARK"
07328106X2,0732813184,"2 HOOPER ST NR BRISBANE ST, WEST IPSWICH"
02672914X2,0267291008,"85 HOPE ST OS POST OFFICE, WARIALDA"
07465734X2,0746573907,"0 HUGHENDEN RD , CORFIELD"
03946002X2,0394604168,"91 HUGHES PDE , RESERVOIR"
03988710X1,0398870068,"1 HUGHES ST OS NATIONAL BANK, WANTIRNA SOUTH"
08897586Y2,0889758764,"1 JOSE ST , BORROLOOLA"
02964308X2,0296439270,"26 JOSEPH ST OPP SEATS, LIDCOMBE"
03582511X2,0358254861,"1 JOSEPH ST O/S MILKBAR, MOOROOPNA"
02982401X2,0298248607,"6 KEARNS AVE OS BAKERY, KEARNS"
07385500X2,0738551220,"20 KEDRON AVE QR MITCHELTON STN, MITCHELTON"
07335625X2,0733568099,"77 KEDRON BROOK RD NR MACGREGOR ST, WILSTON"
07335630X2,0733569278,"76 KEDRON BROOK RD NR MACGREGOR, WILSTON"
02495082X2,0249508368,"23 IRVING ST , EDGEWORTH"
08922132X2,0892215291,"18 IRWIN ST NR HAY ST, PERTH"
07405340X2,0740534760,"2 JENSEN ST CNR PEASE ST, MANOORA"
03588520X2,0358852000,"80 JERILDERIE ST OS POST OFFICE, BERRIGAN"
03588613X2,0358861240,"6 JERILDERIE ST TELEPHONE EXCHANGE, JERILDERIE"
08826707X2,0882674859,"50 JERNINGHAM ST NR MELBOURNE ST, NORTH ADELAIDE"
08924506X2,0892451239,"45 JOYCE ST NR SCARB BEACH RD, SCARBOROUGH"
08924503X2,0892458103,"45 JOYCE ST NR SCARB BEACH RD, SCARBOROUGH"
07477823X7,0747782166,"32 KEENAN ST CNR FINDLATER ST, OONOONBA"
03937901X1,0393794205,"383 KEILOR RD IN NIDDRIE CARPRK, ESSENDON"
03937412X2,0393741474,"249 KEILOR RD OPP PETROL STATION, ESSENDON"
03937421X2,0393741138,"326 KEILOR RD NEAR CNR TREADWELL RD, NIDDRIE"
03937420X2,0393741238,"469 KEILOR RD POST OFFICE, NIDDRIE"
02655300X2,0265530851,"14 ISABELLA ST NR NEWSAGENT, WINGHAM"
08979510X2,0897957602,"1 ISLAND QUEEN ST NR MINNINUP RD, WITHERS"
02959721X2,0295973550,"58 JUDD ST CNR WOLLI CREEK RD, BANKSIA"
07380819X2,0738083584,"2 JUERS ST KNGSTN RD PALMS SC, KINGSTON"
03533819X2,0353381065,"26 IVANHOE ST OPP HUNTINGTON, WENDOUREE"
07466413X2,0746641729,"27 IVY ST OS POLICE STN, KILLARNEY"
08864104X1,0886413694,"8 JERVOIS ST I/S COLES SHOPS, PORT AUGUSTA"
07328217X2,0732822584,"2 JESSICA ST CNR RIVERVIEW RD, RIVERVIEW"
02677218X2,0267721143,"117 JESSIE ST CNR BEARDY ST, ARMIDALE"
08829609X2,0882967032,"23 JETTY RD NR TORR AVE, BRIGHTON"
03974972X2,0397494957,"1 JULIER CRS NR MOSSFIEL DVE, HOPPERS CROSSING"
08939941X2,0893993611,"230 JULL ST OS EXCHANGE, ARMADALE"
08939940X2,0893992809,"230 JULL ST OS EXCHANGE, ARMADALE"
08949705X2,0894981708,"107 JULL ST OS COURTHOUSE, ARMADALE"
03972200X2,0397221200,"68 JUMPING CREEK RD CNR DUDLEY RD, WONGA PARK"
07497374X2,0749737411,"1 JACARANDA AVE BOYNE ISLAND CARA*, BOYNE ISLAND"
07409148X2,0740914556,"46 JACK ST OS HOSPITAL, ATHERTON"
08829613X2,0882968321,"1 JEWELL ST NR MORPHETT RD, OAKLANDS PARK"
03572813X2,0357281405,"20 JUNCTION RD , BEECHWORTH"
02442200X2,0244225926,"120 JUNCTION ST ADJ TO LANE, NOWRA"
02462809X2,0246283979,"184 JUNCTION RD OS RUSE TAVERN, RUSE"
07477455X2,0747745965,"906 INGHAM RD OS BOHLE LITTLE RH, BOHLE"
03984000X2,0398400118,"84 JACKSON CRT NR DONCASTER RD, DONCASTER EAST"
08894814X2,0889480138,"12 JINGILI TCE JINGILI SHOP CNTR, JINGILI"
03979152X2,0397917682,"53 JOFFRE ST CNR LEIGE AVE, NOBLE PARK"
02954421X2,0295441288,"3 INGALARA AVE NR EWOS PDE, CRONULLA"
02496734X2,0249675849,"49 INGALL ST , MAYFIELD"
07554620X2,0755462101,"148 JACOBS WELL RD NR BOAT RAMP, JACOBS WELL"
02972422X2,0297244068,"223 JOHN ST NR JOSEPH ST, CABRAMATTA"
02972706X1,0297276835,"59 JOHN ST FREEDOM PLAZA, CABRAMATTA"
02602516X2,0260253991,"449 KAITLERS RD CNR GAROOGONG RD, LAVINGTON"
03536810X2,0353681002,"125 INGLIS ST POST OFFICE, BALLAN"
03644202X2,0364422111,"77 INGLIS ST CNR GEORGE ST, WYNYARD"
03979132X2,0397914401,"1 INGRID ST NR HEATHERTON RD, DANDENONG"
03950916X2,0395094466,"702 INKERMAN RD NR CNR HAWTHORN RD, CAULFIELD NORTH"
03979161X2,0397916253,"61 JAMES ST , DANDENONG"
03970610X2,0397068204,"9 JAMES ST NR DAVID ST, DANDENONG"
02668951X2,0266895965,"84 JAMES ST NR MASONIC LODGE, DUNOON"
07385402X2,0738540972,"39 JAMES ST CNR ROBERTSON ST, FORTITUDE VALLEY"
02662510X7,0266251467,"3 JAMES RD NR BRUXNER HWY, GOONELLABAH"
02994908X2,0299494220,"1 JAMES ST CNR WEST ESPLANADE, MANLY"
03948232X2,0394823071,"20 JOHN ST OS RAIL STN, CLIFTON HILL"
02974938X2,0297492957,"119 JOHN ST OS LIDCOMBE PO, LIDCOMBE"
08945407X2,0894548320,"287 KALAMUNDA RD NR HAWTIN RD, MAIDA VALE"
07552501X2,0755250549,"21 KALEENA ST OPP EDDIES LANE, TUGUN"
03950909X2,0395091355,"663 INKERMAN ST NR EDITH ST, CAULFIELD NORTH"
03953714X2,0395371372,"2 INKERMAN ST CNR BARKLY ST, ST KILDA"
03953747X2,0395371911,"150 INKERMAN ST CNR HENRYVILLE ST, ST KILDA"
03952730X2,0395278659,"433 INKERMAN ST CNR ALEXANDRA ST, ST KILDA EAST"
08929402X2,0892941888,"47 INNAMINCKA RD NR WOOLOOMOOLOO RD, GREENMOUNT"
07493814X2,0749381309,"76 JAMES ST NR NICHOLSON ST, MT MORGAN"
08922722X2,0892278704,"57 JAMES ST NR WILLIAM ST, PERTH"
07546412X2,0754641307,"17 JOHN ST NR ROYAL GEORGE LN, ROSEWOOD"
08828300X2,0882830402,"73 JOHN ST , SALISBURY"
02657200X1,0265721032,"LVL 1 159 JOHN ST IN TOWN SQUARE, SINGLETON"
02657213X2,0265721165,"136 JOHN ST OS POST OFFICE, SINGLETON"
02494801X2,0249488254,"30 JOHN ST , WARNERS BAY"
02999706X2,0299971721,"1 KALINYA ST OS BUTCHER SHOP, NEWPORT"
08894548X2,0889452015,"37 KALYMNOS DRV KARAMA SHOPPING PL, KARAMA"
07493937X2,0749393566,"82 JOHN ST O/S LIBRARY, YEPPOON"
08863525X2,0886352789,"0 JOHN LEWIS DRV IN CARAVAN PARK, PORT BROUGHTON"
07327600X1,0732760138,"2 KAMERUKA ST CNR BEAUDESERT RD, CALAMVALE"
02435813X2,0243581141,"31 KAMILAROO RD OS LEISURE PARK, LAKE MUNMORAH"
03971903X2,0397197666,"588 KANGAROO GROUND ST OS POST OFFICE, PANTON HILL"
02436507X2,0243651042,"27 KARALTA RD OS TENNIS COURTS, ERINA"
03633123X2,0363315497,"171 INVERMAY RD , INVERMAY"
03633111X2,0363313975,"6 INVERMAY RD OS YORK PARK, INVERMAY"
03946043X2,0394607637,"10 INVERMAY ST , RESERVOIR"
07384437X2,0738445518,"27 JANE ST NR LITTLE JANE ST, WEST END"
02955215X2,0295522313,"126 JOHNSTON ST NR BOOTH ST O/S PO, ANNANDALE"
07339136X2,0733916978,"382 IPSWICH RD NR VICTORIA TCE, ANNERLEY"
02495216X2,0249578965,"49 JANET ST , JESMOND"
07465755X2,0746575530,"0 JARLEY ST , YARAKA"
03841501X2,0384150974,"35 JOHNSTON ST O/S TAFE CARPK ENT, COLLINGWOOD"
07405430X2,0740543948,"2 JASPER ST NR TOOGOOD RD, WOREE"
03930908X2,0393094553,"100 JOHNSTONE ST , BROADMEADOWS"
03957605X2,0395769615,"8 KATANDRA RD NR NORTH RD, ORMOND"
07542414X2,0754241607,"97 IPSWICH ST OPP HIGHLAND ST, ESK"
08826704X2,0882674310,"186 JEFFCOTT ST NR CHILDERS ST, NORTH ADELAIDE"
08832504X2,0883251029,"1 KATHLEEN ST NR TAYLORS RD, MORPHETT VALE"
07546465X2,0754646501,"3 IPSWICH ST NR HARRISVILLE RD, WARRILL VIEW"
08876208X2,0887621309,"65 JENKINS TCE OS MEDICAL CLINIC, NARACOORTE"
07337206X2,0733727336,"33 JONQUIL ST OS POLICE STATION, INALA"
02668559X2,0266855664,"37 JONSON ST OS GREAT NORTH'N, BYRON BAY"
02668575X2,0266857506,"64 JONSON ST RAILWAY PARK, BYRON BAY"
02668565X2,0266856167,"64 JONSON ST RAILWAY PARK, BYRON BAY"
02478225X2,0247822498,"216 KATOOMBA ST NR WARATAH ST, KATOOMBA"
07544334X2,0754438267,"2 KAYLEIGH DRV CNR WISES RD, BUDERIM"
03544218X2,0354422910,"23 IRON BARK RD NR ANDERSON ST, BENDIGO"
03943600X2,0394361479,"474 IRONBARK RD POST OFFICE OPP, YARRAMBAT"
08826706X2,0882674710,"63 KERMODE ST NR KING WILLIAM RD, NORTH ADELAIDE"
02668612X2,0266867655,"98 KERR ST CNR BENTINCK ST, BALLINA"
03517417X2,0351747522,"48 LAFAYETTE ST NR OF DENISON ST, TRARALGON"
02656322X2,0265632007,"0 LAGOON RD OS AIRPORT TRMNL, LORD HOWE ISLAND"
03545630X1,0354563134,"20 KING GEORGE ST NR ISLAND RD, COHUNA"
08936202X2,0893621622,"2 KING GEORGE ST NR ALBANY HWY, VICTORIA PARK"
08936214X2,0893624611,"63 KING GEORGE ST NR GLOUCESTER, VICTORIA PARK"
02979018X2,0297907259,"12 KITCHENER PDE OS EXCHANGE, BANKSTOWN"
02436800X2,0243681588,"2 KERTA RD CNR EMPIRE BAY DVE, KINCUMBER"
02622621X2,0262262075,"63 LAIDLAW ST IRVINES SQUARE, YASS"
02957015X2,0295708221,"526 KING GEORGES RD NR NORFOLK AVE, BEVERLY HILLS"
02954707X2,0295471091,"838 KING GEORGES RD NR CONNELLS PT RD, SOUTH HURSTVILLE"
08994833X2,0899483152,"49 KNIGHT TCE SAPPI PARK, DENHAM"
03582105X2,0358219984,"132 KNIGHT ST NR HAROLD ST, SHEPPARTON"
02636450X2,0263645300,"97 KEIWA ST NR POST OFFICE, MANILDRA"
02974027X2,0297404197,"39 KNOX ST , BELMORE"
08821249X2,0882126521,"75 KING WILLIAM ST NEAR ROYAL INSURA*, ADELAIDE"
08822107X2,0882216486,"117 KING WILLIAM ST NEAR HOMESTART BU*, ADELAIDE"
08841004X2,0884104694,"14 KING WILLIAM ST NEAR, ADELAIDE"
08821203X2,0882123290,"110 KING WILLIAM ST NR PIRIE ST, ADELAIDE"
08821213X2,0882126432,"81 KING WILLIAM ST NR CURRIE ST, ADELAIDE"
08841002X2,0884104690,"80 KING WILLIAM ST NR GRENFELL ST, ADELAIDE"
08823101X2,0882316072,"422 KING WILLIAM ST , ADELAIDE"
08933573X2,0893358920,"18 KNUTSFORD ST CORAM COURT, FREMANTLE"
08858475X2,0885847257,"36 KOKODA TCE NR ACACIA AVE, LOXTON"
08826425X2,0882641232,"196 KESTERS RD OPP LIBERMAN RD, PARA HILLS"
08935302X2,0893531301,"123 KEWDALE RD NR MILES RD, KEWDALE"
07335622X2,0733566329,"238 KELVIN GROVE RD CNR EUREKA ST, KELVIN GROVE"
03954661X2,0395465748,"23 KELVINSIDE RD CNR CALLENDER RD, NOBLE PARK"
08934301X2,0893435761,"34 KOONDOOLA AVE OS KOONDOOLA PLAZA, KOONDOOLA"
08934300X1,0893432906,"34 KOONDOOLA AVE OS KOONDOOLA PLAZA, KOONDOOLA"
03524440X2,0352444137,"46 KIDMAN AVE O/S MILKBAR, BELMONT"
07477922X2,0747798649,"193 KINGS RD NEAR CNR ALBURY ST, PIMLICO"
08935903X1,0893592647,"386 KELVIN RD IS CARAVAN PARK, ORANGE GROVE"
03956808X2,0395680317,"128 KOORNANG RD , CARNEGIE"
03956846X2,0395680304,"86 KOORNANG RD CNR JERSEY PDE, CARNEGIE"
03956813X2,0395681237,"20 KOORNANG ST OS BILLY GUYATTS, CARNEGIE"
03957807X2,0395783123,"327 KOORNANG RD NR CNR LEILA RD, CARNEGIE"
03952805X2,0395281148,"285 KOOYONG RD OS HOSP OPP 285, CAULFIELD"
03502910X2,0350291400,"15 KILKYNE WAY POST OFFICE, NANGILOC"
02445428X2,0244541429,"104 KINGS PT RD KINGS PT TRADING, KINGS POINT"
02949810X2,0294982565,"75 KENDALL ST WEST PYMBLE SHOPS, WEST PYMBLE"
03503023X2,0350302600,"20 KORALEIGH RD POST OFFICE, KRLGH"
03556210X2,0355624548,"141 KOROIT ST NR LIEBIG ST, WARRNAMBOOL"
02438902X2,0243892229,"48 KINGSFORD SMITH DRV , BERKELEY VALE"
07478615X2,0747861502,"26 KENNEDY ST CNR HERBERT, BOWEN"
03579501X2,0357951013,"32 KENNEDY ST OS HOSPITAL, EUROA"
02967402X2,0296742676,"2 KENNEDY PDE , LALOR PARK"
07409203X2,0740924063,"0 KENNEDY HWY O/S CARAVAN PARK, MAREEBA"
07406881X2,0740688109,"120 KENNEDY ESP , SOUTH MISSION BEACH"
03565740X2,0356574287,"1491 KORUMBURRA RD NR WONTHAGGI, KONGWAK"
02645753X8,0264575000,"0 KOSCIUSKO RD KOSCIUSKO CHALET, CHARLOTTES PASS"
02645620X2,0264562004,"0 KOSCIUSKO RD ADJ TO TOILET BLK, JINDABYNE"
02645750X8,0264575507,"0 KOSCIUSKO RD SKI TUBE TERMINAL, PERISHER VALLEY"
02979910X2,0297992598,"43 KING ST NR THIRD AVE, ASHBURY"
07544561X2,0754456068,"98 KING ST NR SHORT ST, BUDERIM"
07542834X2,0754283497,"9 KING ST NR MATTHEW TCE, CABOOLTURE"
07549831X2,0754983427,"52 KING ST NR MORAYFIELD RD, CABOOLTURE"
07326829X2,0732685068,"1127 KINGSFORD SMITH DRV CNR HOLT ST, EAGLE FARM"
07326202X2,0732623688,"128 KINGSFORD SMITH DRV OS BP GARAGE, HAMILTON"
08828004X2,0882808509,"3 KENSINGTON WAY OPP, BURTON"
08843119X2,0884313672,"259 KENSINGTON RD OS POST OFFICE, KENSINGTON PARK"
07474218X2,0747421609,"27 KING ST O/S SPORTS RESERVE, CLONCURRY"
02665111X2,0266512711,"65 KING ST NR WEST HIGH ST, COFFS HARBOUR"
07548520X2,0754852407,"10 KING ST NEAR COUNCIL PARK, COORAN"
03979197X2,0397913810,"5 KING ST OPP MARKET, DANDENONG"
08930931X2,0894092264,"98 KINGSLEY DRV OS KINGSLEY SC, KINGSLEY"
07409541X2,0740954404,"25 KENNEDY HWY OPP HASTIE ST, TOLGA"
07559926X2,0755991615,"0 KENNEDY DRV NR BOAT RAMP, TWEED HEADS"
07465735X2,0746573009,"0 KENNEDY DEVELOPMENT RD OS MIDDLETON HOTEL, MIDDLETON"
07339811X2,0733983541,"14 KENROSE ST NR RAMSDEN ST, CARINA"
07381404X2,0738141876,"183 KRUGER PDE NR HENTY DRV, REDBANK PLAINS"
08998126Y2,0899812946,"0 KUMARINA ROADHOUSE  156 KM S NEWMAN, KUMARINA"
02664307X2,0266432938,"33 KING ST OPP TELEPHONE EXCH, GRAFTON"
02994944X2,0299495376,"2 KING ST CNR CONDAMINE, MANLY VALE"
02966919X2,0296692196,"99 KING ST CNR HORNER AV, MASCOT"
02966926X2,0296692949,"206 KING ST NR HARDIE, MASCOT"
03961439X2,0396145637,"120 KING ST , MELBOURNE"
07332400X2,0733242837,"2 KURING-GAI AVE OS SERVICE STATION, TARRAGINDI"
03960005X2,0396000007,"173 KING ST NR BOURKE ST, MELBOURNE"
03961448X2,0396145867,"121 KING ST CNR LT COLLINS, MELBOURNE"
03967004X2,0396702678,"256 KING ST NR LONSDALE ST, MELBOURNE"
07544338X2,0754438410,"17 KING ST NR MEMORIAL AVE, MAROOCHYDORE"
02492754X2,0249275732,"282 KING ST NR WHEELER PLACE, NEWCASTLE"
03946519X2,0394651898,"116 KINGSWAY DRV OS CHILDHLTH CNTR, LALOR"
07412330X2,0741235613,"385 KENT ST NR BAZAAR ST, MARYBOROUGH"
07335807X2,0733581877,"64 KENT ST NR BRUNSWICK ST, NEW FARM"
07335828X2,0733581196,"64 KENT ST NR BRUNSWICK ST, NEW FARM"
07335805X2,0733581533,"222 KENT ST CNR JAMES ST, NEW FARM"
02695300X2,0269532054,"5 KURRAJONG AVE TELEPHONE EXCHANGE, LEETON"
08897613Y1,0889761384,"0 KYBROOK FARM  ABORIGINAL AD ASSC, PINE CREEK"
02955020X2,0295503424,"210 KING ST CNR BROWN ST, NEWTOWN"
02955007X2,0295503412,"210 KING ST CNR BROWN ST, NEWTOWN"
02955751X2,0295575462,"210 KING ST CNR BROWN ST, NEWTOWN"
02955025X2,0295503531,"352 KING ST NR NEWMAN ST, NEWTOWN"
03930800X2,0393081213,"1 KINGSWOOD DRV OS SERVICE STN, CRAIGIEBURN"
02499761X2,0249976101,"2 KINKA RD OS STORE, SEAL ROCKS"
08825502X2,0882551632,"78 KINKAID RD OPP, ELIZABETH EAST"
08930510X2,0893056117,"59 KINROSS DRV OS KINROSS SC, KINROSS"
08931616X2,0893643676,"2 KINTAIL RD NR CANNING BEACH R, APPLECROSS"
08823205X1,0882329758,"46 KINTORE AVE STATE LIBRARY, ADELAIDE"
08853100X2,0885310201,"15 KINTORE AVE NR HIRT, MURRAY BRIDGE"
03935024X2,0393504028,"99 KENT ST NR CUMBERLAND RD, PASCOE VALE"
08952833X2,0895282139,"4 KENT ST NR RAILWAY TCE, ROCKINGHAM"
03960220X2,0396021516,"555 LA TROBE ST OS WILLIAM ANGLISS, MELBOURNE"
03960224X2,0396021916,"333 LA TROBE ST NR QUEEN ST, MELBOURNE"
02928116X2,0292818283,"2 KIPPAX ST NR ELIZABETH ST, SURRY HILLS"
02928154X2,0292812609,"2 KIPPAX ST NR ELIZABETH ST, SURRY HILLS"
02927933X2,0292792342,"374 KENT ST NR MARKET ST, SYDNEY"
07497208X2,0749726494,"7 KENT ST THE GARDENS, WEST GLADSTONE"
02699310X2,0269931105,"120 LACHLAN ST POST OFFICE FOYER, HAY"
02699313X2,0269931499,"198 LACHLAN ST CNR LEONARD ST, HAY"
02429413X2,0242943541,"0 LADY CARRINGTON DRV RAILWAY STATION, OTFORD"
08844900X2,0884495032,"203 LADY GOWRIE DRV OPP, LARGS BAY"
07466480X2,0746648281,"16 KING ST FOOTPATH OS PO, YANGAN"
02655472X2,0265547276,"84 LITTLE ST , FORSTER"
02655513X2,0265558357,"44 LITTLE ST , FORSTER"
07384914X2,0738490685,"1722 LOGAN RD OS CENTRAL 7, UPPER MT GRAVATT"
02484221X2,0248422506,"65 LASCELLES ST NR WALLIS ST, BRAIDWOOD"
03594002X2,0359401822,"1 LEIGH DRV OS MILK BAR, PAKENHAM"
03957814X2,0395787110,"7 LEILA RD OPP 7 LEILA, ORMOND"
03963916X2,0396390317,"205 LITTLE BOURKE ST OS DBOAT NR LATRBE, MELBOURNE"
03966336X2,0396638757,"161 LITTLE BOURKE ST NR RUSSELL ST, MELBOURNE"
03508330X2,0350833000,"67 LASCELLES ST NR AUSTIN ST, HOPETOUN"
07383201X2,0738321059,"74 LITTLE EDWARD ST NR BOUNDARY ST, SPRING HILL"
07383200X2,0738321902,"74 LITTLE EDWARD ST NR BOUNDARY ST, SPRING HILL"
03627234X2,0362783658,"2 LENNOX AVE NR RISDON RD, LUTANA"
07412101X1,0741213753,"142 LENNOX ST O/S SPORTSCENE, MARYBOROUGH"
07412102X1,0741216305,"142 LENNOX ST O/S NEWSAGENCY, MARYBOROUGH"
07498615X2,0749861691,"76 LITTLEFIELD ST O/S CARAVAN PARK, BLACKWATER"
08922724X2,0892278709,"26 LAKE ST NR JAMES ST, NORTHBRIDGE"
08922721X2,0892278629,"26 LAKE ST NR JAMES ST, NORTHBRIDGE"
03966280X2,0396623136,"86 LATROBE ST NR RUSSELL ST NE, MELBOURNE"
03522113X2,0352213477,"356 LATROBE TCE NR SAFFRON ST, NEWTOWN"
02435810X2,0243581101,"1 LESLIE AVE , LAKE MUNMORAH"
02434443X2,0243444056,"3 LESLIE ST , UMINA BEACH"
02979916X2,0297995983,"176 LIVERPOOL RD NR MURRELL ST, ASHFIELD"
02971627X2,0297166841,"244 LIVERPOOL RD OS ASHFIELD MALL, ASHFIELD"
02971617X2,0297166903,"244 LIVERPOOL RD OS ASHFIELD MALL, ASHFIELD"
03970401X2,0397046300,"2 LAUDERDALE RD CNR PRINCES HWY, NARRE WARREN"
07328438X2,0732846700,"1 LAURA ST NR HORNIBROOK ESP, CLONTARF"
03556213X2,0355624348,"121 LAVA ST NR LIEBIG ST, WARRNAMBOOL"
02494802X2,0249488721,"8 LAKE ST , WINDALE"
03623422X2,0362344348,"12 LEWIS ST , NORTH HOBART"
03624805X2,0362486101,"2 LEWIS AVE , SEVEN MILE BEACH"
03628910X1,0362891032,"520 LAKE ST CLAIR RD BACKPACKERS HUT, LAKE ST CLAIR"
03628911X2,0362891127,"540 LAKE ST CLAIR RD INFO CNTR IN FOYER, LAKE ST CLAIR"
02438907X2,0243891885,"367 LAKEDGE AVE CNR ALBATROSS RD, BERKELEY VALE"
02438909X2,0243892209,"123 LAKEDGE AVE CNR JEAN ST, BERKELEY VALE"
02974038X2,0297403654,"206 LAKEMBA ST , LAKEMBA"
02974029X2,0297404219,"206 LAKEMBA ST , LAKEMBA"
02931400X2,0293140817,"8 LEXINGTON PL , MAROUBRA"
03945940X2,0394596637,"361 LIBERTY PDE NR NORMANBY CRT, HEIDELBERG WEST"
02926920X2,0292690693,"187 LIVERPOOL ST O/S CONNAUGHT CNTR, SYDNEY"
02426202X2,0242621351,"56 LAKESIDE DRV OS SHOPS, KANAHOOKA"
08934974X2,0893495654,"66 LAWLEY ST NR STONEHAM ST, TUART HILL"
07559604X2,0755020157,"56 LAWRENCE DRV OUTSIDE SNACK BAR, NERANG"
03517421X2,0351747811,"136 LIDDIARD RD OPP NURSING HOME, TRARALGON"
03636350X2,0363635155,"2 LIENA RD VIA MOLE CREEK, LIENA"
08821252X2,0882128793,"LVL 1 20 LIGHT ST ADEL TAFE COLLEGE, ADELAIDE"
02496306X2,0249635057,"36 LLEWELLYN ST , MEREWETHER"
02435812X2,0243581104,"38 LLOYD AVE OPP SHOPS, CHAIN VALLEY BAY"
02496805X2,0249688121,"2 LAMBTON RD , WARATAH"
02649345X2,0264934660,"22 LAMONT ST OS CHEMIST SHOP, BERMAGUI"
02426802X2,0242681328,"372 LAWRENCE HARGRAVE DRV OS BARBER SHOP, THIRROUL"
02426810X2,0242681224,"529 LAWRENCE HARGRAVE DRV OS POST OFFICE, WOMBARRA"
07493320X7,0749331201,"11 LAWRIE ST NR PLATEN ST, GRACEMERE"
02496600X2,0249664010,"25 LAWSON AVE SHOPPING CENTRE, BERESFIELD"
07409210X2,0740924817,"13 LLOYD ST GEN HOSP, MAREEBA"
03503022X2,0350302300,"14 LLOYD ST OPP POST OFFICE, NYAH WEST"
02983706X2,0298371137,"35 LALOR RD , QUAKERS HILL"
08836301X2,0883630314,"1 LAMBERT RD NEAR, JOSLIN"
03633904X2,0363392505,"62 LAMBERT ST NR FARADAY ST, RAVENSWOOD"
07380019X2,0738006729,"133 LAMBERTH RD NR EMERALD DRV, REGENTS PARK"
02645216X2,0264521019,"60 LAMBIE ST NR SHARP ST, COOMA"
02668563X2,0266856704,"13 LAWSON ST NR FLETCHER ST, BYRON BAY"
07409201X2,0740924949,"21 LAWSON ST OS RETIREMENT HOME, MAREEBA"
02495911X2,0249594632,"14 LAYCOCK ST OS SHOPS, CAREY BAY"
07328126X2,0732812348,"86 LIMESTONE ST OS CIVIC CTRE CPRK, IPSWICH"
07498200X2,0749820275,"69 LOCH ST NEAR CNR OPAL ST, EMERALD"
03597400X2,0359748209,"42 LOCHIEL AVE CNR WATSONS RD, MT MARTHA"
08826824X2,0882686098,"2 LOCHSIDE DRV NEAR, WEST LAKES"
03595690X2,0359569351,"41 LOCK RD OS RHYLL STORE, RHYLL"
02962143X2,0296211663,"18 LANCASTER ST , BLACKTOWN"
02962130X2,0296217610,"92 LANCELOT ST CNR MAUD ST, BLACKTOWN"
02955046X2,0295503750,"15 LAYTON ST NR PARRAMATTA RD, CAMPERDOWN"
08933719X2,0893378315,"73 LEACH HWY CNR STOCK ROAD, WILLAGEE"
08932842X2,0893288799,"204 LINCOLN ST NR WILLIAM ST, HIGHGATE"
02941804X2,0294182241,"8 LOCKSLEY ST OS KILLARA P/L, KILLARA"
02997512X2,0299755436,"26 LOCKWOOD AVE NR GLEN ST, BELROSE"
02656674X2,0265667091,"47 LANDSBOROUGH ST , SOUTH WEST ROCKS"
07320316X2,0732035637,"99 LANDSBOROUGH AVE NR NEWSAGENCY, SCARBOROUGH"
03946011X2,0394605419,"164 LEAMINGTON ST , RESERVOIR"
07327304X2,0732738829,"281 LEAROYD RD CNR WATSON RD, ACACIA RIDGE"
08968610X2,0896861060,"3 LINDSAY ST O/S POST OFFICE, BEACON"
02494003X2,0249654295,"63 LINDSAY ST , HAMILTON"
02976311X2,0297631635,"1 LOFTUS CRS NR STATION ST, HOMEBUSH"
03970605X2,0397067853,"27 LANGHORNE ST CNR WALKER ST, DANDENONG"
03970604X2,0397067302,"27 LANGHORNE ST CNR WALKER ST, DANDENONG"
03979156X2,0397917810,"52 LANGHORNE ST OS POLICE STATION, DANDENONG"
02688203X2,0268821721,"16 LEAVERS ST , DUBBO"
02497600X2,0249762010,"4 LINDSLEY ST , CATHERINE HILL BAY"
02634223X2,0263422165,"23 LOGAN ST NR VICTOR ST, COWRA"
07384703X2,0738471194,"588 LOGAN RD NR CHATSWORTH RD, GREENSLOPES"
03623429X2,0362345520,"104 LANDSDOWNE CRS CNR HILL ST, WEST HOBART"
03633001X2,0363302198,"8 LEGANA GR O/S MARKET ENTRY, LEGANA"
08959213X2,0895924022,"12 LEGHORN ST NR SUCCESS DVE, ROCKINGHAM"
07334927X2,0733494122,"1226 LOGAN RD CNR NURSERY RD, HOLLAND PARK WEST"
07334918X2,0733497120,"1187 LOGAN RD CNR NURSERY RD, HOLLAND PARK WEST"
03937021X2,0393706961,"60 LANGS RD , ASCOT VALE"
07335819X2,0733583311,"25 LANGSHAW ST CNR BOWEN TCE, NEW FARM"
07498492X2,0749849204,"23 LANGTON ST CNR ARBOR ST, CAPELLA"
02998203X2,0299829721,"1 LISMORE AVE NR GRAFTON CRES, DEE WHY"
07384907X2,0738493342,"1421 LOGAN RD NR GOWIE ST, MT GRAVATT"
02493202X2,0249327254,"14 LOGAN RD , RUTHERFORD"
07334302X2,0733436720,"1973 LOGAN RD NR KESSELS RD, UPPER MT GRAVATT"
07334928X2,0733495900,"1755 LOGAN RD OPP LUMLEY ST, UPPER MT GRAVATT"
03502108X2,0350214626,"76 LANGTREE MALL 9TH ST END, MILDURA"
03502210X2,0350221148,"29 LANGTREE AVE NR TELSTRA EXCHNGE, MILDURA"
07477611X2,0747762948,"46 LANNERCOST ST NEAR ROYAL HOTEL, INGHAM"
08938723X2,0893873833,"24 LANSDOWNE ST NR CARDIGAN TCE, JOLIMONT"
02655671X2,0265567108,"26 LANSDOWNE RD OS POST OFFICE, LANSDOWNE"
02963338X2,0296334410,"1 LANSDOWNE ST CNR MARSDEN ST, PARRAMATTA"
03626524X2,0362652105,"18 MAIN RD OS SORELL EXCH, SORELL"
03528150X2,0352815204,"10 MAIN ST POST OFFICE, TEESDALE"
02936818X2,0293681252,"50 MACLEAY ST ADJ TO PO, POTTS POINT"
02962124X2,0296216322,"PLATFM 4 1 MAIN ST RWS O/S LIFTS, BLACKTOWN"
08837012X2,0883703017,"260 MAIN RD BLACKWOOD EXCHANGE, BLACKWOOD"
08827816X2,0882786098,"183 MAIN RD NR COLTON RD, BLACKWOOD"
08827811X2,0882787498,"140 MAIN RD NR MCDONALD ST, BLACKWOOD"
08837004X2,0883703192,"200 MAIN RD N OF CHAPMAN ST, BLACKWOOD"
08837014X2,0883703079,"10 MAIN RD O/S BELAIR SHOPS, BELAIR"
03599671X2,0359967854,"26 LURLINE ST CNR BRUCE ST, CRANBOURNE"
02478227X2,0247821565,"167 LURLINE ST NR GOYDER AVE, KATOOMBA"
02478208X2,0247822632,"89 LURLINE ST NR MERRIWA ST, KATOOMBA"
02439707X2,0243967963,"145 MAIN RD OS CARAVAN PARK, TOUKLEY"
07409540X2,0740954105,"67 MAIN ST OS TELEPHONE EXCH, TOLGA"
07463060X2,0746306148,"98 MAIN ST OP PROGRESS AVE 26, WESTBROOK"
02974920X2,0297492067,"47 MACQUARIE RD , AUBURN"
02494771X2,0249477098,"24 MACQUARIE ST OS POST OFFICE, BELMONT"
03637682X2,0363768208,"46 MAIN ST NR SHOP, BINALONG BAY"
07462562X2,0746256148,"0 MAIN ST NR WILLIAM ST, BOLLON"
03599770X2,0359977200,"675 MAIN ST GENERAL STORE, BAYLES"
03624800X2,0362485199,"985 MAIN RD , CAMBRIDGE"
02636420X2,0263642088,"20 MAIN ST NR POST OFFICE, CUDAL"
08862822X2,0886282224,"22 MAIN ST OS POST OFFICE, CLEVE"
03627500X1,0362750871,"35 MAIN RD CLAREMONT VILLAGE, CLAREMONT"
02662910X2,0266291400,"33 MAIN ST ADJ POST OFFICE, CLUNES"
08963521X9,0896351001,"63 MAIN ST O/S POST OFFICE, CUNDERDIN"
08827815X2,0882788698,"401 MAIN RD NR OAKDENE CRES, COROMANDEL VALLEY"
03635420X2,0363542105,"12 MAIN RD OS HOTEL, WELDBOROUGH"
03649214X2,0364921307,"62 MAIN ST , WILMOT"
03568801X2,0356881301,"15 MAIN ST OS PRE-SCHOOL, WELSHPOOL"
02688401X2,0268842871,"100 MACQUARIE ST , DUBBO"
02688203X1,0268826943,"177 MACQUARIE ST DUBBO CITY CENTRE, DUBBO"
03623123X2,0362313965,"120 MACQUARIE ST NR MURRAY ST, HOBART"
02447224X2,0244724965,"2 LONGBEACH RD NR SANDY PLCE, LONG BEACH"
02457310X2,0245731300,"2 LONGLEAT RD CNR BELLS LINE OF, KURMOND"
02941809X2,0294189284,"138 LONGUEVILLE RD OS WESTPAC, LANE COVE"
02941816X2,0294189312,"83 LONGUEVILLE RD NR BIRDWOOD AVE, LANE COVE"
03639760X2,0363976201,"66 MAIN ST OS OLD POST OFFICE, CRESSY"
03972301X2,0397230621,"134 MAIN ST OS WESTPAC BANK, CROYDON"
03972300X2,0397230618,"134 MAIN ST OS WESTPAC BANK, CROYDON"
03972532X2,0397253909,"14 MAIN ST CNR COOLSTORE RD, CROYDON"
08862921X2,0886292224,"2 MAIN ST POST OFFICE, COWELL"
03559760X2,0355976500,"42 MAIN RD OS PO NR WALKER ST, DERRINALLUM"
03627227X2,0362729902,"257 MAIN RD , DERWENT PARK"
03576441X2,0357644202,"36 MAIN ST OS 36 MAIN ST, DEVENISH"
08827603X2,0882765509,"1 LUTANA AVE NR ALAWOONA AVE, MITCHELL PARK"
07385712X2,0738572180,"480 LUTWYCHE RD CNR WESLEY ST, LUTWYCHE"
07335716X2,0733578037,"270 LUTWYCHE RD NR CONSTITUTION RD, WINDSOR"
02982246X2,0298224712,"193 MACQUARIE ST PLAZA MALL, LIVERPOOL"
02982283X2,0298224721,"193 MACQUARIE ST PLAZA MALL, LIVERPOOL"
03979405X2,0397948239,"228 LONSDALE ST CNR LANGHORNE ST, DANDENONG"
03979404X2,0397948131,"228 LONSDALE ST CNR LANGHORNE ST, DANDENONG"
03979158X2,0397914539,"151 LONSDALE ST , DANDENONG"
03577429X2,0357742915,"9 MAIN ST OPP OP SHOP, EILDON"
03523111X2,0352311277,"165 MAIN ST POST OFFICE, ELLIMINYT"
03568205X2,0356822300,"58 MAIN ST OS POST OFFICE, FOSTER"
03568201X2,0356822700,"9 MAIN ST OS CAR PARK, FOSTER"
02497301X2,0249731441,"5 MACQUARIE RD , MORISSET PARK"
02457707X2,0245774298,"324 MACQUARIE ST NR DRUMMOND ST, SOUTH WINDSOR"
03960012X2,0396000572,"399 LONSDALE ST , MELBOURNE"
03627331X1,0362739286,"395 MAIN RD NORTHGATE MAIN ENT, GLENORCHY"
03627306X2,0362734034,"368 MAIN RD O/S OPTOMESTIST, GLENORCHY"
03627218X2,0362729073,"320 MAIN ST OS RSL CLUB, GLENORCHY"
03519200X2,0351924400,"23 MAIN ST OS HOTEL, GLENGARRY"
08941400X2,0894146025,"2 LYDON BLV NR TAPPER DVE, ATWELL"
03628910X2,0362891120,"15480 LYELL HWY ADJ ROADHOUSE, DERWENT BRIDGE"
02487105X2,0248712054,"29 LYELL ST NR HUME HWY, MITTAGONG"
03628812X2,0362881107,"1651 LYELL HWY , WESTERWAY"
02922308X2,0292231431,"8 MACQUARIE ST SYDNEY HOSPITAL, SYDNEY"
03967006X2,0396703837,"601 LONSDALE ST , MELBOURNE"
03967015X2,0396709785,"572 LONSDALE ST , MELBOURNE"
03967107X2,0396713597,"103 LONSDALE ST , MELBOURNE"
03966212X2,0396621082,"253 LONSDALE ST , MELBOURNE"
03960246X2,0396024038,"525 LONSDALE ST NR WILLIAM ST, MELBOURNE"
02493701X2,0249371409,"48 MAIN RD , HEDDON GRETA"
03639362X2,0363936501,"9 MAIN ST OS CAR PARK, HADSPEN"
02925114X2,0292516045,"2 MACQUARIE ST SYDNEY OPERA HOUSE, SYDNEY"
03534820X2,0353482599,"108 MAIN RD POST OFFICE, HEPBURN SPRINGS"
08838812X2,0883887012,"53 MAIN RD OPP BALHANNA RD, HAHNDORF"
07465820X2,0746582137,"20 MAIN AVE O/S POST OFFICE, ILFRACOMBE"
03966320X2,0396636358,"220 LYGON ST OS MOTEL, CARLTON"
03934734X2,0393475983,"113 LYGON ST OS CARLTON STH PO, CARLTON"
03934754X2,0393471940,"113 LYGON ST OS CARLTON STH PO, CARLTON"
03934911X2,0393492036,"338 LYGON ST OS READINGS BOOKS, CARLTON"
03934956X2,0393492051,"205 LYGON ST OS ANZ BANK, CARLTON"
03934936X1,0393492845,"153 LYGON ST O/S ARGYLE SQUARE, CARLTON"
02638205X2,0263825552,"61 LYNCH ST POST OFFICE, YOUNG"
02495103X2,0249514210,"22 MACQUARIE ST , WALLSEND"
03538520X2,0353852200,"26 MARMA ST NR MCDONALD ST, MURTOA"
03559861X2,0355986309,"14 LORD ST NR CAIRNS ST, PORT CAMPBELL"
02636910X1,0263691748,"208 LORDS PL NR SUMMER ST, ORANGE"
07339116X2,0733915032,"663 MAIN ST NR LLEWELLYN ST, KANGAROO POINT"
07389108X2,0738916597,"660 MAIN ST OPP LLEWELLYN ST, KANGAROO POINT"
07339143X2,0733917320,"660 MAIN ST OPP LLEWELLYN ST, KANGAROO POINT"
03625912X2,0362591209,"91 MAIN ST , KEMPTON"
07548430X2,0754843100,"48 MAIN ST NR MARGARET ST, KANDANGA"
03545311X2,0354531049,"83 MAIN ST POST OFFICE, KOONDROOK"
03543570X2,0354357301,"1 MAIN RD POST OFFICE, LAANECOORIE"
08836501X2,0883651879,"2 LYNETTE AVE NR REID AVE, HECTORVILLE"
08945806X2,0894581029,"2 LYNWOOD AVE , LYNWOOD"
03954301X2,0395431019,"2 MACRINA ST NR FERNTREE GLY RD, OAKLEIGH EAST"
02692245X2,0269224032,"101 MAIN ST OS SHOP, LAKE ALBERT"
02635307X2,0263531206,"48 MAIN ST , LITHGOW"
02971901X2,0297198557,"21 LYONS RD CNR VICTORIA RD, DRUMMOYNE"
07478292X2,0747829105,"3 LYONS ST , GIRU"
08826109X2,0882613054,"90 LYONS RD NEAR, HOLDEN HILL"
03543871X2,0354387202,"1 LYONS ST OS TOWN HALL, NEWBRIDGE"
03598531X2,0359856822,"1 LYONS ST OS POST OFFICE, RYE"
08826115X2,0882614109,"54 LYONS RD NR PALMERSTON RD, WINDSOR GARDENS"
03946400X2,0394640042,"18 LORNE ST , LALOR"
03627303X2,0362789940,"62 MAIN RD OS POST OFFICE, MOONAH"
03975602X2,0397566300,"138 MAIN ST CNR JORDON RD, MONBULK"
08885320X2,0888532024,"27 MAIN ST POST OFFICE, MINLATON"
02655320X1,0265532038,"21 MAIN RD WEEROONA CVAN PK, MANNING POINT"
03547219X2,0354723000,"33 LYTTLETON ST NR POST OFFICE, CASTLEMAINE"
07389901X2,0738990532,"470 LYTTON RD , MORNINGSIDE"
02662250X2,0266226983,"66 MAGELLAN ST NR CARRINGTON ST, LISMORE"
03639730X2,0363973302,"49 LOUISA ST OPP HOTEL, BRACKNELL"
03958029X2,0395801590,"626 MAIN ST CNR BEACH RD, MORDIALLOC"
03958034X2,0395803106,"509 MAIN ST OS SHOPS, MORDIALLOC"
03582501X2,0358252702,"2 MAC ISAAC RD NR ECHUCA RD, MOOROOPNA"
07416811X2,0741681720,"40 MACALISTER ST NR TAYLOR ST EAST, MURGON"
08843101X2,0884311132,"661 MAGILL RD NR VINE ST, MAGILL"
08836205X2,0883622059,"47 MAGILL RD NEAR, STEPNEY"
07547603X2,0754760168,"22 LOWE ST NR SHORT ST OS PO, NAMBOUR"
08996114X2,0899611883,"12 MAIN RD OPP POLICE STATION, MULLEWA"
08855822X2,0885582270,"85 MAIN RD VILLAGE CNTR, NORMANVILLE"
02439703X2,0243967956,"442 MAIN RD CNR PANDORA PDE, Toukley"
07416817X2,0741681520,"91 MACALISTER ST MURGON EXCHANGE, MURGON"
03945924X2,0394593286,"135 LOWER PLENTY RD , ROSANNA"
08934970X2,0893495232,"197 MAIN ST NR FEDERAL ST, OSBORNE PARK"
08934416X2,0893444972,"225 MAIN ST NR HUTTON ADJ C/PK, OSBORNE PARK"
08924210X2,0892423032,"128 MAIN ST NR CAPE ST, OSBORNE PARK"
03639821X2,0363982407,"61 MAIN RD ADJ POST OFFICE, PERTH"
08865128X2,0886512799,"164 MAIN ST OS POST OFFICE, PETERBOROUGH"
03594108X2,0359411291,"9 MAIN ST , PAKENHAM"
03594105X2,0359411691,"117 MAIN ST PAKENHAM EXCHANGE, PAKENHAM"
07544502X2,0754450729,"7 MAIN ST NR CHURCH ST, PALMWOODS"
02974012X2,0297404131,"76 MACDONALD ST NR PUNCHBOWL RD, LAKEMBA"
03958447X2,0395844511,"127 LOWER DANDENONG RD , MENTONE"
03958043X2,0395806291,"196 LOWER DANDENONG RD OS SHOPS, MORDIALLOC"
03949914X2,0394995672,"244 LOWER HEIDELBERG RD , IVANHOE EAST"
02921224X2,0292123114,"1 MARY ANN ST NR BULWARRA RD, ULTIMO"
03949923X2,0394995743,"272 LOWER HEIDELBERG RD , IVANHOE EAST"
08984470X2,0898447000,"629 LOWER KIN RD ROADHOUSE, LOWER KING"
03643711X2,0364371432,"81 MAIN ST ESPLANADE, PENGUIN"
03625411X2,0362541301,"640 MAIN RD CNR RUSSELL ST, PARATTAH"
03629711X2,0362971204,"4478 MAIN RD OS POST OFFICE, PORT HUON"
07474831Y1,0747483172,"0 MAIN ST CNR HUTTON ST, PITURIE"
03985200X2,0398521366,"13 MACEDON RD , TEMPLESTOWE LOWER"
07336911X2,0733693977,"64 MACGREGOR TCE NR SIMPSONS RD, BARDON"
07405591X2,0740559101,"27 MACHANS ST NR TUCKER ST, MACHANS BEACH"
03582112X2,0358215437,"48 MACINTOSH ST NR SANDERSON, SHEPPARTON"
02662800X2,0266280200,"86 MAIN ST POST OFFICE, ALSTONVILLE"
03536700X2,0353672273,"156 MAIN ST POST OFFICE, BACCHUS MARSH"
07542613X2,0754261304,"216 LOWOOD MINDEN RD NR MNATHEY RD, TARAMPA"
08934988X2,0893495211,"23 LOXWOOD RD NR FERNHURST CR, BALGA"
03943704X2,0394372794,"1546 MAIN RD O/S NEWSAGENCY, RESEARCH"
03542960X2,0354296041,"107 MAIN RD OS SHOP CENTRE, ROMSEY"
03649100X2,0364911300,"58 MAIN ST OS POST OFFICE, SHEFFIELD"
02654745X7,0265474506,"1623 MAIN RD OPP POST OFFICE, SANDY HOLLOW"
03957927X2,0395793748,"87 MACKIE RD CNR DEAKIN ST, BENTLEIGH EAST"
08936172X2,0893615397,"110 MACKIE ST NR BERWICK ST, VICTORIA PARK"
03523460X2,0352346400,"65 MAIN ST POST OFFICE, BEEAC"
03546910X2,0354691203,"1 MAIN ST POST OFFICE, BEALIBA"
03523620X2,0352362200,"65 MAIN ST POST OFFICE, BIRREGURRA"
02962142X2,0296217765,"166 MAIN ST , BLACKTOWN"
07340951X2,0734095246,"1 LUCAS DRV NR FERRY ST, LAMB ISLAND"
08932829X2,0893286011,"51 MARLBOROUGH ST NR LORD ST, HIGHGATE"
03625980X2,0362598145,"3096 MARLBOROUGH RD OUTSIDE HOTEL, MIENA"
03985310X2,0398532302,"2 MALMSBURY ST , KEW"
03522101X1,0352213667,"88 MALOP ST MARKET SQUARE, GEELONG"
03522230X2,0352222748,"245 MALOP ST NR SWANSTON ST, GEELONG"
03522227X2,0352223601,"150 MALOP ST OS OFFICE WORKS, GEELONG"
03522238X2,0352228961,"80 MALOP ST O/S MARKET SQUARE, GEELONG"
02955028X2,0295503563,"3 MARMION ST NR KINGSTON ST, CAMPERDOWN"
08933546X2,0893356421,"117 MARMION ST NR DALGETY ST, FREMANTLE"
08931700X2,0893299731,"368 MARMION ST NR THORN ST, MELVILLE"
02495104X2,0249514021,"207 MARYLAND DRV OS NBR'HOOD CENTRE, MARYLAND"
07468109X2,0746811837,"12 MARYLAND ST NR RAILWAY ST, STANTHORPE"
07468111X2,0746813113,"29 MARYLAND ST NR FARLEY ST, STANTHORPE"
02982233X2,0298224104,"2 MARYVALE AVE NR MEMORIAL AVE, LIVERPOOL"
03982217X2,0398227337,"1480 MALVERN RD , GLEN IRIS"
03577471X2,0357747300,"2187 MAROONDAH HWY OS POST OFFICE, BUXTON"
03946020X2,0394608237,"37 MASSEY AVE , RESERVOIR"
07474318X2,0747439853,"71 MARIAN ST CNR BUTLER ST, TOWNVIEW"
03937011X2,0393703720,"205 MARIBYRNONG RD CNR DARLING ST, ASCOT VALE"
03972552X2,0397259348,"152 MAROONDAH HWY NR CNR KENT AVE, CROYDON"
03596251X2,0359625399,"40 MAROONDAH HWY CNR STEEL ST, HEALESVILLE"
03973911X2,0397395883,"173 MAROONDAH HWY OS SHOWGROUNDS, LILYDALE"
03516300X2,0351631300,"42 MAIN ST NR LANGLEY ST, YINNAR"
08865140X2,0886514221,"0 MAIN RD POST OFFICE, YONGALA"
03647160X2,0364716103,"31 MAIN ST OS SUPERMARKET, ZEEHAN"
03987014X2,0398707590,"46 MAROONDAH HWY , RINGWOOD"
08826013X2,0882601016,"406 MAIN NORTH RD AUDREY AVE, BLAIR ATHOL"
08826015X2,0882602697,"490 MAIN NORTH RD , BLAIR ATHOL"
08826024X2,0882604710,"475 MAIN NORTH RD ADJ, ENFIELD"
08958600X2,0895863917,"90 MANDURAH TCE OPP SHIRE OFFICES, MANDURAH"
08958154X2,0895815499,"183 MANDURAH TCE SANDS SC, MANDURAH"
08958113X2,0895811869,"183 MANDURAH TCE SANDS SC, MANDURAH"
08952430X2,0895243012,"1250 MANDURAH RD PIKE RD, WARNBRO"
03585902X2,0358590400,"110 MANGAN ST NR FIRE STATION, TONGALA"
02498424X2,0249815512,"44 MARINE DRV WORKRS CLUB RESORT, FINGAL BAY"
08943004X2,0894305164,"7 MARINE TCE NR CLIFF ST, FREMANTLE"
03987012X2,0398707290,"90 MAROONDAH HWY , RINGWOOD"
02931403X2,0293141589,"205 MAROUBRA RD MAROUBRA JCT POST, MAROUBRA"
02934411X2,0293447075,"236 MAROUBRA RD NR COOPER ST, MAROUBRA"
07557104X2,0755710970,"3606 MAIN BEACH PDE OS CARAVAN PARK, MAIN BEACH"
02667412X2,0266742624,"0 MARINE PDE OPP TERRACE ST, KINGSCLIFF"
02667409X2,0266742408,"96 MARINE PDE NR POST OFFICE, KINGSCLIFF"
02667408X2,0266742336,"0 MARINE PDE OPP HOTEL, KINGSCLIFF"
03503721X2,0350372100,"1 MARRABOOR ST POST OFFICE, LAKE BOGA"
08924616X2,0892464468,"50 MARRI RD OS DUNCRAIG SC, DUNCRAIG"
08826000X1,0882607461,"449 MAIN NORTH RD ENFIELD PLAZA S/C, ENFIELD"
08826923X2,0882693454,"264 MAIN NORTH RD NR REGENCY RD, PROSPECT"
07339607X2,0733967037,"375 MANLY RD NR AMBERJACK ST, MANLY WEST"
02692731X2,0269273107,"0 MANN ST OS POST OFFICE, COOLAMON"
02934936X2,0293498382,"124 MARINE PDE NR BOND ST, MAROUBRA"
07328442X2,0732847302,"69 MARINE PDE NR DIX ST, REDCLIFFE"
07328419X2,0732847984,"17 MARINE PDE NR MACDONNELL RD, REDCLIFFE"
03567852X2,0356785300,"105 MARINE PDE OS POST OFFICE, SAN REMO"
03567851X2,0356785207,"159 MARINE PDE , SAN REMO"
02956435X2,0295642218,"276 MARRICKVILLE RD CNR SILVER ST, MARRICKVILLE"
02956023X2,0295609454,"276 MARRICKVILLE RD CNR SILVER ST, MARRICKVILLE"
02969963X2,0296999176,"141 MARRIOT ST NR PHILLIP ST, REDFERN"
08884721X2,0888472224,"0 MAIN NORTH RD OPP RHYNIE HOTEL, RHYNIE"
08935606X2,0893561687,"113 MANNING RD O/S SHOPS, BENTLEY"
02423304X2,0242331056,"20 MANNING ST OS EXCHANGE, KIAMA"
02473611X2,0247364965,"1 MANNING ST NR EDNA ST, KINGSWOOD"
02499710X2,0249971063,"85 MARINE DRV , TEA GARDENS"
02985812X2,0298582408,"2 MARSDEN RD NEAR VICTORIA RD, ERMINGTON"
07338500X1,0733850679,"154 MARSDEN RD KALLANGUR VILLAGE, KALLANGUR"
08838223X2,0883828832,"14 MAIN SOUTH RD NR DOCTORS RD, MORPHETT VALE"
02433410X2,0243343194,"18 MANNING RD , THE ENTRANCE"
02655477X2,0265547876,"144 MANNING ST , TUNCURRY"
02655484X2,0265548587,"11 MANNING ST , TUNCURRY"
02982241X2,0298224704,"29 MANNIX PDE CNR MCGIRR PDE, WARWICK FARM"
08827715X2,0882779276,"637 MARION RD NR CLIFFORD ST, ASCOT PARK"
02968745X2,0296878950,"59 MARION ST , HARRIS PARK"
02963325X2,0298939107,"59 MARION ST , HARRIS PARK"
02956418X2,0295641926,"112 MARION ST NR ELSWICK ST, LEICHHARDT"
08827701X2,0882771232,"742 MARION RD OFF, MARION"
07468103X2,0746813768,"60 MARSH ST NR LOCK ST, STANTHORPE"
02683635X2,0268363357,"50 MARSHALL ST , COBAR"
03936624X2,0393663111,"325 MAIN RD EAST RD , ST ALBANS"
03936615X2,0393664531,"206 MAIN RD EAST RD NR MCARTHUR AVE, ST ALBANS"
02432500X2,0243250157,"100 MANNS RD OS GLENVALE SCHOOL, NARARA"
08835100X1,0883515865,"392 MARION RD ADJ PLYMPTON LPO, PLYMPTON"
08829726X2,0882976709,"493 MARION RD NR MELVILLE ST, SOUTH PLYMPTON"
08829610X2,0882968054,"934 MARION RD NR MACKLIN ST, STURT"
03625301X2,0362535103,"11 MARION BAY RD OS SERVICE STN, COPPING"
03959619X2,0395961569,"160 MARTIN ST O/S SHOPS, BRIGHTON"
07478890X2,0747889513,"1 MANUKA CRT O/S MINI MART, BUSHLAND BEACH"
08827705X2,0882771721,"370 MAPLE AVE NR STURT RD, CLOVELLY PARK"
07544260X2,0754426209,"33 MAPLE ST CNR GRNET ST OS PO, COOROY"
03544226X2,0354421491,"23 MAPLE ST O/S PRIMARY SCHOOL, GOLDEN SQUARE"
03502010X2,0350201105,"117 MARKET ST OS POST OFFICE, BALRANALD"
07498241X7,0749824464,"17 MARTIN PL , EMERALD"
02493811X2,0249381500,"56 MAITLAND RD , BRANXTON"
02496232X2,0249654318,"104 MAITLAND RD , ISLINGTON"
08943300X2,0894332187,"13 MARKET ST NR SHORT ST, FREMANTLE"
02637213X2,0263721539,"80 MARKET ST NR POST OFFICE, MUDGEE"
02637219X2,0263724406,"50 MARKET ST OS POLICE BOYS CB, MUDGEE"
02649538X2,0264953472,"53 MARKET ST NR MERIMBULA DVE, MERIMBULA"
02493309X2,0249335098,"39 MAIZE ST SHOPPING CENTRE, TENAMBIT"
02974316X2,0297436323,"70 MAJORS BAY RD OPP JELLICOE RD, CONCORD"
02967608X1,0296765196,"LVL 3 1 MARCEL CRS HOSP MAIN FOYER, BLACKTOWN"
02967607X1,0296768972,"LVL 3 1 MARCEL CRS HOSP MAIN FOYER, BLACKTOWN"
02979215X2,0297921045,"1 MARCO AVE OPP COM BANK, REVESBY"
07328210X2,0732821966,"59 MARY ST OPP EDWARD ST, BLACKSTONE"
02496841X2,0249684791,"127 MAITLAND RD , MAYFIELD"
02654310X2,0265431121,"29 MAITLAND ST CNR LORNE, MUSWELLBROOK"
02494015X2,0249653852,"201 MAITLAND RD , TIGHES HILL"
02927927X2,0292792189,"46 MARKET ST CNR YORK ST, SYDNEY"
02926705X2,0292674342,"1 MARKET ST O/S DARLING PARK, SYDNEY"
03542410X2,0354241656,"19 MARKET ST NR HIGH ST, TRENTHAM"
03582861X2,0358286270,"58 MARY ST , DOOKIE"
02963732X2,0296378454,"1 MARY ST CNR SOUTH ST, GRANVILLE"
02963723X2,0296378765,"1 MARY ST CNR SOUTH ST, GRANVILLE"
07548203X2,0754821473,"155 MARY ST NR MONKLAND ST, GYMPIE"
02934927X2,0293497191,"307 MALABAR RD NR TORRINGTON RD, MAROUBRA"
07404501X2,0740453378,"2 MALABAR ST NR HARDY RD, MT SHERIDAN"
03579317X7,0357931406,"0 MALAYA RD FAMILY STORE, PUCKAPUNYAL"
03583128X2,0358318095,"65 MALCOLM CRS CNR BRANDIT AVE, SHEPPARTON"
02636233X2,0263629074,"140 MARGARET ST NR ANSON ST, ORANGE"
02636206X2,0263620497,"203 MARGARET ST COLOUR CTY CVAN PK, ORANGE"
02494507X2,0249450076,"80 MARKS POINT RD OS POST OFFICE, MARKS POINT"
03628912X2,0362891130,"381 MARLBOROUGH RD OS POST OFFICE, BRONTE PARK"
02952842X2,0295283990,"2 MARY ST CNR JANNALI AVE, JANNALI"
07549716X2,0754971003,"25 MARY ST NR ROYSTON ST, KILCOY"
07544998X2,0754499720,"3 MARY ST OS HOMEMAKER CTR, NOOSAVILLE"
08825822X2,0882585454,"3 MARY ST OPP, SALISBURY"
03509520X2,0350952100,"5 MALLEE HWY OPP REED ST, MURRAYVILLE"
03509460X2,0350946200,"5 MALLEE HWY NR MOSSOP ST, UNDERBOOL"
03509410X2,0350941200,"5 MALLEE HWY POST OFFICE, WALPEUP"
03586205X2,0358621273,"1 MCGREGOR ST NR TOCUMWAL RD, NUMURKAH"
07474211X2,0747421105,"26 MCILWRAITH ST OS R/RUNNER RDHSE, CLONCURRY"
02964638X2,0296463019,"30 MILLS ST OPP, LIDCOMBE"
08864527X2,0886457965,"55 MILLS ST , WHYALLA NORRIE"
03939110X2,0393916744,"306 MELBOURNE RD NR WILKINS ST, NEWPORT"
02605609X1,0260566521,"178 MELBOURNE RD MOBIL TRUCK STOP, WDNGA"
07477623X2,0747765968,"19 MCILWRAITH ST OPP HOSPITAL, INGHAM"
07472400X2,0747244862,"35 MCILWRAITH ST , SOUTH TOWNSVILLE"
07415906X2,0741596450,"25 MCINTOSH AVE NR RIVERVIEW RD, ELLIOTT HEADS"
02998120X2,0299813054,"99 MCINTOSH ST NR ALFRED, NARRAWEENA"
03544314X2,0354438311,"198 MCIVOR HWY NR CROOK ST, BENDIGO"
08826936X2,0882694476,"1 MILNER ST NEAR, PROSPECT"
02656325X2,0265632289,"0 MIDDLE BEACH RD OS JOY'S STORE, LORD HOWE ISLAND"
03989934X2,0398996794,"527 MIDDLEBOROUGH RD , BOX HILL NORTH"
02668555X2,0266855603,"0 MIDDLETON ST CNR LAWSON ST, BYRON BAY"
03527811X2,0352787788,"20 MILTON ST NR MAPLE CRES, BELL PARK"
07495131X2,0749511756,"95 MILTON ST CNR NORRIS ST, MACKAY"
08897546X1,0889754186,"0 MATARANKA HOMESTEAD  ADJ RECEPTION, MATARANKA"
03544840X2,0354484203,"173 MIDLAND HWY NR HOWARD ST, EPSOM"
03582509X2,0358252473,"6705 MIDLAND HWY , MOOROOPNA"
02986808X2,0298681109,"115 MIDSON RD CNR BORONIA AVE, EPPING"
03932915X2,0393296373,"159 MELROSE ST NR ALFRED ST, NORTH MELBOURNE"
03932940X2,0393298232,"15 MELROSE ST NR CANNING ST, NORTH MELBOURNE"
02445412X2,0244541362,"119 MATRON PORTER DRV NR MUDGES AVE, NARRAWALLEE"
02964604X2,0296462491,"20 MATTHEW RD CNR KERRS RD, LIDCOMBE"
08825506X1,0882552109,"53 MIDWAY RD NR FLETCHER RD, ELIZABETH EAST"
08949026X2,0894903568,"1 MILDENHALL ST NR NETHERCOTT ST, HUNTINGDALE"
08825511X2,0882554232,"83 MCKENZIE RD OPP, ELIZABETH DOWNS"
03938344X2,0393831264,"146 MELVILLE RD , BRUNSWICK WEST"
03938770X2,0393874473,"71 MELVILLE RD , BRUNSWICK WEST"
07553516X2,0755355445,"24 MAWARRA DRV CNR CULGOA ST, PALM BEACH"
07553638X2,0755367041,"5 MILES ST CNR MUSGRAVE ST, COOLANGATTA"
07474324X2,0747439613,"2 MILES ST NEAR CNR ISA ST, MT. ISA"
07474909X2,0747491526,"20 MILES ST NEAR CNR MARIAN ST, MT. ISA"
07474926X2,0747492652,"23 MILES ST OS C'WEALTH BANK, MT. ISA"
07328107X2,0732819189,"12 MILFORD ST GOLEBY AV QUEEN PK, IPSWICH"
02934931X2,0293497388,"38 MCKEON ST OPP FENTON ST, MAROUBRA"
08933905X2,0893393857,"67 MCKIMMIE RD NR MARMION ST, PALMYRA"
03559251X2,0355925309,"1 MCKINNONS BRIDGE RD NR TERANG RD, NOORAT"
03586200X2,0358621091,"53 MELVILLE ST OS POST OFFICE, NUMURKAH"
03583123X2,0358311691,"268 MAUDE ST OS FIRE STATION, SHEPPARTON"
03539200X2,0353920249,"3 MAUDE ST NR GENERAL STORE, YANAC"
03933701X2,0393375800,"147 MILITARY RD NR TEMPLEWOOD CRS, AVONDALE HEIGHTS"
03931712X2,0393173170,"45 MILITARY RD NR RIVERSIDE AVE, AVONDALE HEIGHTS"
02968106X2,0296813832,"126 MILITARY RD NR GUILDFORD RD, GUILDFORD"
08835506X2,0883552039,"302 MILITARY RD NR JETTY RD, GRANGE"
08952726X2,0895271527,"4 MCLARTY RD NR GLOUCESTER CRES, SHOALWATER"
07544282X2,0754427142,"39 MEMORIAL AVE QR EUMUNDI, EUMUNDI"
02434433X2,0243417226,"160 MEMORIAL AVE CNR FASSIFERN ST, ETTALONG BEACH"
03557740X2,0355774340,"27 MEMORIAL DRV POST OFFICE, GLENTHOMPSON"
02989711X2,0298972613,"12 MEMORIAL AVE O/S POST OFFICE, MERRYLANDS"
07548521X2,0754852410,"10 MEMORIAL AVE NR RESERVE ST, POMONA"
02656675X2,0265667093,"7 MEMORIAL AVE , SOUTH WEST ROCKS"
02955052X2,0295506585,"34 MAY ST NR COUNCIL ST, ST PETERS"
02996912X2,0299699397,"635 MILITARY RD MANDALONG RD, MOSMAN"
02996009X2,0299603157,"670 MILITARY RD MOSMAN SQUARE, MOSMAN"
03514701X2,0351472237,"71 MCLEAN ST NR MCLEAN ST, MAFFRA"
07385705X2,0738572342,"65 MCLENNAN ST NR STONELEIGH ST, ALBION"
03582510X2,0358252320,"86 MCLENNAN ST , MOOROOPNA"
03582506X2,0358253906,"65 MCLENNAN ST OS CAR WASH, MOOROOPNA"
03930638X2,0393061332,"7 MENANA RD , GLENROY"
08947404X2,0893675685,"39 MENDS ST NR ESPLANADE, SOUTH PERTH"
08947400X2,0893680472,"13 MENDS ST NR MILL POINT RD, SOUTH PERTH"
02654661X2,0265466203,"89 MAYNE ST OS POST OFFICE, MURRURUNDI"
02990800X2,0299082054,"135 MILITARY RD NEUTRAL BAY PO, NEUTRAL BAY"
02990803X2,0299083654,"74 MILITARY RD CNR WATSON ST, NEUTRAL BAY"
07404150X9,0740415175,"218 MCLEOD ST CNR CHARLES ST, CAIRNS NORTH"
07477512X2,0747757184,"6 MCLEOD ST , CURRAJONG"
03548225X2,0354823088,"27 MENINYA ST , MOAMA"
03982211X2,0398224359,"2 MERCER RD CNR HIGH ST, PRAHRAN"
03528130X2,0352813200,"5 MERCER ST NR INVERLEIGH RD, SHELFORD"
03503208X2,0350324775,"43 MCCALLUM ST PO NR CAMPBELL ST, SWAN HILL"
03977002X2,0397696136,"LIBRAR WALL 10 MCMAHONS RD MONASH BLG B O/S, FRANKSTON"
08894510X1,0889450538,"450 MCMILLANS RD MALAK CARAVAN PARK, MARRARA"
07477311X2,0747735216,"0 MILL DRV CNR BAMFORD LANE, KIRWAN"
03933510X2,0393352578,"69 MCNAMARA AVE NR ALTONA AVE, AIRPORT WEST"
03647121X2,0364712203,"18 MCNAMARA ST , QUEENSTOWN"
08984410X2,0898441000,"41 MERMAID AVE ADJ ROSE GRDN C/PK, EMU POINT"
02486208X2,0248623034,"11 MERRIGANG ST TELEPHONE EXCHANGE, BOWRAL"
02931028X2,0293102652,"2 MCCAULEY ST NR MCEVOY ST, ALEXANDRIA"
03577750X2,0357775500,"0 MCCORMACS RD NR SCHOOL LANE, MERRIJIG"
02668860X2,0266886200,"0 MILL ST CNR STANDING ST, THE CHANNON"
03940405X2,0394041469,"9 MILL PARK DRV NR BLAMEY AVE, MILL PARK"
08936717X2,0893676600,"391 MILL POINT RD NR CANNING HWY, SOUTH PERTH"
03933625X2,0393362547,"57 MILLEARA RD OS HODOS COMM CNTR, KEILOR EAST"
07467601X2,0746762721,"116 MERRIWA ST NR SUPERMARKET, BOGGABILLA"
02992217X2,0299223232,"510 MILLER ST , CAMMERAY"
02684720X2,0268472202,"58 MILLER ST NR BRIDGE ST, GILGANDRA"
02963733X2,0296374020,"9 MILLER ST , MERRYLANDS"
03972608X2,0397267812,"3 MEADOWGATE DRV NR COUNTRY CLUB DR, CHIRNSIDE PARK"
02968229X2,0296825817,"213 MERRYLANDS RD OPP MEMORIAL AVE, MERRYLANDS"
02989605X2,0298963848,"530 MERRYLANDS RD M/WAY SC OS CHEMST, MERRYLANDS WEST"
07335814X2,0733582566,"26 MERTHYR RD CNR MORAY ST, NEW FARM"
07416100X2,0741611208,"43 MESON ST NR FIELDING ST, GAYNDAH"
02604000X2,0260401341,"437 MCDONALD RD OS SHOP, LAVINGTON"
02442127X2,0244216832,"25 MCDONALD AVE NR MACLEAN ST, NOWRA"
08944407X2,0894440800,"90 MCDONALD ST NR MAIN ST, OSBORNE PARK"
02992302X2,0299231383,"105 MILLER ST NEAR MLC BUILDING, NORTH SYDNEY"
02992208X2,0299223276,"50 MILLER ST OPP, NORTH SYDNEY"
02992209X2,0299224476,"283 MILLER ST NR RIDGE ST, NORTH SYDNEY"
02992312X2,0299231509,"232 MILLER ST NR RIDGE ST, NORTH SYDNEY"
07477516X2,0747755486,"39 MEENAN ST CNR DEARNESS ST, GARBUTT"
07475503X2,0747550562,"36 MEENAN ST O/S SNACK BAR, GARBUTT"
03930805X2,0393086031,"2 MELALEUCA DRV , MEADOW HEIGHTS"
03507800X2,0350781200,"6 MESSINESS ST PO NR RAILWAY ST, NANDALY"
08916911X1,0891691235,"8 MESSMATE WAY IS KUNUNURRA HOTEL, KUNUNURRA"
02495100X2,0249511344,"54 METCALFE ST , WALLSEND"
02956508X2,0295651015,"1 METROPOLITAN RD CNR ENMORE RD, ENMORE"
07334402X2,0733443582,"SHOP 1 351 MCCULLOUGH RD M/SQUARE SC, SUNNYBANK"
03527822X2,0352787833,"15 MCCURDY RD NR RIX ST, HERNE HILL"
03948000X2,0394803238,"147 MILLER ST NR TAYLOR ST, THORNBURY"
03596520X2,0359652301,"1925 MELBA HWY OS CAFE SHOP, DIXONS CREEK"
03974430X2,0397442584,"20 MELBA AVE NR HERBERT CRT, SUNBURY"
02493302X2,0249337432,"87 MELBOURNE ST , EAST MAITLAND"
02666213X2,0266622587,"16 MCDOUGAL ST OPP ALBERT ST, CASINO"
07462234X2,0746223060,"55 MCDOWALL ST NR WYNDHAM ST, ROMA"
07462225X2,0746224786,"88 MCDOWALL ST NR ARTHUR ST, ROMA"
02499810X2,0249981405,"52 MILLFIELD RD , PAXTON"
08823915X2,0882391369,"48 MELBOURNE ST NR EAST PALLANT ST, NORTH ADELAIDE"
03946044X2,0394606461,"29 MCFADZEAN AVE , RESERVOIR"
02444303X2,0244430503,"4 MCGIBBON PDE NR WOOL RD, OLD EROWAL BAY"
07320100X2,0732010101,"659 MOUNT CROSBY RD O/S POST OFFICE, MT CROSBY"
07328121X2,0732811702,"114 MOUNT CROSBY RD O/S SCHOOL, TIVOLI"
07328139X2,0732819127,"4 MOUNT CROSBY RD NR TANTIVY RD, TIVOLI"
03972526X2,0397257101,"212 MOUNT DANDENONG RD OS HALL, CROYDON"
07380714X2,0738079874,"10 MT WARREN BLV OS HEALTH CTR, MOUNT WARREN PARK"
02478710X2,0247871201,"5 MT YORK RD GREAT WESTERN HWY, MT VICTORIA"
02635905X2,0263590505,"33 MUDGEE RD NR SHOP, CULLEN BULLEN"
07555901X1,0755590813,"1 MUDGEERABA RD CNR QUAMBONE ST, WORONGARY"
02662218X2,0266223210,"124 MOLESWORTH ST OS STAR COURT ARC, LISMORE"
02662231X2,0266221318,"182 MOLESWORTH ST BUS TRANSIT CENTRE, LISMORE"
03972803X2,0397285456,"912 MOUNT DANDENONG TOURIST RD OS POST OFFICE, MONTROSE"
03975506X2,0397551400,"385 MOUNT DANDENONG TOURIST RD OS POST OFFICE, SASSAFRAS"
07380704X2,0738075766,"140 MOUNT WARREN PARK BLV OS SC, MOUNT WARREN PARK"
02957003X2,0295704093,"121 MULGA ST NR MYALL ST, OATLEY"
07339921X2,0733992819,"69 MOLLOY RD NR MONTFORT ST, CANNON HILL"
08829430X2,0882946121,"147 MOORINGE AVE NR MORPHETT RD, CAMDEN PARK"
07382208X2,0738222151,"104 MOOROONDU RD NR JOHN ST, THORNESIDE"
08856400X2,0885640224,"38 MOORUNDIE ST , TRURO"
03972906X2,0397292699,"610 MOUNTAIN HWY NR CNR KUMALA RD, BAYSWATER"
02928137X2,0292810589,"61 MOUNTAIN ST NR BROADWAY, ULTIMO"
03980101X2,0398011931,"117 MOUNTAIN HWY , WANTIRNA"
02477380X2,0247738133,"1224 MULGOA RD OS S/C NR NEWSAGNT, MULGOA"
02477381X2,0247738400,"1589 MULGOA RD OS POST OFFICE, WALLACIA"
07546590X2,0754659104,"104 MULGOWIE RD NR BECKMAN RD, MULGOWIE"
02944903X2,0294494980,"235 MONA VALE RD NR STANLEY ST, ST IVES"
02944914X2,0294498454,"440 MONA VALE RD SHOWGROUND, ST IVES"
02944912X2,0294499543,"190 MONA VALE RD , ST IVES"
03586910X2,0358691209,"14 MORAN ST , PICOLA"
02654371X2,0265437305,"21 MORAY ST OS POST OFFICE, ABERDEEN"
08894503X2,0889450398,"7 MORAY ST , KARAMA"
07335808X2,0733581988,"198 MORAY ST NR SYDNEY ST, NEW FARM"
03969928X2,0396995880,"346 MORAY ST NR ALBERT RD, SOUTH MELBOURNE"
03528930X7,0352892705,"150 MOUNTJOY PDE OS RESORT, LORNE"
07416701X2,0741672101,"28 MONAL ST NR PALM ST, MULGILDIE"
02645834X2,0264583676,"0 MONARO HWY OPP APEX PARK, BOMBALA"
02645440X2,0264544101,"0 MONARO HWY OS BREDBO HALL, BREDBO"
07549892X2,0754989821,"156 MORAYFIELD RD CNR MICHAEL AV, MORAYFIELD"
02495109X2,0249514654,"60 MORDUE PDE , JESMOND"
02495214X2,0249526540,"33 MOREHEAD ST , LAMBTON"
02969800X2,0296983375,"40 MOREHEAD ST NR REDFERN ST, REDFERN"
02931024X2,0293101540,"40 MOREHEAD ST NR REDFERN ST, REDFERN"
08933008X2,0893306210,"108 MOREING RD NR DAVIS RD, ATTADALE"
08932120X2,0893212851,"LVL 1 1 MOUNTS BAY RD BUS STN SHOP MALL, PERTH"
08932116X2,0893211983,"LVL 1 1 MOUNTS BAY RD BUS STN SHOP MALL, PERTH"
08932114X2,0893211953,"LVL 1 1 MOUNTS BAY RD BUS STN SHOP MALL, PERTH"
08932113X2,0893211784,"LVL 1 1 MOUNTS BAY RD BUS STN SHOP MALL, PERTH"
02495805X2,0249582098,"6 MINMI RD AUST POST, EDGEWORTH"
03548247X2,0354824954,"29 MINOR ST NR HAVERFIELD ST, ECHUCA"
02982009X2,0298202661,"1 MINTO RD MINTO RAIL STN, MINTO"
02962400X2,0296246773,"45 MONARO ST , SEVEN HILLS"
08936718X2,0893676677,"49 MONASH AVE NR MURRAY ST, COMO"
08853108X2,0885310621,"1 MONASH TCE OPP ST JOHNS, MURRAY BRIDGE"
03938331X2,0393832870,"416 MORELAND RD , BRUNSWICK WEST"
03838449X2,0393841540,"610 MORELAND RD , BRUNSWICK WEST"
03938340X2,0393831269,"185 MORELAND RD , COBURG"
02495110X2,0249514378,"24 MORESBY ST , WALLSEND"
07335636X2,0733569888,"18 MINIMINE ST OPP CANNONBAR ST, STAFFORD"
03934707X2,0393472708,"156 MONASH RD O/S UNI BLDG 156, PARKVILLE"
03973601X2,0397362347,"31 MONBULK RD CNR CLEGG RD, MT EVELYN"
03973702X2,0397379600,"261 MONBULK RD OS PO, SILVAN"
02962320X2,0296236290,"87 MONFARVILLE ST OPP, ST MARYS"
07412802X2,0741280202,"67 MORETON ST NR TOOGOOM RD, TOOGOOM"
03585460X2,0358546201,"5 MORGAN ST NR STATION ST, GIRGARRE"
02494029X2,0249654504,"36 MORGAN ST CHURCH, ISLINGTON"
07339171X2,0733912062,"68 MOWBRAY TCE NR HEIDELBERG ST, EAST BRISBANE"
02952510X2,0295250331,"105 MIRANDA RD NR PRESIDENT AVE, MIRANDA"
03525100X2,0352512904,"38 MIRRABOOKA DRV NR PINAROO AVE, CLIFTON SPRINGS"
08937716X2,0893771869,"149 MORLEY DRV NR NORTHMOOR RD, KIARA"
07387016X2,0738700195,"9 MORLEY ST NR MILTON RD, TOOWONG"
03937416X2,0393741883,"1089 MT ALEXANDER RD , ESSENDON"
03937607X2,0393761237,"252 MT ALEXANDER RD CNR MANGALORE ST, TRAVANCORE"
02482243X2,0248223172,"3 MONTAGUE ST BELMORE PARK, GOULBURN"
08839507X2,0883959487,"438 MONTAGUE RD ADJ STATE SWIM CTE, MODBURY NORTH"
08821229X2,0882126787,"311 MORPHETT ST NR WRIGHT ST, ADELAIDE"
08829409X2,0882942040,"122 MORPHETT RD NEAR NOVAR GARDEN*, NOVAR GARDENS"
08994307Y2,0899430566,"0 MT AUGUSTUS STN 340KM E CARNARVON, EAST LYONS RIVER"
08833905X2,0883392698,"228 MT BARKER RD ALDGATE SHOP VLGE, ALDGATE"
08833904X2,0883392565,"394 MT BARKER RD NR ANZAC RIDGE RD, BRIDGEWATER"
08833916X2,0883398147,"39 MT BARKER RD OPP DRUID AVE, STIRLING"
03987412X2,0398748989,"63 MITCHAM RD CNR MCGOWANS RD, DONVALE"
03987441X2,0398742390,"265 MITCHAM RD , MITCHAM"
03987420X2,0398741209,"566 MITCHAM RD , MITCHAM"
03543290X2,0354329200,"19 MITCHEL ST NR CHURCH, COLBINABBIN"
07384422X2,0738444370,"279 MONTAGUE RD OPP SCOTT ST, WEST END"
07327115X2,0732714754,"65 MONTEREY ST NR WILRUNA ST, WACOL"
08829619X2,0882964965,"486 MORPHETT RD NEAR, WARRADALE"
07329300X2,0732930790,"178 MORRIS RD OS LIONS COMM CNTR, ROTHWELL"
07382300X2,0738235765,"420 MT COTTON RD OS SERVICE STATION, CAPALABA"
07382902X2,0738299856,"1605 MT COTTON RD OPP VALLEY WAY, MOUNT COTTON"
07406850X2,0740685205,"0 MISSION BEACH RD NR BRUCE HWY, EL ARISH"
03931495X2,0393146506,"1 MISTEN AVE CNR BLACKSHAWS RD, ALTONA NORTH"
02958803X2,0295886773,"3 MONTGOMERY ST , KOGARAH"
03534020X2,0353402108,"23 MONTGOMERY ST OS SKIPTON HOTEL, SKIPTON"
08943008X2,0894306926,"117 MONTREAL ST NR WATKINS ST, WHITE GUM VALLEY"
08925257X2,0892520034,"2 MONTROSE AVE CNR DARLINGTON RD, DARLINGTON"
07544570X2,0754457131,"470 MONTVILLE RD NR KONDLA FALLS RD, FLAXTON"
07405301X2,0740534073,"29 MOODY ST NR HAYWARD ST, MOOROOBOOL"
02687479X2,0268747305,"831 MITCHELL HWY , BYROCK"
02972621X2,0297261288,"53 MITCHELL ST , CARRAMAR"
02936301X2,0293630405,"4 MITCHELL RD NR DARLING POINT R, DARLING POINT"
02637254X2,0263721109,"181 MORTIMER ST NR SECOND ST, MUDGEE"
03628810X2,0362881344,"3 MT FIELD RD NATIONAL PARK OS S, MOUNT FIELD"
07477921X2,0747798514,"66 MOONEY ST NEAR CNR TIPPETT *, GULLIVER"
02493406X2,0249348423,"18 MORTON ST , EAST MAITLAND"
07321903X2,0732193987,"902 MT GRAVATT-CAPALABA RD CNR MT PETRIE RD, MACKENZIE"
03522226X2,0352223603,"256 MOORABOOL ST NR LT MYERS ST, GEELONG"
02654662X2,0265466108,"1 MOORE ST CNR NEW ENG HWY, BLANDFORD"
08829500X2,0882951382,"2 MOSELEY ST NEAR, GLENELG"
08837605X2,0883760297,"15 MOSELEY SQ ADJ POST OFFICE, GLENELG"
02457700X2,0245774498,"2 MOSES ST NR RICHMOND RD, WINDSOR"
07339007X2,0733904040,"681 NEW CLEVELAND RD OS PO NR SCHOOL, GUMDALE"
07554310X2,0755431501,"122 MT LINDESAY HWY NR ALAN CREEK RD, GLENEAGLE"
07329703X2,0732970203,"3740 MT LINDESAY HWY NR PARK RIDGE RD, PARK RIDGE"
03931739X2,0393173027,"138 MITCHELL ST NR HAMPSTEAD RD, MAIDSTONE"
07381607X2,0738160084,"26 MITCHELL ST NR PRICE ST, RIVERVIEW"
08992310X7,0899231031,"56 MITCHELL ST O/S KATHY'S DELI, SPALDING"
03523104X2,0352314621,"77 MOORE ST NR DONALDSON ST, COLAC"
02960003X2,0296007415,"9 MOORE ST AT BUS TERMINAL, LIVERPOOL"
02960103X2,0296013232,"251 MOORE ST NR BIGGE ST, LIVERPOOL"
03512706X2,0351271691,"3 MOORE ST OS MOE ARCADE, MOE"
02677251X2,0267729140,"184 MOSSMAN ST CNR BUTLER ST, ARMIDALE"
03547217X2,0354723176,"50 MOSTYN ST O/S TAXI RANK, CASTLEMAINE"
07469650X2,0746965106,"119 MOCATTA ST NR VICTORIA ST, GOOMBUNGEE"
03548400X2,0354842101,"36 MOORE ST ADJ POST OFFICE, ROCHESTER"
02432331X2,0243234852,"2 MOORE ST , WEST GOSFORD"
03556224X2,0355621019,"151 MOORE ST OPP GARDEN ST, WARRNAMBOOL"
03643572X2,0364357305,"1576 MOUNT RD CNR MOUNT/OONAH RD, HIGHCLERE"
03524321X2,0352432433,"110 MT PLEASANT RD NR ARALUEN PDE, BELMONT"
07387803X2,0738783542,"841 MOGGILL RD OS WOOLWORTHS SC, KENMORE"
07387813X2,0738783719,"2069 MOGGILL RD NR PRINCETON ST, KENMORE"
07320207X2,0732027956,"2786 MOGGILL RD NR GRANDVIEW RD, PINJARRA HILLS"
07337107X2,0733711899,"203 MOGGILL RD NR MOORAK ST, TARINGA"
03935015X2,0393502579,"142 NICHOLSON ST OS HAIRDRESSER, COBURG"
03941985X2,0394193973,"114 NICHOLSON ST NR KING WILLIAM ST, FITZROY"
03948257X2,0394825016,"846 NICHOLSON ST , FITZROY NORTH"
03948237X2,0394823828,"446 NICHOLSON ST , FITZROY NORTH"
03534924X2,0353492225,"83 NEILL ST , BEAUFORT"
07475811X1,0747581693,"1 NELLY BAY RD BASE BACKPACKER, NELLY BAY"
03956817X2,0395681711,"227 MURRUMBEENA RD , MURRUMBEENA"
03956822X2,0395682120,"35 MURRUMBEENA RD NR BLACKWOOD ST, MURRUMBEENA"
08859551X2,0885955339,"0 MURTHO RD ADJ TO P/O, PARINGA"
02667203X2,0266726193,"41 MURWILLUMBAH ST PALM COURT PLAZA, MURWILLUMBAH"
03968980X2,0396894219,"79 NICHOLSON ST NR DROOP ST, FOOTSCRAY"
03968748X2,0396895270,"79 NICHOLSON ST , FOOTSCRAY"
03968977X2,0396896382,"98 NICHOLSON ST , FOOTSCRAY"
03968749X2,0396898458,"98 NICHOLSON ST , FOOTSCRAY"
03556920X2,0355692200,"1 NICHOLSON ST ADJ PO SSIDE, WOOLSTHORPE"
03556206X2,0355624148,"2 NICHOLSON ST OPP FLAXMAN ST, WARRNAMBOOL"
07549230X2,0754923639,"49 NELSON ST , GOLDEN BEACH"
02493070X2,0249307411,"103 NEW ENGLAND HWY , LOCHINVAR"
02493207X2,0249324254,"115 NEW ENGLAND HWY , RUTHERFORD"
07544480X7,0754448724,"14 NICKLIN WAY CNR KENSINGTON DVE, MINYAMA"
07549333X2,0754933966,"179 NICKLIN WAY KAWANA SANDS, WARANA"
02495560X2,0249556118,"181 NELSON ST , WALLSEND"
07415700X2,0741572100,"82 MULGRAVE ST OS PO NR EXCH, GIN GIN"
07415705X2,0741572670,"6 MULGRAVE ST B/HWY NRTH OS SSTN, GIN GIN"
07415730X2,0741573376,"81 MULGRAVE ST O/S POLICE STN, GIN GIN"
07334509X2,0733452637,"528 MUSGRAVE RD OPP AYLTON ST, COOPERS PLAINS"
07336936X2,0733697873,"152 MUSGRAVE RD NR BALMAIN TCE, RED HILL"
03939722X2,0393971584,"235 NELSON PL , WILLIAMSTOWN"
03958039X2,0395805548,"132 NEPEAN HWY NR CNR TAYLOR AVE, ASPENDALE"
07405202X2,0740521847,"111 MULGRAVE RD CNR SEVERIN ST, PARRAMATTA PARK"
03634410X2,0363447708,"42 MULGRAVE ST ADJ PARK NR 42, SOUTH LAUNCESTON"
07405113X2,0740515819,"270 MULGRAVE RD NR BROWN ST, WESTCOURT"
07405181X2,0740519120,"196 MULGRAVE RD NR AUMULLER ST, WESTCOURT"
03936619X2,0393660981,"81 MULHALL DRV NR PINE ST, ST ALBANS"
02936226X2,0293623142,"140 NEW SOUTH HEAD RD NR DARLING POINT R, EDGECLIFF"
03598881X2,0359888501,"2833 NEPEAN HWY CNR WILSON ST, BLAIRGOWRIE"
02688228X2,0268825632,"272 MYALL ST OS SHOPS, DUBBO"
02688405X2,0268847639,"77 MYALL ST WELCH MAN ST, DUBBO"
07553250X2,0755328584,"15 MYALL ST OPP MARIS ST, SOUTHPORT"
02447211X2,0244729062,"55 MYAMBA PDE NR THE VISTA, SURFSIDE"
03978105X2,0397696743,"360 NEPEAN HWY ADJ D'MARNI REST, FRANKSTON"
08826121X2,0882615454,"117 MULLER RD NR FLORIEDAL RD, GREENACRES"
08868202X2,0886822832,"83 NEW WEST RD NR FREEMAN AVE, PORT LINCOLN"
03535920X2,0353592200,"21 NEWALL ST NR PARK ST, MARNOO"
02969955X2,0296993798,"37 MYRTLE ST NR SHEPHERD ST, CHIPPENDALE"
03958437X2,0395843155,"96 NEPEAN HWY , MENTONE"
03958451X2,0395844922,"179 NEPEAN HWY OS SHOPS, MENTONE"
07406710X2,0740671108,"88 MUNRO ST OS POST OFFICE, BABINDA"
03977220X2,0397722709,"41 MUNRO AVE CNR BAYSIDE AVE, EDITHVALE"
02657217X2,0265711021,"0 MUNROE ST O/S RAIL STATION, SINGLETON"
02658418X2,0265841827,"5 MUNSTER ST SUNDOWNER CVAN PK, PORT MACQUARIE"
08932845X2,0893289972,"663 NEWCASTLE ST , LEEDERVILLE"
03978303X2,0397696474,"45 MURAWA ST CNR FOOT ST, FRANKSTON"
03643810X2,0364381201,"1574 MURCHINSON HWY , YOLLA"
02937107X2,0293717309,"11 NEWCASTLE ST OPP WILBERFORCE AV, ROSE BAY"
08932828X2,0893285800,"580 NEWCASTLE ST NR DOUGLAS ST, WEST PERTH"
07339711X2,0733971379,"101 NEWDEGATE ST O/S HOSPITAL GATES, GREENSLOPES"
07328213X2,0732821348,"17 NAOMAI ST OS SCHOOL, BUNDAMBA"
07557638X2,0755767881,"37 MURLONG CRS , PALM BEACH"
03572235X2,0357221546,"21 MURPHY ST POST OFFICE, WANGARATTA"
03941910X2,0394192195,"201 NAPIER ST ADJ TOWN HALL, FITZROY"
07553340X2,0755334118,"2179 NERANG RD MURWILLUMBAH RD, NUMINBAH VALLEY"
07553244X2,0755327273,"75 NERANG ST , SOUTHPORT"
07553275X2,0755324637,"177 NERANG RD NR FALCONER ST, SOUTHPORT"
08958630X2,0895863651,"55 MURDOCH DRV OS SHOPPING CENTRE, GREENFIELDS"
08829615X2,0882968644,"44 NEWLAND AVE NR BAKEWELL CRES, MARINO"
03935031X2,0393504519,"64 NEWLANDS RD OPP CARR ST, COBURG NORTH"
07326525X2,0732652419,"348 NEWMAN RD OPP COLLINS ST, GEEBUNG"
03549524X2,0354952753,"40 NAPIER ST O/S TOWN HALL, ST ARNAUD"
03594250X2,0359425300,"1 NAR NAR GOON RD POST OFFICE, NAR NAR GOON"
03545310X2,0354531048,"37 MURRAY ST POST OFFICE, BARHAM"
07335724X2,0733577953,"142 NEWMARKET RD OS HOME ZONE, WINDSOR"
03970209X2,0397024824,"30 NETTLE RD O/S MILK BAR, HALLAM"
03502612X2,0350261215,"45 MURRAY TCE OS POLICE STATION, EUSTON"
08852300X2,0885232257,"95 MURRAY ST E SIDE, GAWLER"
03623411X2,0362342384,"106 MURRAY ST , HOBART"
08827719X2,0882771632,"1 NEWTON AVE NEAR, CLOVELLY PARK"
03577700X2,0357770500,"20 NASH ST OS OLD COURT HOUSE, JAMIESON"
07326928X2,0732696948,"151 NATHAN ST NR CRAIG ST, BRIGHTON"
03538810X2,0353881373,"1 NATIMUK-HAMILTON RD NR NATIMUK RD, TOOLONDO"
08894815X2,0889480141,"5 NATION CRS , COCONUT GROVE"
02649219X2,0264921509,"231 NEWTOWN RD CNR PROSPECT ST, BEGA"
02981814X2,0298184928,"1 NATIONAL ST , ROZELLE"
03527512X2,0352757606,"17 NEVADA AVE OS SHOPS, CORIO"
03959607X2,0395968606,"428 NEW ST NR MARTIN ST, BRIGHTON"
07403213X2,0740321389,"110 MURRAY ST NR AVOCADO CL, MANOORA"
03623444X2,0362346902,"374 MURRAY ST NR BURNETT ST, NORTH HOBART"
02488392X2,0248839297,"0 OLD HUME HWY RAILWAY STATION, YERRINBOOL"
08933911X2,0893395411,"34 MURRAY RD NR CANNING HWY, PALMYRA"
03952926X2,0395294137,"5 MURRAY ST YORK ST, PRAHRAN"
03947845X2,0394785048,"552 MURRAY RD , PRESTON"
03642414X2,0364244899,"22 NICHOLLS ST CNR NICHOLLS ST, DEVONPORT"
03936019X1,0393604072,"2 NEALE RD BRIMBANK CNTRL S/C, DEER PARK"
02679642X2,0267964303,"0 NEW ST CNR DANGAR ST, PILLIGA"
08932501X2,0893251920,"88 MURRAY ST NR PIER ST, PERTH"
08922133X2,0892215691,"88 MURRAY ST NR PIER ST, PERTH"
08932223X2,0893224635,"223 MURRAY ST CNTR MURRAY MALL, PERTH"
08932127X2,0893217692,"223 MURRAY ST CNTR MURRAY MALL, PERTH"
08932411X2,0893242805,"356 MURRAY ST NR KING ST, PERTH"
08932123X2,0893213985,"300 MURRAY ST RAINE SQ O/S PUB, PERTH"
03938746X2,0393872977,"189 NICHOLSON ST , BRUNSWICK EAST"
02697220X2,0269722210,"280 NEELD ST , WEST WYALONG"
02956436X2,0295642219,"459 NEW CANTERBURY RD CNR DULWICH ST, DULWICH HILL"
03503050X2,0350305204,"55 MURRAY ST , TOOLEYBUC"
02694821X2,0269482565,"55 MURRAY ST OS POST OFFICE, TUMBARUMBA"
08856331X2,0885633750,"190 MURRAY ST NR ELM, TANUNDA"
08862524X2,0886252624,"20 O'LOUGHLIN TCE NR SOUTH ST, CEDUNA"
07382202X2,0738222149,"488 OLD CLEVELAND RD CNR CURRAWONG DVE, BIRKDALE"
07339808X2,0733982958,"537 OLD CLEVELAND RD NR TARANA ST, CAMP HILL"
07339816X2,0733985687,"591 OLD CLEVELAND RD NR BOUNDARY RD, CAMP HILL"
07324510X2,0732452597,"72 OLD CLEVELAND RD OPP DOLLERY ST, CAPALABA"
03957904X2,0395791502,"1038 NORTH RD NR CNR MELVA ST, BENTLEIGH EAST"
03957803X2,0395781413,"365 NORTH RD NR SPRING RD, CAULFIELD SOUTH"
07462202X2,0746224783,"67 NORTHERN RD NR HOWARD ST, ROMA"
03543350X2,0354335289,"41 NORTHERN HWY OS GENERAL STORE, TOOBORAC"
07339718X2,0733972233,"326 OLD CLEVELAND RD NR CAVENDISH RD, COORPAROO"
07384304X2,0738432246,"828 OLD CLEVELAND RD , CARINA"
07339815X2,0733985367,"787 OLD CLEVELAND RD NR JONES RD, CARINA"
02978926X2,0297896683,"1 NORTH PDE NR BEAMISH ST, CAMPSIE"
02971812X2,0297182805,"1 NORTH PDE NR BEAMISH ST, CAMPSIE"
02971815X2,0297185893,"1 NORTH PDE NEAR BEAMISH ST, CAMPSIE"
02971805X2,0297188398,"1 NORTH PDE NEAR BEAMISH ST, CAMPSIE"
08836209X2,0883622777,"19 NORTH TCE NR HACKNEY RD, HACKNEY"
02422903X2,0242298098,"0 NORTHFIELDS AVE OS WOLLONGONG UNI, KEIRAVILLE"
07548363X2,0754836074,"24 OAK ST NR BRUCE HWY, GYMPIE"
02954509X2,0295452786,"168 OAK RD OS RLWY STN, KIRRAWEE"
02954503X2,0295453158,"144 OAK RD NR FLORA ST, KIRRAWEE"
03954713X2,0395479733,"44 OAKES AVE , CLAYTON SOUTH"
02998102X2,0299811187,"4 OAKES AVE NR PITTWATER RD, DEE WHY"
08937504X2,0893756913,"14 OLD COLLIER RD NR BISHOP ST, MORLEY"
03957910X2,0395792837,"18 OLD DANDENONG RD NR ABERCROMBIE ST, OAKLEIGH SOUTH"
02438904X2,0243897114,"6 NORTHUMBERLAND WAY , TUMBI UMBI"
08855426X2,0885542873,"32 NORTH TCE , PORT ELLIOT"
07320926X2,0732093258,"58 NORTH RD NR BRUCE RD, WOODRIDGE"
02974921X2,0297492068,"45 NORVAL ST , AUBURN"
08947207X2,0894726148,"100 OATS ST NR BISHOPSGATE, CARLISLE"
08836400X1,0883646708,"2 OBAN ST ABORIGINAL HOSTEL, BEULAH PARK"
02662930X2,0266293200,"857 NIMBIN RD OS POST OFFICE, GOOLMANGAR"
02438509X2,0243852413,"17 NORTH AVOCA PDE , NORTH AVOCA"
08944610X2,0894467733,"707 NORTH BEACH RD NR WISHART ST, GWELUP"
08924623X2,0892464501,"9 NORTH BEACH RD NR WEST COAST DVE, NORTH BEACH"
08934985X2,0893496077,"231 NORTH BEACH DRV OPP FRENCH ST, TUART HILL"
03964658X2,0396464304,"151 NOTT ST CNR GRAHAM ST, PORT MELBOURNE"
02964633X2,0296461984,"0 NOTTINGHILL RD CNR GEORGES AVE, BERALA"
02488770X2,0248877242,"0 NOWRA RD OS SETTLERS STORE, FITZROY FALLS"
02636770X2,0263677401,"33 OBLEY ST NR POST OFFICE, CUMNOCK"
02978720X2,0297871654,"68 NINTH AVE NR FOURTH AVE, CAMPSIE"
03577421X2,0357742101,"14 NINTH ST , EILDON"
03502118X2,0350214609,"133 NINTH ST NR DEAKIN AVE, MILDURA"
07477218X2,0747723618,"32 NINTH AVE O/S SCHOOL, RAILWAY ESTATE"
02983701X2,0298371136,"1 NIRIMBA DRV CNR DOUGLAS RD, QUAKERS HILL"
08826915X2,0882692709,"127 NORTH EAST RD NR HAMPSTEAD RD, COLLINSWOOD"
08826600X1,0882664297,"575 NORTH EAST RD , GILLES PLAINS"
08826124X2,0882616498,"607 NORTH EAST RD N SIDE, GILLES PLAINS"
08826112X2,0882613454,"660 NORTH EAST RD ADJ, HOLDEN HILL"
02498215X2,0249821103,"2 OCEAN PDE CNR RICHARDSON ST, BOAT HARBOUR"
03544203X2,0354421419,"19 NOLAN ST NR NAPIER ST, BENDIGO"
08826123X2,0882616365,"358 NORTH EAST RD NR WINDSOR GRV, KLEMZIG"
08839500X2,0883954026,"865 NORTH EAST RD OPP BERT ST, MODBURY"
08839623X2,0883961843,"976 NORTH EAST RD NTH EAST BUSWAY, MODBURY"
08839622X2,0883961801,"976 NORTH EAST RD NTH EAST BUSWAY, MODBURY"
02445403X2,0244541365,"72 OCEAN ST OPP BEACH HUT, MOLLYMOOK"
07544330X2,0754437746,"10 OCEAN ST POST OFFICE, MAROOCHYDORE"
02649530X7,0264953020,"33 OCEAN DRV CNR MARINE PDE, MERIMBULA"
02991311X2,0299132543,"211 OCEAN ST CNR MALCOLM ST, NARRABEEN"
02957926X2,0295794595,"11 OCEAN ST NR AUSTRAL ST, PENSHURST"
02433418X2,0243342684,"13 OCEAN PDE CNR THE ENTRNCE RD, THE ENTRANCE"
03598403X2,0359844539,"77 OCEAN BEACH RD NR CNR HERFORD AVE, SORRENTO"
02434436X2,0243443627,"367 OCEAN BEACH RD CNR POZIERS, UMINA BEACH"
03533981X1,0353398053,"1203 NORMAN ST NR GILLIES STREET, WENDOUREE"
07335714X2,0733576327,"9 NORMAN ST NR LUTWYCHE RD, WOOLOOWIN"
07493590X2,0749359139,"1 NORMANBY ST OS POST OFFICE, DINGO"
02987207X2,0298721121,"488 NORTH ROCKS RD NEAR PENNANT PDE, CARLINGFORD"
03625032X2,0362503106,"1331 NUBEENA RD OS GENERAL STORE, PREMAYDENA"
07326828X2,0732684019,"325 NUDGEE RD NR FLEMINGTON ST, HENDRA"
08940111X2,0894018326,"35 OCEANSIDE PRM MULLALOO SURF LIF*, MULLALOO"
08996401X2,0899646376,"2 OCEANSIDE DRV CNR MCDERMOTT AVE, WANDINA"
02438502X2,0243851459,"129 OCEANVIEW DRV CNR DOVER RD, WAMBERAL"
02663205X2,0266321432,"2 NORLEDGE ST OS GENERAL STORE, GENEVA"
02997720X2,0299777256,"54 NORTH STEYNE  OPP RAGLAN ST, MANLY"
02997721X2,0299777467,"97 NORTH STEYNE  OPP PINE ST, MANLY"
02997779X2,0299778033,"149 NORTH STEYNE  OPP COLLINGWOOD ST, MANLY"
02997615X2,0299760915,"45 NORTH STEYNE  O/S VISIT INFO CNT, MANLY"
03583112X2,0358311403,"67 NUMURKAH RD OS BASE HOSPITAL, SHEPPARTON"
03936734X2,0393675412,"49 ODESSA AVE NR TARELLA DVE, KEILOR DOWNS"
08868313X2,0886833457,"9 NORMANDY PL , PORT LINCOLN"
02473905X2,0247398251,"9 NORMIC AVE NR OLD BATHURST RD, BLAXLAND"
07326105X2,0732614896,"280 NORRIS RD NR BUS STOP, BRACKEN RIDGE"
02654720X2,0265472200,"27 OGILVIE ST OS POST OFFICE, DENMAN"
03548217X2,0354821877,"369 OGILVIE AVE NR DOBINSON ST, ECHUCA"
02625790X2,0262577475,"85 NORTHBOURNE AVE HAVELOCK HOUSE, TURNER"
03509202X2,0350922300,"31 OKE ST POST OFFICE, OUYEN"
02655370X2,0265537200,"48 OLD BAR RD OS POST OFFICE, OLD BAR"
03644203X2,0364422370,"30 OLD BASS HWY , WYNYARD"
02634360X2,0263436201,"0 NORTHCOTE ST NR COLLON ST, GREENETHORPE"
08826705X2,0882674410,"51 O'CONNELL ST NR ARCHER ST, NORTH ADELAIDE"
02457311X2,0245731400,"76 OLD BELLS LINE OF RD NR WOODBURN RD, KURRAJONG"
07559240X7,0755924375,"184 OLD BURLEIGH RD NR MARGARET AVE, BROADBEACH"
07553154X7,0755315845,"21 OLD BURLEIGH RD , SURFERS PARADISE"
08821240X2,0882124987,"1 NORTH TCE NR WEST TCE, ADELAIDE"
02962307X2,0296230145,"1 PAGES RD NR GREAT WESTN HWY, ST MARYS"
08931403X7,0893372513,"38 PAGET ST O/S POLICE STATION, HILTON"
03522110X2,0352215058,"119 PAKINGTON ST NR LAWTON AVE, GEELONG WEST"
03522910X2,0352290952,"179 PAKINGTON ST OPP POST OFFICE, GEELONG WEST"
03522905X2,0352290951,"153 PAKINGTON ST NR ALBERT ST, GEELONG WEST"
03978307X2,0397696242,"2 OVERTON RD CNR NEPEAN HWY, FRANKSTON"
08838808X2,0883884145,"206 ONKAPARINGA VALLEY RD , OAKBANK"
08838805X2,0883887232,"1 ONKAPARINGA VALLEY RD , VERDUN"
08838914X2,0883897219,"53 ONKAPARINGA VALLEY RD OPP MOFFETT ST, WOODSIDE"
08938201X2,0893823852,"163 ONSLOW RD CNR HILDA ST, SHENTON PARK"
03522210X2,0352223117,"373 PAKINGTON ST NR WEST FYANS ST, NEWTOWN"
07412306X2,0741234009,"201 PALLAS ST OS POST OFFICE NR, MARYBOROUGH"
07475117X2,0747516276,"28 PALM DRV OS WOODLANDS S/C, DEERAGUN"
07339925X2,0733996419,"126 OXFORD ST PRINCESS ST CBA, BULIMBA"
07339900X2,0733992184,"126 OXFORD ST PRINCESS ST CBA, BULIMBA"
02988000X2,0298802610,"680 PACIFIC HWY , KILLARA"
07559832X2,0755983375,"12 PALM BEACH AVE NR GOLD COAST HWY, PALM BEACH"
07474591X7,0747459732,"4 PALMER ST O/S SUNSET VAN PRK, KARUMBA"
02938604X2,0293869678,"241 OXFORD ST O/S WAVERLEY MALL, BONDI JUNCTION"
07498213X2,0749821970,"84 OPAL ST NR TOPAZ ST, EMERALD"
02936825X2,0293680467,"4 OXFORD ST O/S BURDEKIN HOTEL, DARLINGHURST"
02487710X2,0248771200,"28 OLD HUME HWY NR POST OFFICE, BERRIMA"
02465501X2,0246552945,"42 OLD HUME HWY NR ROSALIE ST, CAMDEN"
07328226X2,0732823348,"160 OLD IPSWICH RD OPP BECKER ST, RIVERVIEW"
08856235X2,0885623024,"6 OLD KAPUNDA RD ADJ TO CFS, NURIOOTPA"
03987011X2,0398706999,"9 OLD LILYDALE RD , RINGWOOD EAST"
07328809X2,0732883784,"320 OLD LOGAN RD CNR LANGLEY RD, CAMIRA"
02952305X2,0295233197,"67 PACIFIC CRS OPP BUSH FIRE STN, MAIANBAR"
02444730X2,0244473008,"71 ORAMA CRS O/S SHOPS, ORIENT POINT"
02986900X2,0298692010,"5 OXFORD ST EPPING EXCHANGE, EPPING"
02982923X2,0298293861,"30 OXFORD RD OS POST OFFICE, INGLEBURN"
02982904X2,0298292689,"10 OXFORD RD NR RAILWAY STN, INGLEBURN"
02667416X2,0266743310,"26 OXFORD ST NR HIGH SCHOOL, KINGSCLIFF"
08932847X2,0893284742,"100 OXFORD ST O/S CAR PARK, LEEDERVILLE"
08944408X2,0894440965,"342 OXFORD ST NR FRANKLIN ST, LEEDERVILLE"
08944400X2,0894449521,"168 OXFORD ST NR VINCENT ST, LEEDERVILLE"
02963901X2,0296392785,"20 OLD NORTHERN RD CNR OLIVE ST, BAULKHAM HILLS"
07335300X2,0733531102,"276 OLD NORTHERN RD NR CHINOOK ST, EVERTON HILLS"
02665200X1,0266528793,"380 PACIFIC HWY BP COFFS HBR SOUTH, NORTH BOAMBEE VALLEY"
07387905X2,0738794765,"53 OLD LOGAN RD CNR MICHELE ST, GAILES"
02992307X2,0299231271,"92 PACIFIC HWY CNR MOUNT ST, NORTH SYDNEY"
02992221X2,0299225687,"92 PACIFIC HWY CNR MOUNT ST, NORTH SYDNEY"
02432931X2,0243293407,"708 PACIFIC HWY CNR AGRYLE AVE, NARARA"
02492629X2,0249264513,"15 PACIFIC ST , NEWCASTLE"
02665430X2,0266543391,"30 ORARA RD OS CAFE, NANA GLEN"
02484020X2,0248402100,"29 ORCHARD ST OS POST OFFICE, TARALGA"
02495213X2,0249526756,"54 ORCHARDTOWN RD , NEW LAMBTON"
07553826X2,0755385477,"2 ORCHID AVE NR CAVILL AVE, SURFERS PARADISE"
02668711X2,0266871400,"9 OLD PACIFIC HWY OPP GENERAL STORE, NEWRYBAR"
02436202X2,0243628305,"21 PACIFIC HWY , OURIMBAH"
08933557X2,0893357488,"10 ORD ST NR HIGH ST, FREMANTLE"
07328439X2,0732846280,"335 OXLEY AVE NR JOSEPH ST, MARGATE"
08927902X2,0893799098,"2 OLD PERTH RD , BASSENDEAN"
07328403X2,0732846766,"286 OXLEY AVE NR BAYNES ST, MARGATE"
02658318X2,0265835987,"0 OXLEY HWY NR MUSTON ST, PORT MACQUARIE"
07553710X2,0755377461,"449 OXLEY DRV O/S OXLEY PLAZA, RUNAWAY BAY"
07320312X2,0732036273,"617 OXLEY AVE CNR GARNET ST, SCARBOROUGH"
02963108X2,0296317854,"264 OLD PROSPECT RD OPP BERESFORD RD, GREYSTANES"
08876204X2,0887620598,"23 ORMEROD ST POST OFFICE, NARACOORTE"
03952509X2,0395256140,"83 ORMOND RD , ELWOOD"
03522102X2,0352213722,"136 ORMOND RD THOMSON PO, THOMSON"
07328405X2,0732846788,"151 OXLEY AVE OPP BAILEY ST, WOODY POINT"
07328412X2,0732847419,"42 OXLEY AVE NR LILLA ST, WOODY POINT"
08852003X2,0885202224,"43 OLD PORT WAKEFIELD RD , TWO WELLS"
03976901X2,0397694258,"55 OLD PRINCES HWY O/S SHOPPING CENTR, BEACONSFIELD"
02954802X2,0295481148,"1033 OLD PRINCES HWY CNR WARATAH RD, ENGADINE"
02943824X2,0294381212,"207 PACIFIC HWY CNR HERBERT ST, ST LEONARDS"
02979903X2,0297994883,"40 ORPINGTON ST NR PEMBROKE ST, ASHFIELD"
03952709X2,0395272798,"338 ORRONG RD , CAULFIELD NORTH"
03952713X2,0395273058,"378 ORRONG RD , CAULFIELD NORTH"
03952803X2,0395281019,"49 ORRONG RD NR GLENHUNTLY RD, ELSTERNWICK"
03952819X2,0395283619,"141 ORRONG RD CNR GLEN EIRA RD, ELSTERNWICK"
07326823X2,0732601725,"5 ORSOVA ST CNR EAGLE FARM RD, PINKENBA"
08943944X2,0894394223,"7 PACE RD NR MEDINA AVE, MEDINA"
08941974X2,0894192113,"7 PACE RD NR MEDINA AVE, MEDINA"
02937105X2,0293716410,"505 OLD SOUTH HEAD RD NR BEAUMONT RD OS, ROSE BAY"
02649415X2,0264941460,"6 OLD WALLAGOOT RD NEAR CARAVAN PARK, KALARU"
02943903X1,0294396184,"BLOCK Q 213 PACIFIC HWY TAFE LIBRARY, ST LEONARDS"
08834102X2,0883418350,"46 OSBORNE RD , NORTH HAVEN"
08925509X2,0892552236,"47 OLD YORK RD NR STIRLING RD, GREENMOUNT"
07405592X2,0740559108,"65 OLEANDER ST NR CARIBBEAN ST, HOLLOWAYS BEACH"
02955918X2,0295593655,"0 OSGOOD ST CNR EWART ST, MARRICKVILLE"
02494501X7,0249450632,"332 PACIFIC HWY NR WOMMARA AVE, BELMONT NORTH"
07559104X2,0755914327,"129 OLSEN AVE NR GLADYS ST, LABRADOR"
02432347X2,0243234258,"460 PACIFIC HWY OPP CARY ST, WYOMING"
02672102X2,0267210296,"45 OTHO ST , INVERELL"
02602116X2,0260214165,"504 OLIVE ST CNR DEAN ST, ALBURY"
02435108X2,0243554674,"5 PACIFIC HWY OS RAILWAY STATION, WYONG"
02435107X2,0243554683,"5 PACIFIC HWY OS RAILWAY STATION, WYONG"
03979504X2,0397951473,"64 OUTLOOK DRV NR THAMES ST, DANDENONG NORTH"
02499772X2,0249977101,"110 PACIFIC HWY CRN MIDGE ST, COOLONGOLOOK"
02665135X2,0266513432,"150 PACIFIC HWY , COFFS HARBOUR"
08894132X1,NONE,"21 PACKARD ST SILAS ROBERTS HSTL, LARRAKEYAH"
02998112X2,0299812298,"2 PACIFIC PDE NR PITTWATER RD, DEE WHY"
02956013X2,0295607654,"1 PERCIVAL RD OPP VINTAGE CELLRS, STANMORE"
03642403X2,0364244311,"91 PERCY ST CNR NICHOLLS ST, DEVONPORT"
02665139X2,0266515030,"75 PARK BEACH RD NR PHILLIP ST, COFFS HARBOUR"
03535813X2,0353581502,"82 PATRICK ST , STAWELL"
03635922X2,0363592092,"5 PATRICK ST FLINDERS ISL OS PO, WHITEMARK"
07335100X2,0733511720,"170 PATRICKS RD NR WANDERAH CR, FERNY HILLS"
08808813X2,0880882373,"153 PATTON ST , BROKEN HILL"
03552324X2,0355231702,"108 PERCY ST POST OFFICE, PORTLAND"
07477256X2,0747726893,"47 PERCY ST CNR HAROLD ST, WEST END"
02674619X2,0267461901,"2 PERKINS ST NR CENTRE ST, QUIRINDI"
08932815X2,0893281914,"29 PARKER ST NR ABERDEEN ST, NORTHBRIDGE"
03528201X2,0352822200,"10 PATULLOS RD SIX WAYS SHOPS, LARA"
02938703X2,0293876906,"25 PAUL ST NR BONDI RD, BONDI JUNCTION"
08826138X2,0882615432,"16 PAULS DRV NR VALE AVE, VALLEY VIEW"
02939920X2,0293997033,"124 PEROUSE ST NR CANBERA, RANDWICK"
02939922X2,0293997255,"11 PEROUSE RD NR COOGEE BAY RD, RANDWICK"
08959216X2,0895921536,"50 PARKIN ST NR BELL ST, ROCKINGHAM"
08836506X2,0883372978,"481 PAYNEHAM RD NEAR, FELIXSTOW"
07339728X2,0733975229,"70 PEACH ST NR RIDGE ST, GREENSLOPES"
03556205X2,0355624102,"60 PERTOBE RD OS KIOSK, WARRNAMBOOL"
03524317X2,0352434644,"19 PETER ST SHOPPING CENTRE, GROVEDALE"
02955928X2,0295594944,"83 PETERSHAM RD NR MARRICKVILLE RD, MARRICKVILLE"
07472401X1,0747241113,"79 PALMER ST YHA ADVENTURERS R*, SOUTH TOWNSVILLE"
03503760X2,0350376302,"36 PALMER ST POST OFFICE, WOORINEN SOUTH"
07466710X2,0746671319,"81 PALMERIN ST O/S ROSE CITY S/C, WARWICK"
03598114X2,0359811326,"1 PARKMORE RD CNR NEPEAN HWY, ROSEBUD"
08825412X1,0882546854,"130 PEACHEY RD NEAGLE RD SHOP CNT, DAVOREN PARK"
08825517X1,0882554921,"45 PEACHEY RD NR SWALLOWCLIFF RD, DAVOREN PARK"
08825518X1,0882554721,"45 PEACHEY RD NR SWALLOWCLIFF RD, DAVOREN PARK"
08933918X2,0893391977,"96 PETRA ST NR CANNING HWY, PALMYRA"
03978329X2,0397696248,"1 PETRIE ST CNR BEACH ST, FRANKSTON"
02434442X2,0243418295,"66 PHEGANS BAY RD , PHEGANS BAY"
07477912X2,0747797784,"287 PALMERSTON ST OPP VINCENT SCHOOL, VINCENT"
02649562X2,0264956109,"1 PAMBULA BEACH RD HOLIDAY HUB CVNPK, PAMBULA BEACH"
08826411X2,0882641254,"2 PAMELA DRV ADJ, PARA HILLS"
08931626X2,0893169368,"62 PARKSIDE AVE NR CRANFORD AVE, MOUNT PLEASANT"
08931625X2,0893151821,"62 PARKSIDE AVE NR CRANFORD AVE, MOUNT PLEASANT"
03582240X2,0358224267,"52 PARKSIDE DRV NR INT VILLAGE, SHEPPARTON"
08943927X2,0894394134,"56 PARMELIA AVE NR SUTHERLAND PDE, PARMELIA"
08868890X2,0886889024,"19 PEAKE TCE OPP BOWLS CLUB, PORT NEILL"
02434100X2,0243418721,"0 PEARL PDE ADJ TOILETS/CH RMS, PEARL BEACH"
08924504X2,0892451036,"16 PEARL AVE OS STARHAVEN CVAN, SCARBOROUGH"
08828707X1,0882871681,"100 PHILIP HWY , ELIZABETH SOUTH"
08828706X1,0882871679,"100 PHILIP HWY , ELIZABETH SOUTH"
08932812X2,0893281210,"153 PALMERSTON ST NR MYRTLE ST, PERTH"
02931437X2,0293146193,"55 PAROUSE RD NR ST PAULS ST, RANDWICK"
03514414X2,0351445599,"161 PEARSON ST , SALE"
07405303X2,0740534491,"328 PEASE ST OS POST OFFICE, EDGE HILL"
08933587X2,0893357767,"17 PHILLIMORE ST NR CLIFF ST, FREMANTLE"
07553851X2,0755383959,"19 PHILLIP AVE NR SURF PDE, BROADBEACH"
08828713X1,0882871680,"100 PHILLIP HWY NR SHOPS, ELIZABETH SOUTH"
07403200X2,0740321700,"10 PEASE ST NR HOARE ST, MANOORA"
08975447X2,0897546893,"38 PEEL TCE CHILD CARE CENTRE, BUSSELTON"
03544685X2,0354469078,"11 PANTON ST OS CHIROPRACTOR, EAGLEHAWK"
08988702X7,0898870427,"11 PARADE ST IN MUSEUM CAR PARK, PINGELLY"
08988700X7,0898870417,"11 PARADE ST IN MUSEUM CAR PARK, PINGELLY"
07557713X2,0755771368,"20 PARADISE PDE OPP DRAKE AVE, PARADISE POINT"
02676626X2,0267667654,"276 PEEL ST NR BOURKE ST, TAMWORTH"
03595672X2,0359567449,"59 PHILLIP ISLAND RD SURF BEACH STORE, SURF BEACH"
08833202X2,0883325365,"2 PHILLIPS ST NR PORTRUSH RD, KENSINGTON"
02974962X2,0297492843,"0 PARK RD CNR QUEEN ST, AUBURN"
07553514X2,0755359361,"15 PARK AVE CNR CONNOR ST, BURLEIGH HEADS"
02636227X2,0263628278,"209 PEISLEY ST NR SUMMER ST, ORANGE"
03572216X2,0357221406,"53 PHILLIPSON ST OS CHEMIST SHOP, WANGARATTA"
03626631X2,0362663106,"1237 PELVERATA RD , PELVERATA"
02982007X2,0298202143,"93 PEMBROKE RD NR DERBY ST, MINTO"
03939836X2,0393984111,"48 PIER ST OS ALTONA PO, ALTONA"
02964641X2,0296464676,"270 PARK RD CNR CLARKE ST, BERALA"
02432900X2,0243292906,"1 PARSONS RD LISAROW PLAZA, LISAROW"
03930623X2,0393062903,"23 PASCOE ST , PASCOE VALE"
03637611X2,0363761309,"1 PENDRIGH PL CNR CECILIA ST, ST HELENS"
08927209X2,0892723911,"38 PENINSULA RD NR WALL ST, MAYLANDS"
07559249X2,0755924873,"67 PENINSULAR DRV NR FERNY AVE, SURFERS PARADISE"
07559242X2,0755924365,"18 PENINSULAR DRV O/S BACKPACKERS, SURFERS PARADISE"
03626521X2,0362652303,"9 PENNA RD , MIDWAY POINT"
07326922X2,0732696633,"49 PIER AVE NR YUNDAH ST, SHORNCLIFFE"
03952515X2,0395253118,"1 PIER RD OS ST KILDA PIER, ST KILDA"
02684513X2,0268451010,"103 PIERCE ST NR MAXWELL ST, WELLINGTON"
02665202X2,0266528186,"7 PARK AVE NR GRAFTON ST, COFFS HARBOUR"
08952725X2,0895274611,"2 PARK DRV NR WILLMOT DVE, COOLOONGUP"
02493890X2,0249389403,"64 PARK ST , EAST GRESFORD"
02633711X2,0263371241,"19 PARK ST NR SHOP, EGLINTON"
03930911X1,0393096250,"1099 PASCOE VALE RD NR WENDYS NR TLTS, BROADMEADOWS"
03937002X2,0393701473,"150 PASCOE VALE RD NR SALISBURY ST, MOONEE PONDS"
08838604X2,0883861254,"51 PATAPINDA RD OPP MALPAS ST, OLD NOARLUNGA"
02429400X2,0242941032,"114 PARK ST OS POST OFFICE, HELENSBURGH"
03633426X2,0363345214,"15 PARK ST NR YACHT CLUB, LAUNCESTON"
07336703X2,0735116628,"33 PARK RD NR GORDON ST, MILTON"
02955413X2,0295543597,"1 PATERSON AVE NR KINGSGROVE RD, KINGSGROVE"
08872520X2,0887255832,"142 PENOLA RD CNR WIRELESS, MT GAMBIER"
03634407X2,0363447075,"194 PENQUITE RD OPP MASONIC VILG, NORWOOD"
03643760X2,0364376105,"1229 PINE RD POST OFFICE, RIANA"
03969900X2,0396991092,"332 PARK ST CNR HOWE ST, SOUTH MELBOURNE"
03969921X2,0396995090,"203 PARK ST NR CLARENDON ST, SOUTH MELBOURNE"
03986719X2,0398672682,"123 PARK ST CNR DOMAIN RD, SOUTH YARRA"
02437900X2,0243791100,"12 PATONGA DRV , PATONGA"
07546514X2,0754651382,"43 PATRICK ST NR EDWARD ST, LAIDLEY"
08931043X2,0893103130,"108 PINETREE GULLY RD NR CASTLEREAGH CL, WILLETTON"
07326914X2,0732696984,"60 PARK PDE NR PIER AVE, SHORNCLIFFE"
07320811X2,0732084673,"45 PARK RD OPP LENNER ST, SLACKS CREEK"
02928300X2,0292831427,"0 PARK ST CNR ELIZABETH ST, SYDNEY"
03943512X2,0394359619,"28 PLENTY RIVER DRV , GREENSBOROUGH"
02692035X2,0269203541,"10 PLUNKET ST OS OLD POST OFFICE, YERONG CREEK"
02982305X2,0298237365,"0 PRITCHARD ST NR CABRAMATTA RD, MT PRITCHARD"
03503210X2,0350324793,"64 PRITCHARD ST NR MURLONG ST, SWAN HILL"
02696444X2,0269644613,"10 PROBERT AVE , GRIFFITH"
02447350X2,0244735241,"68 PRINCES HWY OS POST OFFICE, BODALLA"
02423302X2,0242331306,"0 PRINCES HWY OS RAILWAY STATION, BOMBO"
03972543X2,0397257508,"48 PLYMOUTH RD CNR MCADAM SQ, CROYDON"
03956841X2,0395687643,"108 POATH RD , HUGHESDALE"
02629400X2,0262940631,"125 POCKET AVE BELLCHAMBERS CRES, BANKS"
03542206X2,0354221784,"2 POHLMAN ST NR MOLLISON ST, KYNETON"
07553211X2,0755323302,"55 POHLMAN ST CNR NERANG RD, SOUTHPORT"
07544902X2,0754490896,"123 POINCIANA AVE O/S POST OFFICE, TEWANTIN"
02985821X2,0298584343,"1 PROGRESS AVE EASTWOOD VGE SQ, EASTWOOD"
08927605X2,0892762426,"1 PROGRESS ST , MORLEY"
07403621X2,0740362578,"192 PROGRESS RD OS SHOP VILLAGE, WHITE ROCK"
02428508X2,0242855098,"253 PRINCES HWY CNR RAILWAY ST, BULLI"
08826205X2,0882627262,"391 PROSPECT RD NR BARTON ST, BLAIR ATHOL"
08826208X2,0882628496,"376 PROSPECT RD NR HOPETOWN AVE, KILBURN"
02963720X2,0296379509,"159 PITT ST , MERRYLANDS"
07547404X2,0754740392,"91 POINCIANA AVE NR SIDONI ST, TEWANTIN"
08933548X2,0893354254,"13 POINT ST NR POINT PL, FREMANTLE"
07547805X2,0754780218,"8 POINT CARTWRIGHT DRV NEAR CNR PARKANA *, BUDDINA"
03939504X1,0393953682,"300 POINT COOK RD SANCTUARY LKS S/C, POINT COOK"
07544571X2,0754457209,"11 POST OFFICE RD O/S POST OFFICE, MAPLETON"
02926101X2,0292613896,"370 PITT ST , SYDNEY"
02428300X2,0242837936,"39 PRINCES HWY OS C'WEALTH BANK, FAIRY MEADOW"
03559180X2,0355918232,"7931 PRINCES HWY OPP CFA DEPOT, GARVOC"
03970202X2,0397023260,"206 PRINCES HWY NEAR PETROL STATION, HALLAM"
03598423X2,0359844528,"3770 POINT NEPEAN RD ADJ PORTSEA PIER, PORTSEA"
03598203X2,0359823601,"1053 POINT NEPEAN RD O/S NATIONAL BANK, ROSEBUD"
08933913X2,0893395599,"1 POINT WALTER RD NR CANNING HWY, BICTON"
03559880X2,0355988100,"31 POST OFFICE RD OPP POST OFFICE, PRINCETOWN"
02923110X2,0292314639,"213 PITT ST OS ESPRIT, SYDNEY"
02923218X2,0292324541,"150 PITT ST OS SUSSAN, SYDNEY"
02923212X2,0292326316,"181 PITT ST NR KING ST, SYDNEY"
02923220X2,0292328479,"84 PITT ST O/S COMPUTER STORE, SYDNEY"
02926404X2,0292642891,"270 PITT ST DEFENCE PLAZA, SYDNEY"
02954200X2,0295421273,"487 PRINCES HWY CNR WARATAH ST, KIRRAWEE"
03955801X1,0395584582,"291 POLICE RD WAVERLEY GARDENS, MULGRAVE"
03954663X2,0395464465,"108 POLICE RD OPP WELLINGTN COLL, SPRINGVALE"
02923223X2,0292328948,"68 PITT ST , SYDNEY"
08857513X2,0885751104,"80 PRINCES HWY OS POST OFFICE, MENINGIE"
02447611X2,0244761138,"195 PRINCES HWY SOUTHFIELD PLAZA, NAROOMA"
03598707X2,0359871676,"10 PONDEROSA PL OS PONDEROSA C/P, DROMANA"
03954660X2,0395468637,"511 PRINCES HWY CNR BOWMORE ROAD, NOBLE PARK"
03527803X2,0352787922,"80 PRINCES HWY NR SPARKS RD, NORLANE"
03594300X2,0359432200,"432 PRINCES HWY POST OFFICE, OFFICER"
08824301X2,0882430245,"13 POPE ST OPP, BEVERLEY"
02664303X2,0266431394,"115 POUND ST TAXI RANK, GRAFTON"
02926914X2,0292690680,"275 PITT ST , SYDNEY"
02928344X2,0292833149,"320 PITT ST O/S ARCADE, SYDNEY"
02928343X2,0292833127,"320 PITT ST O/S ARCADE, SYDNEY"
03556760X2,0355676309,"8820 PRINCES HWY NR CFA DEPOT, PANMURE"
02958801X1,0295881258,"616 PRINCES HWY ROCKDALE PLAZA, ROCKDALE"
02980939X2,0298097295,"1 PRINCES ST ADJ CNR BUFFALO RD, RYDE"
02442119X2,0244214210,"0 PRINCES HWY NR FLINDERS RD, SOUTH NOWRA"
03644510X2,0364451100,"31 PORT RD ESPLANADE, BOAT HARBOUR BEACH"
08834039X2,0883403065,"346 PORT RD NEAR, HINDMARSH"
08834003X2,0883402979,"212 PORT RD CNR POST OFFICE, HINDMARSH"
02998202X2,0299824740,"1056 PITTWATER RD OPP COLLAROY PO, COLLAROY"
08834002X2,0883403016,"522 PORT RD WELLAND PLAZA SHO*, WELLAND"
08944418X2,0894448366,"8 POWIS ST NR HARBORNE ST, GLENDALOUGH"
03578100X2,0357810128,"5 POWLETT ST OS EXCHANGE, KILMORE"
02999700Y2,0299974765,"1 PITTVIEW ST NR TENNIS COURT, SCOTLAND ISLAND"
02993817X2,0299384832,"517 PITTWATER RD , BROOKVALE"
08857231X2,0885723365,"80 PRINCES HWY NR WATER TOWER, TAILEM BEND"
02955907X2,0295592099,"743 PRINCES HWY NR GANNON ST, TEMPE"
03563304X2,0356331122,"103 PRINCES HWY NR POST OFFICE, TRAFALGAR"
08933574X2,0893359498,"30 PORT BEACH RD NR TYDEMAN RD, NORTH FREMANTLE"
02954002X2,0295312942,"617 PORT HACKING RD OPP TURRELL BAY RD, LILLI PILLI"
02674420X2,0267442009,"0 PREMER AVE CNR ELLERSLIE ST, PREMER"
02981621X2,0298161210,"105 PITTWATER RD CNR PRINCES ST, HUNTERS HILL"
02999712X2,0299972210,"1763 PITTWATER RD NR BUNGAN LNE, MONA VALE"
02999707X2,0299971743,"1763 PITTWATER RD NR BUNGAN LNE, MONA VALE"
02445404X2,0244541374,"135 PRINCES HWY TOP OF TOWN SC, ULLADULLA"
03874200X2,0397498534,"137 PRINCES HWY OS PETROL STATION, WERRIBEE"
02428509X2,0242853473,"379 PRINCES HWY ADJ LANE WAY, WOONONA"
08941839X2,0894185225,"44 PORT KEMBLA DRV NR SPEARWOOD AVE, BIBRA LAKE"
02498300X2,0249831158,"61 PORT STEPHENS ST , RAYMOND TERRACE"
02954000X2,0295404529,"20 PRESIDENT AVE NR THE KINGSWAY, CARINGBAH"
02954012X1,0295403369,"58 PRESIDENT AVE CARINGBAH VILLAGE, CARINGBAH"
02958815X2,0295887369,"1 PRESIDENT AVE ST GEORGE TAFE, KOGARAH"
02991315X2,0299131721,"1360 PITTWATER RD O/S POST OFFICE, NARRABEEN"
02991313X2,0299133565,"1360 PITTWATER RD O/S POST OFFICE, NARRABEEN"
02991308X2,0299131654,"1260 PITTWATER RD NR ROBERTSON ST, NARRABEEN"
02991312X2,0299133410,"1421 PITTWATER RD OPP ALBERT ST, NARRABEEN"
03556104X2,0355613202,"1 PRINCES HWY UNI OS BUS STOP, WARRNAMBOOL"
02952001X2,0295206328,"1919 PRINCES HWY CNR YANAGANG ST, WATERFALL"
03568800X2,0356881201,"0 PORT WELSHPOOL RD OS LONG JETTY C/P, PORT WELSHPOOL"
08973403X2,0897341040,"3 PORTER ST NR WATSON ST, COLLIE"
07406874X2,0740687499,"32 PORTER PRM NR POST OFFICE, MISSION BEACH"
08936732X2,0893678790,"25 PRESTON ST NR LABOUCHERE RD, COMO"
08934984X2,0893498376,"108 PRINCESS RD NR CAMBERWELL RD, BALGA"
07406870X2,0740687101,"58 PORTERS PRM O/S CARAVAN PARK, MISSION BEACH"
02963612X2,0296366565,"0 PORTICO PDE O/S RAILWAY STN, TOONGABBIE"
03956806X2,0395680277,"59 PORTMAN ST CNR HANOVER ST, OAKLEIGH"
02482217X2,0248222414,"50 PRINCE ST NR KINGHORN ST, GOULBURN"
02664342X2,0266432418,"39 PRINCE ST , GRAFTON"
02664343X2,0266432421,"34 PRINCE ST OS NEWSAGENCY, GRAFTON"
03632608X2,0363262213,"1 PLEASANT ST CNR INVERMAYRD, MOWBRAY"
08938441X2,0893840788,"60 PRINCESS RD NR GOLDSWORTHY RD, CLAREMONT"
08938938X2,0893898624,"31 PRINCESS RD NR BROADWAY, CRAWLEY"
03985313X2,0398532419,"25 PRINCESS ST , KEW"
08833802X2,0883382892,"447 PORTRUSH RD NR PORTRUSH RD, GLENSIDE"
08837906X2,0883791606,"469 PORTRUSH RD WINDSOR RD, GLENSIDE"
02636209X2,0263620666,"76 PRINCE ST NR SALE ST, ORANGE"
03519901X2,0351992300,"22 PRINCE ST OS MILK BAR, ROSEDALE"
03946716X2,0394678861,"39 PLENTY RD , BUNDOORA"
03946700X2,0394671324,"39 PLENTY RD , BUNDOORA"
08930932X2,0894098231,"31 PRINDIVILLE DRV NR ISMAIL ST, WANGARA"
07320306X2,0732034037,"95 PRINCE EDWARD PDE CNR DUNNS TCE, SCARBOROUGH"
08903916X2,0890391447,"84 PRINCEP ST O/S TELSTRA EXCH, NORSEMAN"
03946721X2,0394671398,"O/S RMIT 1 PLENTY RD NR CNR BETULA, BUNDOORA"
03947011X1,0394704902,"949 PLENTY RD , KINGSBURY"
03948042X2,0394806248,"167 PLENTY RD , PRESTON"
03947855X2,0394784984,"446 PLENTY RD , PRESTON"
03979112X7,0397917530,"276 RAILWAY PDE NR CNR CHANDLER RD, NOBLE PARK"
02674614X2,0267461801,"0 RAILWAY SQ OS RAILWAY STATION, QUIRINDI"
07384418X2,0738444023,"LVL 2 10 RAYMOND TCE FOYER MATER PUB AD, SOUTH BRISBANE"
03514409X2,0351441913,"322 RAYMOND ST , SALE"
02446402X2,0244641401,"109 QUEEN ST OS POST OFFICE, BERRY"
07468100X2,0746811437,"62 RAILWAY ST NR STANTON ST, STANTHORPE"
08857232X2,0885723454,"0 RAILWAY TCE OPP WILLOW ST, TAILEM BEND"
02496603X2,0249664165,"21 RAILWAY AVE , THORNTON"
03562921X2,0356292400,"44 RAILWAY AVE NR POST OFFICE, TYNONG"
07409093Y2,0740909193,"0 RED BEACH RD OS ADMIN OFFICE, MAPOON"
07320824X2,0732081419,"100 RAILWAY PDE NR PAMELA CRES, WOODRIDGE"
02434317X2,0243413720,"3 RAILWAY ST RAILWAY BOOKINGS, WOY WOY"
08826917X2,0882692921,"200 PROSPECT RD NR ALEXANDRA ST, PROSPECT"
03988218X2,0398827890,"2 PROSPECT HILL RD CNR BURKE RD, CAMBERWELL"
02678212X2,0267821101,"125 QUEEN ST OS POST OFFICE, BARRABA"
02678211X2,0267821100,"20 QUEEN ST NR RODNEY ST, BARRABA"
08975415X2,0897541079,"80 QUEEN ST MITCHELL PARK, BUSSELTON"
07326812X2,0732685973,"138 RACECOURSE RD NR LANCASTER RD, ASCOT"
07386805X2,0738684923,"81 RACECOURSE RD NR STEVENSON ST, ASCOT"
03937633X2,0393761819,"444 RACECOURSE RD , FLEMINGTON"
02432326X2,0243234958,"27 RACECOURSE RD CNR BATLEY ST, GOSFORD"
08995411X2,0899541100,"108 RAILWAY RD OS  POST OFFICE, THREE SPRINGS"
03525817X2,0352581306,"99 PT LONSDALE RD POST OFFICE, POINT LONSDALE"
02462846X2,0246283072,"82 QUEEN ST NR KING ST, CAMPBELLTOWN"
07382100X2,0738210340,"134 QUEEN ST NR DOIG ST, CLEVELAND"
07382112X2,0738212412,"120 QUEEN ST NR BLOOMFIELD ST, CLEVELAND"
03523109X2,0352311165,"97 QUEEN ST , COLAC"
08837904X2,0883791032,"64 QUEEN ST ADJ, GLENUNGA"
02655811X2,0265581606,"11 QUEEN ST OS POST OFFICE, GLOUCESTER"
03633902X2,0363391004,"2 PROSSERS FOREST RD EASTSIDE SHOP CNTR, RAVENSWOOD"
02602513X2,0260253347,"474 PRUNE ST OS SHOP, LAVINGTON"
03598984X2,0359898206,"14 PT LEO RD OS MILK BAR, POINT LEO"
07546711X2,0754671206,"24 QUEEN ST NR POST OFF LANE, HARRISVILLE"
02429722X2,0242971549,"25 QUEEN ST CNR KING ST, LAKE ILLAWARRA"
03964203X2,0396423014,"131 QUEEN ST , MELBOURNE"
03960243X2,0396023698,"221 QUEEN ST NR LONSDALE WSIDE, MELBOURNE"
03533460X2,0353346200,"1 RAGLAN ST NR CLUNES RD, MINERS REST"
02939824X2,0293987515,"124 RAINBOW ST NR AVOCA, RANDWICK"
03937072X2,0393703473,"115 PUCKLE ST , MOONEE PONDS"
03937019X2,0393706352,"12 PUCKLE ST , MOONEE PONDS"
03937511X2,0393753438,"12 PUCKLE ST , MOONEE PONDS"
02974328X2,0297436373,"105 QUEEN ST NR WELLBANK ST, NORTH STRATHFIELD"
02962315X2,0296231941,"112 QUEEN ST , ST MARYS"
07335637X2,0733564899,"6 RAILWAY PL CNR SOUTH PINE RD, ALDERLEY"
08895368X2,0889537420,"24 RAILWAY TCE , ALICE SPRINGS"
02955305X2,0295538169,"464 RAILWAY PDE NR POST OFFICE, ALLAWAH"
02958800X2,0295881277,"464 RAILWAY PDE NR POST OFFICE, ALLAWAH"
08827627X2,0882765521,"93 RAILWAY TCE NR RAILWAY TERRACE, ASCOT PARK"
08935601X2,0893561628,"372 RAILWAY PDE BICKLEY RD, BECKENHAM"
02603512X2,0260351200,"0 RAILWAY ST ADJ BALLDALE HOTEL, BALLDALE"
07409350X2,0740935101,"35 RALEIGH ST , DIMBULAH"
03931813X2,0393181626,"36 RALEIGH RD CNR NAVIGATOR ST, MARIBYRNONG"
03931820X2,0393184605,"90 RALEIGH RD OS FLATS, MARIBYRNONG"
08822337X2,0882231069,"191 PULTENEY ST NR FLINDERS ST, ADELAIDE"
08823204X2,0882325680,"455 PULTENEY ST NR SOUTH TCE, ADELAIDE"
02975914X2,0297599688,"703 PUNCHBOWL RD OPP, PUNCHBOWL"
02962312X2,0296230798,"212 QUEEN ST OPP, ST MARYS"
02967301X2,0296731034,"107 QUEEN ST CR CHARLES H'KT DR, ST MARYS"
07553204X2,0755322179,"62 QUEEN ST NR LENNEBERG ST, SOUTHPORT"
07546450X2,0754645903,"11 QUEEN ST OS WALLOON NW CTR, WALLOON"
08852460X2,0885246024,"35 QUEEN ST , WILLIAMSTOWN"
02963936X2,0296398111,"1 RAILWAY ST OS LIBRARY, BAULKHAM HILLS"
03544107X2,0354417089,"2 RAILWAY PL BENDIGO MARKET PL, BENDIGO"
02956722X2,0295677516,"28 RAILWAY ST CNR BOWMER ST, BANKSIA"
03930910X2,0393097154,"22 RAILWAY CRS OS SHOPS, BROADMEADOWS"
02486212X2,0248621968,"0 RAILWAY PDE RAILWAY STATION, BURRADOO"
03959303X2,0395931238,"1 RAILWAY WLK RAIL STN PLATFM DO, BRIGHTON"
02974420X2,0297447481,"30 RAILWAY PDE BURWOOD EXCHANGE, BURWOOD"
02456501X2,0245650241,"3356 PUTTY RD OS SERVICE STATION, COLO HEIGHTS"
02657970X2,0265797145,"408 PUTTY VALLEY RD ADJ COMMUNITY HALL, PUTTY"
03547621X2,0354762504,"43 PYRENEES HWY NR POST OFFICE, NEWSTEAD"
02668320X2,0266832200,"57 QUEEN ELIZABETH DRV CNR JOSEPH LANE, CORAKI"
08882600X2,0888262024,"0 RAILWAY TCE ADJ RESERVE, BUTE"
03599850X2,0359985300,"18 RAILWAY RD CRN ORAYA GR, CLYDE"
02952904X2,0295294667,"70 RAMSGATE RD CNR ROCKY POINT RD, RAMSGATE"
02952902X2,0295294584,"217 RAMSGATE RD NR THE GRAND PDE, RAMSGATE BEACH"
03587104X2,0358712079,"19 PUNT RD NR COOBA ST, COBRAM"
03952910X2,0395293055,"66 PUNT RD CNR HENRY ST, WINDSOR"
08943021X2,0894307397,"211 QUEEN VICTORIA ST , NORTH FREMANTLE"
08935055X2,0893505284,"296 RAILWAY PDE NR STATION ST, EAST CANNINGTON"
02495081X2,0249508010,"25 RANCLAUD ST , BOORAGUL"
07339611X2,0733967437,"23 RANDALL RD NR WYNNUM RD, WYNNUM WEST"
08856910X2,0885691190,"89 RANDELL ST POST OFFICE, MANNUM"
03978701X2,0397871803,"28 RANELAGH DRV NR MT ELIZA WAY, MT ELIZA"
02957133X2,0295718136,"1 PYRMONT ST STAR CITY CASINO, PYRMONT"
07472511X2,0747256045,"90 QUEENS RD OPP CORCORAN PARK, HERMIT PARK"
03956205X2,0395621893,"57 RAILWAY PDE BUS STOP, GLEN WAVERLEY"
02982912X2,0298292665,"70 RAILWAY PDE , GLENFIELD"
03522913X2,0352290255,"1 RAILWAY TCE RAIL STN NR TAXIS, GEELONG"
03522302X1,0352232287,"1 RAILWAY TCE RAIL STN IN LOUNGE, GEELONG"
02685209X2,0268522614,"89 RANKIN ST NR TEMPLAR ST, FORBES"
07406110X2,0740617028,"119 RANKIN ST O/S HOSPITAL, INNISFAIL"
07462705X2,0746276237,"0 RAILWAY ST WARREGO HWY, JACKSON"
02952843X2,0295284300,"56 RAILWAY CRS OPP RLWY STATION, JANNALI"
02955225X2,0295522731,"1 QUARRY ST NR HARRIS ST, ULTIMO"
03934722X2,0393474739,"234 QUEENSBERRY ST OS MELB UNI, CARLTON"
03932908X2,0393290664,"411 QUEENSBERRY ST NR HOWARD ST, NORTH MELBOURNE"
03524800X1,0352487914,"27 QUEENSCLIFF RD BELLARINE VILLAGE, NEWCOMB"
03524803X2,0352488351,"75 QUEENSCLIFF RD OS SHOPPING CENTRE, NEWCOMB"
07334802X1,0733483281,"PLATFM 1 24 RAILWAY TCE QR LOTA, LOTA"
02666229X2,0266628871,"99 QUEENSLAND RD NR FREDERICK ST, CASINO"
02956018X2,0295609965,"2 RAILWAY TCE CNR VICTORIA ST, LEWISHAM"
08927106X2,0892719377,"251 RAILWAY PDE NR KENNEDY ST, MAYLANDS"
02986807X2,0298681032,"52 RAWSON ST , EPPING"
02979007X2,0297903440,"120 RAWSON RD NR HILLCREST AVE, GREENACRE"
02994951X2,0299493610,"18 QUIRK RD CNR BURCHMORE RD, MANLY VALE"
02649563X2,0264956511,"27 QUONDOLO ST OS POST OFFICE, PAMBULA"
07493561Y2,0749356141,"0 RAILWAY ST NR MAGOG RD, MARLBOROUGH"
02989712X2,0298973156,"100 RAILWAY TCE , MERRYLANDS"
07478306X2,0747832619,"242 QUEEN ST NEAR AYR SWIMMING*, AYR"
02656880X1,0265688162,"57 RIVERSIDE DRV TOURIST INFO CTR, NAMBUCCA HEADS"
08938115X2,0893819255,"164 ROKEBY RD NR BAGOT RD, SUBIACO"
07556213X7,0755621427,"211 RON PENHALIGON WAY OPP TENNYSON PLACE, ROBINA"
07559330X1,0755933165,"191 RON PENHALIGON WAY ROBINA VLGE SHOP/C, ROBINA"
07553837X2,0755387491,"2 RIVERVIEW PDE NR CHEVRON ISLAND, SURFERS PARADISE"
02628804X2,0262882654,"1 RIVETT PL OFF BANGALY CRES, RIVETT"
08826201X2,0882625078,"1 RM WILLIAMS DRV WALKLEY HTS S/C, WALKLEY HEIGHTS"
07477070X2,0747707115,"20 ROLLINGSTONE ST OPP SHOP, ROLLINGSTONE"
03502632X2,0350263300,"36 RONALD ST NR GEORGE ST, ROBINVALE"
07389306X2,0733967313,"PLATFM 1 0 RONALD ST QR WYNNUM CENTRAL, WYNNUM"
03642430X2,0364246113,"38 ROOKE ST IN THE MALL, DEVONPORT"
03642420X2,0364246500,"68 ROOKE ST IN THE MALL, DEVONPORT"
02958414X1,0295848916,"19 ROOSEVELT AVE NR UNION ST, RIVERWOOD"
08929106X2,0892918028,"2 ROOTH RD NR LESMURDIE RD, LESMURDIE"
02499811X2,0249981406,"5 RUGBY ST , ELLALONG"
07408300X2,0740830159,"0 RED ISLAND POINT RD NR WHARF, SEISIA"
07328301X2,0732833237,"47 REDCLIFFE PDE SOUTH OFF BAKER ST, REDCLIFFE"
07328429X2,0732846000,"81 REDCLIFFE PDE NORTH OF BAKER ST, REDCLIFFE"
08853101X1,0885310427,"100 ROPER ST LONG ISLAND MARINA, MURRAY BRIDGE"
03931827X2,0393182910,"123 ROSAMOND RD , MAIDSTONE"
02962120X2,0296215838,"148 RICHMOND RD OPP, BLACKTOWN"
07478610X2,0747861120,"20 RICHMOND RD CNR ARGYLE PARK RD, BOWEN"
03953748X2,0395371266,"17 ROBE ST NR ACLAND ST, ST KILDA"
03946600X2,0394661219,"71 ROBERT ST SIDE OF MILK BAR, LALOR"
08883201X2,0888322663,"31 ROBERT ST POST OFFICE, MAITLAND"
03930219X2,0393094367,"69 REDESDALE ST , MEADOW HEIGHTS"
02982003X2,0298202043,"14 REDFERN RD , MINTO"
03931826X2,0393187029,"169 ROSAMOND RD , MARIBYRNONG"
03933702X2,0393375998,"11 ROSE ST NR BUCKLEY ST, ESSENDON"
02472201X2,0247229648,"1 RICHMOND RD OS RAIL STATION, KINGSWOOD"
08944410X2,0894445790,"104 RICHMOND ST NR OXFORD, LEEDERVILLE"
07339918X2,0733991984,"157 RICHMOND RD CNR BONAR ST, MORNINGSIDE"
03538200X2,0353820426,"26 ROBERTS AVE OS BUS TERMINAL, HORSHAM"
08936173X2,0893617034,"77 ROBERTS RD NR ORONG RD, LATHLAIN"
03527503X2,0352754476,"28 ROSE AVE NR PLUME, NORLANE"
02679541X2,0267954304,"101 ROSE ST OS POST OFFICE, WEE WAA"
02679531X2,0267953147,"101 ROSE ST OS POST OFFICE, WEE WAA"
03954666X2,0395469195,"156 ROSEBANK AVE NR CNR WESTALL RD, CLAYTON SOUTH"
02668820X2,0266882100,"546 ROSEBANK RD CNR EUREKA RD, ROSEBANK"
07544500X2,0754450724,"7 ROSEBED ST O/S POST OFFICE, EUDLO"
08894510X2,0889450568,"1 RICKARDS CRT , MALAK"
08903914X2,0890391672,"85 ROBERTS ST O/S MITRE 10 STORE, NORSEMAN"
03931493X2,0393145096,"39 ROBERTS ST OPP CLARENDON PDE, WEST FOOTSCRAY"
07478880X2,0747888278,"1 RIDGE DRV , ALICE RIVER"
02496300X2,0249634181,"10 RIDGE ST , MEREWETHER"
02989932X2,0298991113,"201 RIDGECROP DRV OS KNIGHTSBRIDGE P, CASTLE HILL"
03931480X2,0393146010,"123 ROBERTS ST NR NEYLON ST, YARRAVILLE"
03597360X2,0359736147,"32 ROBERTSON DRV OS SHOPS, MORNINGTON"
03527500X2,0352751076,"68 ROBIN AVE NR EAGLE MED STRP, NORLANE"
03974214X2,0397427528,"113 ROSELLA AVE , WERRIBEE"
07371400X2,0737149937,"16 ROSEMARY ST NR DELORME ST, INALA"
02967100X1,0296712943,"52 ROSENTHAL ST RAINBOW IGA SHOPS, DOONSIDE"
02881400X1,0288149051,"52 ROSENTHAL ST RAINBOW IGA SHOPS, DOONSIDE"
02477411X2,0247741109,"3 RIDGEHAVEN RD NR SILVERDALE RD, SILVERDALE"
03566810X2,0356681703,"98 RIDGEWAY ST OS POST OFFICE, MIRBOO NORTH"
02494314X2,0249437210,"52 RIDLEY ST MALL, CHARLESTOWN"
08964214X2,0896421002,"18 ROBINSON RD O/S POST OFFICE, BROOKTON"
08826931X2,0882694089,"437 REGENCY RD NEAR, PROSPECT"
08826918X2,0882692947,"387 REGENCY RD NEAR, PROSPECT"
02685204X2,0268521832,"12 REGENT ST NR WILLIAM ST, FORBES"
03633911X2,0363392102,"4 ROSNY ST ADJ PARK, RAVENSWOOD"
03642506X2,0364251033,"14 REIBY ST , ULVERSTONE"
08833732X2,0883374109,"1 REID AVE NR FRASER AVE, FELIXSTOW"
02668773X2,0266877400,"3 ROSS ST OS BACKPACKERS, LENNOX HEAD"
03513406X2,0351346300,"17 RINTOULL ST , MORWELL"
07553832X2,0755386419,"57 RIO VISTA BLV CNR NYANDA PDE, BROADBEACH WATERS"
07328802X2,0732888102,"228 RIPLEY RD CNR HIBISCUS ST, FLINDERS VIEW"
03622801X1,0362280848,"1 RISDON RD , NEW TOWN"
03623113X2,0362285876,"56 RISDON RD NR EMMETT PLACE, NEW TOWN"
03622330X2,0362237106,"88 REGENT ST CNR LORD ST, SANDY BAY"
07478810X1,0747257018,"310 ROSS RIVER RD STOCKLAND PLAZA, AITKENVALE"
07477941X2,0747794187,"310 ROSS RIVER RD STOCKLAND PLAZA, AITKENVALE"
07477908X2,0747797005,"206 ROSS RIVER RD NEAR CNR CRETE ST*, AITKENVALE"
07472808X2,0747283414,"302 ROSS RIVER RD O/S KINGSVALE SC, AITKENVALE"
08931505X2,0893151532,"133 RISELEY ST BOORAGOON BUS STN, BOORAGOON"
02668611X2,0266867653,"176 RIVER ST CNR MOON ST, BALLINA"
02668619X2,0266867746,"135 RIVER ST NR WIGMORE ARC, BALLINA"
02982248X2,0298224719,"43 REILLY ST NR GILL AVE, LIVERPOOL"
02468308X2,0246831223,"119 REMEMBERANCE DRV OS SHOPS, TAHMOOR"
07475501X2,0747550974,"12 ROSS RIVER RD O/S RED ROOSTER, MUNDINGBURRA"
03930500X2,0393051604,"29 ROSSITER AVE OS RESERVE, ROXBURGH PARK"
08949516X2,0894951132,"50 RIVER RD NR ORLANDO, KELMSCOTT"
08941849X2,0894183001,"432 ROCKINGHAM RD OPP GEROVICH WAY, SPEARWOOD"
02684410X2,0268441400,"30 RENSHAW ST , BINNAWAY"
08930516X2,0893058751,"67 RENSHAW BLV NR GARRIGAN PL, CLARKSON"
03528300X2,0352831400,"1 ROTHWELL RD NR RIVER ST, LITTLE RIVER"
02664544X2,0266454361,"109 RIVER ST OS RIVERSIDE VANPK, MACLEAN"
02664540X7,0266454385,"34 RIVER ST OS HARDWARE STORE, MACLEAN"
02668013X2,0266801901,"19 RIVER ST OS GENERAL STORE, NEW BRIGHTON"
02979224X2,0297923381,"271 RIVER RD CNR NEPTUNE ST, REVESBY"
07492842X2,0749280679,"343 ROCKONIA RD NR CONNOR ST, KOONGAL"
07405312X2,0740535691,"1 RESERVOIR RD CNR PEASE ST, MANOORA"
02662514X2,0266251242,"59 ROUS RD CNR TEVEN ST, GOONELLABAH"
02673602X2,0267361121,"231 ROUSE ST TELEPHONE EXCHANGE, TENTERFIELD"
02673605X2,0267361987,"359 ROUSE ST NR MOLESWORTH ST, TENTERFIELD"
03572220X2,0357221305,"132 ROWAN ST NR SWAN ST, WANGARATTA"
02985813X2,0298582593,"51 ROWE ST , EASTWOOD"
02987416X2,0298746492,"140 ROWE ST ROWE ST MALL, EASTWOOD"
02987417X2,0298746493,"176 ROWE ST IN MALL WEST SIDE, EASTWOOD"
02668220X2,0266822200,"85 RIVER ST OS POST OFFICE, WOODBURN"
02958308X2,0295831157,"500 ROCKY POINT RD NR BONANZA PDE, SANS SOUCI"
03516700X2,0351671200,"23 RESERVE ST NR POST OFFICE, YALLOURN NORTH"
02962111X2,0296213832,"80 RESERVOIR RD CNR BURKE ST, BLACKTOWN"
02679652X2,0267965101,"0 ROWENA ST NR STORE, ROWENA"
02982225X2,0298224791,"1 RIVERPARK DRV NR SHEPHERD ST, LIVERPOOL"
03988200X1,0398824817,"519 RIVERSDALE RD REAR WALL MKT PL, CAMBERWELL"
03981946X2,0398191689,"213 RIVERSDALE RD CNR AUBURN RD, HAWTHORN"
03544131X2,0354416896,"54 RETREAT RD , FLORA HILL"
08833714X2,0883374632,"55 REYNELL RD CNR FOREST AV, ROSTREVOR"
03539720X2,0353972001,"33 ROY ST NR CHARLES ST, JEPARIT"
02635301X2,0263531235,"3 ROY ST TELEPHONE EXCHANGE, LITHGOW"
08932521X2,0893256958,"81 ROYAL ST CNR REGAL PLACE, EAST PERTH"
03957125X2,0395718784,"8 ROYAL AVE ADJ POLICE STATION, GLEN HUNTLY"
03596712X2,0359671100,"28 RIVERSDALE RD NEAR HILLVIEW AVE, YARRA JUNCTION"
03502140X2,0350212462,"136 RIVERSIDE AVE NR 11TH ST, MILDURA"
07335011X2,0733501702,"479 RODE RD OPP DAVENPORT ST, CHERMSIDE"
07335909X2,0733598637,"272 RODE RD NR PFINGST RD, WAVELL HEIGHTS"
07326602X2,0732664473,"66 RODE RD CNR EVANS ST, WAVELL HEIGHTS"
07493447X2,0749344704,"12 RODEN ST , KEPPEL SANDS"
07495050Y1,0749505101,"3 REYNOLDS ST OS POST OFFICE, NEBO"
07384701X2,0738471173,"80 RIALTO ST NR CORNWALL ST, GREENSLOPES"
08897505X7,0889750743,"0 SERVICE RD ADJ WAYSIDE INN, TIMBER CREEK"
07406020X7,0740602038,"0 SESAME ST DAWSON DRV CNR, LAKELAND"
08934500X2,0893451001,"2 SHIPLEY PL NR AMBERLEY WAY, WESTMINSTER"
08952852X2,0895287245,"447 SAFETY BAY RD IN CAR PARK, SAFETY BAY"
08959226X2,0895922852,"118 SAFETY BAY RD NR COVENTRY RD, SHOALWATER"
08959224X2,0895922840,"118 SAFETY BAY RD SHOALWATER S/C, SHOALWATER"
02995802X2,0299581021,"175 SAILORS BAY RD , NORTHBRIDGE"
08944612X2,0894467911,"259 SCARBOROUGH BEACH RD NR ST BRIGIDS TCE, DOUBLEVIEW"
08944607X2,0894465833,"363 SCARBOROUGH BEACH RD , INNALOO"
02668574X2,0266857403,"67 SHIRLEY ST , BYRON BAY"
02943905X2,0294396348,"50 SHIRLEY RD ADJ, WOLLSTONECRAFT"
08924201X1,0892425805,"148 SCARBOROUGH BEACH RD MT HAWTHORN PLAZA, MT HAWTHORN"
08924207X2,0892425047,"315 SCARBOROUGH BEACH RD IN GLENDALOUGH STN, OSBORNE PARK"
08924200X1,0892422671,"315 SCARBOROUGH BEACH RD IN GLENDALOUGH STN, OSBORNE PARK"
08924511X2,0892451733,"25 SCARBOROUGH BEACH RD O/S POST OFFICE, SCARBOROUGH"
08934112X2,0893413505,"5 SCARBOROUGH BEACH RD NR BUS TERMINAL, SCARBOROUGH"
03502102X2,0350214603,"71 SEVENTH ST NR RUBY AVE, MILDURA"
07553450X2,0755345984,"1 SEVENTH AVE NR JEFFERSON LANE, PALM BEACH"
03515673X2,0351567502,"0 SEVENTH PDE OPP FERRY, RAYMOND ISLAND"
08833222X2,0883326898,"27 SEVENTH AVE ADJ, ST MORRIS"
02951607X2,0295164419,"0 SALISBURY RD CNR AUSTRALIA ST, CAMPERDOWN"
07493962X2,0749396514,"1004 SCENIC HWY KINKA KIPPA, KINKA BEACH"
07326814X2,0732684619,"52 SEYMOUR ST CNR STEVENSON ST, ASCOT"
03517411X2,0351747367,"89 SEYMOUR ST BW CHURCH/FRANKLIN, TRARALGON"
08825818X2,0882584765,"426 SALISBURY HWY NR HATHERLEIGH RD, PARAFIELD GARDENS"
08828117X2,0882814854,"482 SALISBURY HWY NR BLACKIE ST, PARAFIELD GARDENS"
03964604X2,0396464593,"280 SALMON ST NR LORIMER ST, PORT MELBOURNE"
03538710X2,0353871200,"1 SCHMIDT ST PO NR MAIN ST, NATIMUK"
03596844X2,0359684488,"51 SCHOOL RD MONBULKGEMBROOK RD, MENZIES CREEK"
08937505X2,0893756826,"225 SHAFTESBURY AVE NR WALTER RD, BEDFORD"
02974702X1,0297470530,"96 SHAFTESBURY RD BURWOOD RSL CLUB, BURWOOD"
08894824X2,0889480226,"1 RUNGE ST , COCONUT GROVE"
02955809X2,0295582300,"1 SCHWEBEL ST CNR ILLAWARRA RD, MARRICKVILLE"
03639180X2,0363918101,"5 SCONE ST OPP POLICE STATION, EVANDALE"
07495309X2,0749530831,"172 SHAKESPEARE ST NEAR CNR BRISBANE*, MACKAY"
08927600X2,0892765676,"65 SHAKESPEARE AVE NR DRYDEN ST, YOKINE"
07465741X2,0746574272,"0 SHAMROCK ST NR HAWTHORNE ST, BLACKALL"
03597500X2,0359751476,"44 SHANDON ST NR BELEURA HILL RD, MORNINGTON"
08856850X2,0885685024,"14 SHANNON ST , BIRDWOOD"
03522217X2,0352223507,"135 SHANNON AVE NR ROXBY ST, MANIFOLD HEIGHTS"
08835922X2,0883592652,"128 RUNDLE MALL OPP TWIN ST, ADELAIDE"
08822353X2,0882236909,"128 RUNDLE MALL OPP TWIN ST, ADELAIDE"
08822339X2,0882236238,"202 RUNDLE ST NR FROME RD, ADELAIDE"
08822309X2,0882235587,"202 RUNDLE ST NR FROME RD, ADELAIDE"
08835902X2,0883592638,"273 RUNDLE ST NR EAST TCE, ADELAIDE"
07335200X2,0733525120,"19 SAMFORD RD NR SOUTH PINE RD, ALDERLEY"
07335507X2,0733556102,"373 SAMFORD RD CNR BERE ST, GAYTHORNE"
07385101X1,0738512857,"1028 SAMFORD RD GREAT WESTERN S/C, KEPERRA"
07335103X1,0733514267,"1028 SAMFORD RD GREAT WESTERN S/C, KEPERRA"
07388100X2,0738810167,"185 SAMSONVALE RD NR WINDREST ST, STRATHPINE"
02442100X2,0244210943,"23 SAMUEL ST NR ALFRED ST, BOMADERRY"
03557420X2,0355742300,"16 SCOTT ST OPP HOTEL, CAVENDISH"
03979212X2,0397929050,"29 SCOTT ST , DANDENONG"
03979120X2,0397911898,"2 SCOTT ST CNR LONSDALE ST, DANDENONG"
03953110X2,0395318400,"31 SCOTT ST CNR TENNYSON ST, ELWOOD"
08925510X2,0892552193,"160 SCOTT ST NR HELENA VALLEY R, HELENA VALLEY"
03552712X2,0355271600,"88 SCOTT ST NR GORRIE ST, HEYWOOD"
02607692X2,0260769493,"0 SCOTT ST OS HOTEL, KHANCOBAN"
03527502X2,0352757506,"42 SHARLAND RD OS MILKBAR, CORIO"
02955408X2,0295543582,"24 SHAW ST NR BEXLEY LIBRARY, BEXLEY NORTH"
02677246X2,0267729011,"129 RUSDEN ST OS TOWN HALL, ARMIDALE"
02928152X2,0292810712,"2 SAMUEL ST ADJ, SURRY HILLS"
02955902X2,0295591266,"88 SAMUEL ST CNR SAMUEL LANE, TEMPE"
03502117X2,0350214615,"285 SAN MATEO AVE NR BURROWS ST, MILDURA"
08982016X2,0898201020,"8 SANDERSON ST NR ALTHAM ST, PINGRUP"
02492600X2,0249261535,"214 SCOTT ST BUS STOP NCLE MALL, NEWCASTLE"
03974906X2,0397498326,"167 SHAWS RD NR TARNETT RD, WERRIBEE"
07474216X2,0747421739,"46 SHEAFFE ST O/S POST OFFICE, CLONCURRY"
02662401X2,0266245034,"13 SHEARMAN DRV OS MAGPIE CENTRE, GOONELLABAH"
03558106X2,0355812354,"63 RUSSELL ST , CASTERTON"
07326201X2,0732621046,"473 SANDGATE RD NR HIGHLANDS ST, ALBION"
07326208X2,0732627055,"333 SANDGATE RD NR ANSTEY ST, ALBION"
07386200X1,NONE,"374 SANDGATE RD HELANA JONES CTR, ALBION"
07386202X1,NONE,"374 SANDGATE RD HELENA JONES RES, ALBION"
07386203X1,NONE,"374 SANDGATE RD HELENA JONES ADMIN, ALBION"
07556109X2,0755611806,"70 SEA WORLD DRV O/S MARINERS COVE, MAIN BEACH"
08929508X2,0892954402,"2200 SEABOURNE ST NR GENERAL STORE, PARKERVILLE"
08952724X2,0895275700,"17 SEABROOKE AVE , ROCKINGHAM"
08829814X2,0882988098,"215 SEACOMBE RD NR STEWART ST, SOUTH BRIGHTON"
08829608X2,0882966632,"228 SEACOMBE RD NR DAVENPORT ST, SEACLIFF PARK"
08829612X2,0882968254,"176 SEACOMBE RD NR WARUNDA AVE, SEAVIEW DOWNS"
08838601X2,0883860109,"40 SEAFORD RD NR FLINDERS, SEAFORD"
08829727X2,0882976965,"1 SHELLEY AVE NR HAWSON AVE, NORTH PLYMPTON"
08826408X2,0882647921,"1303 SHELLEY ST NW NTH EAST RD, TEA TREE GULLY"
03512716X2,0351271584,"38 RUTHERGLEN RD OS POST OFFICE, NEWBOROUGH"
07386202X2,0738621163,"708 SANDGATE RD , CLAYFIELD"
07326605X2,0732669844,"1259 SANDGATE RD NR STATION ST, NUNDAH"
02495118X2,0249517776,"294 SANDGATE RD , SHORTLAND"
02956412X2,0295641107,"1 SEAVIEW ST NR MARRICKVILLE RD, DULWICH HILL"
02956411X2,0295646466,"1 SEAVIEW ST NR MARRICKVILLE RD, DULWICH HILL"
03965478X2,0396541415,"148 RUSSELL ST NR BOURKE ST, MELBOURNE"
03965445X2,0396544519,"148 RUSSELL ST NR BOURKE ST, MELBOURNE"
03965407X2,0396542008,"26 RUSSELL ST OS IVY NIGHTCLUB, MELBOURNE"
08927501X1,0892759183,"126 RUSSELL ST BUS STATION, MORLEY"
08927500X1,0892759137,"126 RUSSELL ST BUS STATION, MORLEY"
07384628X2,0738464923,"28 RUSSELL ST OS MUSGRAVE PARK, SOUTH BRISBANE"
02974515X2,0297452715,"1 RUSSELL ST NR WENTWORTH ST, STRATHFIELD"
07386501X2,0738652260,"2023 SANDGATE RD NR VAUXHALL ST, VIRGINIA"
02987502X2,0298751192,"124 SHEPHERDS DRV NR APPLETREE DVE, CHERRYBROOK"
08827808X2,0882782159,"276 SHEPHERDS HILL RD NR NORTHCOTE ST, EDEN HILLS"
08827716X2,0882771098,"6 SHEPHERDS HILL RD E SIDE, ST MARYS"
07478315X2,0747835531,"8 SANDOWNS ST ALVA BEACH, AYR"
03622401X2,0362244841,"410 SANDY BAY RD WREST POINT CASINO, SANDY BAY"
03622309X2,0362237351,"200 SANDY BAY RD OS MAGNET COURT, SANDY BAY"
07405610X2,0740566990,"75 SHEPPARDS ST OS SWIMMING POOL, GORDONVALE"
02498113X2,0249811765,"28 SANDY POINT RD NR SHOPS, CORLETTE"
02498131X2,0249813017,"272 SANDY POINT RD OS RIGBY CENTRE, SALAMANDER BAY"
07478619X2,0747861702,"0 SANTA BARBARA PDE BOAT HARBOUR, BOWEN"
08832203X2,0883221284,"12 SHEREBROOKE BLV ADJ SHOPPING CENTR, WOODCROFT"
07320024X2,0732007258,"5 SARAH ST OPP JEAN ST, LOGANLEA"
07415910X2,0741591217,"16 SEE ST NR BAUER ST, BARGARA"
08808825X2,0880881408,"103 RYAN ST NR HARRIS ST, BROKEN HILL"
02664338X2,0266431752,"242 RYAN ST NR MINDEN ST, SOUTH GRAFTON"
03972905X2,0397292400,"31 SASSES AVE OS MILK BAR, BAYSWATER"
08844909X2,0884499365,"24 SEMAPHORE RD , SEMAPHORE"
03556201X2,0355621348,"35 RYOT ST OS BASE HOSPITAL, WARRNAMBOOL"
03522112X2,0352213677,"154 RYRIE ST NR MOORABOOL ST, GEELONG"
03522225X2,0352223613,"256 RYRIE ST OS HOSPITAL, GEELONG"
07320327X2,0732036148,"289 SCARBOROUGH RD NEAR SWIMMING POOL, SCARBOROUGH"
03948607X1,0394868143,"2 SEPARATION ST NORTHCOTE CENTRAL, NORTHCOTE"
07387103X2,0738710114,"9 SHERWOOD RD NR BUS STOP, TOOWONG"
08894813X2,0889480136,"48 SABINE RD , MILLNER"
08894836X2,0889480251,"6 SABINE RD , MILLNER"
02983127X2,0298312698,"22 SACKVILLE ST NR STEPHEN ST, BLACKTOWN"
02962128X2,0296217108,"22 SACKVILLE ST NR STEPHEN ST, BLACKTOWN"
03556818X2,0355681100,"73 SACKVILLE ST NR BANK ST NESIDE, PORT FAIRY"
07387908X2,0738799457,"45 SKYLARK ST NR BITTERN ST, INALA"
08922126X2,0892213802,"28 ST GEORGES TCE ANZAC HOUSE, PERTH"
08932510X2,0893257671,"10 ST GEORGES TCE NR VICTORIA AVE, PERTH"
08948106X2,0894814160,"249 ST GEORGES TCE NR MOUNT ST, PERTH"
03645640X2,0364564104,"2306 SOUTH RD , EDITH CREEK"
08837402X1,0883740141,"992 SOUTH RD CASTLE PLAZA, EDWARDSTOWN"
08829300X2,0882938798,"928 SOUTH RD HOTEL, EDWARDSTOWN"
02975501X2,0297550016,"63 SPENCER ST NR WARE ST, FAIRFIELD"
08931620X2,0893647191,"14 SLEAT RD NR CANNING HWY, APPLECROSS"
02971606X2,0297166200,"1 SLOANE ST NR GROSVENOR ST, SUMMER HILL"
03582108X2,0358216320,"84 ST GEORGES RD NR PO, SHEPPARTON"
03948011X2,0394804273,"375 ST GEORGES RD , THORNBURY"
08945917X2,0894594422,"330 SPENCER RD NR CONNEMARA OS SC, THORNLIE"
02972421X2,0297243942,"26 ST JOHNS RD NR ADOLPHUS ST, CABRAMATTA"
02955208X2,0295521075,"151 ST JOHNS RD NR FOREST RD, GLEBE"
08829719X2,0882975721,"482 SOUTH RD CNR, KURRALTA PARK"
02687229X2,0268722643,"35 SHORT ST NR BECKER ST, BOURKE"
02668512X2,0266851304,"2 SHORT ST CNR TWEED ST, BRUNSWICK HEADS"
02494211X2,0249436815,"17 SMART ST NR TAXI RANK, CHARLESTOWN"
03955544X2,0395558902,"476 SOUTH RD , MOORABBIN"
02982259X2,0298225633,"1 SHORT ST NR HUME HWY, LIVERPOOL"
02658314X2,0265838832,"0 SHORT ST CNR WILLIAM ST, PORT MACQUARIE"
02656981X2,0265698055,"2 SHORT ST SCOTTS HEAD RESVE, SCOTTS HEAD"
02655120X2,0265510528,"21 SHORT ST NR SMITH ST, TAREE"
08826500X1,0882650266,"100 SMART RD TEA TREE GULLY CO*, MODBURY"
08838214X2,0883823109,"251 SOUTH RD NR O'SULLIVANS BCH, MORPHETT VALE"
08873700X1,0887373723,"4 SOUTH TCE CNR RIDDOCH HWY, PENOLA"
08826018X2,0882603109,"2 SOUTH TCE NR MAIN NORTH RD, POORAKA"
08834000X1,0883401673,"191 SOUTH RD CROYDON CHEAP FOOD, RIDLEYTON"
03979630X2,0397964232,"34 SPRING SQ , HALLAM"
03955514X2,0395554236,"23 SPRING RD , HIGHETT"
07382103X2,0738210562,"19 SMITH ST CNR RUSSELL ST, CLEVELAND"
03941982X2,0394191341,"174 SMITH ST , COLLINGWOOD"
08862570X2,0886257024,"6 SOUTH TCE CARAVAN PARK, SMOKY BAY"
03947048X2,0394703320,"119 SPRING ST , RESERVOIR"
03947113X2,0394711639,"203 SPRING ST , RESERVOIR"
03946023X2,0394605548,"291 SPRING ST , RESERVOIR"
03946515X2,0394656120,"38 SPRING ST , THOMASTOWN"
03544215X2,0354421720,"132 SPRING GULLY RD OS SERVICE STN, SPRING GULLY"
08932843X2,0893288812,"49 SMITH ST O/S STIRLING TOWER, HIGHGATE"
03624708X2,0362477203,"27 SOUTH ARM RD , ROKEBY"
08927434X2,0892745812,"47 SPRING PARK RD NR MORRISON RD, MIDLAND"
08827704X2,0882771698,"98 SPRINGBANK RD , CLAPHAM"
07553042X2,0755304218,"402 SPRINGBROOK RD O/S CARAVAN PARK, MUDGEERABA"
02422616X2,0242263257,"0 SMITH ST NR 100 KEIRA ST, WOLLONGONG"
03973901X2,0397391401,"1 SOUTH GATEWAY  OS MILK BAR, COLDSTREAM"
03599613X2,0359961620,"201 SOUTH GIPPSLAND HWY , CRANBOURNE"
03599611X2,0359961491,"130 SOUTH GIPPSLAND HWY , CRANBOURNE"
07494662X7,0749466602,"382 SHUTE HARBOUR RD NEAR AIRLIE COURT*, AIRLIE BEACH"
07494671X2,0749467336,"281 SHUTE HARBOUR RD TAXI RANK SHELTER, AIRLIE BEACH"
07494809X2,0749480835,"157 SHUTE HARBOUR RD C'VALE MARKETS, CANNONVALE"
03643542X2,0364354304,"17 SICE AVE , HEYBRIDGE"
03987817X2,0398787390,"287 SPRINGFIELD RD , NUNAWADING"
03987810X2,0398783419,"338 SPRINGVALE RD CNR CANTERBURY RD, FOREST HILL"
07328825X2,0732881891,"90 SMITHS RD CNR STUART ST, GOODNA"
03599820X2,0359982200,"2040 SOUTH GIPPSLAND HWY CNR FINSBURY RD, DEVON MEADOWS"
07388102X2,0738810175,"349 SOUTH PINE RD NR LEITCHS RD, BRENDALE"
03949905X2,0394995180,"81 SILVERDALE RD , EAGLEMONT"
02979009X2,0297904495,"48 SIMMAT AVE NR LANCELOT ST, CONDELL PARK"
03567800X2,0356780200,"56 SMYTHE ST OS GEN STORE, CORINELLA"
07335510X2,0733557073,"751 SOUTH PINE RD NR BARTON ST, EVERTON PARK"
02997753X2,0299777674,"13 SOUTH STEYNE  OPP, MANLY"
07557361X2,0755736572,"22 SIGANTO DRV , HELENSVALE"
02939829X2,0293985692,"13 SILVER ST NR BELMORE, RANDWICK"
03987845X2,0398789140,"153 SPRINGVALE RD , NUNAWADING"
03954650X2,0395465937,"302 SPRINGVALE RD NEAR SUPERMARKET, SPRINGVALE"
03954651X2,0395465184,"108 SPRINGVALE RD NR TREVETHIE RD, SPRINGVALE"
03954664X2,0395469880,"101 SPRINGVALE RD OPP STEPHENSON ST, SPRINGVALE"
03954602X2,0395469906,"457 SPRINGVALE RD NR BAILEY CRT, SPRINGVALE"
08972914X7,0897291700,"0 SOUTH WEST HWY OS ROADHOUSE, WOKALUP"
07559070X2,0755907159,"69 SIMPSON DRV OUTSIDE SHOPS, BILAMBIL HEIGHTS"
07474319X2,0747439902,"39 SIMPSON ST OPP K-MART, MT. ISA"
07474925X2,0747491337,"39 SIMPSON ST OPP K-MART, MT. ISA"
02684503X2,0268451476,"14 SIMPSON ST NR GISBORNE ST, WELLINGTON"
07336920X2,0733696322,"256 SIMPSONS RD CNR MORGAN TCE, BARDON"
03954646X2,0395469685,"276 SPRINGVALE RD OS SPRINGVALE CENTRAL, SPRINGVALE"
03954709X2,0395474168,"577 SPRINGVALE RD NR CNR MACKAY ST, SPRINGVALE SOUTH"
02498271X2,0249827104,"206 SOLDIERS PT RD , SALAMANDER BAY"
03939843X2,0393982085,"2 SOMERS PDE NR MAIDSTONE ST, ALTONA"
03579200X2,0357921948,"17 SINCLAIR CRS NR DON COURT, SEYMOUR"
02472155X2,0247210704,"1 SOMERSET ST NEPEAN HOSPITAL, KINGSWOOD"
02982010X2,0298202961,"PLATFM 1 1 SOMERSET ST MINTO RAILWAY STAT, MINTO"
02676090X2,0267609102,"48 SOMERSET PL NR NEW ENGLAND HWY, NEMINGHA"
03930514X2,0393051630,"250 SOMERTON RD O/S MAIN ENTRANCE, ROXBURGH PARK"
03544230X2,0354421320,"37 SOMERVILLE ST , FLORA HILL"
03979925X2,0397991900,"174 SOMERVILLE RD OPP SILVAN GR, HAMPTON PARK"
03979922X2,0397991500,"16 SOMERVILLE RD CNR CLIVE ST, HAMPTON PARK"
03945945X2,0394592835,"29 SOUTHERN RD BAMFIELD RD NEAR, HEIDELBERG WEST"
03945939X2,0394598502,"179 SOUTHERN RD , HEIDELBERG WEST"
02979619X2,0297967182,"1 SIR JOSEPH BANKS ST CNR RICKARD RD, BANKSTOWN"
03936425X2,0393642759,"53 ST ALBANS RD , ST ALBANS"
08956124X2,0895612012,"86 ST ANDREWS DRV NR RUSSLEY GVE, YANCHEP"
07478312X2,0747835536,"60 SOPER ST , AYR"
08823412X2,0882343456,"412 SIR DONALD BRADMAN DRV AIRPORT RD, BROOKLYN PARK"
07387108X2,0738710181,"179 SIR FRED SCHONELL DRV CNR MITRE ST, ST LUCIA"
03957115X2,0395713399,"7 SIR JOHN MONASH DRV OS RAIL/ST OPP UNI, CAULFIELD EAST"
02998124X2,0299814687,"5 ST DAVIDS RD OS POLICE STN, DEE WHY"
02675320X2,0267532001,"51 ST GEORGE ST CNR YAROVAN ST, MUNGINDI"
02675323X2,0267532201,"161 ST GEORGE ST O/S PARK, MUNGINDI"
08821103X2,0882118754,"11 SOUTH TCE NR WEST TCE, ADELAIDE"
08822308X2,0882234321,"295 SOUTH TCE NR LOUISA ST, ADELAIDE"
02964311X2,0296438927,"88 SOUTH PDE OPP AUBURN STATION, AUBURN"
02654319X2,0265431454,"68 SOWERBY ST CNR RICHMOND, MUSWELLBROOK"
02457260X2,0245726335,"2 SIRIUS RD NR COLONIAL DVE, BLIGH PARK"
03948231X2,0394821218,"229 ST GEORGES ST CNR SCOTCHMER ST, FITZROY NORTH"
03948233X2,0394823214,"370 ST GEORGES RD VIA, FITZROY NORTH"
02495924X2,0249594210,"23 SOUTH PDE , BLACKALLS PARK"
08829723X2,0882976309,"729 SOUTH RD NR COWPER ST, BLACK FOREST"
03957928X2,0395793699,"652 SOUTH RD NR SCALON ST OPP, BENTLEIGH EAST"
03931194X2,0393119102,"109 SOUTH RD NR CRICK ST, BRAYBROOK"
07547908X2,0754791932,"78 SIXTH AVE CNR KNGSFRDSMTH PD, MAROOCHYDORE"
08853203X2,0885326795,"OS  24 SIXTH ST CNR FOURTH ST, MURRAY BRIDGE"
08894132X2,0889415737,"354 STUART HWY ADJ POST OFFICE, WINNELLIE"
02928161X7,0292819715,"408 SUSSEX ST OPP TILED WALL, HAYMARKET"
02926121X2,0292614109,"320 SUSSEX ST OS, SYDNEY"
08832500X2,0883250309,"360 STATES RD NR MALONE ST, MORPHETT VALE"
08832502X2,0883252059,"440 STATES RD ADJ SHOPS, MORPHETT VALE"
02979932X2,0297998971,"1 STATION ST O/S RAIL STATION, ASHFIELD"
03958701X2,0395872092,"137 STATION ST OS SHOPS, ASPENDALE"
03972904X2,0397292245,"30 STATION ST , BAYSWATER"
02497309X2,0249734267,"27 STATION ST , BONNELLS BAY"
03989928X2,0398996837,"501 STATION ST CNR HOWARD ST, BOX HILL"
03972914X2,0397294367,"69 STUD RD NR CNR PHYLLIS ST, BAYSWATER"
03976408X2,0397644314,"1221 STUD RD CNR BERGINS RD, ROWVILLE"
07320026X2,0732005102,"78 STATION RD NR FEDERATION DVE, BETHANIA"
03980811X2,0398083394,"71 STATION ST , BURWOOD"
03977219X2,0397722632,"501 STATION ST OPP RAIL STN, CARRUM"
03977213X2,0397721765,"316 STATION ST NR CNR THAMES PRAM, CHELSEA"
02637946X2,0263794676,"27 STATION ST NR CHARBON RD, CHARBON"
03980103X2,0398012500,"227 STUD RD , WANTIRNA SOUTH"
03980102X2,0398012106,"191 STUD RD CNR SOMERSET RD, WANTIRNA SOUTH"
03988701X2,0398873619,"369 STUD RD OUTER EASTERN TAFE, WANTIRNA SOUTH"
07557313X2,0755735936,"16 STUDIO DRV , OXENFORD"
03548245X2,0354821688,"67 SUTTON ST NR EYRE ST, ECHUCA"
03932948X2,0393297078,"12 SUTTON ST NR BUNGLE ST, NORTH MELBOURNE"
07328443X2,0732849837,"165 SUTTON ST OS TRUSTEE HOUSE, REDCLIFFE"
03936311X2,0393632388,"53 STATION RD , DEER PARK"
02963809X2,0296384087,"22 STATION ST NR CALDER ST, DUNDAS"
02952000X2,0295200069,"30 STATION ST NR PRESTON AVE, ENGADINE"
03975813X2,0397589827,"69 STATION ST OS POST OFFICE, FERNTREE GULLY"
03975804X2,0397582219,"112 STATION ST , FERNTREE GULLY"
02998119X2,0299812987,"1 STURDEE PDE NR PITTWATER RD, DEE WHY"
08821109X2,0882117409,"153 STURT ST NR WHITMORE SQ, ADELAIDE"
03533412X2,0353341601,"1767 STURT ST , ALFREDTON"
02422638X2,0242265358,"101 ST JOHNS AVE CNR THE AVENUE, MANGERTON"
07387805X2,0738783551,"14 STATION RD OPP WESTMINSTER RD, INDOOROOPILLY"
07387809X2,0738783586,"152 STATION RD CNR MOGGILL RD, INDOOROOPILLY"
03544703X2,0354478185,"3 STATION ST OS FOOTBALL CLUB, KANGAROO FLAT"
03952928X2,0395294455,"570 ST KILDA RD CNR BEATRICE ST, MELBOURNE"
03952938X2,0395295743,"597 ST KILDA RD CNR HIGH ST, MELBOURNE"
03946516X2,0394659264,"366 STATION ST , LALOR"
07320835X2,0732082301,"47 STATION RD NR CROYDON ST, LOGAN CENTRAL"
08975720X2,0897572100,"22 STATION RD , MARGARET RIVER"
03955518X2,0395558237,"28 STATION ST , MOORABBIN"
03955547X2,0395550673,"6 STATION ST , MOORABBIN"
02957008X2,0295705171,"25 STATION ST NR THE STRAND, MORTDALE"
02478712X2,0247871468,"2 STATION ST OS RAILWAY STATION, MT VICTORIA"
03987301X2,0398734310,"8 STATION ST , MITCHAM"
08932813X2,0893281401,"292 STIRLING ST NR BULWER ST, PERTH"
08932818X2,0893284209,"231 STIRLING ST NR BRISBANE ST, PERTH"
08932820X2,0893284556,"78 STIRLING ST OS TELSTRA CENTRE, PERTH"
08957420X2,0895742264,"117 STIRLING TCE NR PO & HALL, TOODYAY"
07497560X2,0749756224,"39 STIRRAT ST OS POST OFFICE, CALLIOPE"
03502136X2,0350214606,"450 STURT HWY NR POST OFFICE, BURONGA"
03502820X2,0350282280,"25 STURT HWY ROADHOUSE, CULLULLERAINE"
07326619X2,0732663520,"34 STATION ST , NUNDAH"
02968730X2,0296879809,"1 STATION ST O/S RAIL STATION, PARRAMATTA"
02498410X2,0249814324,"8 STOCKTON ST O/S POST OFFICE, NELSON BAY"
07465516X2,0746551321,"3 STOCKYARD ST NR JANE ST, CUNNAMULLA"
03502560X2,0350256200,"5 STURT HWY POST OFFICE, MERBEIN SOUTH"
07559701X2,0755970572,"12 STURT ST NR WINDSOR PL, MOLENDINAR"
08914025X2,0891401540,"84 STURT PL NR BOTTLEBRUSH CRS, SOUTH HEDLAND"
03965035X2,0396506672,"100 ST KILDA RD NR LINLITHGOW AVE, MELBOURNE"
03986701X2,0398673826,"407 ST KILDA RD CNR TOORAK RD, MELBOURNE"
03953721X2,0395371711,"170 ST KILDA RD , ST KILDA"
03952925X2,0395294073,"50 ST KILDA RD , ST KILDA"
03579222X2,0357921091,"54 STATION ST OS HARDWARE STORE, SEYMOUR"
03936627X2,0393660851,"48 STATION AVE NR IVANHOE ST, ST ALBANS"
03936608X2,0393662377,"300 STATION RD PETROL STATION, ST ALBANS"
02983310X2,0298331627,"3 STATION ST NR QUEEN ST, ST MARYS"
03635460X2,0363546209,"8 STOKE ST OPP IMPERIAL HOTEL, BRANXHOLM"
07404503X2,0740454742,"5 STOKES ST OS PICCONNES SHOPS, EDMONTON"
08933576X2,0893359698,"25 STOKES ST NR SOUTH ST, WHITE GUM VALLEY"
07477713X2,0747771324,"15 STONE RIVER RD , TREBONNE"
08829406X2,0882941654,"31 STONEHOUSE AVE NR CAPPER ST, CAMDEN PARK"
03976302X2,0397630412,"6 ST LAWRANCE WAY OS SUPERMARKET, ROWVILLE"
02983122X2,0298318560,"5 ST MARTINS CRS NEAR KFC, BLACKTOWN"
03563460X2,0356346200,"26 STATION ST OS POST OFFICE, THORPDALE"
07544348X2,0754439365,"94 SUGAR RD NR CENTENARY CRES, MAROOCHYDORE"
07326708X2,0732673794,"276 ST VINCENTS RD NR VICTOR ST, BANYO"
07326702X2,0732675120,"301 ST VINCENTS RD NR TUFNELL RD, BANYO"
07497561X2,0749756230,"57 STOWE RD CARAVAN PARK, CALLIOPE"
03627221X2,0362729491,"4 STRADBROKE RD OS POST OFFICE, GOODWOOD"
03503020X2,0350302100,"90 STRADBROKE AVE POST OFFICE, NYAH"
02636102X1,0263619734,"206 SUMMER ST IN CITY CENTRE, ORANGE"
02636220X2,0263623632,"124 SUMMER ST NR SALE ST, ORANGE"
02663201X2,0266321743,"63 SUMMERLAND WAY NR GENEVA ST, KYOGLE"
02666190X2,0266619128,"5351 SUMMERLAND WAY , WHIPORIE"
02931426X2,0293146526,"20 ST PAULS ST NR PEROUSE, RANDWICK"
02692131X2,0269215319,"0 STATION PL RAILWAY STATION, WAGGA WAGGA SOUTH"
02475706X2,0247571405,"2 STATION ST NR FROST LANE, WENTWORTH FALLS"
02475703X2,0247573782,"2 STATION ST RAILWAY STATION, WENTWORTH FALLS"
02493702X2,0249372169,"32 STATION ST NR SHOP, WESTON"
03938757X2,0393874320,"3 STRANGER ST , BRUNSWICK"
08826715X2,0882675921,"103 STRANGWAYS TCE OPP, NORTH ADELAIDE"
07465859Y2,0746585900,"0 STRATFORD ST O/S HOTEL, STONEHENGE"
07557535X2,0755753748,"48 SUNBRITE AVE NR GOLD COAST HWY, MERMAID BEACH"
07340881X2,0734088384,"29 SUNDERLAND DRV NR ENDEAVOUR DVE, BANKSIA BEACH"
02423407X2,0242341854,"22 STAFFORD ST OS POST OFFICE, GERROA"
07335706X2,0733577300,"253 STAFFORD RD NR CLIFFORD ST, STAFFORD"
03974703X2,0397478624,"50 STAUGHTON ST RWS WALKWAY, MELTON SOUTH"
08838810X2,0883885283,"46 STRATHALBYN RD NR CROSS ST, MYLOR"
08834105X2,0883418373,"99 STRATHFIELD TCE NEAR, TAPEROO"
03946007X2,0394604502,"43 STRATHMERTON ST , RESERVOIR"
03979141X2,0397916628,"16 SUNNYSIDE ST NR HERBERT ST, DANDENONG"
07553156X2,0755315984,"1 STAGHORN AVE NR ESPLANADE, SURFERS PARADISE"
07412901X2,0741294543,"58 STELEY ST TELSTRA EXCHANGE, HOWARD"
08949009X2,0894901802,"64 STENNETT ST NR ASHBURTON DVE, GOSNELLS"
08984812X2,0898482278,"77 STRICKLAND ST O/S BANK, DENMARK"
03622303X2,0362234320,"155 STRICKLAND AVE , SOUTH HOBART"
03525603X2,0352562384,"12 SUNSET STRIP  NR CANOPUS RD, OCEAN GROVE"
02994948X2,0299496470,"4 SUNSHINE ST CNR CONDAMINE ST, MANLY VALE"
07555460X2,0755546712,"91 SUNSHINE BLV NR BACCADI CRT, MERMAID WATERS"
07339101X2,0733910487,"936 STANLEY ST NR FISHER ST, EAST BRISBANE"
03634412X2,0363448397,"99 STANLEY ST NR PO OPP SCHOOL, SUMMERHILL"
02499741X2,0249974400,"88 STROUD ST OS POST OFFICE, BULAHDELAH"
08897671X2,0889767091,"127 STUART HWY ADJ POST OFFICE, ADELAIDE RIVER"
08897670X2,0889767024,"127 STUART HWY ADJ POST OFFICE, ADELAIDE RIVER"
07544801X7,0754480743,"29 SUNSHINE BEACH RD O/S CINEMAS, NOOSA HEADS"
07404505X2,0740453815,"0 SUPPLY RD NR CNR ROBERTS RD, BENTLEY PARK"
07478550X2,0747855209,"2 STANLEY ST NR RAILWAY RD, COLLINSVILLE"
07339814X2,0733984882,"184 STANLEY RD NR LUNGA ST, CARINA"
02936132X2,0293610375,"107 STANLEY ST OS THE CHAPEL, DARLINGHURST"
03980724X2,0398071697,"309 STEPHENSONS RD NR WINBOURNE RD, MT WAVERLEY"
03526106X2,0352615262,"1 STUART AVE OS SHOP 3, JAN JUC"
07553434X2,0755343541,"1 SURF ST NR GOLDEN FOUR DVE, BILINGA"
07557028X2,0755702673,"7 SURF PDE CNR ALEXANDRA AVE, BROADBEACH"
03526115X2,0352615565,"132 SURFCOAST HWY NR CENTRAL AVE, TORQUAY"
03568600X2,0356862200,"22 STANLEY ST , TOORA"
08963116X2,0896311299,"15 STEWART ST OS POST OFFICE, DOWERIN"
08897590X7,0889759935,"0 STUART HWY ADJ BP TOP OF TOWN, LARRIMAH"
02668434X2,0266843167,"67 STUART ST CNR BURRINGBAR ST, MULLUMBIMBY"
07477820X2,0747782142,"483 STUART DRV , STUART"
02999710X2,0299972090,"1 SURFVIEW RD OS SURF CLUB, MONA VALE"
02654521X2,0265452509,"0 SUSAN ST OS ELIZABETH PARK, SCONE"
02664730X2,0266473100,"31 SUSSEX ST , COPMANHURST"
03502129X2,0350214622,"50 THIRTEENTH ST NR SUNNYSIDE AVE, MILDURA"
07556113X2,0755611518,"14 TEDDER AVE CNR CRONIN AV, MAIN BEACH"
07553429X2,0755342702,"66 TEEMANGUM ST NR TOMEWIN ST, CURRUMBIN"
02493200X2,0249324143,"49 TELARAH ST , TELARAH"
07557683X1,0755768139,"3 THE ESPLANADE  NR GOLD COAST HWAY, BURLEIGH HEADS"
07557641X2,0755767914,"85 THE ESPLANADE  OPP SECOND AVE, BURLEIGH HEADS"
03959203X2,0395922299,"230 THE ESPLANADE  NR GROSVENOR ST, BRIGHTON"
08957240X2,0895724130,"4405 THOMAS ST O/S POST OFFICE, CHIDLOW"
03979406X2,0397949682,"294 THOMAS ST , DANDENONG"
03979111X7,0397917702,"205 THOMAS ST , DANDENONG"
07335606X2,0733567902,"60 THOMAS ST NR DAYS RD, GRANGE"
02928023X2,0292803192,"223 THOMAS ST O/S MARIGOLD REST, HAYMARKET"
02956005X2,0295601628,"1 THOMAS ST NR WEST ST, LEWISHAM"
07478842X2,0747884168,"11 TELOPEA CRT RURAL CTR GOVT, GREENVALE"
08907106X2,0890715122,"84 THE ESPLANADE  NR EMILY ST, ESPERANCE"
03515511X2,0351551550,"297 THE ESPLANADE  OPP NEWSAGENT, LAKES ENTRANCE"
03515530X1,0351553937,"371 THE ESPLANADE  ENTRANCE TO S/C, LAKES ENTRANCE"
02996005X2,0299602029,"2 THE ESPLANADE  OPP BOTANIC RD, MOSMAN"
07553856X2,0755386324,"68 THOMAS DRV NR ANEMBO ST, SURFERS PARADISE"
07553815X2,0755383800,"46 THOMAS DRV SOUTH SIDE, SURFERS PARADISE"
07553812X2,0755382972,"45 THOMAS DRV NORTH SIDE, SURFERS PARADISE"
02956002X2,0295600607,"1 TEMPLE ST NR PERCIVAL ST, STANMORE"
08934219X2,0893427482,"83 TEMPLETON CRS NR CLOVER SQ, GIRRAWHEEN"
07472500X2,0747251019,"4 TENNANT ST , DOUGLAS"
08868308X2,0886833449,"12 SWAFFER ST NR MATILDA, PORT LINCOLN"
07403212X2,0740325954,"191 SWALLOW ST NR MOODY ST, MOOROOBOOL"
03942947X2,0394297693,"196 SWAN ST O/S COLES, CREMORNE"
02493300X2,0249332321,"105 SWAN ST , MORPETH"
03515665X2,0351566500,"19 THE ESPLANADE  NR POST OFFICE, PAYNESVILLE"
08934103X2,0893411190,"126 THE ESPLANADE  , SCARBOROUGH"
08829711X2,0882972709,"49 TENNYSON ST NR CLIFFORD AVE, KURRALTA PARK"
03548820X2,0354882285,"798 TENNYSON RD POST OFFICE, TENNYSON"
02439907X2,0243991122,"39 TENTH AVE CNR KEWALO AVE, BUDGEWOI"
03942948X2,0394299435,"129 SWAN ST O/S ANZ BANK, RICHMOND"
07478862X2,0747886406,"65 THE ESPLANADE  , TOOLAKEA"
03637400X2,0363742108,"17 TALBOT ST OS FINGAL PARK, FINGAL"
02983704X2,0298371134,"5 TALLAGANDRA DRV NR FALMOUTH RD, QUAKERS HILL"
08937055X2,0893701632,"12 TENTH AVE , MAYLANDS"
03502131X2,0350214620,"65 TENTH ST NR WOORLONG CRT, MILDURA"
03502107X2,0350214624,"238 TENTH ST NR ONTARIO AVE, MILDURA"
02494806X2,0249486654,"468 THE ESPLANADE  COMMONWEALTH BANK, WARNERS BAY"
08885280X1,0888528276,"0 THE ESPLANADE  OPP HOLIDAY UNITS, WOOL BAY"
03970403X2,0397049224,"6 THE GATEWAY  OS MILK BAR, BERWICK"
07553480X2,0755348319,"454 TALLEBUDGERA CREEK RD NR MONDAY DVE, TALLEBUDGERA VALLEY"
07544565X2,0754456314,"37 TALLOW WOOD DRV NEAR MELALEUCA ST, KULUIN"
02444340X2,0244434202,"1 TALLYAN PT RD OS SHOPS, BASIN VIEW"
02668630X2,0266869813,"85 TAMAR ST CNR MOON ST, BALLINA"
02983823X2,0298389786,"1 TERMINUS RD OS RWS NR TAXI/BUS, SEVEN HILLS"
02983808X2,0298388559,"1 TERMINUS RD OS RWS NR TAXI/BUS, SEVEN HILLS"
08942104X2,0894211482,"110 TERRACE RD NR HILL ST, EAST PERTH"
08932509X2,0893257392,"110 TERRACE RD NR HILL ST, EAST PERTH"
08853123X2,0885310641,"157 SWANPORT RD NR HOMBURG RD, MURRAY BRIDGE"
02941811X2,0294189301,"57 TAMBOURINE BAY RD NR HAMILTON ST, RVRVW"
02438513X2,0243851240,"188 TERRIGAL DRV CNR HAVENVIEW RD, TERRIGAL"
02438517X2,0243852381,"208 TERRIGAL DRV OPP FIRE STATION, TERRIGAL"
02438519X2,0243851331,"83 TERRIGAL DRV OS DUFFYS OVAL, TERRIGAL"
02952402X2,0295249320,"LVL 2 430 THE KINGSWAY  IN SUTHERLAND HOSP, CARINGBAH"
02954020X2,0295404167,"360 THE KINGSWAY  OPP DENMAN AVE, CARINGBAH"
02954009X2,0295401945,"LVL 1 430 THE KINGSWAY  IN SUTHERLAND HOSP, CARINGBAH"
02954024X2,0295404527,"341 THE KINGSWAY  OS POST OFFICE, CARINGBAH"
07493941X9,0749393902,"26 TANBY RD , YEPPOON"
02425715X2,0242571303,"158 TERRY ST NR WILEY ST, ALBION PARK"
08918911Y2,0891891501,"0 TANUNDA ST IN PARK, TOM PRICE"
08829401X2,0882941165,"63 TAPLEYS HILL RD NEAR, GLENELG NORTH"
08829502X2,0882952118,"98 TAPLEYS HILL RD NEAR, GLENELG NORTH"
03512235X1,0351223689,"LWRLVL  0 SWITCHBACK RD UNI IN CENTRAL BLD, CHURCHILL"
03624300X7,0362437301,"94 SYCAMORE ST CNR SUGARLOAF RD, RISDON VALE"
08833219X2,0883326365,"303 THE PARADE  NR SALOP ST, BEULAH PARK"
08826853X2,0882685365,"224 TAPLEYS HILL RD , SEATON"
08826851X2,0882688698,"243 TAPLEYS HILL RD NEAR, SEATON"
08930515X2,0893051845,"15 TAPPING WAY NR GUMBLOSSOM PK, QUINNS ROCKS"
03598310X2,0359831401,"2 THE BOULEVARD  CNR CAMP HILL RD, SOMERS"
03625701X7,0362570108,"78 SWANWICK RD , COLES BAY"
02668609X2,0266867641,"68 SWIFT ST CNR MOON ST, BALLINA"
08833214X2,0883325165,"414 THE PARADE  NR WEST TCE, KENSINGTON GARDENS"
08833229X2,0883328498,"485 THE PARADE  NR BRIANT AVE, MAGILL"
08833228X2,0883328054,"239 THE PARADE  NR PORTRUSH RD, NORWOOD"
08836304X2,0883631106,"44 THE PARADE  W SYDENHAM RD, NORWOOD"
02655993X2,0265599254,"73 THE BOULEVARDE  NR BELL ST, DUNBOGAN"
02975711X2,0297572271,"249 THE BOULEVARDE  NR BODALLA ST, FAIRFIELD HEIGHTS"
02975906X2,0297597698,"50 THE BOULEVARDE  , LAKEMBA"
02974009X2,0297404101,"50 THE BOULEVARDE  , LAKEMBA"
08927726X2,0892772078,"400 SYDENHAM AVE NR EPSOM AVE, CLOVERDALE"
08836208X2,0883622210,"38 SYDENHAM RD N BEULAH RD, NORWOOD"
02994950X2,0299496827,"394 SYDNEY RD , BALGOWLAH"
02694820X2,0269482254,"5 THE PARADE  , TUMBARUMBA"
03940809X2,0394087093,"1 THE PROMENADE  NR THE LAKES BLVDE, SOUTH MORANG"
07557752X2,0755775843,"40 TARNI ST O/S PARK, COOMBABAH"
07384801X2,0738480361,"402 TARRANGINDI RD NR CHARMAINE ST, MOOROOKA"
02971505X2,0297157819,"6 THE BOULEVARDE  O/S ANZ BANK, STRATHFIELD"
02971504X2,0297156489,"6 THE BOULEVARDE  O/S ANZ BANK, STRATHFIELD"
02971506X2,0297157958,"28 THE BOULEVARDE  , STRATHFIELD"
02976416X2,0297643809,"29 THE BOULEVARDE  , STRATHFIELD"
02964208X2,0296425709,"191 THE BOULEVARDE  CNR HUME HWY, STRATHFIELD"
02495045X2,0249504462,"48 THE BOULEVARDE  , TORONTO"
08930200X2,0893022055,"21 THE BROADVIEW  O/S COMMERCIAL CTR, LANDSDALE"
03953106X2,0395318299,"75 THE BROADWAY  CNR GLENHUNTLY RD, ELWOOD"
03938782X2,0393874637,"192 SYDNEY RD OS WESTPAC BANK, BRUNSWICK"
07478602X2,0747863744,"126 THE SOLDIERS RD , BOWEN"
03516960X2,0351696300,"1 TARWIN ST NR CHRISTIAN ST, BOOLARRA"
03513427X2,0351342896,"1 TARWIN ST NR COMMERCIAL RD, MORWELL"
03642407X2,0364244533,"119 TASMAN ST , DEVONPORT"
02495311X7,0249531321,"25 THE BROADWAY  , KILLINGWORTH"
03528200X2,0352822100,"1 THE CENTREWAY  OS AMCAL CHEMIST, LARA"
02428544X2,0242851758,"5 THE CIRCLE  OPP POST OFFICE, WOONONA"
03938355X2,0393831986,"149 SYDNEY RD , COBURG"
03935033X2,0393504643,"951 SYDNEY RD , COBURG NORTH"
03525613X2,0352562370,"93 THE TERRACE  OPP CHURCH, OCEAN GROVE"
03525609X2,0352562380,"83 THE TERRACE  NR HODGSON ST, OCEAN GROVE"
08864106X2,0886412934,"11 TASSIE ST OS WOOLWORTHS, PORT AUGUSTA"
03507900X2,0350792200,"65 TAVERNER ST POST OFFICE, BERRIWILLOCK"
07337900X2,0733793934,"0 TAVISTOCK ST QR OXLEY STATION, OXLEY"
02664621X2,0266462106,"17 THE CRESCENT  OS ANGOURIE STORE, ANGOURIE"
02972807X2,0297286182,"52 THE CRESCENT  OS RAILWAY STN, FAIRFIELD"
02972623X2,0297261421,"52 THE CRESCENT  OS RAILWAY STN, FAIRFIELD"
02976309X2,0297631414,"1 THE CRESCENT  CRN ROCHESTER RD, HOMEBUSH"
03938776X2,0393877516,"369 SYDNEY RD NR ALBERT ST, BRUNSWICK"
03955545X2,0395556329,"1 TAYLOR ST , MOORABBIN"
02487712X2,0248771300,"74 TAYLOR AVE NR ADELAIDE ST, NEW BERRIMA"
02496605X2,0249664376,"10 TAYLOR ST OS SHOPPING CENTRE, THORNTON"
02436503X2,0243653186,"162 THE ENTRANCE RD CNR KARALTA RD, ERINA"
02654313X2,0265431054,"49 SYDNEY ST CNR MAITLAND ST, MUSWELLBROOK"
07335818X2,0733583073,"100 SYDNEY ST NR BRUNSWICK ST, NEW FARM"
02655440X2,0265544009,"4 THIRD RIDGE RD , SMITHS LAKE"
03976301X2,0397630288,"128 TAYLORS LA NR KELLETTS RD, ROWVILLE"
02438505X2,0243852067,"770 THE ENTRANCE RD CNR PITT RD, WAMBERAL"
02994946X2,0299496121,"563 SYDNEY RD OS LANE WAY, SEAFORTH"
02998107X2,0299811343,"71 VETERANS PDE NR BABY HEALTH CNT, COLLAROY"
08827723X2,0882774654,"34 TROWBRIDGE AVE NR HARKIN AVE, MITCHELL PARK"
02496731X2,0249674632,"0 UNIVERSITY DRV AUCHMUTY LIBRARY, CALLAGHAN"
03986714X2,0398677873,"111 TOORAK RD CNR MURPHY ST, SOUTH YARRA"
07380504X1,0738059357,"1 UNIVERSITY RD GUNI FOOD COM WALK, MEADOWBROOK"
03625730X2,0362573104,"9 VICARY ST , TRIABUNNA"
03987814X2,0398784291,"6 VICKI ST NR SHOPS, BLACKBURN SOUTH"
08931402X7,0893372171,"46 VICTOR ST NR SOUTH ST, HILTON"
08855680X2,0885568239,"18 VICTOR HARBOR RD , MT COMPASS"
03982721X2,0398277328,"440 TOORAK RD O/S ANZ BANK, TOORAK"
03982722X2,0398279387,"505 TOORAK RD O/S BANK OF MELB, TOORAK"
02955409X2,0295543586,"14 TOORONGA TCE NR KING GEORGES RD, BEVERLY HILLS"
02975911X2,0297593422,"3 TUCKER ST NR CNR 26 DENMAN A, WILEY PARK"
03595215X2,0359521574,"1 THOMPSON AVE NR THE ESPLANADE, COWES"
03595204X2,0359525149,"79 THOMPSON AVE OS POST OFFICE, COWES"
08945116X2,0894517832,"4 TOOTING ST NR WILLIAM ST, BECKENHAM"
07469114X2,0746911673,"9 TOOWOOMBA RD NR AUBIGNY RD, OAKEY"
07469121X2,0746912460,"60 TOOWOOMBA RD NR HAMLYN RD, OAKEY"
02439312X2,0243931626,"140 TUGGERAWONG RD OS POST OFFICE, WYONGAH"
08837302X1,0883735214,"204 UNLEY RD UNLEY SHOP CENTRE, UNLEY"
08959220X2,0895921659,"29 UNNARO ST NR CONGHA CRT, HILLMAN"
02663505X2,0266351304,"11 UNUMGAR ST OS SCHOOL, WOODENBONG"
07328113X2,0732815055,"61 THORN ST NR THORN LA, IPSWICH"
07339148X2,0733917837,"1 THORNTON ST NR MAIN ST, KANGAROO POINT"
03577470X2,0357747200,"14 THORNTON TAGGERTY RD NR KERR ST, TAGGERTY"
02636268X2,0263628801,"15 TORPY ST , ORANGE"
08934212X2,0893422866,"57 TORQUATA DRV , MIRRABOOKA"
08868822X2,0886882224,"46 TUMBY TCE CARAVAN PARK, TUMBY BAY"
07337401X2,0733741000,"496 UPPER BROOKFIELD RD OS STATE SCHOOL, UPPER BROOKFIELD"
02962301X2,0296236232,"53 THOMPSON AVE NR AUSTRALIA ST, ST MARYS"
03985001X2,0398501138,"127 THOMPSONS RD , BULLEEN"
08834600X2,0883461348,"91 TORRENS RD NEAR, BROMPTON"
08834020X2,0883402972,"85 TORRENS RD ADJ, BROMPTON"
07493444X2,0749344478,"0 TUNGAMILL RD CAWARRAL STORE, CAWARRAL"
02992331X2,0299231498,"50 UPPER PITT ST CNR PARKES ST, KIRRIBILLI"
08827814X2,0882788543,"0 UPPER STURT RD BELAIR NAT CVAN PK, BELAIR"
08973406X2,0897342200,"33 THROSSELL ST NR PENDLETON ST, COLLIE"
03626309X2,0362636626,"4 TOTTENHAM RD OS PRIMARY SCHOOL, GAGEBROOK"
02497220X7,0249712378,"80 TUREA ST OS POST OFFICE, BLACKSMITHS"
07469760X2,0746976107,"14 TURNER ST NR RAILWAY ST 24, HELIDON"
07405145X2,0740519473,"34 UPWARD ST NR MARTYN ST, PARRAMATTA PARK"
02662113X2,0266219114,"60 URALBA ST OS BASE HOSPITAL, LISMORE"
02602630X2,0260263319,"10 URANA ST OS SHOP, JINDERA"
02664328X2,0266431583,"23 THROUGH ST RAILWAY STATION, SOUTH GRAFTON"
07477307X2,0747736406,"154 THURINGOWA DRV NEAR KIRWAN TAVERN, KIRWAN"
02977119X2,0297715596,"134 TOWER ST NR MALVERN ST, PANANIA"
07553229X2,0755324891,"107 TURPIN RD NR CENTRAL ST, LABRADOR"
07553707X2,0755371702,"235 TURPIN RD NR BRISBANE RD, LABRADOR"
08940507X2,0894046862,"12 TURQUOISE LOOP NR HAVEN FAWY, BANKSIA GROVE"
08943018X2,0894306624,"2 TURTON ST NR HARVEST RD, NORTH FREMANTLE"
07334400X2,0733441847,"147 TURTON ST NR STATION RD, SUNNYBANK"
02663412X2,0266341241,"35 URBEN ST OS POST OFFICE, URBENVILLE"
07405432X2,0740543573,"74 TILLS ST CNR GATTON ST, WESTCOURT"
08949815X2,0894982874,"1 TOWNLEY ST NR FORREST RD, ARMADALE"
02668608X2,0266867640,"12 TWEED ST CNR RIVER ST, BALLINA"
02667612X2,0266761200,"9 TWEED COAST RD OS POST OFFICE, HASTINGS POINT"
02667630X2,0266763397,"27 TWEED COAST RD NTH PTSVLE VAN PK, POTTSVILLE"
02667208X2,0266726328,"0 TWEED VALLEY WAY RAILWAY PLATFORM, SOUTH MURWILLUMBAH"
02981631X2,0298165276,"1 VALENTIA ST , WOOLWICH"
02435900X2,0243591001,"50 VALES RD OS POST OFFICE, MANNERING PARK"
02958412X2,0295841738,"59 THURLOW ST NR BELMORE RD, RIVERWOOD"
07477601X2,0747765197,"78 TOWNSVILLE RD NEAR INGHAM EXCHA*, INGHAM"
02607123X2,0260712609,"63 TOWONG ST , TLNGTA"
02955207X2,0295522427,"2 TOXTETH RD NR GLEBE POINT RD, GLEBE"
03519100X2,0351918281,"2 TYERS-WALHALLA RD OPP PARK, TYERS"
03556227X2,0355621548,"2 TYLDEN ST NR DRUMMOND ST, DENNINGTON"
03542481X2,0354248403,"7 TYLDEN RD OS PUBLIC HALL, TYLDEN"
08826712X2,0882675365,"166 TYNTE ST O/S POST OFFICE, NORTH ADELAIDE"
07554140X1,0755414859,"56 TINA ST MAIN RECEPTION, BEAUDESERT"
07389305X2,0733484213,"280 TINGAL RD CNR MUNGALA ST, WYNNUM"
02692103X1,0269219149,"77 TRAIL ST IN CINEMA, WAGGA WAGGA SOUTH"
03935726X2,0393572237,"54 TYSON ST NEAR LOWSON ST, FAWKNER"
07474212X2,0747421209,"74 UHR ST CNR MCILWRAITH ST, CLONCURRY"
03954662X2,0395464348,"1 VARDON ST CNR VIEW RD, SPRINGVALE"
07405572X2,0740557501,"457 VARLEY ST NR GRASON ST, YORKEYS KNOB"
03513410X2,0351343291,"73 VARY ST NR MORWELL PK PRIM, MORWELL"
02959700X2,0295971066,"8 TRAMWAY ARC O/S TONYS TOBACCO, ROCKDALE"
02689241X2,0268924233,"69 UMANG ST OS POST OFFICE, TOTTENHAM"
07329009X2,0732904543,"7 VELORUM DRV NR YALUMBA ST, KINGSTON"
07384817X2,0738488716,"62 VENNER RD CNR FREDERICK ST, ANNERLEY"
07409149X2,0740914526,"2 TOLGA RD NR RAILWAY CROSSNG, ATHERTON"
07405201X2,0740521520,"1 TRAWLER BASE RD NR TRAWLER BASE #1, PORTSMITH"
02664680X2,0266468093,"1 TREELANDS DRV OS YAMBA SHOP FAIR, YAMBA"
07553393X2,0755339108,"2 TREES RD CNR CONNECTION RD, TALLEBUDGERA"
08895208X2,0889521207,"1 TODD MALL O/S TODD TAVERN, ALICE SPRINGS"
02696414X2,0269641494,"5 TODD RD OS POST OFFICE, LAKE WYANGAN"
03933003X2,0393301924,"1 TRENTHAM DRV CNR CARRICK DVE, GLADSTONE PARK"
03954612X2,0395463619,"10 TRICIA AVE CNR KALLISTA RD, SPRINGVALE"
03937224X1,0393729318,"63 UNION RD O/S MEDICAL CENTRE, ASCOT VALE"
03937004X1,0393704506,"200 UNION RD O/S LPO, ASCOT VALE"
02482215X2,0248222941,"44 UNION ST OS POST OFFICE, GOULBURN"
03582830X2,0358283200,"0 UNION RD OS LOCAL HALL, KATANDRA WEST"
03572236X2,0357221403,"118 TONE RD NR HAMILTON CRES, WANGARATTA"
02425709X2,0242571285,"133 TONGARRA RD OS POST OFFICE, ALBION PARK"
08927437X2,0892745912,"12 TOODYAY RD NR AFRIC ST, MIDDLE SWAN"
07405704X2,0740576360,"87 TRINITY BEACH RD NR RABAUL ST, TRINITY BEACH"
07405563X2,0740556603,"1 TRINITY BEACH RD CNR VASEY ESP, TRINITY BEACH"
02695307X2,0269533121,"0 TRISTIANIA AVE CNR CROSS ST, LEETON"
03952917X2,0395293555,"11 UNION ST NR CNR ST KILDA RD, MELBOURNE"
03934918X1,0393492603,"130 UNION RD UNI OS BLDG 130, PARKVILLE"
02955200X2,0295521654,"1 UNION ST OS PO NR HARRIS ST, PYRMONT"
02494012X2,0249408715,"189 UNION ST , THE JUNCTION"
02493203X2,0249324187,"236 VERGE ST CNR NEW ENGLND HWY, RUTHERFORD"
03587340X2,0358734200,"8 VERMONT ST , BAROOGA"
02482208X1,0248225389,"12 VERNER ST MKT PLACE SHOP/CTR, GOULBURN"
07409142X2,0740914421,"3 VERNON ST OS EXCHANGE, ATHERTON"
02495403X2,0249549121,"33 VERONICA RD OS POST OFFICE, CARDIFF"
03543360X2,0354336203,"2 TOOLLEEN-CORNELLA RD NR NORTHERN HWY, TOOLLEEN"
03932951X2,0393290753,"438 VICTORIA ST , NORTH MELBOURNE"
02963016X2,0296305154,"140 VICTORIA RD , NORTH PARRAMATTA"
02498441X2,0249844139,"62 VICTORIA PDE INFO CENTRE, NELSON BAY"
03539132X2,0353913120,"15 VICTORIA ST OS SUPERMARKET, NHILL"
03948906X2,0394891248,"66 VICTORIA RD , NORTHCOTE"
02979010X2,0297904653,"72 VICTORIA RD , PUNCHBOWL"
07383104X2,0738311505,"134 WATER ST NR QUARRY ST, SPRING HILL"
07384424X2,0738444605,"29 VULTURE ST NR HARDGRAVE RD, WEST END"
07384458X2,0738448499,"104 VULTURE ST NR BESANT ST, WEST END"
08934977X2,0893496166,"281 WANNEROO RD O/S SHOPS, BALCATTA"
08956121X2,0895618124,"2624 WANNEROO RD O/S GULL S/STN, NOWERGUP"
08934506X2,0893454358,"75 WANNEROO RD NEAR CAPE ST, TUART HILL"
08864104X2,0886412547,"56 VICTORIA PDE O/S KFC, PORT AUGUSTA"
07328415X2,0732847073,"258 VICTORIA AVE CNR CRAWFORD ST, REDCLIFFE"
08885210X2,0888521032,"1 WATERLOO BAY RD , YORKETOWN"
08933906X2,0893393873,"41 WADDELL ST NR CANNING HWY, BICTON"
02692732X2,0269273309,"0 WADE ST CNR COWABBIE ST, COOLAMON"
03556218X2,0355623902,"24 WANSTEAD ST NR BUS SHELTER, WARRNAMBOOL"
03987905X2,0398796553,"139 WANTIRNA RD CNR DAISY ST, RINGWOOD"
02628801X2,0262881054,"1 WARAMANGA PL OS SUPER MKT, WARAMANGA"
02445612X2,0244561109,"22 WARATAH ST NR JACARANDA AVE, BENDALONG"
03935722X2,0393571932,"24 WARATAH ST OS NEWSAGENT, CAMPBELLFIELD"
02999714X2,0299972848,"2 WARATAH ST CNR PITTWATER RD, MONA VALE"
03552314X2,0355234019,"55 WARATAH CRS NR FAWTHROP ST, PORTLAND"
07336601X2,0733661011,"331 WATERWORKS RD NR OLEANDER DVE, ASHGROVE"
07336611X2,0733667753,"214 WATERWORKS RD OPP ASHGROVE AVE, ASHGROVE"
07330007X2,0733004947,"1370 WATERWORKS RD NR BUS TERMINUS, ENOGGERA RESERVOIR"
03502128X2,0350214628,"247 WADE AVE NR HUNTER ST, MILDURA"
02602504X2,0260252026,"443 WAGGA RD , LAVINGTON"
02447626X2,0244762654,"106 WAGONGA ST OS POST OFFICE, NAROOMA"
08822314X2,0882235387,"200 VICTORIA SQ NR FLINDERS ST, ADELAIDE"
08930709X2,0893074852,"73 WARBURTON AVE OS PADBURY SC, PADBURY"
08940107X2,0894016200,"6 WARBURTON AVE OS SERVICE STN, PADBURY"
03596430X2,0359643659,"583 WARBURTON HWY , SEVILLE"
03596693X2,0359669454,"3470 WARBURTON HWY OS RITE WAY SUPMKT, WARBURTON"
02980701X2,0298071237,"690 VICTORIA RD OPP HATTON ST, RYDE"
02936510X2,0293655107,"53 WAIROA ST NR BLAIR ST, NORTH BONDI"
03969971X2,0396996490,"167 VICTORIA AVE , ALBERT PARK"
07339105X2,0733912589,"28 VICTORIA TCE NR KING ST, ANNERLEY"
03596711X2,0359671101,"2876 WARBURTON HWY , WESBURN"
03596720X1,0359672107,"2450 WARBURTON HWY INSIDE SHOPPING CE, YARRA JUNCTION"
02968400X2,0296841987,"402 VICTORIA RD , RYDALMERE"
08822306X2,0882234298,"139 WAKEFIELD ST NR PULTENEY ST, ADELAIDE"
02955900X2,0295591000,"245 WARDELL RD CNR BEDFORD CRES, DULWICH HILL"
02956437X2,0295642646,"161 WARDELL RD , DULWICH HILL"
02956000X2,0295600636,"1 WARDELL RD NR NEW CANTERBURY, DULWICH HILL"
07385510X1,0738551317,"318 WARDELL ST NR SAMFORD RD, ENOGGERA"
02955917X2,0295593322,"114 WARDELL RD NR BASS RD, EARLWOOD"
07462550X2,0746255008,"57 VICTORIA ST NEAR HANDY STORE, ST GEORGE"
03582980X2,0358298200,"4 VICTORIA ST , TALLYGAROOPNA"
02655115X2,0265511006,"33 VICTORIA ST NR STEVENSON ST, TAREE"
02655245X2,0265524896,"155 VICTORIA ST OS CENTREPOINT ARC, TAREE"
03948010X2,0394804237,"246 VICTORIA RD NR DARABIN RD, THORNBURY"
07409031X1,0740903927,"60 VICTORIA PDE JUMULA DUBBIN HSTL, THURSDAY ISLAND"
08897500Y1,0889750662,"0 VICTORIA HWY MYATT COMMUNITY, TIMBER CREEK"
02982522X2,0298253889,"44 WALDER RD NR CHEMIST, HAMMONDVILLE"
08979179X2,0897915146,"151 VICTORIA ST O/S EXCH ON VERGE, BUNBURY"
08979173X2,0897914016,"36 VICTORIA ST NR SYMMONS ST, BUNBURY"
03989937X2,0398990269,"54 VICTORIA ST CNR RUTLAND RD, BOX HILL"
02974403X2,0297443460,"1 VICTORIA ST NR BURWOOD RD, BURWOOD"
03938737X2,0393872219,"146 VICTORIA ST NR LYGON ST, BRUNSWICK EAST"
08862500Y1,0886250154,"16 WARE AVE NR HIGHFOLD ST, KOONIBBA"
02974361X2,0297437197,"144 WALDRON RD OS POST OFFICE, CHESTER HILL"
07478554X2,0747855828,"46 WALKER ST OPP HIGH SCHOOL, COLLINSVILLE"
02941112X2,0294113476,"224 VICTORIA AVE NEAR OLGA ST, CHATSWOOD"
07328422X2,0732847891,"74 VICTORIA AVE CNR ARTHUR ST, WOODY POINT"
03623116X2,0362311871,"1 VICTORIA DOCK  NR MURES REST, HOBART"
02666216X2,0266624695,"136 WALKER ST CNR CANTERBURY ST, CASINO"
07412311X2,0741234037,"194 WALKER ST NR NEPTUNE ST, MARYBOROUGH"
07412313X2,0741234045,"94 WALKER ST NR TOOLEY ST, MARYBOROUGH"
07412302X1,0741232694,"185 WALKER ST HSPTL TRNGL AREA, MARYBOROUGH"
08839101X2,0883916923,"5 WALKER ST OS WOOLWORTHS, MT BARKER"
02665107X2,0266512706,"45 VICTORIA ST CNR DIBBS ST, COFFS HARBOUR"
07406681X2,0740668509,"230 VICTORIA ST NR TOOHEY ST, CARDWELL"
08809150Y2,0880915907,"0 WARRALI ST , WILCANNIA"
03987602X2,0398763392,"174 WARRANDYTE RD DICKSON CR NEAR, RINGWOOD NORTH"
07462317X2,0746231664,"0 WARREGO HWY NR CREEK ST, AMBY"
02936806X1,0293681502,"438 VICTORIA ST ST VINCENTS CLINIC, DARLINGHURST"
02938011X2,0293806746,"274 VICTORIA RD OS NITE OWL STORE, DARLINGHURST"
02936822X2,0293681257,"358 VICTORIA ST OS CAMELOT INN, DARLINGHURST"
02935846X2,0293581768,"438 VICTORIA ST OS ST VINCNTS CLNC, DARLINGHURST"
07466230X2,0746623037,"0 WARREGO HWY NR NICHOLSON ST, DALBY"
07462683X2,0746268320,"0 WARREGO HWY , MUCKADILLA"
08956117X2,0895611209,"2 WALKER ST NR YANCHEP BEACH R, YANCHEP"
02493800X2,0249380301,"8 VINCENT ST , MULBRING"
02933113X2,0293316172,"231 VICTORIA ST OPP, DARLINGHURST"
02936009X2,0293603217,"326 VICTORIA ST OPP, DARLINGHURST"
02688206X2,0268822032,"26 VICTORIA ST , DUBBO"
02688412X2,0268841290,"42 VICTORIA ST , DUBBO"
08826900X2,0882691578,"42 WARREN AVE NEAR, BLAIR ATHOL"
02684725X2,0268472701,"15 WARREN RD OS POST OFFICE, GILGANDRA"
08975612X2,0897561320,"31 WARREN RD , NANNUP"
03958047X2,0395802009,"91 WARREN RD , PARKDALE"
02498800X2,0249886241,"9 WARREN ST , SEAHAM"
03988502X2,0398855897,"40 VICTORY BLV NR CNR ALAMEIN AVE, ASHBURTON"
07382401X2,0738241105,"193 VIENNA RD WIMBORNE RD NEAR, ALEXANDRA HILLS"
03544223X2,0354421584,"303 VIEW ST NR LANGSTON ST, BENDIGO"
02499011X2,0249904276,"29 VIEW ST OS HOSPITAL, CESSNOCK"
03545730X2,0354573201,"4 VIEW ST OPP LALBERT HOTEL, LALBERT"
08864228X2,0886423765,"38 VIEW ST , PORT AUGUSTA"
03954624X2,0395464691,"3 VIEW RD CNR COLONSAY RD, SPRINGVALE"
02656832X2,0265683035,"16 WALLACE ST OS SUPERMARKET, MACKSVILLE"
02656811X2,0265681254,"16 WALLACE ST OS SUPERMARKET, MACKSVILLE"
03974368X2,0397436037,"5 WALLACE SQ NR PALMERSTON ST, MELTON"
07384811X2,0738488053,"38 WALLACE ST CNR GAINSBOROGH ST, MOOROOKA"
03528610X2,0352861300,"17 WALLACE ST NR STAUGHTON ST, MEREDITH"
03988508X2,0398851077,"386 WARRIGAL RD NR CNR HIGH ST, ASHBURTON"
03958444X2,0395844288,"270 WARRIGAL RD , CHELTENHAM"
02655463X2,0265546632,"3 WALLIS ST TELEPHONE EXCHANGE, FORSTER"
02484900X2,0248494400,"2 WALLIS ST OS GENERAL STORE, TARAGO"
07546540X2,0754654104,"40 VICTORIA ST NR ROBERT ST, FOREST HILL"
02981623X2,0298162002,"178 VICTORIA RD , GLADESVILLE"
07334114X2,0733413548,"606 WARRIGAL RD NR PADSTOW RD, EIGHT MILE PLAINS"
03956812X2,0395680900,"556 WARRIGAL RD OPP SHOPS, MALVERN EAST"
07335804X2,0733581399,"49 VILLIERS ST NR FORTH ST, NEW FARM"
03502119X2,0350214608,"181 WALNUT AVE NR WILLOW GR, MILDURA"
03502150X2,0350215864,"293 WALNUT AVE PELICAN PLACE, MILDURA"
07409204X2,0740924490,"178 WALSH ST OS POLICE STATION, MAREEBA"
07409209X2,0740924789,"44 WALSH ST CNR DICKSON ST, MAREEBA"
02673218X2,0267323143,"28 WALTER ST CNR BARFF ST, GLEN INNES"
03545005X2,0354503380,"25 VICTORIA ST COMMERCIAL HOTEL, KERANG"
07498431X2,0749843206,"28 WARRIJO ST , ROLLESTON"
02499019X2,0249904165,"223 VINCENT ST NEAR SNAPE STREET, CESSNOCK"
03534822X2,0353482799,"86 VINCENT ST POST OFFICE, DAYLESFORD"
02962114X2,0296215120,"74 WALTERS RD , BLACKTOWN"
02623002X2,0262302602,"3 VICTORIA ST ADJ HALL PO, HALL"
07328118X2,0732813502,"264 WARWICK RD NR BRISBANE ST, CHURCHILL"
03623459X2,0362344054,"12 WARWICK ST CNR CAMPBELL ST, HOBART"
07328159X2,0732811419,"37 WARWICK RD CNR PARK ST, IPSWICH"
08932801X2,0893284806,"2 VIOLET ST NR CHARLES ST, WEST PERTH"
07559246X2,0755924694,"28 VISTA ST NR GOLD COAST HWY, SURFERS PARADISE"
02462848X2,0246282430,"164 WAMINDA AVE NR COLONIAL ST, CAMPBELLTOWN"
07339928X2,0733991306,"PLATFM 2 120 WAMINDA ST QR MORNINGSIDE, MORNINGSIDE"
03956125X2,0395616555,"36 WANDA ST OS SHOPS, MULGRAVE"
03542600X2,0354262101,"8 VICTORIA ST OPP HOTEL, MACEDON"
07495701X2,0749572254,"69 VICTORIA ST NEAR CNR SYDNEY ST, MACKAY"
07495317X2,0749533918,"113 VICTORIA ST NEAR CNR GREGORY *, MACKAY"
07495122X2,0749511142,"83 VICTORIA ST CNR WOOD ST, MACKAY"
07328811X2,0732889053,"494 WARWICK RD OS SHOP, YAMANTO"
07329403X2,0732940541,"502 WARWICK RD NR CUNNINGHAM HWY, YAMANTO"
07499210X2,0749921784,"5 WASHPOOL ST , BILOELA"
03597508X2,0359759867,"34 WANDELLA RD NEAR CNR KARINA ST, MORNINGTON"
08894522X2,0889450457,"1 WANGURI PL WANGURI SHOP CNTR, WANGURI"
02496304X2,0249633236,"57 WATKINS ST , MEREWETHER"
03932933X2,0393290418,"133 VICTORIA ST O/S QUEEN VIC MRKT, MELBOURNE"
02636630X2,0263663091,"46 VICTORIA RD NR POST OFFICE, MILLTHORPE"
08829604X2,0882964365,"35 WHEATLAND ST NR KAURI PDE, SEACLIFF"
08977301X2,0897731249,"0 WHEATLEY COAST RD OS FIRE STATION, QUINNINUP"
03930600X2,0393061626,"110 WHEATSHEAF RD , GLENROY"
07546511X2,0754651182,"77 WILLIAM ST OPP SAMUEL ST, LAIDLEY"
03960223X2,0396021716,"255 WILLIAM ST , MELBOURNE"
03961453X2,0396145995,"22 WILLIAM ST , MELBOURNE"
02434308X2,0243431269,"350 WEST ST CNR OCEANBEACH RD, UMINA BEACH"
02980705X2,0298073210,"12 WEST PDE , WEST RYDE"
02980707X2,0298077392,"1 WEST PDE , WEST RYDE"
08835631X2,0883564965,"9 WEST BEACH RD NR SEAVIEW RD, WEST BEACH"
08952551X2,0895255106,"2 WHITBY ST NR PATERSON ST, MUNDIJONG"
07557812X2,0755781855,"2 WHITE ST CNR NERANG ST, NERANG"
03572240X2,0357221405,"19 WHITE ST NR WHITE & DOYLE, WANGARATTA"
08843118X2,0884319287,"131 WILLIAM ST NR QUEEN ST, NORWOOD"
03624300X2,0362438207,"30 WELLINGTON RD , LINDISFARNE"
03987801X2,0398781419,"143 WHITEHORSE RD NR FRANIS ST, BLACKBURN"
03987804X2,0398782019,"226 WHITEHORSE RD ADJ MOTOR INN, BLACKBURN"
08922712X2,0892271721,"440 WILLIAM ST NR ROBINSON AVE, PERTH"
08932823X2,0893284969,"340 WILLIAM ST NR NEWCASTLE ST, PERTH"
08938425X2,0893840344,"126 WELLINGTON ST NR MANNING ST, MOSMAN PARK"
07382108X2,0738211076,"118 WELLINGTON ST CNR STURGEON ST, ORMISTON"
07349110X1,0734919208,"90 WHITEHORSE RD NR IGA STORE, DAKABIN"
03987403X2,0398743190,"505 WHITEHORSE RD , MITCHAM"
07330003X2,0733006251,"1000 WATERWORKS RD THE GAP VILLAGE, THE GAP"
07330000X2,0733002019,"976 WATERWORKS RD OPP NIGEL ST, THE GAP"
02497502X2,0249751032,"293 WATKINS RD OS POST OFFICE, WANGI WANGI"
07320838X2,0732083437,"39 WATLAND ST NR BARBARELLA DVE, SPRINGWOOD"
02432314X2,0243233160,"4 WATT ST , GOSFORD"
02492759X2,0249271478,"0 WATT ST OS BUS & RAIL TERM, NEWCASTLE"
03627207X2,0362783264,"2 WATTLE AVE NR ASHBOLT CRES, LUTANA"
08922109X1,0892214009,"LVL 4 197 WELLINGTON ST RPH R BLOCK, PERTH"
08932111X2,0893211712,"645 WELLINGTON ST NR MILLIGAN ST, PERTH"
08932507X1,0893253238,"LVL 3 197 WELLINGTON ST RPH A BLK VIC SQ, PERTH"
08932506X1,0893255350,"LVL 3 197 WELLINGTON ST RPH A BLK VIC SQ, PERTH"
03634303X1,0363437194,"350 WESTBURY RD , PROSPECT VALE"
03502415X2,0350241500,"16 WESTCLIFFS AVE NR LAUREL ST, RED CLIFFS"
08825812X2,0882584298,"125 WHITES RD NR WATERLOO CNR RD, SALISBURY NORTH"
08828115X2,0882817481,"125 WHITES RD NR WATERLOO CNR RD, SALISBURY NORTH"
02982509X2,0298250124,"80 WHITFORD RD O/S COMMUNITY CNTR, HINCHINBROOK"
03957127X2,0395718932,"1 WATSON GR CNR GLENHUNTLY RD, GLEN HUNTLY"
03956108X2,0395616566,"60 WATSON RD OS MILK BAR, GLEN WAVERLEY"
07557032X2,0755703376,"4 WATSON ESP NR SUNRISE BLVDE, SURFERS PARADISE"
02931035X2,0293103732,"73 WELLINGTON ST NR PITT ST, WATERLOO"
07553770X2,0755377948,"83 WHITING ST NR TURPIN RD, LABRADOR"
08934503X2,0893451002,"48 WATTLE ST , TUART HILL"
03977223X2,0397723309,"240 WELLS RD NR CNR LYNNE ST, CHELSEA HEIGHTS"
03950917X2,0395095155,"44 WATTLETREE RD , PRAHRAN"
03950900X2,0395090455,"259 WATTLETREE RD , MALVERN"
03950918X2,0395096755,"284 WATTLETREE RD NR TOORONGA RD, MALVERN EAST"
07340993X2,0734099554,"3 WELSBY ST OS POST OFFICE, DUNWICH"
07380815X2,0738085970,"91 WEMBLEY RD , LOGAN CENTRAL"
08945909X2,0894520468,"150 WESTFIELD ST NR VANDA PL OS S/C, MADDINGTON"
03538211X2,0353825503,"49 WAWUNNA RD OPP MILK BAR, HORSHAM"
08826029X2,0882605565,"61 WAY ST DENVER TCE, KILBURN"
03931488X2,0393146868,"2 WEMBLEY AVE NR FRANCIS ST, YARRAVILLE"
07383108X2,0738314969,"73 WICKHAM TCE OS INCHOLM, SPRING HILL"
07383900X2,0738395873,"287 WICKHAM TCE NR BIRLEY ST, SPRING HILL"
07383904X2,0738399183,"149 WICKHAM TCE OS MORRIS TOWERS, SPRING HILL"
02658307X2,0265833854,"11 WAUGH ST NR GORE ST, PORT MACQUARIE"
02936930X2,0293891176,"17 WAVERLEY ST NR HOLLYWOOD AVE, BONDI JUNCTION"
03585500X2,0358552200,"133 WAVERLEY AVE , MERRIGUM"
03980734X2,0398078660,"355 WAVERLEY RD , MT WAVERLEY"
03634409X2,0363447307,"56 WENTWORTH ST NR POLICE YTH CLUB, NEWSTEAD"
02963117X2,0296318309,"220 WENTWORTH AVE OS RAIL STN, PENDLE HILL"
03948256X2,0394825007,"20 WESTGARTH ST NR HIGH ST OPP 55, NORTHCOTE"
03930631X2,0393061920,"111 WIDFORD ST , GLENROY"
02427610X2,0242747654,"156 WENTWORTH ST CNR CHURCH ST, PORT KEMBLA"
02957022X2,0295705784,"17 WESTON RD NR KIMBERLEY RD, HURSTVILLE"
02963730X2,0296374872,"24 WIGRAM ST , HARRIS PARK"
02668010X2,0266801000,"2 WILFRED ST OS POST OFFICE, BILLINUDGEL"
03970402X2,0397048911,"28 WEBB ST , NARRE WARREN"
08857235X2,0885723698,"35 WEBB ST NR COOKE TCE, TAILEM BEND"
03577211X2,0357721120,"2 WEBSTER ST NR DOWNIE ST, ALEXANDRA"
02427611X2,0242743478,"9 WERINGA AVE NR SHOPS, LAKE HEIGHTS"
02956434X2,0295642187,"1 WETHERILL ST NR NORTON ST, LEICHHARDT"
02964703X2,0296471418,"1 WETHERILL ST CRN DERBY ST, SILVERWATER"
07544900X2,0754490271,"257 WEYBA RD NR MARY ST, NOOSAVILLE"
07544993X2,0754499637,"197 WEYBA RD NR SWAN ST, NOOSAVILLE"
07384808X2,0738487439,"58 WILKIE ST CNR GREEN ST, YEERONGPILLY"
08872500X1,0887259745,"276 WEHL ST MT GAMBIER HOSPITA, MT GAMBIER"
08822104X2,0882216426,"20 WEST TCE HINDLEY ST ADJ MC*, ADELAIDE"
08927944X2,0892794555,"2 WEST RD NR OLD PERTH RD, BASSENDEAN"
08927946X2,0892795344,"77 WEST RD NR HARCOURT ST, BASSENDEAN"
07554120X2,0755412073,"13 WILLIAM ST , BEAUDESERT"
08808805X2,0880881247,"54 WILLIAM ST NR JONES ST, BROKEN HILL"
02682817X2,0268281502,"61 WEE WAA ST OS POST OFFICE, WALGETT"
02987418X2,0298748247,"20 WEST PDE OPP HILLVIEW RD, EASTWOOD"
02488980X2,0248898403,"15 WEST PDE NR FITZROY ST, HILL TOP"
02997758X2,0299777878,"2 WEST ESP NR FERRY WHARF, MANLY"
03642304X1,0364234478,"148 WILLIAM ST FOURWAYS SHOP CNTR, DEVONPORT"
02978907X2,0297896392,"210 WILLIAM ST NR BEXLEY RD, EARLWOOD"
03638310X2,0363831107,"179 WELD ST NR OPHIR HOTEL, BEACONSFIELD"
03638312X2,0363831207,"108 WELD ST OPP NR POST OFFICE, BEACONSFIELD"
03513405X2,0351346500,"17 WELL ST IN BUTTERS ST EASE, MORWELL"
08834013X2,0883402960,"65 WELLAND AVE NEAR, WELLAND"
02956429X2,0295642110,"57 WEST ST NR NEW CANTERBURY, PETERSHAM"
02963716X2,0296379810,"54 WILLIAM ST OPP, GRANVILLE"
02432334X2,0243234205,"10 WILLIAM ST PLAZA, GOSFORD"
02432306X2,0243234859,"10 WILLIAM ST PLAZA, GOSFORD"
08932822X2,0893284858,"530 WILLIAM ST NR MARY ST, HIGHGATE"
07336939X2,0733696811,"69 WINDSOR RD NR VALE ST, RED HILL"
03954635X2,0395465637,"51 WINDSOR AVE NR ELLEN ST, SPRINGVALE"
03502450X2,0350245000,"2133 15TH ST OS POST OFFICE, IRYMPLE"
07469311X2,0746931320,"81 YANDILLA ST NR SHORT ST 11, PITTSWORTH"
08894524X2,0889450480,"51 YANYULA DRV ANULA SHOPS, ANULA"
02486205X2,0248621844,"4 WINGECARRIBEE ST NR BONG BONG ST, BOWRAL"
02655231X2,0265523343,"32 WINGHAM RD NR  PUBLIC SCHOOL, TAREE"
08826832X2,0882687365,"73 WOODVILLE RD ADJ, WOODVILLE"
02974901X2,0297494289,"1 YARRAM ST CNR COOBA ST, LIDCOMBE"
02435610X2,0243561076,"1331 YARRAMALONG RD NR BUMBLE HILL RD, YARRAMALONG"
02987505X2,0298751873,"100 YARRARA RD CNR HILLCREST RD, PENNANT HILLS"
02636203X2,0263620369,"147 WOODWARD ST NR KITE ST, ORANGE"
07405305X2,0740534719,"216 WOODWARD ST NR HEAVY CRS, WHITFIELD"
08825813X2,0882584365,"36 WOODYATES AVE NEAR, SALISBURY NORTH"
02498741X2,0249874908,"26 WILLIAM ST OS SOUL PATTINSON, RAYMOND TERRACE"
02498308X2,0249831552,"40 WILLIAM ST FRUIT SHOP, RAYMOND TERRACE"
08829734X2,0882978698,"101 WILLIAM ST NR MARION RD, SOUTH PLYMPTON"
03936431X2,0393642115,"66 WILLIAM ST , ST ALBANS"
02484510X2,0248451398,"90 YASS ST OS POST OFFICE, GUNNING"
08829733X2,0882978165,"42 WINSTON AVE NR ALBERT ST, CLARENCE GARDENS"
08827612X2,0882761709,"118 WINSTON AVE NR KINGSTON AVE, MELROSE PARK"
03557520X2,0355752219,"6 WINTER ST NR WHYTE ST, COLERAINE"
03539405X2,0353941138,"31 WOOLCOOK ST NR SCOTT ST NR PO, WARRACKNABEAL"
02664481X2,0266448371,"1170 WOOLI RD , PILLAR VALLEY"
02697590X2,0269759198,"39 WOOLONGOUGH ST OS POST OFFICE, UNGARIE"
03639313X2,0363931102,"40 WILLIAM ST OS POST OFFICE, WESTBURY"
03586820X2,0358682092,"40 WILLIAMS ST NR GREENFIELD RD, BEARII"
03544301X2,0354438889,"137 WILLIAMSON ST , BENDIGO"
02422905X2,0242294565,"43 YELLALONG ST CNR POORAKA AVE, WEST WOLLONGONG"
03643331X2,0364333274,"22 WISEMAN ST ADJ SHOREWLL PLAZA, SHOREWELL PARK"
02437200X2,0243721409,"3468 WISEMANS FERRY RD OS STORE, SOMERSBY"
08828701X2,0882870971,"8 WISHFORD RD NEAR, ELIZABETH"
02434430X2,0243428392,"76 WOY WOY RD , WOY WOY"
08933558X2,0893357510,"71 WRAY AVE NR HAMPTON RD, FREMANTLE"
03973600X2,0397362330,"13 WRAY CRS , MT EVELYN"
07405901X2,0740591741,"130 WILLIAMS ESP OPP STINGER NET, PALM COVE"
08864525X2,0886457521,"2 WILLIAMS AVE W OF NORRIE AVE, WHYALLA NORRIE"
02495313X7,0249531343,"7 WITHERS ST , WEST WALLSEND"
03582650X2,0358265200,"24 WREN ST , TOOLAMBA"
08821212X2,0882126121,"246 WRIGHT ST , ADELAIDE"
08936180X2,0893617200,"8 WRIGHT RD NR ORRONG, KEWDALE"
08825801X2,0882582521,"15 WRIGHT ST NEAR, SALISBURY"
03964525X2,0396451668,"541 WILLIAMSTOWN RD OS PORT F/BALL GND, PORT MELBOURNE"
03931477X2,0393145651,"132 WILLIAMSTOWN RD NR O'FARRELL ST, YARRAVILLE"
03931487X2,0393146629,"287 WILLIAMSTOWN RD OPP COURT ST, YARRAVILLE"
03526701X2,0352672200,"22 WILLIS ST NR AUSTIN ST, WINCHELSEA"
03633115X2,0363314808,"73 YORK ST CNR ST JOHN ST, LAUNCESTON"
07326601X2,0732662388,"91 YORK ST NR HEDLEY AVE, NUNDAH"
07478723X2,0747872237,"85 YORK ST NR ARMSTRONG RD, Charters Towers"
02499020X2,0249904210,"420 WOLLOMBI RD , BELLBIRD"
03931107X2,0393118584,"65 WRIGHT ST , SUNSHINE"
03980302X2,0398038797,"38 WILLOW AVE OPP BELMONT ST, GLEN WAVERLEY"
02657204X2,0265722343,"84 YORK ST NR SCHOOL, SINGLETON"
02928319X2,0292835717,"131 YORK ST OS ANZ HOUSE, SYDNEY"
02927934X2,0292792416,"77 YORK ST O/S GRACE HOTEL, SYDNEY"
02499015X2,0249903209,"136 WOLLOMBI RD , CESSNOCK"
02499007X2,0249903554,"99 WOLLOMBI RD , CESSNOCK"
02435700X2,0243571278,"127 WYEE RD CNR JILLIBY ST, WYEE"
08949601X2,0894961513,"13 WYGONDA RD NR JARRAH O/S S/C, ROLEYSTONE"
03643134X2,0364315100,"30 WILMOT ST NR WILSON ST, BURNIE"
02495800X2,0249582121,"42 YORK ST OS POST OFFICE, TERALBA"
03582115X2,0358211584,"1 YORKSHIRE CRS NR POPLAR AVE, SHEPPARTON"
02971902X2,0297198474,"1 WOLSELEY ST DRUMMOYNE WHARF, DRUMMOYNE"
08825530X2,0882554365,"52 WOMMA RD NEAR, ELIZABETH NORTH"
02494509X2,0249450254,"149 WOMMARA AVE OS COMMUNITY CTRE, BELMONT NORTH"
03624909X2,0362491166,"40 WYNDHAM RD CNR ABBOTSFIELD RD, CLAREMONT"
03525301X2,0352531412,"5 WYNDHAM ST O/S ANZ BANK, DRYSDALE"
03583109X2,0358311415,"525 WYNDHAM ST OS PIZZA HUT, SHEPPARTON"
07465411X2,0746541384,"2 WILLS ST NR ALFRED ST, CHARLEVILLE"
03936426X2,0393645907,"53 WILLYS AVE NR LANCIA DRV, KEILOR DOWNS"
08982718X2,0898271287,"6 YOUGENUP RD O/S ROADHOUSE, GNOWANGERUP"
02494013X2,0249408640,"97 YOUNG ST , CARRINGTON"
02492630X2,0249264043,"2 YOUNG ST , COOKS HILL"
02649615X2,0264961605,"6 YOUNG ST CNR COOK DVE, EDEN"
03978104X2,0397696840,"101 YOUNG ST CNR DAVEY ST, FRANKSTON"
07465830X2,0746583019,"9 WONGA ST NEAR BP LONGREACH*, LONGREACH"
02948404X2,0294848934,"7 WONGALA CRS , BEECROFT"
07339924X2,0733995699,"653 WYNNUM RD , MORNINGSIDE"
07339927X2,0733999073,"198 WYNNUM RD LAUNDROMAT NEAR, NORMAN PARK"
07339011X2,0733904344,"1459 WYNNUM RD NR STANTON RD, TINGALPA"
07339016X2,0733908250,"1795 WYNNUM RD OS MORETON TWN SHP, TINGALPA"
07389004X2,0738904530,"1563 WYNNUM RD O/S TINGALPA HOTEL, TINGALPA"
08982716X2,0898271000,"53 YOUNGENUP ST O/S EXCHANGE, GNOWANGERUP"
07466130X2,0746618432,"168 WOOD ST NR DOUGLAS ST, WARWICK"
02694710X2,0269471098,"82 WYNYARD ST OS POST OFFICE, TUMUT"
02433419X2,0243342584,"120 WYONG RD , KILLARNEY VALE"
02438908X2,0243891775,"23 WYONG RD , TUMBI UMBI"
03597505X2,0359754417,"88 WILSON RD NR CNR PITT ST, MORNINGTON"
08898105X2,0889810831,"43 THE MALL  , DARWIN"
03934729X2,0393475541,"173 WILSON AVE MELB UNI BLDG 173, PARKVILLE"
03978320X2,0397696790,"56 YUILLE ST NR JASPER TCE, FRANKSTON"
03596697X2,0359669453,"14 YUONGA RD , WARBURTON"
02668251X2,0266825062,"0 WOODBURN ST CNR ELM ST, EVANS HEAD"
07412325X2,0741234198,"48 ZANTE ST NEAR CNR ALBERT ST, MARYBOROUGH"
08808815X2,0880882516,"191 ZEBINA ST NR CHAPPLE ST, BROKEN HILL"
07326810X2,0732686035,"4 ZILLMAN RD NR MANSON RD, HENDRA"
07548450X2,0754845206,"109 YABBA RD OPP WILLIAM ST, IMBIL"
03538914X2,0353891501,"20 WIMMERA ST PO NR LLOYD ST, DIMBOOLA"
02993837X2,0299384965,"1 WINBOURNE RD CNR PITTWATER RD, BROOKVALE"
02983201X1,0298327262,"1 ZOE PL , MOUNT DRUITT"
07415914X2,0741594281,"33 ZUNKER ST NR SOMMERVILLE ST, BURNETT HEADS"
08825407X2,0882541167,"4 ZURICH RD S OF CALIFORNIA AV, CRAIGMORE"
02662112X2,0266219006,"45 WOODLARK ST OS MATHERS ARCADE, LISMORE"
08828500X2,0882856982,"15 YALUMBA DRV ADJ SHOPPING CENT*, PARALOWIE"
02664627X2,0266462429,"5 YAMBA ST CANTON RESTAURANT, YAMBA"
03936959X2,0393692737,"44 WOODS ST , LAVERTON"
03577702X2,0357770523,"4695 WOODS POINT RD , KEVINGTON"
03596680X2,0359668520,"1600 WOODS POINT RD REEFTON HOTEL, MCMAHONS CREEK"
03596694X2,0359669457,"30 WOODS POINT RD OS CARAVAN PARK, WARBURTON"
07412202X2,0741221019,"134 WOODSTOCK ST NR ARIADNE ST, MARYBOROUGH"
02457824X2,0245781365,"288 WINDSOR ST OS POST OFFICE, RICHMOND"
07549223X2,0754922148,"131 ESPLANADE  NR MILITARY JETTY, GOLDEN BEACH"
03562992X2,0356299638,"2 MACKEY ST NEXT TO BUS STOP, LONGWARRY"
07377500X2,0733756320,"147 ARCHERFIELD RD NR FREEMAN RD, RICHLANDS"
02665203X1,0266529403,"1 OCEAN PDE PARK BCH HOL PK, COFFS HARBOUR"
07386104X1,0738614512,"FOYER  627 RODE RD FOYER GRND FLR, CHERMSIDE"
03941947X2,0394199513,"290 BRUNSWICK ST NR JOHNSTON ST, FITZROY"
03941940X2,0394199859,"290 BRUNSWICK ST NR JOHNSTON ST, FITZROY"
08953032X2,0895303231,"97 FAWCETT ST , COOLUP"
08836901X1,0883691786,"132 MULLER RD , GREENACRES"
07493630X2,0749363507,"800 YAAMBA RD CNR BOUNDARY RD, PARKHURST"
08835630X2,0883567698,"376 GRANGE RD CNR HART ST, KIDMAN PARK"
02956020X2,0295600112,"1 SHAW ST NR STANMORE RD, PETERSHAM"
08852204X2,0885224032,"25 BARNET RD NR HARRISON CRT, EVANSTON"
02629307X2,0262932948,"0 PITMAN ST BUS INTERCHANGE, GREENWAY"
02629305X2,0262932949,"0 PITMAN ST BUS INTERCHANGE, GREENWAY"
03946033X2,0394605749,"303 BROADWAY  NR HIGH ST, RESERVOIR"
07403108X1,0740313945,"0 ESPLANADE  PUBLIC AREA, GREEN ISLAND"
03959618X2,0395965281,"140 MARTIN ST , BRIGHTON"
03976903X1,0397696074,"LVL 1 28 BEACH ST NTH ENTRANCE, FRANKSTON"
03941964X2,0394199817,"90 BRUNSWICK ST NR GERTRUDE ST, FITZROY"
03941937X2,0394197281,"90 BRUNSWICK ST NR GERTRUDE ST, FITZROY"
08945113X2,0894514153,"77 GERARD ST OS SHOPS, EAST CANNINGTON"
03943706X2,0394376423,"314 CHILDS RD NR BUS STOP, MILL PARK"
03943605X2,0394366559,"314 CHILDS RD NR BUS STOP, MILL PARK"
03623919X2,0362399967,"3125 SOUTH ARM RD NR BACKPACKERS, SOUTH ARM"
03941929X2,0394195302,"249 JOHNSON ST NR SMITH STREET, FITZROY"
07493471X2,0749347165,"0 CAPRICORN HWY O/S POST OFFICE, STANWELL"
07552680X1,0755268047,"9 HAMILTON AVE NR NORTHCLIFFE TCE, SURFERS PARADISE"
03964519X2,0396451781,"360 BAY ST , PORT MELBOURNE"
02655065X2,0265506504,"1446 NOWENDOC RD NEAR GENERAL STORE, MOUNT GEORGE"
08825507X1,0882553067,"165 WOODFORD RD , ELIZABETH NORTH"
08940112X2,0894011711,"2 POSEIDON RD NR CAPTAIN CRT, HEATHRIDGE"
08834023X2,0883402975,"3 HAWKER ST , BOWDEN"
07546561X2,0754656584,"4414 WARREGO HWY NR GEHREKE RD, PLAINLAND"
02928150X2,0292810709,"BLDG D 1 MARY ANN ST TAFE LIBRARY FOYER, ULTIMO"
02667210X2,0266726332,"33 WHARF ST OS PIZZA SHOP, MURWILLUMBAH"
02683639X2,0268363003,"47 LINSLEY ST NR POST OFFICE, COBAR"
02667640X1,0266764185,"1 TWEED COAST RD NORTH STAR HOLIDAY, HASTINGS POINT"
08897600X2,0889760254,"20 AWILLA RD , BATCHELOR"
08897601X1,0889760546,"20 AWILLA RD , BATCHELOR"
02951704X2,0295174532,"34 VICTORIA RD OS MCKVLE METRO SC, MARRICKVILLE"
03549720X2,0354972032,"72 WOODS ST O/S ADULT LEARNING, DONALD"
08984491X1,0898449125,"247 NANARUP RD KALGAN RIVER CAFE, KALGAN"
07548361X7,0754836072,"29 LOUISA ST NR MUSGRAVE ST, GYMPIE"
02499870X2,0249987785,"2188 BROKE RD POKOLBIN VILLAGE, POKOLBIN"
02462708X1,0246272493,"19 DOBELL RD CLAYMORE CENTRE, CLAYMORE"
07328222X2,0732829683,"255 SOUTH STATION RD CNR NOLAN ST, RACEVIEW"
07415950X1,0741595978,"15 MARINA DRV PORT AUTH NR KIOSK, BURNETT HEADS"
03878700X1,0387877427,"1095 FRANKSTON-DANDENONG RD IN SHOPPING CENTRE, CARRUM DOWNS"
07478302X2,0747831491,"2 CHIPPENDALE ST O/S HOSP, AYR"
08808811X2,0880882316,"336 MCCULLOCH ST OS SWIMMING POOL, BROKEN HILL"
08827604X2,0882765975,"25 REGENT ST NR ROMSEY GRV, MELROSE PARK"
02667614X2,0266761246,"0 TWEED COAST RD AMBROSE BROWN PARK, POTTSVILLE"
02675110X1,0267511635,"85 BALO ST BALO SQ SHOPS, MOREE"
03514306X2,0351433309,"37 CUNNINGHAME ST SHOPPING CENTRE, SALE"
03985901X2,0398595823,"1 MACEDON ST O/S CARPARK, BALWYN NORTH"
02926419X2,0292647591,"151 BATHURST ST O/S TELSTRA SHOP, SYDNEY"
07477860X1,0747786659,"41420 BRUCE HWY BLUEWATER CARAV PA, YABULU"
08825827X2,0882585965,"2 SHEPHERDSON RD SALISBURY HWY, PARAFIELD GARDENS"
03933509X2,0393352345,"FLR 1 5 DEPOT DRV STH TERM GATE 2, MELBOURNE AIRPORT"
03942902X2,0394291193,"1 HIGHETT ST O/S W RCHMND STN, RICHMOND"
03946503X2,0394652989,"181 EDGARS RD , THOMASTOWN"
03946514X2,0394659269,"181 EDGARS RD O/S TUCKERBAG, THOMASTOWN"
03534923X2,0353492816,"72 NEILL ST , BEAUFORT"
08836103X1,0883613971,"161 THE PARADE  NORWOOD PLACE, NORWOOD"
02628201X2,0262824432,"7 LYONS PL NEAR LYONS SHOPS, LYONS"
02667610X2,0266761100,"45 TWEED COAST RD OS POST OFFICE, BOGANGAR"
02667640X2,0266764283,"77 TWEED COAST RD OS EMU PARK HOSTL, BOGANGAR"
07371103X2,0737117245,"408 HELLAWELL RD CARAVAN PARK, SUNNYBANK HILLS"
03941983X2,0394194902,"56 GOLD ST CNR KEELE ST, COLLINGWOOD"
02667405X2,0266742034,"170 MARINE PDE CNR BEACH ST, KINGSCLIFF"
02668341X2,0266834104,"0 CABBAGE TREE ISLAND RD , CABBAGE TREE ISLAND"
07552415X2,0755247985,"50 MAIN ST OS FINGAL TRADING, FINGAL HEAD"
07557300X2,0755731103,"329 TAMBORINE OXENFORD RD OPP CHARLES CRSNG, UPPER COOMERA"
02672210X2,0267223365,"142 BYRON ST , INVERELL"
08895681Y1,NONE,"0 KIWIRRKURRA COMM JIMMY BROWN'S HSE, GBSN DSRT N"
03627329X1,0362738921,"356 MAIN RD GLENORCHY PLAZA, GLENORCHY"
02493206X2,0249327098,"7 WEST MALL NR HILLVIEW, RUTHERFORD"
03974040X2,0397409233,"1 REGHON ST NR MITCHELLS LA, SUNBURY"
03952534X2,0395258194,"114 WESTBURY ST NR CNR CARLISLE ST, BALACLAVA"
08922504X2,0892255462,"621 HAY ST MALL NR BARRACK ST, PERTH"
08922503X2,0892255720,"621 HAY ST MALL NR BARRACK ST, PERTH"
08948604X2,0894864364,"701 HAY ST MALL CENTRE, PERTH"
08948500X2,0894850763,"701 HAY ST MALL CENTRE, PERTH"
08948602X2,0894864308,"729 HAY ST MALL NR WILLIAM ST, PERTH"
08948111X2,0894814171,"729 HAY ST MALL NR WILLIAM ST, PERTH"
08932503X2,0893254672,"450 WELLINGTON ST RAIL ADJ EXIT, PERTH"
08942105X2,0894211509,"450 WELLINGTON ST RAIL ADJ LIFT, PERTH"
08922122X1,0892215023,"450 WELLINGTON ST RAIL OS MAIN ENTRY, PERTH"
08922129X2,0892214285,"UPPER LVL 450 WELLINGTON ST RAIL NR REST CTRE, PERTH"
08922123X2,0892213426,"UPPER LVL 450 WELLINGTON ST RAIL NR REST CTRE, PERTH"
08919152X7,0891915872,"277 GREAT NORTHERN HWY FITZROY RVR LODGE, FITZROY CROSSING"
08958631X2,0895863953,"19 FATHOM TURN MARINA FOOTBRIDGE, MANDURAH"
02665513X2,0266551301,"41 HYDE ST O/S POST OFFICE, BELLINGEN"
08894750Y1,0889475417,"60 BOULTER RD AB ALCAHOL PROG, BERRIMAH"
07419460X2,0741946582,"49 ELIZABETH ST OPP CORAL ST, URANGAN"
07465406X2,0746545311,"ANNIE ST 87 MAIN ST ADJ POST OFFICE NR, AUGATHELLA"
02963403X2,0296347410,"279 OLD NORTHERN RD , CASTLE HILL"
08922118X2,0892212645,"450 WELLINGTON ST RAIL OS MAIN ENRTY, PERTH"
02982018X2,0298206130,"172 GOULD RD NR EAGLE VALE DRV, EAGLE VALE"
08922140X2,0892211597,"450 WELLINGTON ST RAIL IS MAIN ENTRY, PERTH"
02434437X2,0243428631,"241 BLACKWALL RD OS LEISURE CTR, WOY WOY"
03945700X1,0394576316,"163 STUDLEY RD MERCY HOSPTL FOYER, HEIDELBERG"
07553451X2,0755345240,"19 TOOLONA ST NR MAUDE ST, TUGUN"
03984205X1,0398426581,"181 REYNOLDS RD PINES SC O/S ANZ, DONCASTER EAST"
07493941X2,0749394366,"6 JAMES ST O/S WBC BLDG SOC, YEPPOON"
08903130Y2,NONE,"0 MORAPOI STN ADJACENT OFFICE, KOOKYNIE"
03965481X2,0396544247,"255 BOURKE ST NR SWANSTON ST, MELBOURNE"
03966302X2,0396632509,"200 BOURKE ST O/S MIDCITY ARCADE, MELBOURNE"
03967118X2,0396713215,"236 BOURKE ST O/S TARGET CENTRE, MELBOURNE"
03960010X2,0396000287,"423 BOURKE ST , MELBOURNE"
03960011X2,0396000468,"550 BOURKE ST NR WILLIAM ST NTH, MELBOURNE"
03515208X2,0351521460,"86 MORONEY ST NR TAYLOR ST, BAIRNSDALE"
02928355X2,0292836241,"LG2  455 GEORGE ST QVB NR SECURITY, SYDNEY"
02436309X2,0243632478,"30 KALLAROO RD O/S SHOPS, BENSVILLE"
08809115X2,0880911535,"0 BARRIER HWY OPP HOTEL, OLARY"
03966203X2,0396623206,"PLATFM 4 373 SWANSTON ST MELB CENTRAL RWS, MELBOURNE"
07557842X2,0755784368,"9 TIBBING ST NR PRICE ST, NERANG"
08996451X2,0899645503,"250 FIFTH ST NR HOWARD ST, WONTHELLA"
08826003X2,0882604010,"2 MILTON AVE OPP HAMSTEAD RD, CLEARVIEW"
08823117X1,0882310473,"33 RUNDLE MALL CITY CROSS NR ATM, ADELAIDE"
08898303X1,0889832758,"170 WHITEWOOD RD HOLIDAY PARK, HOWARD SPRINGS"
02982913X2,0298292667,"70 SAYWELL RD OS CHEESE CAKE SHP, MACQUARIE FIELDS"
02948220X2,0294821410,"PLATFM 1 13 HALDANE ST ASQUITH RWS E/SIDE, ASQUITH"
03577733X2,0357773393,"4 WILLOW LAKE DRV , MACS COVE"
08895686Y2,0889568521,"0 MBUNGHARA STN NEAR MIKES HOUSE, HAASTS BLUFF"
08895687Y7,0889568726,"0 YUELAMU COMM MT ALLAN, YUELAMU"
02445711X2,0244571001,"160 PRINCES HWY , TERMEIL"
07339129X2,0733916466,"94 LAMBERT ST NR O'CONNELL ST, KANGAROO POINT"
07406811X2,0740681037,"2 BUTLER ST O/S 5 STAR STORE, TULLY"
03588430X1,0358843148,"0 PICNIC POINT RD PICNIC PT C/VAN PK, MATHOURA"
08826802X2,0882683109,"47 TRAFFORD ST CNR COWAN ST, MANSFIELD PARK"
02693143X2,0269314894,"231 BOURKE ST O/S SHOPS, TOLLAND"
03545570X2,0354557003,"12 KELLY ST O/S LPO, PYRAMID HILL"
08895688Y7,0889568728,"0 YUELAMU COMM MT ALLEN, YUELAMU"
08895614Y1,0889567902,"0 ILPURLA COMM OUTSTATION, HERMANNSBURG"
08895676Y2,0889567417,"0 LILLA COMM WARTAKA NAT PK KIN, HERMANNSBURG"
08895629Y2,0889562947,"0 FREGON COMM WEST SIDE, FREGON"
08895605Y2,0889562953,"0 FREGON COMM NR POLICE HOUSE, FREGON"
08895629Y1,0889562963,"0 WALLACE ROCKHOLE COMM , HERMANNSBURG"
08896460Y2,NONE,"0 NYIRRIPI COMM NEW STORE, NYIRRIPI"
08895580Y2,0889558006,"0 UKAKA COMM , HERMANNSBURG"
08895604Y8,0889560856,"0 SANTA TERESA COMM VILLAGE RD, SANTA TERESA"
08895607Y2,0889562968,"0 MIMILI COMM O/S LOT 17 EAST SD, MIMILI"
08895608Y2,0889562973,"0 KENMORE PARK COMM RESIDENTIAL AREA, KENMORE PARK"
08895673Y2,0889567364,"0 DOCKER RIVER COMM OPP WALKABOUTS HSE, KALTUKATJARA"
08895679Y2,0889567443,"0 INTJARTNAMA COMM , HERMANNSBURG"
07544920X2,0754492170,"16 NOOSA DRV NR HIBISCUS AVE, NOOSA HEADS"
07415560X1,0741556827,"30 HOMESTEAD BLV COVE SHOP CTR, CORAL COVE"
08895684Y2,0889568504,"0 PAPUNYA COMM SANDY AREA, PAPUNYA"
08895675Y2,0889567416,"0 PALM PADDOCK COMM INTIYAMANGAMA, HERMANNSBURG"
07553452X2,0755345174,"132 DURINGAN ST CRN FIELDING ST, CURRUMBIN"
08897123X2,0889712467,"0 GORGE VISITOR CNTR , KATHERINE"
08898735X2,0889873741,"0 MATTHEW FINDERS WAY GOVE HOSP O/P DEPT, NHULUNBUY"
08895345X2,0889532031,"64 TODD MALL O/S RED CENT PHARM, ALICE SPRINGS"
02931323X7,0293134918,"BAGCLM 5 0 SHIERS AVE QNTS T3 ARVLS OPP, MASCOT"
03522239X2,0352227641,"58 MALOP ST , GEELONG"
08964621X9,0896461106,"132 VINCENT ST ADJ POST OFFICE, BEVERLEY"
07546311X2,0754631302,"14 HIGH ST NEAR CHURCH ST, BOONAH"
02682810X7,0268281301,"141 FOX ST OS HOSPITAL, WALGETT"
08938411X2,0893846544,"28 ASQUITH ST NR ROCHDALE, MOUNT CLAREMONT"
02954404X2,0295441261,"17 KINGSWAY  NR CROYDON ST, CRONULLA"
08927903X1,0892798862,"133 GREAT EASTERN HWY AHL ALLAWAH GROVE, SOUTH GUILDFORD"
08927913X2,0892797188,"189 JAMES ST NR ETHEL ST, GUILDFORD"
08937803X2,0893782549,"24 STIRLING ST NR MEADOW ST, GUILDFORD"
08945810X2,0894583650,"39 PITT ST NR CHAPMAN RD, ST JAMES"
08909114X2,0890916891,"13 ROBERTS ST CNR PRESIDENT ST, SOUTH KALGOORLIE"
08909102X2,0890913626,"135 VARDEN ST NR PARSONS ST, PICCADILLY"
08979167X2,0897911430,"79 KING RD NR STRICKLAND ST, EAST BUNBURY"
08895329X2,0889531677,"94 TODD ST O/S MELANKA LODGE, ALICE SPRINGS"
08894550X1,NONE,"37 GLENCOE CRS DAISY YARMIRR HSTL, TIWI"
03981947X2,0398191489,"372 BURWOOD RD O/S POST OFFICE, HAWTHORN"
03642797X2,0364279535,"13 WRIGHT ST OS CARAVAN PARK, EAST DEVONPORT"
03959613X2,0395968732,"374 BAY ST O/S POST OFFICE, BRIGHTON"
07553866X2,0755389307,"28 FERNY AVE NR CAVILL AVE, SURFERS PARADISE"
03974500X2,0397452300,"1 OLD HUME HWY OS HOTEL, BEVERIDGE"
08988910X2,0898891004,"66 GRAHAM ST O/S ROADHOUSE, KONDININ"
02422687X2,0242264952,"26 BRIDGE ST ON PLATFORM, CONISTON"
07472502X2,0747253490,"30 FULHAM RD OPP HOSPITAL, PIMLICO"
07477228X2,0747724225,"261 BOUNDARY ST CNR NELSON ST, SOUTH TOWNSVILLE"
08894800X1,0889480130,"62 ARALIA ST ADJ ARALIA SHOPS, NIGHTCLIFF"
08862563Y1,0886256329,"0 YALATA COMM , YALATA"
08894516X1,0889450258,"77 DRIPSTONE RD NT UNI ADJ ADMIN B, BRINKIN"
08894513X1,0889450110,"BLDG 38 7 ELLENGOWAN DRV NT UNIVERSITY, BRINKIN"
03948279X2,0394825489,"98 STATION ST , FAIRFIELD"
08844726X2,0884475432,"662 TORRENS RD O/S, PENNINGTON"
08864848Y7,0886484896,"0 HIGH ST OPP HOTEL, PARACHILNA"
02958806X2,0295883174,"1 JUBILEE AVE CNR RAILWAY PDE, CARLTON"
02966927X2,0296693021,"1 KEITH SMITH AVE T2 DEP GTE LNGE 33, MASCOT"
02966753X2,0296674951,"1 KEITH SMITH AVE T2 DEP GTE LNGE 52, MASCOT"
02966732X1,0296670370,"WEST  1 KEITH SMITH AVE T2 ARVLS CHECK IN, MASCOT"
03512718X2,0351276976,"35 ELIZABETH ST NR QUEEN ST, MOE"
08937047X2,0893705298,"2 BRADFORD ST OUTSIDE GUILD OFFC, MT LAWLEY"
07409771X2,0740977593,"6 MOORE ST O/S HALF MOON HOTL, RAVENSHOE"
02941108X2,0294114943,"ADJ  213 DELHI RD FULLERS BRIDGE, CHATSWOOD WEST"
03965036X2,0396508730,"271 BOURKE ST BOURKE ST MALL, MELBOURNE"
08994190Y2,0899419194,"17 ACACIA WAY MUNGALLAH COMM, GREYS PLAIN"
07462612X2,0746261179,"12 STATION ST O/SIDE POST OFFICE, INJUNE"
08919368X2,0891936331,"101 ROBINSON ST CNR SAVILLE, BROOME"
02966734X2,0296673375,"2  1 KEITH SMITH AVE T2 ARVLS BAG CLAIM, MASCOT"
02493040X2,0249304281,"202 CESSNOCK RD NR FIRE STATION, ABERMAIN"
03638124X1,0363812087,"99 HIGH ST ADJ VALENTINE PARK, CAMPBELL TOWN"
08826860X2,0882688632,"674 PORT RD NR WILLIAM ST, BEVERLEY"
08944303X2,0894433581,"42 SHAKESPEARE ST MASONIC HALL OPP, MT HAWTHORN"
08947867X2,0894783758,"65 CENTRAL AVE NR GRT EASTERN HWY, REDCLIFFE"
02675221X7,0267522432,"301 GOSPORT ST , MOREE"
08904012X2,0890401079,"35 LENNENBURG ST OS POST OFFICE, MARVEL LOCH"
08977240X2,0897724812,"0 TOWIE ST NR BRYCE ST, DEANMILL"
02689800Y2,0268981482,"35 NYMPAA ST ABORIGINAL RESERVE, MURRIN BRIDGE"
07497510X7,0749750255,"865 AWOONGA DAM RD O/S C/VAN PK ENTRY, BENARABY"
03626590X2,0362659146,"273 CARLTON BEACH RD NR MOOMERE ST, CRLTON"
02960101X1,0296013768,"270 BIGGE ST RWS MAIN CONCOURSE, LIVERPOOL"
02960100X1,0296016357,"270 BIGGE ST RWS MAIN CONCOURSE, LIVERPOOL"
02684216X2,0268421655,"71 JOHN ST O/S POST OFFICE, COONABARABRAN"
02929909X2,0292992247,"74 SUSSEX ST O/S, SYDNEY"
03989806X2,0398985320,"41 MAIN ST CNR MARKET ST MALL, BOX HILL"
03989935X2,0398990251,"41 MAIN ST CNR MARKET ST MALL, BOX HILL"
03989925X2,0398990808,"41 MAIN ST CNR MARKET ST MALL, BOX HILL"
03989900X2,0398990250,"41 MAIN ST CNR MARKET ST MALL, BOX HILL"
03936625X2,0393664176,"45 MAIN RD ST ALBANS PO, ST ALBANS"
08864531X2,0886454386,"165 JENKINS AVE NR FISK ST, WHYALLA NORRIE"
08983743X2,0898374217,"333 WELLSTEAD RD O/S CARA PARK, BREMER BAY"
07380707X2,0738074475,"0 ALAMEIN ST BUS STOP, BEENLEIGH"
02969805X2,0296989843,"140 REDFERN ST O/S CENTRELINK, REDFERN"
02969804X2,0296989424,"140 REDFERN ST O/S CENTRELINK, REDFERN"
02969806X2,0296981162,"304 CHALMERS ST , REDFERN"
08835904X1,0883591057,"43 METRO PDE INTERCHANGE, MAWSON LAKES"
07466200X2,0746626205,"32 MYALL ST OPP THORLEY ST, DALBY"
02684514X2,0268451165,"5 NANINA CRS , WELLINGTON"
03543831X2,0354383106,"53 BROOKE ST , INGLEWOOD"
03533290X2,0353329154,"920 DOVETON ST , BALLARAT NORTH"
03533322X2,0353337178,"35 BRIDGE MALL OS FOSSEYS, BALLARAT CENTRAL"
03533321X2,0353334540,"40 GRANT ST , BALLARAT CENTRAL"
03533341X2,0353334509,"502 BARKLY ST NR GRANT ST, GOLDEN POINT"
02624102X1,0262418541,"1246 FEDERAL HWY EAGLEHAWK HOLIDAY, SUTTON"
07498318X2,0749831307,"31 DAINTREE ST NEAR CLERMONT EXC*, CLERMONT"
07498330X2,0749833205,"62 DAINTREE ST OS DENHAMS SMARKET, CLERMONT"
07409890X2,0740989115,"0 CAPE TRIBULATION RD OS AIRPORT, COW BAY"
03974213X2,0397427530,"52 PARRAKEET RD CNR KOOKABURRA AVE, WERRIBEE"
03936621X2,0393663158,"112 MAIN RD EAST  NEAR GRANTHAM PDE, ST ALBANS"
02674457X2,0267445705,"0 KAMILAROI HWY NR SHOP, BREEZA"
08873703X2,0887374056,"24 CHURCH ST ADJ POLICE STN, PENOLA"
07328224X2,0732827862,"52 TOONGARRA RD , LEICHHARDT"
03533356X2,0353334547,"607 LYDIARD ST , SOLDIERS HILL"
07544803X2,0754480594,"42 HASTINGS ST NR NOOSA DRV, NOOSA HEADS"
03964206X1,0396424376,"91 SPENCER ST BAY 58 BUS TERM, DOCKLANDS"
03964205X1,0396424375,"91 SPENCER ST BAY 58 BUS TERM, DOCKLANDS"
03981933X2,0398192766,"5 WILLIAMS ST , HAWTHORN"
08829407X2,0882941698,"152 BRIGHTON RD CNR MOORE NR S/STN, SOMERTON PARK"
02478215X2,0247821454,"62 STATION ST CNR CAMP ST, KATOOMBA"
08834012X2,0883402958,"95 REGENCY RD ADJ, CROYDON PARK"
08856600X2,0885662324,"76 MAIN ST S OF LUCAS ST, KAPUNDA"
08958157X2,0895815013,"7 RONLYN RD NR SMITH ST, FURNISSDALE"
02444126X2,0244412501,"10 HOFFMAN DRV NR YARROMA, SWANHAVEN"
02445730X1,0244573002,"0 CAMPING ACCESS RD CARAVAN PARK, LAKE TABOURIE"
02445730X2,0244573001,"11 RIVER RD OPP PRE SCHOOL ENT, LAKE TABOURIE"
02473000X2,0247301200,"28 PENSAX RD CNR WARESLEY WAY, CRANEBROOK"
02473114X2,0247313176,"175 SMITH ST NR TALOMA ST, SOUTH PENRITH"
03936622X2,0393662755,"272 MAIN RD NR PERCY ST, ST ALBANS"
02935700X2,0293571415,"170 VICTORIA ST null , POTTS POINT"
03970611X2,0397069847,"34 MCCRAE ST O/S PLAZA, DANDENONG"
02675620Y2,0267562614,"0 RESERVE RD WALLI VILLAGE, COLLARENEBRI"
02978722X2,0297872365,"1 HOWARD ST NR CANTERBURY RD, CANTERBURY"
02978721X2,0297871854,"1 TINCOMBE ST NR CANTERBURY RD, CANTERBURY"
02992227X2,0299227010,"104 MOUNT ST CNR WALKER ST, NORTH SYDNEY"
08826858X2,0882685098,"19 JUNE ST NR ELY ST, MANSFIELD PARK"
03931027X1,0393103854,"GRND FLR 5 AIRPORT DRV QTAS ARV BAGGAGE 1, MELBOURNE AIRPORT"
08836502X2,0883374754,"121 NEWTON RD NR CLAIRVILLE ST, CAMPBELLTOWN"
03635281X2,0363528158,"90 LISLE RD , NABOWLA"
02667403X1,0266743407,"24 PEARL ST OS ENTRY, KINGSCLIFF"
02968220X2,0296821921,"1 TERMINAL PL O/S STATION, MERRYLANDS"
02968230X2,0296826039,"1 TERMINAL PL O/S STATION, MERRYLANDS"
03559316X2,0355931673,"9 ROBINSON ST OS CORANGAMITE HOS, CAMPERDOWN"
08825415X2,0882546565,"146 COVENTRY RD S OF BARKER CRES, SMITHFIELD"
08827726X2,0882771898,"15 YORK AVE OPP PRINCESS RD, CLOVELLY PARK"
08827629X2,0882762632,"501 GOODWOOD RD NE SIDE ROCHESTER, COLONEL LIGHT GARDENS"
08829743X2,0882972401,"124 EAST AVE NR CROSS RD, CLARENCE PARK"
03626021X2,0362602457,"39 BRIDGE ST OS SUPERMARKET, RICHMOND"
02447404X2,0244743582,"2808 PRINCES HWY OS SERVICE STATION, MORUYA"
03544363X2,0354438923,"2 NEALE ST , KENNINGTON"
03544360X2,0354438023,"80 MARONG RD OS PROTECT W/SCRN, WEST BENDIGO"
03533325X2,0353335104,"2 PEEL ST NR BRIDGE MALL, BALLARAT CENTRAL"
03533610X2,0353361951,"624 SUTTON ST NR LEAWARRA CRES, DELACOMBE"
03533343X2,0353334507,"32 PLEASANT ST OPP KENT ST, NEWINGTON"
03533301X2,0353333791,"11 LITTLE BRIDGE ST NR GRENVLLE ST STH, BALLARAT CENTRAL"
08895630X2,0889563310,"127 YULARA DRV O/S POST OFFICE, YULARA"
03939115X2,0393912690,"608 MELBOURNE RD NR REED ST, SPOTSWOOD"
08809135X7,0880913590,"LOT 7 0 LOFTUS ST NR ALBERT HOTEL, MILPARINKA"
03930935X2,0393092625,"184 WIDFORD ST OS PETROL STATION, BROADMEADOWS"
03936427X2,0393647493,"0 ALBION RAILWAY STATION  ALBION RSW, ALBION"
02629500X2,0262951298,"82 GILES ST NR POST OFFICE, KINGSTON"
08868318X2,0886833464,"11 HINDMARSH ST KIRTON PT C/VAN PK, PORT LINCOLN"
02997401X2,0299741004,"24 OCEAN RD OS SHOPS, PALM BEACH"
08829810X2,0882981165,"525 MORPHETT RD NR LIMBERT AVE, SEACOMBE GARDENS"
07326509X2,0732653702,"239 ZILLMERE RD CNR BECKMAN ST, ZILLMERE"
08862614X2,0886261945,"82 WELLS ST , STREAKY BAY"
02968753X2,0296870295,"0 ARGYLE ST UNDER BUS CANOPY, PARRAMATTA"
08957210X2,0895721101,"9 MCVICAR PL O/S SHOPS, MOUNT HELNA"
02999711X2,0299972143,"1860 PITTWATER RD NR PASADENA BLDG, CHURCH POINT"
07409701X2,0740977563,"74 GRIGG ST , RAVENSHOE"
07463515X2,0746355219,"228 ALDERLEY ST NR RAMSEY ST, CENTENARY HEIGHTS"
03935430X2,0393543614,"11 MERLYN ST NR ORVIETTO RD, COBURG NORTH"
02926401X2,0292649541,"483 GEORGE ST TOWN HALL RWS WEST, SYDNEY"
02926126X2,0292614523,"483 GEORGE ST TOWN HALL RWS WEST, SYDNEY"
03596670X2,0359667200,"1629 LITTLE YARRA RD NR NOOJEE RD, POWELLTOWN"
07495910X7,0749590100,"34 PALM AVE , SEAFORTH"
02439712X1,0243971176,"20 VICTORIA ST NORAH HEAD VAN PK, NORAH HEAD"
08984460X2,0898446204,"10 LOWER DENMARK RD O/S GENERAL STORE, ELLEKER"
02962804X2,0296281310,"0 CHESTNUT CRS BTWN EUGENIA WAY, BIDWILL"
03958049X2,0395802790,"222 COMO PDE NR ALAMEDA RD, PARKDALE"
03948045X2,0394804748,"383 STATION ST NR GOOCH ST, THORNBURY"
03527820X2,0352787166,"95 VINES RD , HAMLYN HEIGHTS"
08917702X2,0891778407,"14 HILDITCH AVE O/S POST OFFICE, NEWMAN"
02962403X2,0296248958,"36 JOHNSON AVE O/S SHOPS, SEVEN HILLS"
03841502X2,0384151390,"430 BRUNSWICK ST NR ALEXANDER PDE, FITZROY"
07545260X2,0754526534,"101 MOOLOOLABA ESP OS OCEANS RESORT, MOOLOOLABA"
02497707X2,0249771590,"296 FREEMANS DRV OS HOSTEL, COORANBONG"
08940110X2,0894017524,"80 MARINA BLV NR VENTURI DRV, OCEAN REEF"
02963523X2,NONE,"240 CHURCH ST , PARRAMATTA"
02989125X2,0298914847,"222 CHURCH ST O/S GREENWAY PLAZA, PARRAMATTA"
03588103X2,0358816079,"190 CRESSY ST O/S ESTATES BLDNG, DENILIQUIN"
08836303X2,0883630795,"49 STEPHENS TCE N SIXTH AVE, ST PETERS"
08836202X2,0883621599,"105 PORTRUSH RD ADJ EVANDALE PLAZA, EVANDALE"
02494532X7,0249453783,"16 CROUDACE BAY RD , BELMONT"
08984809X2,0898481125,"770 OCEAN BEACH RD O/S CVAN PARK, OCEAN BEACH"
03948247X2,0394824697,"220 STATION ST NR SEPERATION ST, FAIRFIELD"
07494660X7,0749466509,"412 SHUTE HARBOUR RD O/S CLUB HABITIT, AIRLIE BEACH"
03987807X2,0398783137,"16 BRENTFORD SQ BRENTFORD SQ SC, FOREST HILL"
03957404X2,0395746972,"2215 PRINCES HWY CNR KALIMNA AVE, MULGRAVE"
02665132X2,0266512951,"69 MARINA DRV FISHERMANS CO-OP, COFFS HARBOUR"
02965462X2,0296542042,"137 KENTHURST RD CALTEX SERVICE STN, KENTHURST"
02965101X2,0296513501,"532 OLD NORTHERN RD OS CALTEX GARAGE, DURAL DELIVERY CENTRE"
03954444X2,0395447720,"299 HUNTINGDALE RD NR STAFFORD ST, HUNTINGDALE"
07386906X2,0738694331,"200 BRIGHTON TCE OS BRIGHTON HOTEL, BRIGHTON"
07326212X2,0732622755,"99 JUNCTION RD NR SANDGATE RD, CLAYFIELD"
03940805X2,0394088654,"785 HIGH ST NEAR POLICE STN, EPPING"
02655880X2,0265588309,"31 BRIDGE ST NR HIGH ST, STRATFORD"
07495431X2,0749543306,"20 DALY ST CNR CHIVERS ST, MARIAN"
07493894X2,0749389155,"0 MAY DOWNS RD OS ISAACS RVR EXCH, CLARKE CREEK"
03931202X2,0393124129,"243 HAMPSHIRE RD , SUNSHINE"
07557218X1,0755726215,"14 ALLANDALE ENT Q SUPER CENTRE, MERMAID WATERS"
02457718X2,0245777843,"33 HARRIS ST OUTSIDE PARK, WINDSOR"
03941912X2,0394192584,"408 BRUNSWICK ST NR WESTGRATH ST, FITZROY"
07320921X2,0732096037,"37 BRYANTS RD OS LOGANHOLME S/C, LOGANHOLME"
07339737X2,0733971370,"88 CAVENDISH RD NR JELLICOE ST, COORPAROO"
07339637X2,0733968073,"247 SIBLEY RD OPP MALABAR ST, WYNNUM WEST"
07389503X2,0738951341,"50 PORT DRV O/S SEAFARERS CTRE, PRT OF BRIS"
07339738X2,0733971652,"50 CLEVELAND ST OPP FLORA ST, GREENSLOPES"
07380023X2,0738003074,"191 WALLER RD OS REGENTS PRK S/C, REGENTS PARK"
08826008X2,0882603101,"18 DURAND TCE ADJ SHOPS, ENFIELD"
07387010X2,0738700162,"115 HAIG RD CNR PAYNE ST, AUCHENFLOWER"
03637221X2,0363722300,"36 MAIN ST ADJ POST OFFICE, ST MARYS"
03632702X2,0363271087,"302 WEST TAMAR RD O/S RIVERSIDE S/C, RIVERSIDE"
03576621X2,0357662580,"37 GLADSTONE ST O/S SHOPS, GLENROWAN"
02607230X2,0260723500,"5555 OMEO HWY OS POST OFFICE, MITTA MITTA"
03966247X2,0396621527,"293 EXHIBITION ST NR LITTLE LONSDALE, MELBOURNE"
03515810X2,0351581220,"2757 PRINCES HWY OS POST OFFICE, CABBAGE TREE CREEK"
02428301X2,0242837942,"217 PRINCES HWY OS C'WEALTH BANK, CORRIMAL"
02429716X2,0242971492,"223 WINDANG RD NR ACACIA ST OS PO, WINDANG"
02435215X1,0243522539,"18 ALISON RD WYONG PLAZA, WYONG"
03522125X2,0352214018,"121 MOORABOOL ST NR MALL, GEELONG"
08895670Y9,0889567633,"0 TJIRRKARLI COMM NORTH AREA, GBSN DSRT S"
08895671Y9,0889567682,"0 TJIRRKARLI COMM SOUTH AREA, GBSN DSRT S"
02928358X2,0292836051,"93 BATHURST ST NR KENT ST, SYDNEY"
02442201X1,0244225628,"69 GEORGE EVANS RD SHOALHAVEN CAMPUS, MUNDAMIA"
03599610X2,0359961419,"109 SOUTH GIPPSLAND HWY , CRANBOURNE"
02633760X2,0263376509,"68 DEMPSEY RD , PEEL"
02932850X2,0293283095,"203 NEW SOUTH HEAD RD EDGECLIFF CENTRE, EDGECLIFF"
02658710Y2,0265871248,"1095 COMBOYNE RD NR BULLI CREEK RD, BYABARRA"
08862529X2,0886252224,"18 MCKENZIE ST O/S TELSTRA EXCH, CEDUNA"
03546100X1,0354612099,"69 CLARENDON ST POST OFFICE, MARYBOROUGH"
03546102X2,0354614401,"36 TUAGGRA ST NR CIT ADVICE CTNR, MARYBOROUGH"
03543781X2,0354378203,"1 HUNTER ST LODDON VALLEY HWY, SERPENTINE"
07326626X2,0732667213,"156 HAMILTON RD , WAVELL HEIGHTS"
03543830X2,0354383313,"85 GRANT ST POST OFFICE, INGLEWOOD"
03623405X1,0362345720,"48 LIVERPOOL ST OUTSIDE EMERGENCY, HOBART"
08937041X2,0893703072,"2 FOYLE RD NR BEECHBORO RD, BAYSWATER"
03946030X2,0394608073,"291 SPRING ST , RESERVOIR"
03946005X2,0394604362,"291 SPRING ST , RESERVOIR"
03946003X2,0394604273,"291 SPRING ST , RESERVOIR"
03948019X2,0394805244,"315 VICTORIA RD NR RALEIGH ST, THORNBURY"
02692930X2,0269293009,"6 SLADEN ST O/S POST OFFICE, HENTY"
02663620X2,0266362200,"26 RIVER ST NR GENERAL STORE, WIANGAREE"
07326818X2,0732684273,"241 LANCASTER RD NR RACECOURSE RD, ASCOT"
07416307X2,0741638117,"17 TOOMEY ST POST OFFICE, YARRAMAN"
08826202X2,0882624139,"1 MAWSON LAKES BLV UNI SA LIBRARY, MAWSON LAKES"
02438507X2,0243852459,"40 TERRIGAL ESP OPP HOLIDAY INN, TERRIGAL"
02673450X2,0267345309,"45 TENTERFIELD ST , DEEPWATER"
08853621X2,0885362232,"1 CALLINGTON RD , STRATHALBYN"
07475522X2,0747552962,"29 LONERGANNE ST CNR RAMSAY ST, GARBUTT"
07468113X2,0746813795,"62 MARYLAND ST NR FLOKESTONE ST, STANTHORPE"
02427223X2,0242721276,"31 WAPLES RD CNR MIANGA CRES, UNANDERRA"
08825816X2,0882584632,"24 CATALINA AVE NR ANSON AVE, PARAFIELD GARDENS"
08833720X2,0883373098,"612 LOWER NORTH EAST RD NR HAMBLEDON RD, CAMPBELLTOWN"
08836504X2,0883658012,"623 LOWER NORTH EAST RD OPP, CAMPBELLTOWN"
08827213X2,0882722098,"21 BELAIR RD , KINGSWOOD"
08837305X2,0883732790,"79 BELAIR RD NR MITCHAM LIBRARY, KINGSWOOD"
08826034X2,0882605989,"84 CHURCHILL RD NR WATTLE AVE, DRY CREEK"
02649616X2,0264961622,"152 IMLAY ST , EDEN"
03557217X2,0355721237,"60 GRAY ST OPP POST OFFICE, HAMILTON"
07552512X1,0755251783,"2 HERSDEN CRT , BONOGIN"
03557218X2,0355721691,"59 BALLARAT RD OPP EVENTIDE, HAMILTON"
03557220X2,0355722037,"73 SHAKESPEARE ST NR CAMPING GROUND, HAMILTON"
03557215X2,0355722384,"23 SCORESBY ST NR SWIMMING POOL, HAMILTON"
07335106X2,0733514821,"51 MCGINN RD NR ARCHDALE RD, FERNY GROVE"
07474853X2,0747485573,"0 WILLS DEVELOPMENT RD O/S HOTEL, GREGORY QLD"
07474852X2,0747485602,"0 WILLS DEVELOPMENT RD O/S HOTEL, GREGORY QLD"
03557221X2,0355723289,"179 GRAY ST OS COLES, HAMILTON"
03557209X2,0355723910,"29 HAMILTON HWY NR SCHOOL, TARRINGTON"
03623455X2,0362345819,"160 ELIZABETH ST , HOBART"
02602060X2,0260206172,"33 BOATHAVEN RD , EBDEN"
02665815X2,0266581313,"0 TOORMINA RD CNR DEWS AVE, TOORMINA"
03971601X2,0397162001,"16 CHURCH ST OPP POST OFFICE, WHITTLESEA"
08834113X2,0883418725,"454 VICTORIA RD PAYPHONE O/S, TAPEROO"
02478224X2,0247822721,"198 BATHURST RD NR BUTI ST, KATOOMBA"
02493611X2,0249361377,"205 LANG ST , KURRI KURRI"
02493613X2,0249361379,"9 VICTORIA ST , KURRI KURRI"
02493704X2,0249372309,"174 LANG ST KINGSWAY PLAZA, KURRI KURRI"
02493750X2,0249375532,"307 LANG ST , KURRI KURRI"
07320003X1,0732008902,"917 KINGSTON RD WATERFORD PLAZA, WATERFORD WEST"
03559620X2,0355962001,"38 HERIOT ST POST OFFICE, LISMORE"
07381403X1,0738140937,"339 REDBANK PLAINS RD REDBNK TVRN PLAZA, REDBANK PLAINS"
03595660X2,0359566290,"0 WOOLAMAI BEACH RD NR VISTA PL, CAPE WOOLAMAI"
03599700X2,0359971200,"74 STATION ST , KOO WEE RUP"
02498261X2,0249826233,"2457 NELSON BAY RD ADJ SERVICE STATN, SALT ASH"
08895628Y8,NONE,"0 PATJARR COMM , GBSN DSRT S"
02997741X2,0299776814,"60 THE CORSO  O/S NEWSAGENT, MANLY"
02997718X2,0299775483,"60 THE CORSO  O/S NEWSAGENT, MANLY"
02494021X2,0249654142,"131 BEAUMONT ST , HAMILTON"
08826841X2,0882685721,"110 TAPLEYS HILL RD O/S HENDON HOTEL, ROYAL PARK"
03588102X2,0358816082,"327 GEORGE ST O/S BAKERY, DENILIQUIN"
02936139X2,0293610461,"95 RILEY ST NR STANLEY, DARLINGHURST"
07477900X2,0747790128,"50 FRENCH ST O/S SHOPS, PIMLICO"
07385502X2,0738552703,"80 SCANLAN RD QR OXFORD PARK STN, MITCHELTON"
08828502X1,0882858304,"122 WINZOR ST , SALISBURY DOWNS"
02602650X2,0260265338,"49 HAWKINS ST O/SIDE IGA STORE, HOWLONG"
07327729X2,0732772637,"16 CRIPPS ST NR LILLIAN AVE, SALISBURY"
08837101X2,0883712108,"153 ANZAC HWY OS KMART SHOPS, KURRALTA PARK"
02964301X1,0296437193,"1 RAILWAY ST LIDCOMBE RLWY STN, LIDCOMBE"
02487205X2,0248721412,"65 OLD HUME HWY OS OLD POST OFFICE, MITTAGONG"
02974435X2,0297449306,"1 THE STRAND  O/S AUST POST, CROYDON"
08808801X2,0880881084,"393 ARGENT ST , BROKEN HILL"
03959001X2,0395909543,"11 NARELLE DRV , ASPENDALE GARDENS"
03959208X2,0395928132,"108 WERE ST , BRIGHTON"
08924633X2,0892465651,"360 WEST COAST DRV OS TRIGG CAFE, TRIGG"
03647116X2,0364711501,"51 CONLAN ST , QUEENSTOWN"
02935836X2,0293586632,"18 KELLETT ST , POTTS POINT"
07495313X2,0749985697,"121 BOUNDARY RD IN AIRPORT DEPART, SOUTH MACKAY"
07495312X2,0749985701,"121 BOUNDARY RD IN AIRPORT ARRIVAL, SOUTH MACKAY"
02666511X2,0266651200,"1 KOREELAH ST NR POLICE STN, BONALBO"
03982727X2,0398278361,"251 MALVERN RD CNR BRAY ST, SOUTH YARRA"
03982728X2,0398278360,"251 MALVERN RD CNR BRAY ST, SOUTH YARRA"
02938006X2,0293806053,"41 STANLEY ST CNR YURONG ST, DARLINGHURST"
03626401X2,0362641097,"33 MAIN ST , HUONVILLE"
08932816X2,0893284029,"29 HAROLD ST NR LORD ST, MT LAWLEY"
02979609X2,0297962531,"117 NORTH TCE OLD TOWN PLAZA, BANKSTOWN"
08949813X2,0894983582,"273 RAILWAY AVE NEAR CHAMPION DRV, ARMADALE"
02936809X2,0293680034,"140 VICTORIA ST NR ORWELL ST, POTTS POINT"
08835202X2,0883521254,"135 SHEIRLAW ST NR MARION RD, RICHMOND"
08922144X2,0892214936,"177 MURRAY ST OS DAVID JONES, PERTH"
08922149X2,0892218035,"177 MURRAY ST OS DAVID JONES, PERTH"
08922151X2,0892218048,"183 MURRAY ST OS DAVID JONES, PERTH"
08922150X2,0892218039,"183 MURRAY ST OS DAVID JONES, PERTH"
03931196X2,0393112612,"64 STATION PL , SUNSHINE"
03931203X2,0393126380,"64 STATION PL , SUNSHINE"
02668551X2,0266855309,"2 JONSON ST , BYRON BAY"
02683733X2,0268373927,"LOT 6882 0 TILPA LOUTH RD DP48661, TILPA"
08868307X2,0886833447,"2 SHEPPARD PL O/S SHOPS, PORT LINCOLN"
02625318X2,0262539240,"88 KELLEWAY AVE O/S SUPERMARKET, NICHOLLS"
02664972X2,0266497565,"383 NORTH ST MARINE PARK RESORT, WOOLI"
02958811X2,0295885354,"47 ANDOVER ST NR HAMPTON COURT, CARLTON"
03515591X2,0351559220,"56 MAIN RD OS POST OFFICE, BUCHAN"
08825412X2,0882547121,"240 PEACHEY RD ADJ SHOPS, SMITHFIELD"
07544900X1,0754490377,"0 FRESHWATER CAMPING  COOLOOLA SECTION, NOOSA HEADS"
08855212X2,0885523854,"66 VICTORIA ST NR ISLAND ST, VICTOR HARBOR"
08927624X2,0892762105,"6 WELLINGTON ST CNR WALTER RD, MORLEY"
03932927X2,0393299248,"527 QUEENSBERRY ST OS TOWN HALL & PO, NORTH MELBOURNE"
03525702X2,0352573089,"47 BLUFF RD CAMPING GROUND 4, ST LEONARDS"
07462732X2,0746273328,"LOT 81 0 YALDWYN ST NR MILLER ST, TAROOM"
07462703X2,0746272030,"47 MURILLA ST NR PINE ST, MILES"
07406910X2,0740691073,"0 AIRPORT RD OS ARPRT BUILDING, HORN ISLAND"
03512700X2,0351271273,"24 KIRK ST O/S POST OFFICE, MOE"
02434021X2,0243402016,"6 PACIFIC HWY CNR CURRINGA RD, KARIONG"
02986812X2,0298682254,"58 BEECROFT RD O/S EPPING HOTEL, EPPING"
02434314X2,0243431729,"306 TRAFALGAR AVE , UMINA BEACH"
02663504X2,0266351203,"35 MACPHERSON ST OS POST OFFICE, WOODENBONG"
03957604X2,0395769614,"221 TUCKER RD , MCKINNON"
03957819X2,0395786140,"191 MCKINNON RD , MCKINNON"
03978621X2,0397866156,"1 MCRAE ST CNR RAILWAY PDE, SEAFORD"
03978601X2,0397860699,"32 NEPEAN HWY OS SERVICE STATION, SEAFORD"
07409956X2,0740995961,"41 MACROSSAN ST , PORT DOUGLAS"
07477404X2,0747740308,"1467 RIVERWAY DRV , KELSO"
02978719X2,0297871565,"183 CANTERBURY RD NR JEFREY ST, CANTERBURY"
03957917X2,0395793984,"902 NORTH RD , BENTLEIGH EAST"
07336802X2,0733694582,"201 ARTHUR TCE OPP LIZZIE ST, BARDON"
02682540X2,0268254300,"0 TIMOR RD BLACKMANS CAMP PK, WARRUMBUNGLE"
02937102X2,0293714035,"712 NEW SOUTH HEAD RD NR DOVER RD, ROSE BAY"
08929207X2,0892925137,"1 VLAMINGH WAY NR MCCALLUM AVE, ROTTNEST ISLAND"
08929213X2,0892925181,"0 ABBOTT ST O/S POLICE STATION, ROTTNEST ISLAND"
03622701X1,0362272148,"29 CHANNEL HWY CHANNEL COURT S/C, KINGSTON"
07549452X1,0754945437,"73 FRIZZO RD ETTAMOGAH HOTEL, PALMVIEW"
08838410X2,0883846121,"242 HONEYPOT RD NR LYNLEE CRS, HUNTFIELD HEIGHTS"
08826828X2,0882686509,"150 FINDON RD NR RESERVE RD, FINDON"
08828007X2,0882806479,"60 KENSINGTON WAY W BARTON CRES, BURTON"
08829742X2,0882976654,"2 GALWAY AVE NR MARION RD, NORTH PLYMPTON"
02472139X2,0247212023,"9 STATION ST O/S RED COW HTL, PENRITH"
03552710X2,0355271800,"52 EDGAR ST POST OFFICE, HEYWOOD"
02426220X1,0242622612,"75 PRINCES HWY DAPTO MALL, DAPTO"
03984601X2,0398461904,"23 ANDERSON ST , TEMPLESTOWE"
08975535X2,0897553089,"2 EAGLE BAY-MEELUP RD , EAGLE BAY"
02931416X2,0293146215,"37 BELMORE RD , RANDWICK"
03958440X2,0395843659,"1 STATION RD , CHELTENHAM"
08928400X2,0892847591,"36 GUGERI ST NR BAY VIEW TCE, CLAREMONT"
08837301X1,0883734093,"291 UNLEY RD NR MARLBOROUGH RD, MALVERN"
03957120X2,0395715384,"28 DERBY RD , CAULFIELD EAST"
03956313X2,0395636094,"860 DANDENONG RD , CAULFIELD EAST"
03623440X2,0362346502,"64 WARWICK ST , HOBART"
07495600X2,0749560118,"0 CLAIRVIEW BEACH RD , CLAIRVIEW"
07499312X2,0749931835,"91 THE BOULEVARD  O/S HOSPITAL, THEODORE"
07388000X2,0738801268,"139 KLINGNER RD NR HODGES ST, REDCLIFFE"
07474130X2,0747413200,"118 GOLDRING ST OS ROADHOUSE AMPOL, RICHMOND"
03535070X2,0353507540,"1 GLENELG HWY , STREATHAM"
03596690X1,0359669279,"3405 WARBURTON HWY POST OFFICE ENTRY, WARBURTON"
03524120X2,0352412466,"4 BELLEVUE AVE , HIGHTON"
08919288X1,0891928875,"106 FREDERICK ST BOULEVARD SHOPPING, DJUGUN"
08919287X1,0891928864,"106 FREDERICK ST BOULEVARD SHOPPING, DJUGUN"
08919286X1,0891928863,"106 FREDERICK ST BOULEVARD SHOPPING, DJUGUN"
03624402X2,0362441531,"346 CAMBRIDGE RD , MORNINGTON"
07334402X1,0733446595,"350 MCCULLOUGH RD SUNNYPARK SC OS WW, SUNNYBANK"
07334401X1,0733442290,"358 MAINS RD S PLAZA CINEMAS, SUNNYBANK"
03954445X2,0395447831,"1378 NORTH RD , OAKLEIGH SOUTH"
03933721X2,0393375500,"191 BUCKLEY ST UTILITY NODE, ESSENDON"
02664325X2,0266431526,"184 ARTHUR ST GRAFTON HOSPITAL, GRAFTON"
03945920X2,0394591920,"69 MARTINS LA , VIEWBANK"
02676609X1,0267668051,"341 PEEL ST TAMWORTH ARCADE, TAMWORTH"
07493830X1,0749383861,"1 SWORDFISH AVE SHOPPING CENTRE, TARANGANBA"
07406884X2,0740688957,"24 WONGALING BEACH RD CNR BANFIELD PDE, WONGALING BEACH"
08917218X1,0891723728,"9 THROSSELL RD SOUTH HEDLAND SHOP, SOUTH HEDLAND"
08917217X1,0891725741,"9 THROSSELL RD SOUTH HEDLAND SHOP, SOUTH HEDLAND"
02688610X2,0268861002,"LOT 10 0 YALCOGRAN ST , MENDOORAN"
07474683X2,0747468782,"0 LANDSBOROUGH HWY , Kynuna"
08857660Y2,0885766098,"5 MAIN ST , PARILLA"
08825400X2,0882546032,"34 MAIN NORTH RD S OF KIRK ST, SMITHFIELD"
07497202Y1,NONE,"0 HERON ISLAND  RESORT, HERON ISLAND"
07497200Y1,NONE,"0 RESEARCH CNTR , HERON ISLAND"
08942109X2,0894211984,"240 ADELAIDE TCE OS TOWNSEND LODGE, PERTH"
03517413X2,0351744311,"37 PRINCES ST , TRARALGON"
08867118X2,0886710302,"1 BLINMAN DRV , OLYMPIC DAM"
08867100X2,0886710301,"1 BLINMAN DRV , OLYMPIC DAM"
07493942X1,0749394108,"C/PARK  42 PARK ST YEPPOON CENTRAL, YEPPOON"
08895582Y1,NONE,"0 BLACKSTONE COMM RD COUNCIL OFFICE, NGNJRA-GLS"
08897542Y7,NONE,"0 BULMAN  GULPUYUL O/S, BLMN WML"
02983707X2,0298371843,"204 FARNHAM RD NEAR ALEPPO ST, QUAKERS HILL"
03562209X2,0356223509,"90 ALBERT RD , WARRAGUL"
02462820X1,0246280964,"271 QUEEN ST CAMPBELLTOWN MALL, CAMPBELLTOWN"
02462824X1,0246280157,"271 QUEEN ST CAMPBELLTOWN MALL, CAMPBELLTOWN"
08959216X1,0895925748,"1 COUNCIL AVE ROCKINGHAM CITY SH, ROCKINGHAM"
08959213X1,0895921660,"1 COUNCIL AVE ROCKINGHAM CITY SH, ROCKINGHAM"
08949306X2,0894598120,"101 FOREST LAKES DRV O/S SHOP CENTRE, THORNLIE"
08977680X2,0897768021,"0 WINDY HARBOUR ST WINDY HARBOUR CARA, WINDY HARBOUR"
08827103X2,0882718678,"212 GREENHILL RD NR BIRKIN ST, EASTWOOD"
08919320X2,0891932698,"117 ROWAN ST O/S DELI, DERBY"
08895672X1,0889567291,"0 NAMATJIRA DRV GLEN HELEN RESORT, MOUNT ZEIL"
07382003X1,0738208718,"349 COLBURN AVE VIC PT TOWN CTR, VICTORIA POINT"
03518702X2,0351871310,"0 WOODSIDE BEACH RD AT CAMPING GROUND, WOODSIDE BEACH"
07495840X2,0749584505,"0 EUNGELLA DAM RD NR GEN STORE & PO, EUNGELLA"
08833717X2,0883374832,"2 KARAWIRRA AVE ADJ, ROSTREVOR"
02695911X2,0269772829,"141 TWYNAM ST O/S TAKE AWAY, TEMORA"
07335718X2,0733579120,"36 SHAW RD NR EMMA ST, WOOLOOWIN"
07335721X2,0733576766,"286 JUNCTION RD OPP PARK AVE EJ SC, CLAYFIELD"
07335707X2,0733577384,"286 JUNCTION RD OPP PARK AVE EJ SC, CLAYFIELD"
07419140X1,0741914316,"2 IBIS BLV SHOPPING CENTRE, ELI WATERS"
07328116X2,0732814095,"33 SAMFORD RD OPP GILMORE ST, LEICHHARDT"
03586410X2,0358641000,"21 WAAIA-BEARII RD PAYPHONE OUTSIDE, WAAIA"
07477230X2,0747724737,"54 HOWITT ST CNR THE STRAND, NORTH WARD"
03574408X2,0357443990,"114 TELFORD ST , YARRAWONGA"
08957520X2,0895752260,"16 BROCKMAN ST O/S POST OFFICE, GINGIN"
07381201X1,0738121042,"95 MT CROSBY RD IPSWICH CARAVAN VI, TIVOLI"
07412443X2,0741247438,"35 TORQUAY RD BAY PLAZA SHOP/CTE, PIALBA"
02655981X2,0265598301,"0 THE PARADE  OPP 71 THE PARADE, NORTH HAVEN"
02664643X2,0266464300,"0 CHATSWORTH RD OPP FIG TREE LANE, CHATSWORTH"
02498270X2,0249827102,"17 SOLDIERS POINT RD , SOLDIERS POINT"
02656870X1,0265694618,"8 PACIFIC HWY NAMBUCCA PLAZA, NAMBUCCA HEADS"
02436307X2,0243631815,"1 SORRENTO RD , EMPIRE BAY"
08825522X2,0882554854,"55 SPRUANCE RD NR MIDWAY RD, ELIZABETH EAST"
03984603X2,0398463134,"32 NEWMANS RD , TEMPLESTOWE"
03572700X2,0357270201,"2113 GREAT ALPINE RD , EVERTON"
07326214X2,0732621099,"519 SANDGATE RD NR ORIEL RD, CLAYFIELD"
07328135X2,0732813948,"32 GLEBE RD OPP WALSH ST, NEWTOWN"
03582123X2,0358215384,"2 RAILWAY PDE , SHEPPARTON"
02954028X2,0295404535,"495 PORT HACKING RD NR NORTHCOTE AVE, CARINGBAH"
02649420X2,0264942169,"18 MONARO ST ADJ GENERAL STORE, WYNDHAM"
03534490X2,0353449308,"867 LINTON-CARNGHAM RD , SNAKE VALLEY"
07409380X2,0740938065,"0 ARARA ST OS TICKET OFFICE, KURANDA"
03954442X2,0395447673,"1286 CENTRE RD , CLAYTON SOUTH"
02677872X2,0267787239,"38 NOALIMBA AVE NR SHOP, KENTUCKY"
03527506X2,0352753976,"17 DETROIT CRS , CORIO"
02931327X2,0293134235,"CHK/IN G 1 CENTRE RD T1 DEP L/S NTH, MASCOT"
03633142X2,0363312613,"29 BROUGHAM ST NR NEIKA AVENUE, WEST LAUNCESTON"
08927213X2,0892724077,"2 MURRAY ST NR KING WILLIAM ST, BAYSWATER"
08927219X2,0892723255,"2 KING ST NR BEECHBORO RD, BAYSWATER"
08937070X2,0893702676,"2 DRAKE ST NR BEECHBORO RD, BAYSWATER"
03628913X2,0362891176,"227 BRADYS LAKE RD , BRADYS LAKE"
03634413X2,0363448808,"32 THISTLE ST , SOUTH LAUNCESTON"
08975448X2,0897544680,"166 BUSSELL HWY CNR CARTER ST, WEST BUSSELTON"
03936419X1,0393643563,"260 TAYLORS RD , DELAHEY"
03523500X2,0352350200,"45 GELLIBRAND RIVER RD O/S SPORTS GRND, CARLISLE RIVER"
08827230X2,0882721121,"183 KING WILLIAM RD , HYDE PARK"
03599830X2,0359983220,"100 SOUTH GIPPSLAND HWY , TOORADIN"
02625104X1,NONE,"10 HAYDON DRV CALVARY PYSTRC WRD, BRUCE"
03512701X2,0351272491,"2 MARKET ST , MOE"
03935724X2,0393572047,"548 MAHONEYS RD , CAMPBELLFIELD"
03626301X2,0362636614,"61 LAMPRILL CRCLE CNR CALVERT CRES, HERDSMANS COVE"
02425701X2,0242573514,"25 PINE ST CNR ASH ST, ALBION PARK RAIL"
03632600X2,0363261066,"41 TOMPSONS LA , NEWNHAM"
03534520X2,0353452600,"2 RAGLAN ST CNR OF ALBERT ST, CRESWICK"
02636210X2,0263620877,"167 HILL ST NR BENVIEW ST, ORANGE"
02968940X2,0296892447,"LVL 1 212 HAWKESBURY RD CHLDS HSP WESTMEAD, WESTMEAD"
08898310X2,0889831789,"0 STUART HWY PALMERSTON CAMP, HOLTZE"
08873310X2,0887334946,"50 GEORGE ST ADJ POST OFFICE, MILLICENT"
02477480X2,0247748009,"1187 THE NORTHERN RD NR GREENDALE RD, BRINGELLY"
02645421X2,0264542207,"0 PENNINSULAR RD IN CARAVAN PARK, ANGLERS REACH"
08895207X2,0889521184,"9 LINDSAY AVE ALONGSIDE SHOPS, EAST SIDE"
08898712Y1,0889871359,"0 MARNGARR COMM OPP COUNCIL OFFICE, GUNYANGARA"
08895698Y8,0889569878,"0 INKAWENYERRE STN , ANMTJRE"
08898157X2,0889814684,"16 DINAH BEACH RD STUART PARK CAMP, DARWIN"
08895616Y1,0889569894,"0 YERRARLWE COMM IRRELIRRE, HRT"
02496717X2,0249671721,"2 EDITH ST MATER MISERICORDIA, WARATAH"
02655420X2,0265542108,"11 MOOROOBA RD , COOMBA PARK"
02655940X2,0265594007,"4891 PACIFIC HWY OS TOURIST CENTRE, KENDALL"
03524306X2,0352434855,"344 BARWON HEADS RD CNR TAMALA, MARSHALL"
07405533X2,0740553705,"91 ARLINGTON ESP CNR CLIFTON RD, CLIFTON BEACH"
08883670Y1,0888367102,"54 PARRYS TCE , POINT PEARCE"
03527501X2,0352757604,"397 PRINCES HWY , CORIO"
02696720X2,0269672165,"190 HIGH ST OS COUNCIL OFFICE, HILLSTON"
02956025X2,0295600474,"53 PETERSHAM RD OPPOSITE, MARRICKVILLE"
08896214X1,0889621847,"0 BARKLY HWY CNR STUART HWY, WRMNGU"
07335602X2,0733567439,"400 STAFFORD RD OS SANITY MUSIC, STAFFORD"
08897600X1,0889760326,"2916 LITCHFIELD PARK RD LITCHFIELD TOUR PK, RUM JUNGLE"
02699383X2,0269938183,"0 MAIN ST NR OXLEY LODGE, OXLEY"
02960604X2,0296065623,"1469 CAMDEN VALLEY WAY OS POST OFFICE, LEPPINGTON"
02960607X2,0296069092,"246 EDMONDSON AVE OS POST OFFICE, AUSTRAL"
07546342X2,0754634218,"1 PARK ST , BOONAH"
08895400Y1,0889549158,"0 ULPANYALI STN ULPANYALI COMM, PETERMANN"
03977226X2,0397721509,"6 DENMAN AVE CNR NEPEAN HWY, EDITHVALE"
03978604X2,0397863291,"156 AUSTIN RD CNR KEEROK AVE, SEAFORD"
03978616X2,0397869599,"115 RAILWAY PDE NR CLOVELLY ST, SEAFORD"
07465870Y2,0746587163,"39 EDKINS ST , MUTTABURRA"
07469200X2,0746928183,"28 DENHAM ST FPATH OS PO, PERANGA"
07477904X2,0747790013,"219 CHARTERS TOWERS RD NR TOWNSEND ST, MYSTERTON"
08895698Y2,0889569755,"0 TARA COMM NEUTRAL JUNCTION, SANDOVER"
08927201X2,0892721451,"467 GUILDFORD RD NR SLADE ST, BAYSWATER"
08833707X2,0883373454,"45 CLAIRVILLE RD NR HEADING RD, CAMPBELLTOWN"
08833700X2,0883371832,"29 HAMBLEDON RD OPP, CAMPBELLTOWN"
08985121X2,0898512038,"39 LOWOOD RD CNR LANGTON RD, MT BARKER"
03582990X2,0358299200,"3603 KATAMATITE-SHEPPARTON MA RD POST OFFICE, CONGUPNA"
03536705X2,0353677410,"151 GISBORNE RD DARLEY PLAZA, DARLEY"
03533310X2,0353334531,"329 EUREKA ST , BALLARAT EAST"
02692113X2,0269211564,"36 BAYLIS ST OS SPORTS WAREHOUS, WAGGA WAGGA SOUTH"
07557512X2,0755751219,"2462 GOLD COAST HWY , MERMAID BEACH"
07559490X2,0755949168,"570 PINE RIDGE RD PINE RIDGE CARAVAN, COOMBABAH"
03626742X2,0362674640,"3455 CHANNEL ST , WOODBRIDGE"
07328161X2,0732818701,"24 OLD TOOWOOMBA RD NR CHUBB ST, ONE MILE"
08896441Y1,0889644617,"0 CORELLA CREEK STN N/W OF SCHOOL, TBLELDS"
08896444Y1,NONE,"0 BANKA BANKA STN VIA TENNANT CREEK, TBLELDS"
08897741Y1,0889774019,"0 KING VALLEY STN , NTMLK"
08895617Y1,0889569895,"0 UTOPIA HOMESTEAD  , SANDOVER"
08897541Y7,0889754609,"0 ROPER HWY BADAWARRKA OUTST'N, LIMMEN"
08895675Y1,0889567209,"0 KUNMAPITI OUTSTATION COMM NR BLACKHILL N02, PITJANTJATJARA HOMELANDS"
08897860Y1,0889786412,"0 ROPER HWY KEWULYI CORP, LIMMEN"
08826016X2,0882603032,"47 LINCOLN CRS , POORAKA"
03598417X2,0359844542,"10 OCEAN BEACH RD , SORRENTO"
07463923X2,0746393544,"187 HUME ST NEAR HOOPER CENTRE, TOOWOOMBA CITY"
03533931X1,0353393142,"330 GILLIES ST STOCKLANDS WEND, WENDOUREE"
02496737X2,0249672548,"188 MAITLAND RD O/S CENTRELINK, MAYFIELD"
08949506X2,0894951090,"69 YPRES RD NR WESTFIELD OS SC, CAMILLO"
02948224X2,0294821621,"110 GALSTON RD OS CALTEX SERV STN, HORNSBY HEIGHTS"
07466500X2,0746650120,"LOT 2 0 MOONIE HWY OUTSIDE M9393, MOONIE"
07409963X2,0740996102,"50 MACROSSAN ST CNR OWEN ST, PORT DOUGLAS"
07409966X2,0740996103,"30 MACROSSAN ST CNR GRANT ST, PORT DOUGLAS"
08895215X2,0889529502,"78 LOVEGROVE DRV LOVEYS MINI MART, CICNE"
08982610X2,0898261100,"39 GATHORNE ST O/S POSTAGE STAMP, CRANBROOK"
08993806X1,0899383670,"1633 NORTH WEST COASTAL HWY DRUMMOND COVE, BULLER"
08895604Y2,0889560904,"0 TITJIKALA COMM MARYVALE STATION, TJUKURLA"
08895693Y7,0889569861,"0 UTOPIA MEDICAL CNTR , SANDOVER"
03556823X2,0355682962,"148 GRIFFITHS ST NR BOURNE ST SHOP, PORT FAIRY"
02931377X2,0293134648,"GATE 24 1 CENTRE RD T1 PIER B DEP A/S, MASCOT"
02931342X2,0293134226,"EXIT D 1 CENTRE RD T1 ARR, MASCOT"
08839606X2,0883960586,"71 SMART RD MODBURY PUB HOSP, MODBURY"
08839601X2,0883960154,"71 SMART RD MODBURY PUB HOSP, MODBURY"
07463945X2,0746393546,"1 RAILWAY ST NR RUSSELL ST, TOOWOOMBA CITY"
07478271X2,0747827102,"5 GEORGE ST , CLARE"
08827205X2,0882721165,"201 FISHER ST , MALVERN"
08884640X2,0888464024,"12 HAWKER ST , YACKA"
08897926X2,0889792074,"0 JABIRU EAST AIRPORT  , KAKADU"
08948122X2,0894811763,"246 MURRAY ST , PERTH"
08932129X2,0893219710,"246 MURRAY ST , PERTH"
08836224X2,0883623424,"58 FREDERICK ST S HENRY ST, MAYLANDS"
02665201X1,0266529694,"253 PACIFIC HWY PARK BEACH PLAZA, COFFS HARBOUR"
02495624X2,0249527875,"43 JOSLIN ST , KOTARA"
02456710X2,0245671002,"2477 BELLS LINE OF RD NR HANLONS RD, BILPIN"
08826818X2,0882685254,"5 TRAFFORD ST , WOODVILLE GARDENS"
03977606X2,0397769567,"44 RAILWAY PDE RAIL STN PLATFM DO, SEAFORD"
03952533X2,0395256924,"144 ORMOND RD , ELWOOD"
07472804X1,0747286329,"66 MACARTHUR DRV SHP CNTR TAXI RANK, ANNANDALE"
07553380X2,0755338118,"1121 TALLEBUDGERA CREEK RD O/S EXCHANGE, TALLEBUDGERA VALLEY"
03639111X2,0363911702,"2 MARLBOROUGH ST OPP POST OFFICE, LONGFORD"
03639114X2,0363911805,"1 ARCHER ST ADJ CARAVAN PARK, LONGFORD"
08894558X2,0889450356,"5 TIWI PL TIWI SHOP CENTRE, TIWI"
07320000X2,0732000231,"12 SHEPPARD DRV CNR PARK AVE, GREENBANK"
02633757X2,0263375759,"2408 O'CONNELL RD O'CONNELL HOTEL, O'CONNELL"
02498242X2,0249824965,"17 COOK PDE , LEMON TREE PASSAGE"
08959248X2,0895923397,"147 DIXON RD ROCKINGHAM HOLIDAY, EAST ROCKINGHAM"
03985701X2,0398579906,"184 BELMORE RD , BALWYN"
02931420X2,0293146349,"46 WARATAH AVE NR BELMORE RD, RANDWICK"
08898706Y2,0889879164,"0 BANIYALA COMM , EAST ARNHEM"
02928347X2,0292831807,"143 LIVERPOOL ST DOWNING CENTRE, SYDNEY"
02444210X7,0244421038,"21 WRECK BAY RD WRECK BAY ABORIGIN, JRVS BY"
02956917X2,0295694306,"47 NORTON ST , LEICHHARDT"
08897506X7,0889750892,"0 BUNTINE HWY TOP SPRINGS, TOP SPRGS"
02936159X2,0293616882,"227 LIVERPOOL ST NR RILEY ST, DARLINGHURST"
03598921X2,0359892300,"81 ARTHURS SEAT RD O/S REAL ESTATE, RED HILL SOUTH"
03525731X2,0352573529,"1383 MURRADOC RD O/S POST OFFICE, ST LEONARDS"
03577500X2,0357752091,"90 HIGH ST OS PO SSIDE, MANSFIELD PRIVATE BOXES"
03577503X2,0357752273,"52 MALCOLM ST NR FINLAYSON ST, MANSFIELD PRIVATE BOXES"
07467100X2,0746711102,"102 MARSHALL ST GOONDWINDI EXCHANG, GOONDIWINDI"
03642404X2,0364244322,"1 WATKINSON ST , DEVONPORT"
07335709X2,0733577700,"14 LEGEYT ST NR LUTWYCHE RD, WINDSOR"
08897541Y8,0889754243,"0 EDITH FALLS RD EDITH FALLS PARK, NTMLK"
08896411Y1,0889641598,"0 MURTULKI STN , WRMNGU"
08896415Y2,0889641904,"0 MCLAREN CREEK STN MUNGKARTA, WRMNGU"
08916700Y2,NONE,"0 DILLON SPRINGS COMM 45KM SW KUNUNURRA, DURACK"
08916872Y2,NONE,"0 WIJILARRIM COMM 30KM W KUNUNURRA, KUNUNURRA"
03968986X2,0396893489,"1 HARTLEY AVE , WEST FOOTSCRAY"
03981925X2,0398191989,"1 RAILWAY ARC , HAWTHORN"
07404101X2,0740410762,"50 MCLEOD ST NR APLIN ST, CAIRNS CTY"
07406090Y2,0740609118,"43 POLAND ST O/S POST OFFICE, HOPE VALE"
03557010X2,0355701301,"11 GLENDINNING ST , BALMORAL"
07334801X1,0733484769,"PLATFM 2 241 SIBLEY RD QR LINDUM, WYNNUM WEST"
08993801X2,0899381200,"1182 CHAPMAN RD 440 ROADHOUSE, GLENFIELD"
07493600X1,0749362895,"BLDG 36 554 YAAMBA RD CQ UNI STUDENT BLD, NORMAN GARDENS"
08917321Y2,0891732709,"9 CHARLES BALL DRV , PORT HEDLAND"
02468300X1,0246832091,"111 REMEMBRANCE DRV TAHMOOR TOWN CENTR, TAHMOOR"
03596842X2,0359684688,"348 MAIN ST OS MEDICAL CENTRE, EMERALD"
03597100X2,0359711000,"300 BAXTER-TOORADIN RD LARNACH NR ROUNDBT, BAXTER"
03597102X2,0359711200,"640 FRANKSTON-FLINDERS RD OS SHOPS, BAXTER"
03597740X2,0359774500,"1535 FRANKSTON-FLINDERS RD CNR THE CRSCENT, TYABB"
03597882X2,0359788406,"545 MORNINGTON-TYABB RD NR DERRIL RD, MOOROODUC"
03598902X2,0359835300,"3035 FRANKSTON-FLINDERS RD CNR BALNARRING RD, BALNARRING"
07546301X2,0754630102,"896 RECKUMPILLA ST O/S STORE, MOUNT ALFORD"
07548111X2,0754811842,"190 MARY ST O/S ROYAL HOTEL, GYMPIE"
07409352X2,0740935108,"1 RALEIGH ST O/S SWIMMING POOL, DIMBULAH"
02996909X2,0299696314,"115 SPIT RD CORNER STANTON ST, MOSMAN"
03622329X2,0362237071,"75 KING ST , SANDY BAY"
02496803X1,0249688297,"91 TURTON RD WARATAH VILLAGE, WARATAH"
08953811X1,0895381439,"LOT 2248 0 DEL PARK RD CARAVAN PARK, DWELLINGUP"
03522109X2,0352215154,"61 MOORABOOL ST , GEELONG"
02439204X1,0243929637,"43 LAKE HAVEN DRV LAKE HAVEN SHOPPIN, LAKE HAVEN"
03544217X2,0354423800,"17 SHARON ST IN UNI UNION BLDG, FLORA HILL"
07382901X1,0738292789,"30 CYPRESS ST NEAR SUPERMARKET, REDLAND BAY"
07406100Y1,0740611623,"129 GOONDI MILL RD INNISFAIL WORK CAM, GOONDI"
08868431X2,0886843544,"0 LINCOLN HWY PORT LINCOLN AIRPO, NORTH SHIELDS"
03985006X2,0398501851,"22 MANNINGHAM RD , BULLEEN"
08895325X2,0889531632,"11 GREVILLEA DRV , SADADEEN"
08897542Y1,0889754971,"0 EDITH FALLS RD WEREBUN COMMUNITY, NTMLK"
07552760X2,0755276870,"1 ST PETERS PL CNR ST ANDREWS AVE, SURFERS PARADISE"
02833832X1,0283381649,"0 KEITH SMITH AVE AIRPORT RAIL LINK, MASCOT"
02833827X1,0283381643,"0 KEITH SMITH AVE AIRPORT RAIL LINK, MASCOT"
03633425X2,0363349142,"25 WELLINGTON ST , LAUNCESTON"
08895694Y7,0889569865,"0 ATHELEYE COMM NEAR CLINIC, SANDOVER"
08895692Y7,0889569833,"0 ARLPARRA STN UTOPIA STORE, SANDOVER"
08895696Y1,0889569489,"0 SOAKAGE BORE STN , SANDOVER"
08927102X2,0892710600,"209 GUILDFORD RD NR ROWLANDS ST, MAYLANDS"
08895609Y1,0889560762,"0 BOOMERANG BORE COMM PERTE RRANTENGE, GHAN"
08895672Y9,NONE,"0 KULPITHARRA STN , HERMANNSBURG"
03632605X2,0363261722,"112 VERMONT RD , MOWBRAY"
03948912X2,0394896502,"131 ST GEORGES RD , FITZROY NORTH"
03624411X2,0362443791,"9 DAMPIER ST , WARRANE"
03969939X2,0396997590,"200 DORCAS ST , SOUTH MELBOURNE"
02988813X1,0298881738,"CNR  0 WATERLOO & LANE COVE RD MACQUARIE PARK STN, MACQUARIE PARK"
02939803X1,0293981210,"122 BELMORE RD OPP SHORT ST, RANDWICK"
07412981X2,0741298912,"92 BORONIA DRV NR SNAPPER DRIVE, POONA"
03633915X2,0363391401,"91 TASMAN HWY OS SHOP, WAVERLEY"
03940810X2,0394087050,"53 MCDONALDS RD O/S SHOPPING CTR, EPPING"
03647310X2,0364731201,"19 PRIMROSE ST CNR MURCHINSON ST, ROSEBERY"
07557600X7,0755760141,"1 CONNOR ST OPP JAMES ST, BURLEIGH HEADS"
03635934X2,0363593580,"1 ESPLANADE  OS COMMUNITY CNTR, CAPE BARREN ISLAND"
08898129X2,0889816600,"9 CAVENAGH ST O/S CAFE BELLA, DARWIN"
08898107X2,0889811076,"130 SMITH ST WESTERN END, DARWIN"
08894114X2,0889411264,"5 FRANCES BAY DRV , DARWIN"
08894133X1,0889415479,"10 FINNISS ST GALAWU HOSTEL, DARWIN"
08895634Y2,0889563567,"0 MAIN RD NR COUNCIL OFFICE, MUTITJULU"
08895602Y8,0889560829,"0 WALKABOUT BORE COMM REG720, HUGH"
08895640Y2,0889564039,"0 YUENDUMU COMM , YUENDUMU"
08895670Y7,0889567462,"0 HERMANNSBURG COMM NEW LIVING AREA, HERMANNSBURG"
08895671Y7,0889567492,"0 HERMANNSBURG COMM TJUWAMPA RESOURCE, HERMANNSBURG"
08919174Y9,0891917414,"0 KOORABYE COMM 100KM SW FITZROY X, ST GEORGE RANGES"
07553709X2,0755373255,"2 JACOB ST NR BRISBANE RD, LABRADOR"
08897921X2,0889792324,"0 KAKADU NATIONAL PK HEADQUARTERS, KAKADU"
08895684Y9,0889568825,"0 TANAMI RD MCCORMACK COMM, TANAMI"
02635930X2,0263593201,"4654 JENOLAN CAVES RD OPP TICKET OFFICE, JENOLAN"
03597700X1,0359772047,"219 MAIN ST , MORNINGTON"
07326522X2,0732653539,"67 ROBINSON RD , VIRGINIA"
08897540Y2,0889754703,"0 CENTRAL ARNHEM HWY MT CATT OUTSTN NT, FLYNG FX"
08897548Y2,0889754719,"0 EVA VALLEY STN EVA VALLEY COMM, NTMLK"
08895366X2,0889531641,"111 BLOOMFIELD ST , GILLEN"
08895333X1,0889538690,"15 GAP RD SID ROSS HOSTEL, THE GAP"
08895325X1,0889537867,"15 GAP RD SID ROSS HOSTEL, THE GAP"
08895360X2,0889531817,"28 SOUTH TCE NR KEMPE ST, THE GAP"
08944605X2,0894465177,"153 SACKVILLE TCE NR HANCOCK ST, DOUBLEVIEW"
07405523X2,0740552235,"9 KAMERUNGA RD O/S POST OFFICE, Stratford"
08895600X1,0889560830,"0 STUART HWY NR LASSETER HWY, GHAN"
08895664X2,0889560824,"0 STUART HWY NR LASSETER HWY, GHAN"
08895607X8,0889560832,"0 STUART HWY NR LASSETER HWY, GHAN"
08894125X2,0889413692,"49 MITCHELL ST O/S SALVATION ARMY, DARWIN"
08898116X2,0889816331,"8 MCLACHLAN ST , DARWIN"
08898103X2,0889810564,"89 MCMINN ST , DARWIN"
08898102X2,0889810392,"88 MITCHELL ST , DARWIN"
08898152X2,0889818296,"43 THE MALL  , DARWIN"
08898153X2,0889818052,"19 THE MALL  , DARWIN"
08898118X2,0889816345,"19 THE MALL  , DARWIN"
08898111X2,0889815234,"112 MITCHELL ST OPP BANYAN VIEW LO, DARWIN"
08895693Y8,0889569709,"0 WILORA COMM REG187, WILORA"
08895695Y2,0889569451,"0 ANKWELEYELENGKWE STN , ANMTJRE"
08895697Y8,0889569874,"0 INKWELAYE STN , SANDOVER"
08895698Y7,0889569892,"0 ATNWENGERRPE STN , SANDOVER"
08895600Y8,0889560779,"0 JOHN HOLLAND BORE COMM 76KM STH OF ALICE, HUGH"
08895605Y8,0889560939,"0 ARKANTA COMM (NO 5 BORE), GHAN"
08898711Y2,0889879128,"0 WANDAWUY STN , NHULUNBUY"
03544700X1,0354471363,"267 HIGH ST , KANGAROO FLAT"
08897924X2,0889792982,"0 EAST ALLIGATOR RANGER STN BORDER STORE, KAKADU"
02658420X1,0265842306,"72 WIDDERSON ST TAFE, PORT MACQUARIE"
02666130Y1,NONE,"186 WELSH RD BALUNDA PROGRAM, MOOKIMA WYBRA"
02666133Y1,NONE,"186 WELSH RD BALUNDA PROGRAM, MOOKIMA WYBRA"
03598363X7,0359836093,"2444 FRANKSTON-FLINDERS RD , BITTERN"
08920601X1,0892061836,"950 WANNEROO RD WANNEROO CENTRAL S, WANNEROO"
03548222X2,0354825484,"60 MENINYA ST , MOAMA"
03970703X2,0397071120,"20 OLD PRINCES HWY , BEACONSFIELD"
07409951X2,0740995575,"50 MOWBRAY ST CNR ESPLANADE, PORT DOUGLAS"
07409850X2,0740985468,"22 REEF ST OS CARAVAN PK, PORT DOUGLAS"
07409944X1,0740994951,"11 MACROSSAN ST PORT VILLAGE S/C, PORT DOUGLAS"
03515203X2,0351521462,"50 DAWSON ST , BAIRNSDALE"
07463517X2,0746353491,"109 STEPHEN ST ADJ CNR FOURTH AV, Harristown"
03542860X2,0354286001,"78 MAIN RD , RIDDELLS CREEK"
08930009X2,0893002876,"270 JOONDALUP DRV ECU BUILD 6, JOONDALUP"
07499223X2,0749924098,"21 KARIBOE ST BILOELA SQUARE SHO, BILOELA"
08909107X2,0890914880,"HOTEL  4 GREAT EASTERN HWY O/S SANDALWOOD, SOMERVILLE"
07559130X2,0755282940,"2 LAWSON ST NR GARDEN ST, SOUTHPORT"
03583110X2,0358311412,"47 WYNDHAM ST , SHEPPARTON"
07544481X2,0754448139,"16 ORANA ST KAWANA WTRS MARINA, BUDDINA"
08984818X2,0898482418,"1 INLET DRV DENMARK RIVERMOUTH, DENMARK"
02492800X2,0249282276,"12 MITCHELL ST OPP G/W HOTEL, STOCKTON"
07554691X2,0755469801,"109 BRISBANE ST JIMBOOMBA SHOPPING, JIMBOOMBA"
03988908X2,0398896447,"1360 TOORAK RD CORNER QUEENS PD, CAMBERWELL"
02962805X2,0296287275,"211 BUCKWELL DRV OS SHOPS, HASSALL GROVE"
02979300X2,0297938391,"LVL 2 68 ELDRIDGE RD BANKSTOWN HOSPITAL, BANKSTOWN"
08920301X2,0892036785,"643 BEACH RD NR ERINDALE RD, WARWICK"
08893208X2,0889321024,"160 ROYSTONEA AVE BUS DEPOT, PALMERSTON"
02979241X2,0297926420,"2 BLAMEY ST CNR DIXON LANE, REVESBY"
02970003X2,0297009659,"LVL 1 0 SHIERS AVE T3 QANTAS DEPART, MASCOT"
02693115X2,0269311854,"1 ARNOTT ST PAYPHONE O/S, ASHMONT"
02964800X1,0296481568,"100 PARRAMATTA RD RED YARD, LIDCOMBE"
08828708X1,0882875561,"50 ELIZABETH WAY ADJ WOOLWORTHS, ELIZABETH"
08838403X1,0883844298,"0 HANNAH RD ADJ TAXI RANK, NOARLUNGA CENTRE"
02927931X2,0292792254,"275 KENT ST NR NAPOLEON  ST, SYDNEY"
03970706X2,0397071819,"355 BEACONSFIELD EMERALD RD , GUYS HILL"
02962319X2,0296235808,"11 DUNHEVED RD WERRINGTON COUNTY, WERRINGTON COUNTY"
07335403X2,0733542091,"791 STAFFORD RD OS COLES, EVERTON PARK"
02492808X2,0249282365,"1004 NELSON BAY RD , FERN BAY"
02997767X2,0299773376,"4 CARLTON ST , MANLY"
02655502X1,0265558413,"3 BREESE PDE STOCKLAND S/CENTRE, FORSTER"
02496482X2,0249648402,"819 TOMAGO RD , TOMAGO"
02492903X1,0249275867,"136 PARRY ST MARKET TOWN SHOPPI, NEWCASTLE WEST"
03944903X1,0394495897,"29 LAKE ST S/C NTH SIDE ENT, CAROLINE SPRINGS"
02938904X1,0293890753,"STAND A 95 GRAFTON ST STA BUS INTERCHANG, BONDI JUNCTION"
03971602X2,0397162397,"42 CHURCH ST , WHITTLESEA"
07478040X2,0747804539,"1 MUTALUNGA DRV TOWNSVILLE'S BUSH, NOME"
02668621X2,0266867752,"31 BENTINCK ST CNR ROSS ST, BALLINA"
02492909X2,0249275637,"55 SHORTLAND ESP OPP TYRELL TOWER, NEWCASTLE"
07409722X2,0740972648,"2 WATTLE ST MAPLE ST, MILLAA MILLAA"
08838301X2,0883836061,"61 GRANTS GULLY RD OPP CLARENDON PO, CLARENDON"
03974013X1,0397408897,"2 EVANS ST O/S BEST & LESS, SUNBURY"
02428536X2,0242851204,"19 MURRAY RD OS SHOPS, CORRIMAL EAST"
07341000X1,0734101015,"54 HORNSBY RD BRIBIE ISLAND SHOP, BRIBIE ISLAND"
02969802X2,0296987652,"38 BELVOIR ST OS FLATS JOHN NORT, SURRY HILLS"
02931023X2,0293101537,"38 BELVOIR ST OS FLATS JOHN NORT, SURRY HILLS"
08929503X2,0892952099,"5375 RICHARDSON RD CNR STONEVILLE RD, STONEVILLE"
07322148X2,0732211241,"345 QUEEN ST OS BARCLAY BANK, BRISBANE CITY"
07322926X2,0732299570,"201 ELIZABETH ST CNR EDWARD ST, BRISBANE CITY"
07322922X2,0732298190,"3 EDWARD ST CNR ALICE ST, BRISBANE CITY"
07383109X2,0738315679,"369 ANN ST CNR WHARF ST, BRISBANE CITY"
07322147X2,0732211194,"232 ADELAIDE ST NR CREEK ST, BRISBANE CITY"
07492830X2,0749285748,"37 BERSERKER ST NR RODBORO ST, BERSERKER"
07492203X2,0749222895,"161 MUSGRAVE ST NR ELPHINSTONE ST, BERSERKER"
07322154X2,0732214276,"305 ANN ST QR CENTRAL STN, BRISBANE CITY"
07322107X2,0732214595,"305 ANN ST QR CENTRAL STN, BRISBANE CITY"
07322105X2,0732214613,"305 ANN ST QR CENTRAL STN, BRISBANE CITY"
07323624X2,0732360570,"28 QUAY ST OS CHILDRENS COURT, BRISBANE CITY"
07322915X2,0732293107,"15 ADELAIDE ST NR GEORGE ST, BRISBANE CITY"
07384402X2,0738446649,"73 RUSSELL ST OS POST OFFICE, WEST END"
07384600X2,0738461203,"73 RUSSELL ST OS POST OFFICE, WEST END"
08952902X1,0895291841,"SHOP 7 1 GNANGARA DRV WAIKIKI SHOPPING C, WAIKIKI"
07332502X1,0733253963,"2 DAWN RD , ALBANY CREEK"
02978904X1,0297891283,"LVL 1 14 AMY ST CAMPSIE SHOP CNTRE, CAMPSIE"
08994125X2,0899418813,"595 ROBINSON ST OS CALTEX R/HOUSE, KINGSFORD"
08994140X2,0899414227,"427 ROBINSON ST CNR ANGELO, EAST CARNARVON"
02499720X1,0249972553,"WALL  8 MYALL QUAYS BLV MYALL QUAYS SC, TEA GARDENS"
08868311X2,0886833453,"44 KNOTT ST , PORT LINCOLN"
03583113X1,0358318965,"110 BENALLA RD , SHEPPARTON"
03582101X1,0358210789,"110 BENALLA RD , SHEPPARTON"
08919362X2,0891936384,"295 PORT DRV NR WHARF KIOSK, MINYIRR"
02472123X2,0247215941,"2 BIRMINGHAM RD SOUTHLANDS S/C, SOUTH PENRITH"
08898307X1,0889834190,"284 WHITEWOOD RD , HOWARD SPRINGS"
07384915X1,0738494825,"55 CREEK RD MT GRAVATT PLAZA, MOUNT GRAVATT EAST"
07542642X2,0754264101,"381 ATKINSONS DAM RD ATKINSON DAM CABIN, ATKINSONS DAM"
08944611X2,0894467877,"4 KING EDWARD RD , OSBORNE PARK"
07559925X2,0755991571,"34 WHARF ST OS TWEED MALL, TWEED HEADS"
08947209X2,0894724435,"49 GREAT EASTERN HWY NR KOOYONG RD, RIVERVALE"
07415909X2,0741591216,"25 FRED COURTICE AVE B'GARA BCH C/V PK, BARGARA"
07549255X2,0754925895,"23 COOMA TCE BUS INTERCHANGE, CALOUNDRA"
02662401X1,0266247253,"1 SIMEONI DRV COLES S/C, GOONELLABAH"
02662400X1,0266248126,"1 SIMEONI DRV COLES S/C, GOONELLABAH"
08975101X1,0897513425,"19 SPINNAKER BLV O/S MARINA OFFICE, GEOGRAPHE"
03643120X2,0364319177,"42 WILSON ST O/S ARCADE ENTRY, BURNIE"
08939402X2,0893940970,"7 HOLMES ST , SOUTHERN RIVER"
08917317X2,0891731241,"29 KEESING ST CNR DEMPSTER ST, PORT HEDLAND"
02675270X1,0267527894,"0 AMAROO DRV GWYDIR CARAVAN PAR, MOREE"
08895609Y2,0889562976,"0 MIMILI COMM PY-KU, MIMILI"
02655103X2,0265510003,"110 COMMERCE ST WRIGLEY PARK  OPP, TAREE"
07472515X1,0747256146,"0 HALIFAX ST NR VIRGIN DEPART, GARBUTT"
07477905X2,0747790327,"4 JACKSON ST NR PILKINGTON ST, GARBUTT"
08933609X1,0893365393,"25 COCKBURN RD I/S FREMANTLE VILL, SOUTH FREMANTLE"
02499490X2,0249949200,"2282 THE BUCKETTS WAY , BOORAL"
02498790X2,0249879247,"5 WHIMBREL DRV NR PACIFIC HWY, NERONG"
02656895X2,0265689691,"52 WELLINGTON DRV WHITE ALBATROSS HO, NAMBUCCA HEADS"
03939116X2,0393917633,"63 THE CIRCLE  , ALTONA NORTH"
03981704X2,0398173278,"74 WHITEHORSE RD , DPDNE"
03955101X2,0395512090,"63 KINGSTON RD , HEATHERTON"
02637941X2,0263794306,"34 ANGUS AVE NR POST OFFICE, KANDOS"
08895621Y1,0889569970,"0 PUNGALINDUM COMM REG730, SANDOVER"
08896461Y1,0889646094,"0 5 MILE BORE STN , KUNPARRKA"
08895615Y1,0889569890,"0 ARAWERR COMM REG147, SANDOVER"
07389109X2,0738915649,"36 MOWBRAY TCE CNR LATROBE, EAST BRISBANE"
07406105X2,0740616425,"85 EDITH ST BUS DEPT ANZAC PK, INNISFAIL"
02972503X2,0297251089,"66 DUBLIN ST CNR JANE ST, SMITHFIELD"
07498620X7,0749861992,"1 RUFUS ST NR POST OFFICE, BLACKWATER"
02499109X1,0249911869,"205 WOLLOMBI RD THE MARKET PLACE, CESSNOCK"
07335919X1,0733597478,"395 HAMILTON RD WESTFIELD CHERMSID, CHERMSIDE"
07386100X2,0738615679,"395 HAMILTON RD WESTFIELD CHERMSID, CHERMSIDE"
02624111X2,0262413018,"2 TIPTREE CRS PALMERSTON SHOPS, PALMERSTON"
02688710X2,0268871100,"51 BUCKENBAH ST , GEURIE"
03513403X2,0351346200,"209 PRINCES DRV OS POST OFFICE, MORWELL"
08945005X2,0894502196,"37 WALANNA DRV O/S WATERFORD PLAZ, KARAWARA"
08945004X2,0894501193,"37 WALANNA DRV O/S WATERFORD PLAZ, KARAWARA"
02955015X2,0295500492,"89 AUDLEY ST O/S PETERSHAM P O, PETERSHAM"
07463790X2,0746379395,"403 RUTHVEN ST NR MARGARET ST, TOOWOOMBA CITY"
07544480X2,0754448109,"405 MOOLOOLABA RD BUDERIM GARDENS RE, BUDERIM"
03933017X1,0393304054,"5 AIRPORT DRV T2E TERMINAL, MELBOURNE AIRPORT"
02979906X2,0297993243,"83 LIVERPOOL RD , ASHFIELD"
02692846X2,0269284652,"0 JEWNEE ST OS SHOP, WANTABADGERY"
03596250X2,0359625244,"337 MAROONDAH HWY , HEALESVILLE"
08836502X1,0883652065,"299 MONTACUTE RD , NEWTON"
02683922Y2,0268392137,"0 BARWON FOUR RESERVE  BARWON FOUR RESERV, BREWARRINA"
07557841X2,0755784849,"73 NERANG ST NERANG CARAVAN PAR, NERANG"
03984403X2,0398443781,"102 MELBOURNE HILL RD , WARRANDYTE"
02980937X2,0298096845,"133 DEVLIN ST NR POPE ST, RYDE"
02998100X2,0299811032,"148 PACIFIC PDE NR THE STRAND, DEE WHY"
02951903X1,0295194327,"LVL 3 12 MISSENDEN RD ROYAL PRINCE ALFRE, CAMPERDOWN"
02951600X1,0295160913,"LVL 5 12 MISSENDEN RD ROYAL PRINCE ALFRE, CAMPERDOWN"
07545610X1,0754561931,"18 UNIVERSITY WAY CHANCELLOR PARK MA, SIPPY DOWNS"
03646201X2,0364621400,"1 MAIN ST KING IS  OS BUTCHR, CURRIE"
07320107X2,0732010801,"124 COLLEGE RD KARANA DOWNS SHOPP, KARANA DOWNS"
02666609X2,0266661576,"LOT 224 0 BRUXNER HWY JUBULLUM VILLAGE, TABULAM"
03516532X2,0351653400,"1 PINNACLE DRV SHOPPING AREA, RAWSON"
08925800X2,0892588530,"1491 ALBANY HWY NR KENWICK LINK, BECKENHAM"
07494651X2,0749465127,"226 SHUTE HARBOUR RD WHITSUNDAY SHOPPIN, CANNONVALE"
07556220X1,0755622647,"BLDG A 2 BAYBERRY LA GOLD COAST HOSPITA, ROBINA"
07559324X1,0755932907,"BLDG A 2 BAYBERRY LA GOLD COAST HOSPITA, ROBINA"
03502301X1,0350235058,"47 LANGTREE MALL 8TH ST END, MILDURA"
02429703X1,0242973581,"43 SHELLHARBOUR RD WARILLA GROVE SHOP, WARILLA"
02429601X1,0242968453,"43 SHELLHARBOUR RD WARILLA GROVE SHOP, WARILLA"
02429702X1,0242973579,"43 SHELLHARBOUR RD WARILLA GROVE SHOP, WARILLA"
07326908X2,0732698339,"30 BOARD ST , DEAGON"
07320803X1,0732085141,"2 WEMBLEY RD LOGAN CITY SHOPPIN, LOGAN CENTRAL"
02496890X1,NONE,"2 EDITH ST CALVARY/MATER HOSP, WARATAH"
02968231X2,0296825039,"98 BLAXCELL ST , GRANVILLE"
02493050X2,0249305225,"20 PATERSON ST HINTON PUBLIC SCHO, HINTON"
03965476X2,0396541607,"196 FLINDERS ST OPP FED SQUARE, MELBOURNE"
03960007X2,0396000126,"406 COLLINS ST , MELBOURNE"
02625907X2,0262597981,"20 KESTEVEN ST FLOREY SHOPPING CE, FLOREY"
07328604X1,0732867439,"100 MIDDLE ST CLEVELAND HARBOURS, CLEVELAND"
03957908X2,0395792619,"235 EAST BOUNDARY RD , BENTLEIGH EAST"
08931411X1,0893372207,"1 SOUTH ST KARDINYA PARK SHOP, KARDINYA"
08838811X2,0883886124,"90 PRINCES HWY NR JEFFREY ST, NAIRNE"
02666135Y1,0266613692,"186 WELSH RD , MOOKIMA WYBRA"
03947009X2,0394702720,"761 GILBERT RD , RESERVOIR"
02495080X2,0249508075,"21 ANZAC PDE TERALBA LAKESIDE C, TERALBA"
07469760X1,0746976663,"7828 WARREGO HWY HELIDON MINERAL SP, HELIDON SPA"
07472804X2,0747289057,"100 ANGUS SMITH DRV TOWNSVILLE HOSPITA, DOUGLAS"
07472803X2,0747287623,"100 ANGUS SMITH DRV TOWNSVILLE HOSPITA, DOUGLAS"
07384414X2,0738443555,"85 HARDGRAVE RD OPP GRANVILLE ST, WEST END"
08937701X1,0893772394,"133 GREAT EASTERN HWY , SOUTH GUILDFORD"
07384618X2,0738465030,"LVL 5 28 RAYMOND TCE MOTHERS HOSP, SOUTH BRISBANE"
02968227X2,0296826057,"13 SOUTH ST NR RAILWAY PDE, GRANVILLE"
07336924X2,0733661246,"10 STEWART RD CNR STEWART PL, ASHGROVE"
07558080X2,0755808231,"147 LAVER DRV OS PETROL PLUS, ROBINA"
08876200X2,0887620077,"67 CEDAR AVE OUTSIDE, NARACOORTE"
02623700X2,0262375110,"11 NORTH ST NR GENERAL STORE, THARWA"
07405634X2,0740566928,"101 GORDON ST NEAR NORMAN ST, GORDONVALE"
08993800X2,0899381000,"78 CHAPMAN VALLEY RD DELORO DELI, WAGGRAKINE"
08933619X2,0893363514,"23 ADELAIDE ST JOHNSTON COURT, FREMANTLE"
08895673Y7,NONE,"0 IRRUNYTJU COMM COUNCIL OFFICE, NGNJRA-GLS"
07497202X1,0749726758,"184 GOONDOON ST SHOPPING CENTRE, GLADSTONE CENTRAL"
03547209X2,0354721966,"100 MAIN RD PAYPHONE, CAMPBELLS CREEK"
08949701X2,0893991314,"270 SOUTH WESTERN HWY HILLSIDE GARDEN VI, MOUNT RICHON"
07552409X1,0755248097,"59 DARLINGTON DRV BANORA SHOPPING VI, BANORA POINT"
07552408X1,0755248109,"59 DARLINGTON DRV BANORA SHOPPING VI, BANORA POINT"
02939804X1,0293989586,"LVL 1 73 BELMORE RD ROYAL RANDWICK S/C, RANDWICK"
08979105X1,0897913226,"60 SANDRIDGE RD BUNBURY FORUM SHOP, EAST BUNBURY"
08979104X1,0897919018,"60 SANDRIDGE RD BUNBURY FORUM SHOP, EAST BUNBURY"
08937710X2,0893772324,"412 BEECHBORO RD BEECHBORO CENTRAL, MORLEY"
02625707X1,0262572452,"37 CONSTITUTION AVE CANBERRA INSTITUTE, REID"
07497211X2,0749726513,"218 AUCKLAND ST MANGO LODGE, SOUTH GLADSTONE"
08938820X1,0893883682,"2 VERDUN ST QE2 G RECEPTION SI, NEDLANDS"
08938802X1,0893889314,"2 VERDUN ST QE2 G RECEPTION SI, NEDLANDS"
08938809X1,0893889752,"2 VERDUN ST QE2 G EMERGENCY SI, NEDLANDS"
02957904X1,0295794816,"LVL 1 225 FOREST RD HURSTVILLE CENTRAL, HURSTVILLE"
02958002X1,0295803268,"LVL 1 225 FOREST RD HURSTVILLE CENTRAL, HURSTVILLE"
02958010X2,0295800463,"LVL 1 225 FOREST RD HURSTVILLE CENTRAL, HURSTVILLE"
02957013X2,0295704346,"LVL 1 225 FOREST RD HURSTVILLE CENTRAL, HURSTVILLE"
03952519X2,0395253394,"229 BARKLY ST , ST KILDA"
02433433X2,0243342221,"5 DENNING ST LAKESIDE PLAZA SHO, THE ENTRANCE"
02433415X2,0243342818,"5 DENNING ST LAKESIDE PLAZA SHO, THE ENTRANCE"
07547120X1,0754712652,"1 RIDGEVIEW DRV PEREGIAN SPRINGS S, PEREGIAN SPRINGS"
03959211X2,0395928136,"770 HAWTHORN RD , BRIGHTON EAST"
07341001X2,0734101983,"HOTEL  2 NORTH ST OS BLUE PACIFIC, WOORIM"
07474901Y2,0747495302,"1 VIOLET ST YALLAMBIE RESERVE, HEALY"
07474850X2,0747485560,"0 RIVERSLEIGH RD LAWN HILL GORGE, LAWN HILL"
03955104X2,0395515655,"197 OLD DANDENONG RD , HEATHERTON"
07497903X2,0749793282,"2 SIGG ST BLUE CARE HIBISCUS, SOUTH GLADSTONE"
03989905X2,0398990259,"259 UNION RD CNR WHITEHORSE RD, SURREY HILLS"
02668534X2,0266853670,"184 SEVEN MILE BEACH RD BROKEN HEAD BEACH, BROKEN HEAD"
02921128X2,0292111087,"102 HAY ST , HAYMARKET"
03556150X1,0355615084,"154 RAGLAN PDE GATEWAY PLAZA S/C, WARRNAMBOOL"
02638622X2,0263862701,"32 NEILL ST POST OFFICE, HARDEN"
08919100Y2,0891917524,"0 TJARRAMBA COMM PANDANUS PARK, WILLARE"
08853205X2,0885325818,"13 OWL DRV CENTRO PLAZA, MURRAY BRIDGE"
02495550X1,0249555201,"24 KOKERA ST STOCKLAND WALLSEND, WALLSEND"
07328603X1,0732866928,"67 MIDDLE ST WOOLWORTHS CLEVELA, CLEVELAND"
07497382X2,0749738902,"4 CENTENARY DRV BOYNE PLAZA SHOPPI, BOYNE ISLAND"
02664334X2,0266431684,"49 SKINNER ST MID BLOCK, SOUTH GRAFTON"
02662251X2,0266228412,"203 KEEN ST OUTSIDE CENTRO, LISMORE"
03626110X2,0362612297,"13 HAMILTON RD , NEW NORFOLK"
02892002X2,0289203057,"77 MOUNT ST CNR ELIZABETH PLAZ, NORTH SYDNEY"
02665137X2,0266514245,"19 ARTHUR ST BARRACUDA BACKPACK, COFFS HARBOUR"
07559440X1,0755944643,"524 NERANG BROADBEACH RD CASINO VILLAGE CAR, CARRARA"
07325601X1,0732563824,"627 RODE RD EMERGENCY BLDG, CHERMSIDE"
03626740X1,0362674962,"81 FERRY RD KETTERING WHARF, KETTERING"
03974428X2,0397442302,"63 O'SHANASSY ST O/S FRUIT MARKET, SUNBURY"
08929512X2,0892952199,"5895 GREAT EASTERN HWY , MUNDARING"
07463522X2,0746358917,"67 DRAYTON RD THE VILLAGE SHOPP, Harristown"
08882106X2,0888211109,"56 GRAVES ST OPP POST OFFICE, KADINA"
03517401X1,0351747430,"166 FRANKLIN ST TAGN CENT PLAZA, TRARALGON"
02656654X2,0265665249,"9 OCEAN DRV CNR LIVINGSTONE ST, SOUTH WEST ROCKS"
02656770X2,0265677516,"0 STRAIGHT ST NR VINE STREET, HAT HEAD"
03930628X2,0393063727,"112 SNELL GR OS POST OFFICE, OAK PARK"
03960253X2,0396024958,"440 BOURKE ST NR CNR QUEEN ST, MELBOURNE"
02625759X2,0262571730,"23 QUICK ST AINSLIE VILLAGE, CAMPBELL"
02625743X2,0262574465,"23 QUICK ST AINSLIE VILLAGE, CAMPBELL"
03943513X2,0394358568,"69 MAIN RD , LOWER PLENTY"
02498211X2,0249821106,"140 GAN GAN RD OUTSIDE, ANNA BAY"
02444155X2,0244415501,"5 BURTON ST SHOPPING CENTRE, VINCENTIA"
02495916X2,0249594498,"46 AMBROSE ST PARADISE PALMS CAR, CAREY BAY"
02668000X2,0266809423,"98 JONSON ST O/S WOOLWORTHS, BYRON BAY"
02668085X2,0266808015,"98 JONSON ST O/S WOOLWORTHS, BYRON BAY"
08943419X1,0894183043,"254 ROCKINGHAM RD PHOENIX PARK SHOPP, SPEARWOOD"
08943418X1,0894181933,"254 ROCKINGHAM RD PHOENIX PARK SHOPP, SPEARWOOD"
08943406X1,0894346798,"254 ROCKINGHAM RD PHOENIX PARK SHOPP, SPEARWOOD"
08929704X1,0892972304,"11 MAIN ST THE SHOPS AT ELLEN, ELLENBROOK"
02433202X2,0243324605,"161 CRESTHAVEN AVE OS CRESTHAVEN SHOP, BATEAU BAY"
08919289X1,0891928963,"122 PORT DRV VACATION VILLAGE C, CABLE BEACH"
08994120X1,0899412834,"55 ROBINSON ST CARNARVON CENTRAL, CARNARVON"
08994141X2,0899414598,"55 ROBINSON ST CARNARVON CENTRAL, CARNARVON"
08920700X1,0892072674,"478 WANNEROO RD STIRLING CENTRAL S, WESTMINSTER"
02696350X2,0269635210,"4 RICHARDS ST CNR RAN/SPRINGS RD, BEELBANGERA"
08895685Y7,0889568721,"0 LARAMBA COMM , LARAMBA"
07553639X2,0755364372,"54 MUSGRAVE ST CNR DOUGLAS ST, COOLANGATTA"
08979108X1,0897915905,"1 BRITTAIN ST PARKS CENTRE, CAREY PARK"
02636217X2,0263623454,"183 DALTON ST , ORANGE"
02696510X2,0269651307,"0 COBRAM ST IN PARK, GOOLGOWI"
02696842X2,0269684366,"0 NARRAND ST INSIDE VAN PARK, DARLINGTON POINT"
08924205X2,0892422891,"2 WILUNA ST OS DOGS SWAMP SC, YOKINE"
07472142X1,0747214069,"261 STURT ST IRIS CLAY HOSTEL, TOWNSVILLE CITY"
07472405X1,0747245461,"261 STURT ST IRIS CLAY HOSTEL, TOWNSVILLE CITY"
02968802X2,0296882309,"111 PENDLE WAY OS WOOLWORTHS, PENDLE HILL"
07559906X1,0755991213,"22 FLORENCE ST TWEED BOWLS CLUB, TWEED HEADS"
08809167X9,0880916747,"0 JOHNSTON ST OS POST OFFICE, WHITE CLIFFS"
03972536X2,0397255889,"518 MOUNT DANDENONG RD KILSYTH SHOP CNTR, KILSYTH"
02974023X2,0297404193,"107 THE BOULEVARDE  NR KING GEORGES RD, WILEY PARK"
02975003X2,0297508198,"107 THE BOULEVARDE  NR KING GEORGES RD, WILEY PARK"
03934769X2,0393479175,"293 LYGON ST , CARLTON"
03625711X2,0362571204,"3 CHARLES ST O/S IGA, ORFORD"
02482233X2,0248221154,"57 QUEEN ST BRADFORDVILLE SHOP, GOULBURN"
02656990X2,0265699206,"23 STATION ST , EUNGAI RAIL"
02428300X1,0242837532,"201 PIONEER RD WOLLONGONG SURF LE, FAIRY MEADOW"
07320304X2,0732032184,"41 BAILEY RD OS IGA SHOP CENTRE, DECEPTION BAY"
08903114X2,0890311401,"33 AUGUSTA ST NR LAVER, LAVERTON"
08903110X2,0890311206,"33 AUGUSTA ST NR LAVER, LAVERTON"
02445406X2,0244541397,"66 PRINCES HWY MILTON POST OFFICE, MILTON"
07474512X2,0747451308,"105 LANDSBOROUGH ST O/S POST OFFICE, NORMANTON"
07406860X2,0740686105,"156 FELUGA RD O/S FELUGA HOTEL, FELUGA"
07474672X2,0747467367,"31 BURKE ST NEAR POST OFFICE, JULIA CREEK"
03502106X2,0350214619,"571 DEAKIN AVE , MILDURA"
07335612X2,0733564006,"280 ENOGGERA RD O/S MCDONALDS, NEWMARKET"
02655506X1,0265555608,"19 STRAND ST MEMORIAL SERVICES, FORSTER"
02496131X1,0249613202,"NR NEWS 200 UNION ST JUNCTION FAIR, THE JUNCTION"
03937900X2,0393794536,"70 BULLA RD , STRATHMORE"
02967001X2,0296706419,"44 MELVILLE RD MELVILLE ROAD SHOP, ST CLAIR"
07546732X2,0754673101,"15 COOPER RD WILLOWBANK C/P, WILLOWBANK"
07474919X2,0747495732,"185 LITTLE WEST ST COPPER CITY RIVERS, WINSTON"
07383901X2,0738397320,"465 WICKHAM TCE O/S ST ANDREWS WAR, SPRING HILL"
07559907X2,0755991158,"97 KENNEDY DRV NR DUCAT ST, TWEED HEADS"
07323619X2,0730031589,"304 GEORGE ST CNR ADELAIDE ST, BRISBANE CITY"
08937506X2,0893758529,"366 GRAND PRM DIANELLA PLAZA, DIANELLA"
07339601X1,0733969592,"2021 WYNNUM RD WYNNUM PLAZA, WYNNUM WEST"
07339303X1,0733936967,"2021 WYNNUM RD WYNNUM PLAZA, WYNNUM WEST"
07339302X1,0733936952,"2021 WYNNUM RD WYNNUM PLAZA, WYNNUM WEST"
02667400X1,0266742401,"46 WOMMIN BAY RD DRIFTERS HOLIDAY V, CHINDERAH"
02943826X2,0294382165,"6 PACIFIC HWY , ST LEONARDS"
02423303X1,0242331295,"LOT 199 0 OCEAN ST EAST BEACH CARAVAN, KIAMA"
07474304X1,0747430701,"39 PAMELA ST MT ISA HOSTEL, MT ISA"
03538204X2,0353825712,"20 O'CALLAGHANS PDE , HORSHAM"
02493196X1,0249319686,"1 HILLVIEW ST MARKETPLACE, RUTHERFORD"
02625353X1,0262531771,"15 JAMISON CNTR JAMISON CENTRE, MACQUARIE"
08953730X7,0895373009,"8 SINGLETON BEACH RD NR INDIANA PDE, SINGLETON"
03515206X2,0351521525,"610 MAIN ST , BAIRNSDALE"
07461350X1,0746135109,"445 HUME ST THE RIDGE SHOPPING, KEARNEYS SPRING"
07497206X2,0749726490,"35 GOONDOON ST GLADSTONE EXCHANGE, GLADSTONE CENTRAL"
02963114X2,0296315521,"56 AURELIA ST , TOONGABBIE"
03952538X2,0395255465,"56 ACLAND ST OS MCDONALDS, ST KILDA"
08895340X2,0889531821,"70 SPEARWOOD RD NR GREVILLEA DR, SADADEEN"
03954638X2,0395468057,"21 OSBORNE AVE , SPRINGVALE"
07388806X2,0738883770,"198 DECEPTION BAY RD O/S ENDEAV C/V PK, DECEPTION BAY"
07497228X2,0749726939,"190 GOONDOON ST VALLEY PLAZA, GLADSTONE CENTRAL"
02488890Y1,0248889269,"LOT 125 0 WOMBEYAN CAVES RD RIVER ISLAND NATUR, BULLIO"
07323617X2,0732363682,"35 TURBOT ST NR GEORGE ST, BRISBANE CITY"
07323605X2,0732115249,"35 TURBOT ST NR GEORGE ST, BRISBANE CITY"
02665141X2,0266516034,"0 AIRPORT DRV COFFS HARBOUR AIRP, COFFS HARBOUR"
03988523X2,0398859103,"2 WELFARE PDE , ASHBURTON"
07387907X2,0738798970,"156 INALA AVE INALA TOWN CENTRE, INALA"
07337206X1,0733729612,"156 INALA AVE INALA TOWN CENTRE, INALA"
07327806X2,0732787625,"156 INALA AVE INALA TOWN CENTRE, INALA"
08935502X2,0893551573,"126 KOOYONG RD CNR GERRING CRT, RIVERVALE"
02962510X2,0296259165,"0 EVANS RD OPP 2, ROOTY HILL"
02482232X2,0248221160,"75 GOLDSMITH ST , GOULBURN"
07339162X2,0733915394,"60 WELLINGTON RD OS STATE SCHOOL, EAST BRISBANE"
08975417X2,0897541154,"322 MARINE TCE , GEOGRAPHE"
02960608X2,0296068162,"394 FIFTEENTH AVE WEST HOXTON SHOPPI, AUSTRAL"
08897602X2,0889760224,"22 TARKARRI RD OS POST OFFICE, BATCHELOR"
08897601X2,0889760193,"22 TARKARRI RD OS POST OFFICE, BATCHELOR"
07544324X2,0754437250,"1 DIURA ST MAROOCHY RIVER CAB, MAROOCHYDORE"
03544300X2,0354435211,"251 HARGREAVES ST O/S POST OFFICE, BENDIGO"
07549860X1,0754986352,"1 NAIRN RD NR OAKEY FLAT RD, MORAYFIELD"
07549221X2,0754922106,"1 LEICHHARDT ST NEAR ESPLANADE, GOLDEN BEACH"
02696447X2,0269644618,"226 WAKADEN ST LIONS PARK, GRIFFITH"
02667711X2,0266771107,"23 BROADWAY  OS POST OFFICE, BURRINGBAR"
02444372X2,0244437180,"14 PARADISE BEACH RD OS SHOPS, SANCTUARY POINT"
08920900X1,0892092832,"225 ILLAWARRA CRS BALLAJURA CITY SHO, BALLAJURA"
07404156X2,0740415210,"129 ABBOTT ST , CAIRNS CTY"
07404170X2,0740417264,"55 LAKE ST NEAR MALL ENTRANCE, CAIRNS CTY"
07404167X2,0740416156,"149 GRAFTON ST CNR MINNIE ST, CAIRNS CTY"
07405165X2,0740519320,"71 SHERIDAN ST NR ALPIN ST, CAIRNS CTY"
07405130X2,0740518548,"150 SHERIDAN ST NR UPWARD ST, CAIRNS CTY"
07404150X7,0740415684,"136 LAKE ST OS CALVARY HOSP, CAIRNS CTY"
07405139X2,0740519273,"151 LAKE ST CNR FLORENCE ST, CAIRNS CTY"
03930217X2,0393094507,"79 KYABRAM ST NEAR SHOPS, COOLAROO"
03937624X2,0393761491,"205 BELLAIR ST O/S RAILWAY STN, KENSINGTON"
08934904X2,0893497288,"207 JONES ST CNR APPLEBY ST, BALCATTA"
08934420X2,0893447636,"4 HARRISON ST OPP CAMPION AVE, BALCATTA"
08927606X2,0892762790,"167 WALTER RD CNR COODE ST, DIANELLA"
03931513X1,0393153296,"124 MILLERS RD ALTONA GATE S/C, ALTONA NORTH"
07409000Y1,0740900726,"LOT 20 0 MOSBY ST , IAMA IS"
02979626X2,0297962516,"106 WILLIAM ST , CONDELL PARK"
02687211X2,0268721626,"0 ANSON ST TOURIST INFO CTE, BOURKE"
02938603X1,0293865764,"95 GRAFTON ST STA BUS INTERCHANG, BONDI JUNCTION"
02938604X1,0293864765,"95 GRAFTON ST STA BUS INTERCHNGE, BONDI JUNCTION"
07549331X2,0754933091,"614 NICKLIN WAY WURTULLA SHOPPING, WURTULLA"
07403111X2,0740315873,"17 GRAFTON ST OS POST OFFICE, CAIRNS CTY"
02983206X2,0298327115,"331 ROOTY HILL RD , PLUMPTON"
07387815X1,0738783714,"LVL 3 322 MOGGILL RD INDOOROOPILLY SHOP, INDOOROOPILLY"
02492627X2,0249264623,"200 HUNTER ST , NEWCASTLE"
02677237X2,0267728026,"104 MANN ST CNR MARSH ST, ARMIDALE"
02656950X2,0265695100,"2 THOMPSON ST CNR VALLA BEACH RD, VALLA BEACH"
07477207X2,0747723120,"1 ARMSTRONG ST NR CHARTERS TWR RD, HERMIT PARK"
07474132X2,0747413642,"68 GOLDRING ST OS SUPERMARKET, RICHMOND"
08918981Y2,NONE,"0 INNAWONGA COMM 40KM S TOM PRICE, ROCKLEA"
08919246Y7,0891924944,"0 LOMBADINA OFFICE COMM 180KM NE BROOME, DAMPIER PENINSULA"
02922333X2,0292231280,"50 ELIZABETH ST LOT 5 MARTIN PL RW, SYDNEY"
02922332X2,0292231283,"50 ELIZABETH ST LOT 5 MARTIN PL RW, SYDNEY"
02922329X2,0292231282,"50 ELIZABETH ST LOT 5 MARTIN PL RW, SYDNEY"
08994856X1,0899485124,"67 ROBINSON ST SHOPPING CENTRE, CORAL BAY"
08994855X1,0899485087,"67 ROBINSON ST SHOPPING CENTRE, CORAL BAY"
08931615X2,0893646067,"776 CANNING HWY , APPLECROSS"
03515664X2,0351566306,"40 SCHOOL RD , EAGLE POINT"
03623104X1,0362315501,"19 BATHURST ST , HOBART"
02495711X2,0249578502,"77 DURHAM RD O/S LAMBTON POOL, LAMBTON"
02493150X2,0249315202,"3808 ALLYN RIVER RD UPPER ALLYN VLGE, UPPER ALLYN"
07552502X2,0755250562,"53 CURRUMBIN CREEK RD NR TRADERS WAY, CURRUMBIN WATERS"
07385600X1,0738564492,"149 VICTORIA PARK RD QUT KELVIN GROVE C, KELVIN GROVE"
07387812X2,0738783657,"9 BROOKFIELD RD KENMORE VILLAGE SH, KENMORE"
07477306X2,0747733646,"61 MALLEE ST CNR KIWI ST, CONDON"
03639361X2,0363936102,"29 MEANDER VALLEY HWY , CARRICK"
02923104X1,0292315432,"420 GEORGE ST MID CITY CENTRE, SYDNEY"
02923103X1,0292312210,"420 GEORGE ST MID CITY CENTRE, SYDNEY"
02629914X2,0262994388,"251 CRAWFORD ST RSL MEMORIAL ARCAD, QUEANBEYAN"
08834900X1,0883498027,"121 MAWSON LAKES BLV THE PROMENADE, MAWSON LAKES"
02972401X2,0297241491,"168 JOHN ST NR GLADSTONE ST, CABRAMATTA"
07415521X2,0741552651,"20 CHILDERS RD BUNDABERG CARAVAN, KENSINGTON"
03955755X2,0395573277,"94 PATTERSON RD OS CAR PARK OPP 59, BENTLEIGH"
03575444X2,0357544694,"26 MAIN ST , BOGONG"
07543730X1,0754373251,"44 PELICAN WATERS BLV NEAR COLES PELICAN, PELICAN WATERS"
07544650X2,0754465783,"8 BIRTWILL ST OS COOLUM VILLAGE, COOLUM BEACH"
07544822X2,0754482712,"84 PEREGIAN ESP NR DAVID LOW WAY, PEREGIAN BEACH"
07544810X2,0754481100,"2 HERON ST , PEREGIAN BEACH"
08924612X1,0892461660,"58 SOUTHSIDE DRV SORRENTO QUAY SHOP, HILLARYS"
08924611X1,0892461511,"58 SOUTHSIDE DRV SORRENTO QUAY SHOP, HILLARYS"
02629600X2,0262315164,"12 SANGSTER PL WANNIASSA SHOPPING, WANNIASSA"
07406812X2,0740681055,"40 BUTLER ST NR STILL ST, TULLY"
07545560X1,0754556124,"63 ST ANDREWS DRV NOOSA OUTLOOK SHOP, TEWANTIN"
08862510X2,0886251024,"LOT 43 0 MAIN ST CALTEX T630201, PENONG"
08931619X1,0893169549,"125 RISELEY ST G.CITY O/S P/OFFIC, BOORAGOON"
02993829X2,0299384054,"1 LAWRENCE ST NR ALBERT ST, FRESHWATER"
02993818X2,0299384921,"1 LAWRENCE ST NR ALBERT ST, FRESHWATER"
02625400X2,0262544965,"1 HIGGINS PL , HIGGINS"
02445720X1,0244572502,"3811 MURRAMARANG RD RACECOURCE CVAN PK, BAWLEY POINT"
07403930X2,0740393495,"LOT 701 1 LARSEN RD CNR R/LYCH CONN RD, REDLYNCH"
07556320X1,0755632536,"BLDG G10 58 PARKLANDS DRV NEAR BUS STOP, SOUTHPORT"
08931016X2,0893107461,"118 PARRY AVE , BULLCREEK"
07404163X2,0740416139,"6 ABBOTT ST ENTRY REEF CASINO, CAIRNS CTY"
07544824X2,0754482718,"8 KINGFISHER DRV , PEREGIAN BEACH"
07336705X2,0738765067,"32 BAROONA RD CENTRO MILTON, MILTON"
07335502X2,0733555311,"238 PICKERING ST NR STATION AVE, GAYTHORNE"
07492707X1,0749270925,"222 MUSGRAVE ST I/S NORTHSIDE S/C, BERSERKER"
03969014X2,0396901154,"71 RICHARDSON ST NR VICTORIA AVE, ALBERT PARK"
03968991X2,0396894019,"291 GEELONG RD O/S TATTERSALLS, KINGSVILLE"
02473502X1,0247357893,"91 MACKELLER ST NEPEAN RIVER HOLID, EMU PLAINS"
08898721X1,0889872642,"20 BOTTLEBRUSH AVE , NHULUNBUY"
07548801X1,0754880061,"46 QUEEN ELIZABETH DRV COOLOOLA SANDS SHO, COOLOOLA COVE"
07553269X2,0755328306,"201 FERRY RD , SOUTHPORT"
07556251X2,0755625609,"514 CHRISTINE AVE CNR SCOTTSDALE DR, ROBINA"
07472907X1,0747290869,"2 LAKESIDE DRV FAIRFIELD CENTRAL, IDALIA"
08857234X2,0885723632,"17 MAWSON AVE , TAILEM BEND"
07404135X2,0740413954,"75 LAKE ST , CAIRNS CTY"
03596330X2,0359633200,"22 MURCHISON ST O/S POST OFFICE, MARYSVILLE"
07474254X2,NONE,"0 MALBON-SELWYN RD O/S PH EXCHANGE, KURIDALA"
08894541X1,0889455414,"305 VANDERLIN DRV , LEANYER"
02943943X2,0294397659,"11 WILLOUGHBY RD , CROWS NEST"
03988600X2,0398861482,"6 WEEDEN DRV O/S MILKBAR, VERMONT SOUTH"
02892001X2,0289203610,"162 BLUES POINT RD CNR MITCHELLE ST, MCMAHONS POINT"
03934765X2,0393477659,"546 LYGON ST , CARLTON"
03934758X2,0393475894,"546 LYGON ST , CARLTON"
07474831Y2,0747483106,"7 DIAMANTINA DEVELOPMENT RD NEAR CARMODY ST, DAJARRA"
08949510X2,0894954058,"49 LAKE RD LAKEVIEW TERRACE C, CHAMPION LAKES"
03939403X2,0393948359,"2 MAIN ST NR TLIFE SHOP, O/S, POINT COOK"
07547301X1,0754730712,"28 EENIE CREEK RD NOOSA CIVIC, NOOSAVILLE"
02655210X2,0265521543,"294 VICTORIA ST OPP FLEET ST, TAREE"
03931019X1,0393103829,"5 AIRPORT DRV QANTAS CHECK IN, MELBOURNE AIRPORT"
07405700X1,0740576168,"14 MCGREGOR RD JAMES COOK UNIVERS, SMITHFIELD"
02636228X2,0263628381,"2 PRINCE ST GREENGATE SHOPS, ORANGE"
07371101X1,0737116591,"2617 BEAUDESERT RD , CALAMVALE"
07409213X2,0740924875,"43 DIMBULAH RD NEAR WARD ST, MAREEBA"
07549760X1,0754976085,"204 BESTMANN RD THE VILLAGE, SANDSTONE POINT"
02970802X1,0297083172,"256 CHAPEL RD MAIN ENTRY GRND FL, BANKSTOWN"
02439206X2,0243924621,"664 PACIFIC HWY WYONG HOSP EMERG A, HAMLYN TERRACE"
02439211X2,0243924163,"664 PACIFIC HWY WYONG HOSPITAL, HAMLYN TERRACE"
02668100X1,0266811258,"95 FOX ST OS K-MART, BALLINA"
03594000X2,0359401340,"2 CAMERON WAY PT CNR RACECOURSE, PAKENHAM"
08920104X2,0892010476,"31 BLYTHE AVE , YOKINE"
02439202X1,0243929627,"43 LAKE HAVEN AVE LAKE HAVEN SHOPPIN, LAKE HAVEN"
03548226X2,0354822044,"256 HARE ST NR COFFEE SHOP, ECHUCA"
02439908X2,0243991036,"4 MCKELLAR BLV OPP KAWANA AVE, BLUE HAVEN"
02957027X2,0295706297,"ADJ  318 FOREST RD BUS INTERCHANGE, HURSTVILLE"
07336800X2,0733690339,"18 CAXTON ST CNR JUDGE ST, PETRIE TERRACE"
07415302X2,0741533201,"135 BARGARA RD NR LEIVESLEY ST, BUNDABERG EAST"
07415314X2,0741533596,"249 BOURBONG ST NR BINGERA ST, BUNDABERG"
07415318X2,0741533923,"42 PRINCESS ST NR MARY ST, BUNDABERG EAST"
07415319X2,0741533925,"67 PERRY ST NR QUEEN ST, BUNDABERG SOUTH"
07415321X2,0741533928,"26 WYPER ST NR BOUNDARY ST, BUNDABERG NORTH"
07415322X2,0741533930,"3 BARBER ST NR MARKS ST, BUNDABERG SOUTH"
07415331X2,0741533940,"71 RUDDELL ST NR MARYBOROUGH ST, BUNDABERG NORTH"
02979703X2,0297971520,"11 HERCULES ST NTH DRAKES LANE, ASHFIELD"
02974341X2,0297437182,"407 PARK RD NEAR ROSE CRS, REGENTS PARK"
02438101X2,0243811271,"206 DEL MONTE PL O/S POST OFFICE, COPACABANA"
02434421X2,0243415840,"204 MEMORIAL AVE O/S POST OFFICE, ETTALONG BEACH"
02958414X2,0295841740,"86 BROADARROW RD O/S POST OFFICE, NARWEE"
02952844X2,0295284500,"124 OYSTER BAY RD O/S POST OFFICE, OYSTER BAY"
02954805X2,0295481128,"64 STATION ST O/S POST OFFICE, ENGADINE"
02925211X2,0292522391,"151 MACQUARIE ST CNR BENT ST, SYDNEY"
02938845X2,0293887623,"18 MILITARY RD CNR CLOVELLY ST, WATSONS BAY"
02936902X2,0293693445,"184 BIRRELL ST NR BRONTE RD, BONDI JUNCTION"
02936807X2,0293680024,"37 CHALLIS AVE O/S NR MCCLEAY ST, POTTS POINT"
07553331X2,0755333191,"4 BINNA BURRA RD O/S EXCHANGE, BEECHMONT"
07495305X2,0749530816,"75 SHAKESPEARE ST CNR GOLDSMITH ST, EAST MACKAY"
07495303X2,0749535238,"2 UNGERER ST OS BIG BEAR, NORTH MACKAY"
08927622X2,0892765865,"156 WELLINGTON ST NR NORANDA AVE, MORLEY"
08953810X2,0895381030,"59 MCLARTY ST O/S EXCHANGE, DWELLINGUP"
02462513X2,0246254301,"0 COPPERFIELD DRV NR MACBETH WAY, ROSEMEADOW"
02961003X2,0296107276,"86 HARRINGTON ST NR CABRAMATTA RD, CABRAMATTA WEST"
02495040X2,0249504160,"80 HAYDEN BROOK RD IN SHOPS, WOODRISING"
02963329X2,0296334810,"117 ALFRED ST CNR HASSALL ST, PARRAMATTA"
03953137X2,0395318777,"176 GLEN HUNTLY RD NR CNR BRIGHTON RD, BRIGHTON"
07389105X1,0738911477,"LVL 1 251 IPSWICH RD NR EMERGENCY, WOOLLOONGABBA"
07494203X2,0749425205,"118 MALCOMSON ST , NORTH MACKAY"
07492841X2,0749289385,"396 DEAN ST OPP GUYER ST, FRENCHVILLE"
07498550X2,0749855166,"5 GOLDEN WILLOW DRV OS GEMAIR CV PRK, WILLOWS"
07415342X2,0741534089,"56 BURNETT ST NR HUNTER ST, BUNDABERG NORTH"
07415345X2,0741534094,"63 BURNETT ST NR TARGO ST, BUNDABERG NORTH"
07320310X2,0732036784,"2 REEF POINT ESP OS KIOSK SCARBOROU, SCARBOROUGH"
08976410X7,0897641107,"21 SOUTHWEST HWY OS SHOP, MULLALYUP"
07406950X2,0740695104,"95 CHARLOTTE ST NR WALKER ST, COOKTOWN"
08927432X2,0892745154,"236 GREAT EASTERN HWY , MIDLAND"
08919243Y1,NONE,"3 BEAGLE BAY RD BUDGARJOOK COMMUNI, DAMPIER PENINSULA"
03626105X2,0362612386,"516 LACHLAN RD LANCLAN FIRE STATI, LACHLAN"
07406112X2,0740617030,"62 RANKIN ST N OF EDITH ST, INNISFAIL"
03942113X2,0394210630,"161 ELIZABETH ST , RICHMOND"
02684505X2,0268452309,"19 MAUGHN ST TELEPHONE EXCHANGE, WELLINGTON"
02684504X2,0268451610,"19 MAUGHN ST TELEPHONE EXCHANGE, WELLINGTON"
02684858X2,0268485800,"0 ARMATREE ST , ARMATREE"
02665340X2,0266534200,"351 PINE CREEK WAY OS POST OFFICE, BONVILLE"
02602409X2,0260241819,"2 WILLIAM ST , WDNGA"
03528903X2,0352890300,"1 GREY RIVER RD NR GREAT OCEAN RD, KENNETT RIVER"
02972627X2,0297262532,"140 CANLEY VALE RD NR ADOLPHUS ST, CANLEY HEIGHTS"
02964404X2,0296444799,"30 KIBO RD NR CHADWICK ST, REGENTS PARK"
02964504X2,0296452799,"23 HECTOR ST NR MUNRO ST, SEFTON"
02978904X2,0297893909,"1 KINGSGROVE RD NR TURTON AVE, BELMORE"
02997409X2,0299741001,"1 COASTERS RETREAT  THE BASIN, K-R-GAI CH NP"
02966524X2,0296659765,"272 CLOVELLY RD , COOGEE"
07493976X2,0749397668,"595 FARNBOROUGH RD OS GENERAL STORE, FARNBOROUGH"
07327200X1,0732728047,"344 JACKSON RD HELLAWEL RD S/VILL, SUNNYBANK HILLS"
07463400X1,0746343360,"465 TOR ST THE TOR CENTRE SC, NEWTOWN"
07463505X1,0746352048,"537 WEST ST OS COMMON ROOM, DARLING HEIGHTS"
03587420X2,0358742059,"22 DEAN ST NR TUPPAL RD, TCMWL"
02603307X2,0260332566,"386 HONOUR AVE RIVERGUMS C'VAN PK, COROWA"
02603306X2,0260332165,"84 FEDERATION AVE OS CARAVAN PARK, COROWA"
02603312X2,0260331365,"53 GUY ST OS HOSPITAL, COROWA"
02603319X2,0260331907,"118 SANGER ST O/S STAR HOTEL, COROWA"
02694212X2,0269421232,"14 GUNDAGAI RD CNR WARREN ST, COOTAMUNDRA"
02694204X2,0269421898,"37 HURLEY ST CNR PARKER ST, COOTAMUNDRA"
02694214X2,0269421632,"153 SUTTON ST CNR COWCUMBULA ST, COOTAMUNDRA"
02694207X2,0269422521,"2 WEISSEL PL , COOTAMUNDRA"
07388610X1,0738868357,"212 YOUNG RD NR WOOLWORTHS, NARANGBA"
07388811X2,0738881283,"0 BURPENGARY RD QR BURPENGARY, BURPENGARY"
07388809X2,0738887419,"1 FACER RD NR ROWLEY RD, BURPENGARY"
07388803X1,0738880551,"185 STATION RD BURPENGARY PLZ, BURPENGARY"
07549586X2,0754958634,"197 MORAYFIELD RD NR WILLIAM BERRY D, MORAYFIELD"
07549861X2,0754986197,"281 MORAYFIELD RD NR GAFFIELD RD, MORAYFIELD"
07542861X2,0754286037,"LOT 50 0 VISENTIN RD QR MORAYFIELD, MORAYFIELD"
07340880X2,0734088146,"41 BENABROW AVE NR GOODWIN DRV, BELLARA"
07340872X2,0734087402,"30 BENABROW AVE NR FERGUSON AVE, BRIBIE ISLAND"
07340820X2,0734082019,"2 FIRST AVE NR TOORBUL ST, BRIBIE ISLAND"
07340825X2,0734082148,"156 FIRST AVE OS REC CENTRE, BRIBIE ISLAND"
07340801X2,0734080795,"21 QUEEN ST OS BOWLS CLUB, BRIBIE ISLAND"
07340830X2,0734083570,"1 VICTORY RD NR BONGAREE AVE, BRIBIE ISLAND"
07340826X2,0734082237,"8 JACANA AVE NR FIRST AVE, WOORIM"
08858821X2,0885882601,"1 SCOTT AVE NR POST OFFICE, BARMERA"
08858831X2,0885883194,"30 SCOTT AVE NR HOSPITAL CARPAR, BARMERA"
08858827X2,0885882602,"55 TONKIN AVE CNR RITCHIE ST, BARMERA"
03976312X2,0397637350,"1587 FERNTREE GULLY RD O/S SHOPS, KNOXFIELD"
03976307X2,0397637500,"1587 FERNTREE GULLY RD O/S SHOPS, KNOXFIELD"
03978619X2,0397862078,"276 SEAFORD RD CNR TI TREE CRES, SEAFORD"
03978603X2,0397863273,"276 SEAFORD RD CNR TI TREE CRES, SEAFORD"
03649212X1,0364921256,"3832 CRADLE MOUNTAIN RD IN DISCOVERY PARK, CRADLE MOUNTAIN"
07463307X2,0746331439,"137 GLENVALE RD , GLENVALE"
02982224X1,0298222582,"CNCRSE  270 BIGGE ST LIVERPOOL RLWY STN, LIVERPOOL"
02960219X1,0296025175,"CNCRSE  270 BIGGE ST LIVERPOOL RLWY STN, LIVERPOOL"
02960218X1,0296025173,"CNCRSE  270 BIGGE ST LIVERPOOL RLWY STN, LIVERPOOL"
02931414X2,0293146094,"BLDG A 7 KING ST TAFE MAIN FOYER, RANDWICK"
02955034X2,0295503627,"2 ERSKINEVILLE RD O/S POST OFFICE, NEWTOWN"
07335703X2,0733576595,"125 THISTLE ST CNR GROOM ST, GORDON PARK"
07326613X2,0732667219,"1469 SANDGATE RD CNR ROBINSON RD, NUNDAH"
07385210X2,0738521058,"20 DUNCAN ST CHINATOWN MALL, FORTITUDE VALLEY"
07326909X2,0732698302,"3 THIRD AVE NEAR BRIGHTON RD, SANDGATE"
03633404X2,0363342640,"119 GEORGE ST NR YORK ST, LAUNCESTON"
07494534X1,0749453341,"50 LASCELLES AVE O/S TERMINAL, GUNYARRA"
07328137X2,0732813837,"6 MURPHY ST NR RODERICK, IPSWICH"
07328130X2,0732021541,"70 SAMFORD RD NR TOONGARRA RD, LEICHHARDT"
08864214Y2,0886425632,"1 NUNN CL DAVENPORT COMM, WAMI KATA"
08895616X1,0889562982,"59 TJALKABOTA RD , HERMANNSBURG"
03984133X2,0398417327,"44 TUNSTALL RD TUNSTALL SQ S/S, DONCASTER EAST"
03975406X2,0397547919,"30 MAIN ST O/S BANK, UPWEY"
02967400X2,0296741298,"131 JAMES COOK DRV NR RAVENHILL ST, KINGS LANGLEY"
08864101X2,0886410958,"41 FORSTER ST ADJ UNIT 29, PORT AUGUSTA"
08864230X2,0886426792,"96 CARLTON PDE OPP STUART TCE, PORT AUGUSTA"
08864903X2,0886493224,"33 MCRITCHIE CRS SHOPPING CENTRE, WHYALLA STUART"
08895210X2,0889529508,"10 SMITH ST POLANA CENTRE SHOP, CICNE"
08920901X1,0892093259,"5 HAMELIN DRV BALLAJURA CENTRAL, BALLAJURA"
02655482X2,0265548521,"13 ALLEN AVE , FORSTER"
03577701X2,0357770530,"15 PERKINS ST NR GREY ST, JAMIESON"
03582320X2,0358232010,"8047 GOULBURN VALLEY HWY O/S C/VAN, KIALLA"
03586550X2,0358655552,"5 BATEY DRV OS REC RESERVE, INVERGORDON"
02464700X2,0246471196,"346 CAMDEN VALLEY WAY NR SOMERSET AVE, NARELLAN"
02602508X2,0260253109,"464 URANA RD CNR SCHNEIDER, LAVINGTON"
02602518X2,0260255598,"330 URANA RD COLES CAR PARK, LAVINGTON"
02602510X2,0260253137,"0 ALEMEIN AVE CNR LOGAN RD, NORTH ALBURY"
02602507X2,0260253074,"117 MATE ST CRN WANTIGONG ST, NORTH ALBURY"
02696722X2,0269672556,"101 HIGH ST INSIDE VAN PARK, HILLSTON"
02697225X2,0269722321,"68 NEELD ST OS COUNCIL CHAMBS, WYALONG"
03588330X2,0358833195,"295 NEWELL HWY OS CALTEX, FINLEY"
07335915X2,0733598244,"24 CORRIE ST NR HAMILTON RD, CHERMSIDE"
08953761X2,0895376022,"108 CULEENUP RD NR NTH YUNDERUP RD, NORTH YUNDERUP"
07405371X1,0740537749,"7 MCLACHLAN ST PLAZA PALMS HOSTEL, MANUNDA"
07478482X2,0747848184,"0 BRUCE HWY CNR COVENTRY RD, GUTHALUNGRA"
07472810X2,0747283419,"152 MARABOU DRV CNR YOLANDA DRV, ANNANDALE"
08825203X2,0882524165,"85 FAIRFIELD RD OPP MURPHY ST, ELIZABETH GROVE"
02438521X2,0243851329,"2 CAMPBELL CRS CNR THE ESPLANADE, TERRIGAL"
02495720X2,0249509367,"LVL 2 2 LOOKOUT RD JH HOSP FOYER, NEW LAMBTON HEIGHTS"
02495714X2,0249578487,"LVL 2 2 LOOKOUT RD JH HOSP FOYER, NEW LAMBTON HEIGHTS"
02492619X2,0249262187,"13 BOLTON ST NR HUNTER ST, NEWCASTLE"
02494010X2,0249654127,"2 REAY ST NR SAMDON ST, HAMILTON"
08825413X2,0882549054,"18 ANDERSON WLK , SMITHFIELD"
07492706X1,0749275249,"2 CANNING ST MEDICAL SERVICES, THE RANGE"
07492103X1,0749214708,"2 CANNING ST MEDICAL SERVICES, THE RANGE"
07492208X1,0749228827,"2 CANNING ST EMERGENCY, THE RANGE"
08834104X2,0883418357,"1 ALEXA RD NORTH HAVEN MARINA, NORTH HAVEN"
02979618X2,0297964392,"1 GEORGE ST CNR JOHN WALL LANE, YAGOONA"
02976414X7,0297645709,"0 OLYMPIC BLV O/S AQUATIC CENTRE, SYDNEY OLYMPIC PARK"
02435512X7,0243551202,"1021 DOORALONG RD NR PROGRESS HALL, DOORALONG"
02432345X2,0243234264,"250 HENRY PARRY DRV CNR GLENNIE ST, NORTH GOSFORD"
02998108X2,0299811387,"1 SOUTH CREEK RD NR PITTWATER RD, DEE WHY"
02966523X2,0296659631,"271 RAINBOW ST NR MALABAR RD, SOUTH COOGEE"
02958312X2,0295831763,"201 RAMSGATE RD OS BEACH PLAZA, RAMSGATE BEACH"
03941909X2,0394192164,"49 BRUNSWICK ST PP CNR GERTRUDE ST, FITZROY"
02945608X2,0294563810,"12 BEROWRA WATERS RD NEAR THE GULLY RD, BEROWRA"
02457610X2,0245761210,"764 COMLEROY RD CNR BLAXLANDS RIDG, KURRAJONG"
02694882X2,0269488241,"1649 WAGGA RD , ROSEWOOD"
08867078Y1,NONE,"0 MT DARE STN HOTEL, WTJRA"
08864514X2,0886450509,"47 PLAYFORD AVE NR ELLIOTT ST, WHYALLA PLAYFORD"
07405135X2,0740519102,"361 SHERIDAN ST NORTH SHERIDAN CEN, CAIRNS NORTH"
07474100X2,0747411869,"27 RICHMOND HILL RD OPP HOSPITAL, HUGHENDEN"
08863521X2,0886352296,"OPP  137 WHITING RD ADJ PLAYGROUND, FISHERMAN BAY"
03624806X1,0362485643,"6 HINKLER RD HOBART AIRPORT, CAMBRIDGE"
08898560X2,0889856129,"315 CASUARINA DRV O/S BEACHFRONT HTL, RAPID CREEK"
03515204X2,0351521471,"111 MACLEOD ST BAIRNSDALE RWS, BAIRNSDALE"
03542851X2,0354285202,"2076 MELBOURNE LANCEFIELD RD OS GENERAL STORE, MONEGEETTA"
02992308X2,0299231274,"0 GREENWAY DRV ADJ 2 ENNIS ST, KIRRIBILLI"
02998501Y2,0299859307,"0 BAR POINT PUBLIC WHF BOAT ACCESS ONLY, BAR POINT"
02998502Y2,0299859274,"0 MILSONS PASSAGE PUBLIC WHF BOAT ACCESS ONLY, MILSONS POINT"
02945601X2,0294563921,"1 NOTTING LA COTTAGE PT KIOSK, COTTAGE POINT"
02948702X2,0294871550,"1 ALEXANDRIA PDE OPP WAITARA AVE, WAITARA"
02493070X1,0249324891,"360 NEW ENGLAND HWY ON WALL BP S/STN, RUTHERFORD"
02497105X2,0249712521,"64 CAVES BEACH RD NR MAWSON CLOSE, CAVES BEACH"
02492617X2,0249263054,"5 LIGHT ST NR GREENSLOPE ST, BAR BEACH"
02496610X2,0249664209,"39 DELPRAT AVE NR ANDERSON DRV, BERESFIELD"
02496724X2,0249673165,"1 SUNDERLAND ST NR HANBURY ST OPP, MAYFIELD"
02433409X2,0243343195,"0 MARINE PDE CNR THE ENTRNCE RD, THE ENTRANCE"
02499025X2,0249903676,"0 HALL ST CNR VINCENT ST, CESSNOCK"
07334101X2,0733419566,"PARK  65 HOLMEAD RD OS AUSSIE GRDN C/V, EIGHT MILE PLAINS"
07320912X2,0732097148,"373 CHATSWOOD RD NR KIMBERLEY PK SC, SHAILER PARK"
07380300X1,0738035287,"SHOP 5 5 JULIE ST KENSINGTON FAIR SC, CRESTMEAD"
07339161X2,0733916475,"98 HOLMAN ST NR VANTAGE APRMTS, KANGAROO POINT"
07339001X1,0733906037,"1189 WYNNUM RD MONTE CARLO C/V PK, CANNON HILL"
07339931X2,0733991320,"211 OXFORD ST NR SERVICE STN, BULIMBA"
07380008X2,0738004592,"SHOP 2 3282 MT LINDESAY HWY NR BROWN PLAINS RD, BROWNS PLAINS"
07380006X2,0738004002,"SHOP 2 3282 MT LINDESAY HWY NR BROWN PLAINS RD, BROWNS PLAINS"
07334915X2,0733496490,"590 MT GRAVATT-CAPALABA RD WISHART VLGE S/C, WISHART"
07334503X2,0733454019,"1 WYNNE ST NR BEENLEIGH RD, SUNNYBANK"
07415520X1,0741552964,"302 BRANYAN DRV IGA STORE, AVOCA"
07415114X2,0741517820,"128 TARGO ST NR WALKER ST, WALKERVALE"
07495699X2,0749569124,"32 MCCARTNEY ST O/S POST OFFICE, ST LAWRENCE"
07497232X2,0749726505,"0 WOOD ST OPP MCCRAY ST, BARNEY POINT"
07492720X2,0749276592,"132 ARCHER ST NR WEST ST, THE RANGE"
07492730X2,0749278450,"116 HAYNES ST NR RICHARDSON RD, KAWANA"
07492826X2,0749283473,"460 LAKES CREEK RD OPP MACKAY ST, LAKES CREEK"
07499214X2,0749924076,"71 KARIBOE ST O/S POST OFFICE, BILOELA"
07498238X2,0749823702,"64 OPAL ST NR EMERALD C/V PK, EMERALD"
07465837X7,0746583430,"98 EAGLE ST NR LONGREACH EXCH, LONGREACH"
02839400X2,0283949814,"312 BOTANY RD GREEN SQR RLWY STN, ALEXANDRIA"
02956501X2,0295651093,"PLATFM 1 67 BURREN ST MCDONALDTOWN RWS, EVELEIGH"
03986707X2,0398672862,"165 TOORAK RD SOUTH YARRA RWS, SOUTH YARRA"
02936928X2,0293890736,"50 OCEAN ST ADJ NTH BONDI PO, BONDI"
02662111X2,0266218986,"19 BRIDGE ST NR WINSOME HOTEL, NORTH LISMORE"
02662122X2,0266219489,"96 CASINO ST CNR WILSON ST, SOUTH LISMORE"
08838300X2,0883830024,"57 MAIN RD , MCLAREN FLAT"
02662130X2,0266219967,"38 UNION ST RAILWAY STN, SOUTH LISMORE"
02662131X2,0266219990,"81 UNION ST OS GYM, SOUTH LISMORE"
02662128X2,0266219808,"125 UNION ST NR ELLIOT ST, SOUTH LISMORE"
02662117X2,0266219281,"237 UNION ST NR THREE CHAIN RD, SOUTH LISMORE"
02667212X2,0266726337,"461 TWEED VALLEY WAY NR ROSE LA, SOUTH MURWILLUMBAH"
03533608X2,0353361959,"1117 LATROBE ST , DELACOMBE"
02972431X2,0297246167,"PLATFM 1 1 RIVER AVE VILLAWOOD RLWY STN, VILLAWOOD"
02972430X2,0297246134,"PLATFM 2 1 CARRAMAR AVE CARRAMAR RLWY STN, CARRAMAR"
02972426X2,0297246015,"PLATFM 1 7 THE CRESCENT  FAIRFIELD RLWY STN, FAIRFIELD"
02972427X2,0297246025,"52 THE CRESCENT  FAIRFIELD RLWY STN, FAIRFIELD"
02964606X1,0296465407,"CNCRSE  105 SOUTH PDE AUBURN RLWY STN, AUBURN"
02964604X1,0296465291,"CNCRSE  105 SOUTH PDE AUBURN RLWY STN, AUBURN"
02974365X2,0297437367,"2 CHESTER HILL RD CHESTER HILL RWS, CHESTER HILL"
02974911X2,0297491451,"PLATFM 2 1 WOODBURN RD BERALA RLWY STN, BERALA"
07553712X1,0755378356,"147 BRISBANE RD HARBOUR TOWN SHOPP, BIGGERA WATERS"
07495693X2,0749569184,"19 RAILWAY PDE O/S HOTEL, ST LAWRENCE"
07553257X2,0755327419,"3570 MAIN BEACH PDE N OF WOODROFFE AVE, MAIN BEACH"
02655810X2,0265581506,"44 CHURCH ST , GLOUCESTER"
02427625X2,0242742086,"75 ALLAN ST NR TAXI RANK, PORT KEMBLA"
07384622X1,0738466815,"226 GREY ST GU QLD COLLEGE ART, SOUTH BRISBANE"
07384413X1,0738449731,"29 STANLEY PL BUS STOP OS LIBRAR, SOUTH BRISBANE"
07384470X2,0738444109,"121 MERIVALE ST OS STH BANK TAFE, SOUTH BRISBANE"
07384425X2,0738444650,"53 MOLLISON ST NR BOUNDARY ST, SOUTH BRISBANE"
07384457X2,0738447805,"169 VULTURE ST NR HAMPSTEAD RD, SOUTH BRISBANE"
07384461X2,0738448658,"96 BOUNDARY ST NR RUSSELL ST, WEST END"
07384632X2,0738466873,"96 BOUNDARY ST NR RUSSELL ST, WEST END"
07384435X2,0738445253,"240 BOUNDARY ST CNR PARADISE ST, WEST END"
07384439X2,0738446010,"245 BOUNDARY ST NR CORBETT ST, WEST END"
07384465X2,0738449837,"9 DORNOCH TCE NR DORIS ST, WEST END"
07384438X2,0738445899,"69 HARDGRAVE RD NR SKINNER ST, WEST END"
07384442X2,0738446158,"32 GLADSTONE RD OPP PROSPECT ST, HIGHGATE HILL"
07384431X2,0738445012,"43 GLADSTONE RD NR BLAKENEY ST, HIGHGATE HILL"
07384430X2,0738444884,"107 GLADSTONE RD NR HAZELWOOD ST, HIGHGATE HILL"
07384440X2,0738446028,"167 GLADSTONE RD NR AMPTHILL ST, HIGHGATE HILL"
07384433X2,0738445112,"39 ANNERLEY RD OS MATER HOSPITAL, SOUTH BRISBANE"
07384614X2,0738464287,"97 GREY ST QR STH BRIS PLT1, SOUTH BRISBANE"
02941955X2,0294196460,"JCDBTH 2006 405 VICTORIA AVE OS COUNCIL CHAMBER, CHATSWOOD"
02941314X2,0294133492,"JCDBTH 2003 425 VICTORIA AVE CHATSWOOD MALL, CHATSWOOD"
02941306X2,0294133496,"JCDBTH 2003 425 VICTORIA AVE CHATSWOOD MALL, CHATSWOOD"
02941304X2,0294133493,"JCDBTH 2004 382 VICTORIA AVE CHATSWOOD MALL, CHATSWOOD"
02941308X2,0294133502,"JCDBTH 2005 47 VICTOR ST NR VICTORIA ST, CHATSWOOD"
02941301X2,0294133497,"JCDBTH 2005 47 VICTOR ST NR VICTORIA ST, CHATSWOOD"
02990403X2,0299048940,"JCDBTH 2002 420 VICTORIA AVE CHATSWOOD MALL, CHATSWOOD"
02941117X2,0294114981,"JCDBTH 2001 455 VICTORIA AVE CHATSWOOD MALL, CHATSWOOD"
02990405X2,0299047921,"JCDBTH 2001 455 VICTORIA AVE CHATSWOOD MALL, CHATSWOOD"
03874200X1,0387421798,"380 SAYERS RD WYNDHAM VILLAGE CE, TARNEIT"
08984202X1,0898426593,"38 ALBANY HWY ALBANY PLAZA, ALBANY"
02439207X2,0243924831,"WARD  664 PACIFIC HWY WYNG-HOSP TARAMIND, HAMLYN TERRACE"
02496413X2,0249641895,"0 LAWSON AVE NR FREWIN AVE S/C, WOODBERRY"
02498323X2,0249832741,"0 STURGEON ST CNR GLENELG ST, RAYMOND TERRACE"
02955817X2,0295587631,"4 CLARK ST NR EARLWOOD AVE, EARLWOOD"
02956705X2,0295677146,"0 ALBYN ST NR FOREST RD, BEXLEY"
02950201X2,0295024889,"OPP  4 KINGS PL NR STONEY CRK RD, KINGSGROVE"
02959703X2,0295974668,"14 KING ST NR MARKET ST ADJ, ROCKDALE"
02955304X2,0295538168,"2 BELGRAVE ST O/S KOGARAH EXCH, KOGARAH"
02955303X2,0295538167,"2 BELGRAVE ST O/S KOGARAH EXCH, KOGARAH"
07320027X2,0732000373,"26 PUB LA , GREENBANK"
07556311X1,0755631375,"1 HOSPITAL BLV EMERG UNIV HOSP, SOUTHPORT"
07320202X2,0732026227,"3417 MOGGILL RD OS STATE SCHOOL, MOGGILL"
07320030X2,0732006920,"29 AUGUSTA ST O/S STATE SCHOOL, CRESTMEAD"
07328600X2,0732866458,"52 ISLAND OUTLOOK AVE NR BUS SHELTER, THORNLANDS"
07339627X2,0733965873,"52 TINGAL RD CNR PINE ST, WYNNUM"
07340913X2,0734091267,"2 HIGH ST NR JETTY, RUSSELL ISLAND"
07328115X2,0732814491,"33 CHALLINOR ST CNR CRIBB ST, SADLIERS CROSSING"
07416305X2,0741630101,"3 SCOTT ST NR BYGRAVE ST, BENARKIN"
07542471X2,0754247204,"26 GEORGE ST NR JOHN ST, LINVILLE"
07546720X2,0754672101,"21 BOONAH RD NR HARRISVILLE RD, PEAK CROSSING"
02634435X2,0263443510,"6 SLOAN ST NR BANGAROO RD, BILLIMARI"
03518701X2,0351871200,"59 HIGH ST OS WOODSIDE STORE, WOODSIDE"
03515590X2,0351559209,"0 CAVES RD BUCHAN CAVES RSVE, BUCHAN"
03515420X2,0351542198,"27 BROWNING ST , ORBOST"
03515806X2,0351580905,"16 ALLEN DRV , MALLACOOTA"
08975550X2,0897555200,"68 BUSSELL HWY , COWARAMUP"
03623410X2,0362342348,"2 POETS RD CNR LANSDOWNE CRS, WEST HOBART"
03632707X2,0363273741,"214 FREELAND CRS , RIVERSIDE"
03987404X2,0398744376,"601 CANTERBURY RD NR ANDREW ST, VERMONT"
08873570X2,0887357224,"LOT 2151 0 NORA CREINA RD HD LAKE GEORGE, NORA CREINA"
02629924X2,0262998188,"1 JERRABOMBERRA PKWY CNR BRUNDELL DRV, JRABMBRA"
07335512X2,0733557480,"70 PICKERING ST BUS INTERCHANGE, ENOGGERA"
03982222X2,0398229198,"11 BEATTY AVE TOORAK RLWY STN, PRAHRAN"
03988827X2,0398885292,"PLATFM 2 200 CANTERBURY RD CANTERBURY RWS, CANTERBURY"
03982264X2,0398221847,"94 MILTON PDE TOORONGA RLWY STN, MALVERN"
03988500X2,0398852172,"PLATFM  2 CLYNDEN AVE DARLING RLWY STN, MALVERN EAST"
03988830X2,0398886151,"15 WANDIN RD RIVERSDALE RWS, CAMBERWELL"
03937418X2,0393741074,"995 MT ALEXANDER RD NR CNR THORN ST, ESSENDON"
03957601X2,0395760986,"14 CHEEL ST ARMADALE RLWY STN, PRAHRAN"
03950903X2,0395096855,"OPP  49 STATION ST O/S MALVERN RWS, MALVERN"
03957172X2,0395713199,"7 NORMANBY RD O/S CAULFIELD RWS, CAULFIELD EAST"
03956904X2,0395691604,"PLATFM  86 ARGYLL ST HOLMESGLEN RWS, MALVERN EAST"
03956314X2,0395636103,"66 SYCAMORE ST OS MALVERN EST RWS, MALVERN EAST"
03972002X2,0397206330,"PLATFM 2 99 CAMPBELL ST HEATHMONT RLWY STN, HEATHMONT"
03973502X2,0397355513,"111 MAIN ST O/S LILYDALE RWS, LILYDALE"
03974125X2,0397410298,"1 OLD GEELONG RD HOPRS CRSNG RWS, HOPPERS CROSSING"
03932607X2,0393261164,"7 THE CRESCENT  ASCOT VALE RWS, ASCOT VALE"
03964205X2,0396420726,"175 ELIZABETH ST NR 360 BOURKE ST, MELBOURNE"
03960203X2,0396024807,"175 ELIZABETH ST NR 360 BOURKE ST, MELBOURNE"
03943100X2,0394311318,"PLATFM  965 MAIN RD ELTHAM RLWY STN, ELTHAM"
03943817X2,0394383330,"539 MAIN HURSTBRIDGE RD WATTLE GLEN RWS, WATTLE GLEN"
02658310X2,0265835165,"48 CLIFTON DRV NEAR REGATTA CRES, PORT MACQUARIE"
07546200X2,0754628935,"26 RAILWAY ST O/S CIVIC CENTRE, GATTON"
07478860X2,0747886202,"15 BRUCE HWY O/S MINI MART, BLUEWATER"
07478460X2,0747846249,"2 KOOKABURRA TCE , WUNJUNGA"
07478300X2,0747831166,"70 COX ST OPP LAWSON ST, AYR"
07477826X2,0747782548,"35 EDISON ST OS PRIMARY SCHOOL, WULGURU"
03576211X2,0357622302,"126 WALLER ST CNR OF CLARKE, BENALLA"
08895336X1,0889537690,"34 SOUTH TCE AKANGKENTYE HOSTEL, THE GAP"
02941504X2,0294152933,"1 HILL ST ROSEVILLE RLWY STN, ROSEVILLE"
02941803X2,0294181641,"PLATFM 3 2 ST JOHNS AVE GORDON RLWY STN, GORDON"
02941802X2,0294181639,"PLATFM 2 2 ST JOHNS AVE GORDON RLWY STN, GORDON"
02980407X2,0298047674,"0 WEST PDE EASTWOOD RLWY STN, EASTWOOD"
02948924X2,0294890492,"0 HEYDON AVE WARRAWEE RLWY STN, WARRAWEE"
02932701X2,0293271031,"20 PLUMER RD NR BALFOUR RD, BELLEVUE HILL"
02955603X2,0295561939,"1 HARTILL-LAW AVE BARDWELL PK RWS, BARDWELL PARK"
02955404X2,0295543083,"221 KINGSGROVE RD KINGSGROVE RWS, KINGSGROVE"
02955403X2,0295543082,"221 KINGSGROVE RD KINGSGROVE RWS, KINGSGROVE"
02955929X2,0295594998,"1 GRIFFITHS ST TEMPE RLWY STN, TEMPE"
02955011X2,0295500237,"PLATFM 2 1 TRAFALGAR ST STANMORE RLWY STN, STANMORE"
02956413X2,0295641235,"PLATFM 1 1 RAILWAY TCE LEWISHAM RLWY STN, LEWISHAM"
02955012X2,0295500351,"PLATFM 2 1 TRAFALGAR ST PETERSHAM RLWY STN, PETERSHAM"
02989602X2,0298962974,"0 WENTWORTH AVE PENDLE HILL RWS, PENDLE HILL"
02989603X2,0298962975,"1 PORTICO PDE TOONGABBIE RWS, TOONGABBIE"
03622340X2,0362235093,"1 MONPELIER RET CNR CASTRAY ESP, HOBART"
03942939X2,0394295881,"525 BRIDGE ST , RICHMOND"
03930520X2,0393055616,"127 CRAIGIEBURN RD OS MUNICIPAL OFFIC, CRAIGIEBURN"
07495663X2,0749566203,"61 ZELMA ST CR GRASSTREE BEACH, GRASSTREE BEACH"
07498511X2,0749851319,"31 MILTON ST NR CAPRICORN HWY, ALPHA"
07465718X2,0746571598,"59 LANDSBOROUGH HWY NR ALLEN ST, WINTON"
07465716X2,0746571219,"58 ELDERSLIE ST NR OONDOOROO ST, WINTON"
02625744X2,0262574430,"94 LOWANNA ST ADJ SHOP, BRADDON"
02638532X2,0263853300,"52 COURT ST NR BRIAL ST, BOOROWA"
02602064X1,0260206508,"81 BONEGILLA RD LATCHFORD BARRACKS, BNEGLLA"
02699382X2,0269938143,"1 LACHLAN ST NR ADELAIDE ST, BOOLIGAL"
07548531X2,0754853219,"28 BOREEN PDE NR URUNGA PDE, BOREEN POINT"
07548523X2,0754852430,"21 FACTORY ST NR RESERVE ST, POMONA"
07548370X2,0754837382,"3 HALL RD OS BUNNINGS, GLANMRE"
07548370X7,0754836065,"41 CARTWRIGHTS RD NR COOINDA ST, GYMPIE"
07548361X2,0754836068,"64 CRESCENT RD NR COOTHARABA RD, GYMPIE"
07548362X2,0754836069,"3 DUKE ST NR CHANNON ST, GYMPIE"
07548204X2,0754821520,"38 HORSESHOE BND NR NORMAN ST, GYMPIE"
07548201X2,0754821148,"1 JANE ST OS GYMPIE CVAN PK, GYMPIE"
07548234X2,0754821819,"27 KIDGELL ST NR HUGHES TCE, GYMPIE"
07548364X2,0754836075,"6 MARY ST NR CARLTON HILL RD, GYMPIE"
07548215X2,0754828937,"34 MARY ST NR SMITHFIELD ST, GYMPIE"
07548214X2,0754828912,"73 MARY ST NR GLANDORE LA, GYMPIE"
07548241X2,0754823720,"115 MARY ST NR GLANDORE LA, GYMPIE"
07548200X2,0754821102,"82 MONKLAND ST NR NASH, GYMPIE"
07548110X1,0754811426,"12 REEF ST GYMPIE MARKET PLCE, GYMPIE"
07548238X2,0754822273,"25 TOZER ST NR BLACK ST, GYMPIE"
07548207X2,0754821748,"243 MARY VALLEY RD NR JONES HILL RD, JONES HL"
07548570X2,0754857100,"7 DOMANS RD NR SHADBOLT RD, KANIGAN"
07548451X2,0754845236,"2 IMBIL BORUMBA DAM RD BORUMBA DAM, LKE BRMBA"
07548210X2,0754822520,"46 EXHIBITION RD NR MACDONNELL CT, GYMPIE"
07548206X1,0754825974,"3 WOOLGAR RD STHSIDE TWN CENTRE, GYMPIE"
07548540X2,0754854101,"60 MAIN ST NR OLD WAHPUNGA RD, KIN KIN"
07549078X1,0754987293,"115 BUCKLEY RD THE HUB CONVENIENC, BURPENGARY EAST"
07547602X2,0754760167,"48 HOSPITAL RD NR BLACKALL TCE, NAMBOUR"
07547605X2,0754760171,"84 HOWARD ST NR WILLIAM ST, NAMBOUR"
07544114X2,0754412179,"119 MAPLETON RD NR CRESENT ST, NAMBOUR"
07544681X2,0754468474,"3 FARRELL ST NR STEVENS ST, YANDINA"
07544680X2,0754468473,"11 STEVENS ST NR FARRELL ST, YANDINA"
07544281X2,0754428423,"94 MEMORIAL DRV OP ETHERIDGE ST, EUMUNDI"
07544263X2,0754426231,"3 OPAL ST NR ELM ST, COOROY"
07544891X2,0754489657,"912 DAVID LOW WAY NR REX TCE, MARCOOLA"
07544885X2,0754488608,"694 DAVID LOW WAY NR LERNER ST, PACIFIC PARADISE"
07544890X2,0754489237,"8 TIMARI ST NR DAVID LOW WAY, PACIFIC PARADISE"
02645680X2,0264568849,"364 BRAEMAR RD I/S  CVAN PARK, BRAEMAR BAY"
02645370X1,0264537249,"490 BUCKENDERRA RD IN HOLIDAY VILLAGE, BUCKENDERRA"
02645607X2,0264566730,"0 MATONG RD CRN JIMENBUEN RD, NUMBLA VALE"
02954207X1,0295423972,"2 LADY CARRINGTON DRV VISITORS CENTRE, ROYAL NATIONAL PARK"
02442306X2,0244234514,"11 BERRY ST OS SCHOOL OF ARTS, NOWRA"
02607611X2,0260761184,"50 HANSON ST CNR JARDINE ST, CORYNG"
02607790X2,0260779200,"3 MAIN ST O/S POST OFFICE, TOOMA"
02603710X2,0260371287,"47 MAIN ST OS POST OFFICE, WALWA"
03597907X2,0359791148,"0 CURACOA DRV CNR WALLAROO PL, HASTINGS"
08949700X1,0894975184,"206 JULL ST ARMADALE S/CITY, ARMADALE"
08935400X1,0893543390,"345 HIGH RD STOCKLAND RIVERTON, PARKWOOD"
08953764X2,0895376206,"41 MURRAY BEND DRV NR RAVENSWOOD RD, RAVENSWOOD"
08958114X2,0895811800,"16 PEEL PDE NR NINDA, COODANUP"
02972424X2,0297244219,"76 JOHN ST , CABRAMATTA"
02941946X2,0294198590,"5 WILKES AVE NR 26 ELIZABETH ST, ARTARMON"
03594000X1,0359403956,"0 CARDINIA RD CARDINIA RD STN, PAKENHAM"
03575204X2,0357521584,"0 MUMMERY RD OS CEMETARY, MYRTLEFORD"
07477783X2,0747778370,"58 DUNGENESS RD CNR DENNEY ST, LUCINDA"
07477750X2,0747775183,"5000 WALLAMAN FALLS RD CAMPING GROUNDS, WALLAMAN"
07477741X2,0747774107,"9 HABERMAN RD O/S ASHTON HOTEL, LONG POCKET"
02429602X1,0242969381,"15 MADIGAN BLV SHELLHARBOUR HOSPI, OAK FLATS"
02429500X1,0242956673,"15 MADIGAN BLV SHELLHARBOUR HOSPI, OAK FLATS"
03968983X2,0396897810,"206 NICHOLSON ST , FOOTSCRAY"
07553710X1,0755372837,"10 LAE DRV S/C NR BUS STOP, RUNAWAY BAY"
07544562X2,0754456080,"354 MONS RD NR FOREST GLEN SC, FOREST GLEN"
03515200X2,0351521051,"160 PRINCES HWY , BAIRNSDALE"
08828403X1,0882841143,"3134 MAIN NORTH RD DALKEITH CARAVAN P, EVANSTON SOUTH"
08952552X2,0895255837,"2 JARRAHDALE RD NR SOUTH WEST HWY, JARRAHDALE"
07406036X2,0740603461,"0 PENINSULA DEVELOPMENT RD HANN RIVER R/HSE, LAURA"
08895309Y2,0889538874,"0 ANTHEPE COMM ANTHEPE, CNLLN"
08895337X1,0889532171,"BLDG 30 1 PERCY CRT AHERLKEME VILLAGE, CNLLN"
02638670X2,0263867200,"0 BENT ST OS LUKES GARAGE, GALONG"
02962112X2,0296213890,"CNCRSE  1 MAIN ST BLACKTOWN RLWY STN, BLACKTOWN"
02962110X2,0296213458,"CNCRSE  1 MAIN ST BLACKTOWN RLWY STN, BLACKTOWN"
02989004X1,0298902568,"FOYER  171 VICTORIA RD UNIVERSITY LIBRARY, PARRAMATTA"
03980223X2,0398027350,"56 MARIANNE WAY CNR JACQUELINE RD, MT WAVERLEY"
07335906X2,0733598366,"165 MAIN AVE CNR NEWMAN RD, WAVELL HEIGHTS"
02624108X2,0262412454,"1 WATSON PL O/S SHOPS, WATSON"
02462811X1,0246286864,"200 GILCHRIST DRV MACARTHUR SQUARE S, CAMPBELLTOWN"
02629903X2,0262991104,"134 CRAWFORD ST , QUEANBEYAN"
07405800X2,0740581084,"85 LORIDAN DRV CNR MEANDER DRV, BRINSMEAD"
08876823X2,0887682784,"48 ESPLANADE  CNR NEWTON ST, ROBE"
02955206X2,0295524892,"181 GLEBE POINT RD O/S POST OFFICE, GLEBE"
02955241X2,0295524832,"120 ST JOHNS RD CNR GLEBE POINT RD, GLEBE"
03503201X1,0350324795,"1 MONASH DRV RECEPTION, SWAN HILL"
08844915X2,0884499921,"51 SEMAPHORE RD , SEMAPHORE"
08937702X1,0893775778,"131 BRIDGEMAN DRV , BNTT SPRGS"
02668614X2,0266867685,"31 RIVER ST W OF MARTIN ST, BALLINA"
07544813X2,0754487635,"175 OCEAN DRV NR AMEEN CCT, TWIN WATERS"
07545530X1,0754553153,"14 SUNSHINE BEACH RD NOOSA BUS STN, NOOSA HEADS"
07544924X7,0754492989,"38 DUKE ST NR CRANK ST, SUNSHINE BEACH"
07547960X2,0754796247,"98 ALEXANDRA PDE NR OKINJA RD, ALEXANDRA HEADLAND"
07547804X7,0754780260,"278 ALEXANDRA PDE NR MANDIN ST, ALEXANDRA HEADLAND"
07544614X2,0754461477,"1794 DAVID LOW WAY NR PARK ST, COOLUM BEACH"
08866720X2,0886672197,"32 ARTHUR ST OS POST OFFICE, BOOLEROO CENTRE"
08889320X2,0888932224,"22 SIXTH ST OPP GENERAL STORE, BOOBOROWIE"
08875201X2,0887520029,"79 NORTH TCE ADJ POLICE STN, BORDERTOWN"
07494160X7,0749415480,"89 BELYANDO AVE OS COAL COUNTRY CV, MORANBAH"
02435118X2,0243554684,"PLATFM 2 5 PACIFIC HWY WYONG RLWY STN, WYONG"
02958420X2,0295841753,"PLATFM 2 1 HANNANS RD NARWEE RLWY STN, NARWEE"
02947601X2,0294766054,"47 PALMERSTON RD O/S HOSPITAL OPP, HORNSBY"
03565960X2,0356596200,"21 MITCHELL ST O/S POST OFFICE, NYORA"
03958703X2,0395873239,"175 COMO PDE PARKDALE RWLY STN, PARKDALE"
07406108X2,0740617025,"7 RIVER AVE NR IDA ST, MIGHELL"
07403211X2,0740323758,"44 JENSEN ST OPP ENMORE ST, MANOORA"
07405159X2,0740519291,"1 JAMES ST NR MCLEOD ST, CAIRNS NORTH"
07404100X7,0740410216,"158 MARTYN ST OPP SHEARER AVE, MANUNDA"
03963944X1,0396395084,"65 SWANSTON ST , MELBOURNE"
02436010X2,0243601572,"54 BEACH DRV PUTTY BCH RES CPK, KILLCARE"
02961802X2,0296182183,"14 BROOKS ST GLENQUARIE SHOPPIN, MACQUARIE FIELDS"
03582104X2,0358215837,"1 MARUNGI ST , SHEPPARTON"
07559909X2,0755991204,"15 WARD ST NR BOUNDARY ST, COOLANGATTA"
07556250X2,0755625603,"220 VARSITY PDE OPP MOORES CRT, VARSITY LAKES"
07403360X2,0740336787,"10 TILLS ST NR MULGRAVE RD, WESTCOURT"
07492207X2,0749224120,"96 EAST ST , ROCKHAMPTON CITY"
07559129X1,0755916858,"LVL 1 65 SCARBOROUGH ST NR FOOT BRIDGE, SOUTHPORT"
03988704X2,0398878894,"PLATFM 2 28 COLEMAN PDE SYNDAL RWS, GLEN WAVERLEY"
03534601X2,0353461408,"2818 COLAC-BALLARAT RD , DEREEL"
08834007X2,0883402950,"185 TORRENS RD W OF WRIGHT ST, RIDLEYTON"
08940300X1,0894037682,"36 GWENDOLINE DRV BELRIDGE SHOPPING, BELDON"
02433439X2,0243343706,"12 DEBRA ANNE DRV OS COTTAGE YTH SER, BATEAU BAY"
02439300X2,0243931620,"74 WALLARAH RD , GOROKAN"
02625740X2,0262574506,"4 COLVILLE ST NR MONTFORD CRES, LYNEHAM"
02628816X2,0262882054,"8 DUFFY PL OS HAIRDRESSER, DUFFY"
02484500X2,0248456200,"90 GUNNING ST OS POST OFFICE, DALTON"
02638206X2,0263825553,"78 MAIN ST NR BOORWA, YOUNG"
02638216X2,0263825564,"8 ZOUCH ST NR EDWARD ST, YOUNG"
02645671X2,0264567100,"5332 KOSCIUSKO RD OS MOBILE SERV STN, E JNDBYNE"
02447671X2,0244767902,"69 MORT ST CNR CRESWICK PDE, DALMENY"
02426217X2,0242621337,"55 PRINCES HWY DAPTO MALL, DAPTO"
02607740X2,0260774200,"195 CUDGEWA VALLEY RD O/S POST OFFICE, CDGWA"
02607200X2,0260720301,"3797 OMEO HWY O/S PUBLIC HALL, ESKDALE"
02696840X2,0269684110,"6 BRIDGE RD OS POLICE STATION, DARLINGTON POINT"
02693300X2,0269331209,"1 PUGLSLEY AVE CNR ADVOCET ST, ESTELLA"
03588117X2,0358811854,"347 VICTORIA ST NR CALTEX SERV STN, DENILIQUIN"
08952461X2,0895246467,"377 WARNBRO SOUND AVE OPP LASSITTE STE, PORT KENNEDY"
03502951X2,0350295200,"36 TARCOOLA ST POST OFFICE, POONCARIE"
08838000X2,0883809065,"18 OLD PORT WAKEFIELD RD , VIRGINIA"
08834019X2,0883402970,"22 BLANFORD ST E OF ROSETTA ST, WEST CROYDON"
08828502X2,0882854178,"177 SALISBURY HWY S OF MIDDLETON ST, SALISBURY"
08825807X2,0882583721,"4 LONDONDERRY AVE NR KILDARE AVE, SALISBURY DOWNS"
08834114X2,0883418352,"548 VICTORIA RD NR CNR MARMORA TCE, OSBORNE"
08828300X1,0882831268,"337 WHITES RD PARALOWIE S/C, PARALOWIE"
08826919X2,0882693032,"114 PULSFORD RD NR MAIN NORTH RD, PROSPECT"
08844706X2,0884471409,"1 HENNESEY TCE NR EASTBOURNE TCE, ROSEWATER"
08826847X2,0882687165,"21 NORTH PDE NR ALLAN ST, ROYAL PARK"
08833718X2,0883374965,"1 RASHEED AVE NEAR GORGE RD, NEWTON"
08835633X2,0883566498,"709 BURBRIDGE RD WINSTON CRES, WEST BEACH"
08827200X1,0882721032,"60 BROWN HILL CREEK RD O/S CARAVAN PARK, MITCHAM"
08835802X2,0883581193,"43 MILLER ST OPP HARBROW GROVE, STURT"
02604110X1,0260411631,"LOT 4 0 YOUNG ST EAST ALBURY RWS, EAST ALBURY"
03937203X2,0393722127,"99 MT ALEXANDER RD , FLEMINGTON"
08895685Y2,0889568514,"24 RAGGETT RD PAPUNYA COMM, PAPUNYA"
08934423X2,0893448732,"90 HILLSBOROUGH DRV CNR SYLVIA ST, NOLLAMARA"
08949019X2,0894903705,"68 WHEATLEY ST GOSNELLS RLWY STN, GOSNELLS"
08939400X2,0893940324,"68 WHEATLEY ST GOSNELLS RLWY STN, GOSNELLS"
02667227X2,0266728915,"42 WOLLUMBIN ST SUNNY SIDE MALL, MURWILLUMBAH"
02982915X2,0298292691,"PLATFM 2 1 RAILWAY PDE MACQUARIE FLDS RWS, MACQUARIE FIELDS"
02462835X2,0246280772,"PLATFM 1 0 HURLEY ST CAMPBELLTOWN RWS, CAMPBELLTOWN"
02462833X2,0246280678,"PLATFM 3 0 HURLEY ST CAMPBELLTOWN RWS, CAMPBELLTOWN"
02462849X2,0246280816,"0 MENANGLE RD MACARTHUR RLWY STN, CAMPBELLTOWN"
02624710X2,0262476564,"7 ELOUERA ST O/S BEAUREPARIES, BRADDON"
02623660X2,0262366278,"53 FOXLOW ST OS COMMUNITY CTRE, CAPTAINS FLAT"
02645224X2,0264522384,"3 BROWN CL OS NTH COOMA PO, COOMA"
02636105X2,0263617765,"150 PEISLEY ST ORANGE RLWY STN, ORANGE"
02941310X2,0294133682,"PLATFM 2 60 HAMPDEN RD ARTARMON RLWY STN, ARTARMON"
02945707X2,0294578723,"0 PACIFIC HWY MT KURING-GAI RWS, MOUNT KURING-GAI"
02677255X2,0267721054,"194 CANAMBE ST CNR ENID ST, ARMIDALE"
02457713X2,0245773732,"1 MULGRAVE RD MULGRAVE RLWY STN, MULGRAVE"
08834014X2,0883402963,"462 PORT RD EAST OF LINDEN ST, WEST HINDMARSH"
08844710X2,0884474121,"30 TAPLEYS HILL RD NR POPLAR ST, ROYAL PARK"
08834036X2,0883403018,"316 TORRENS RD W BOOMERANG RD, CROYDON PARK"
08826800X2,0882681765,"173 HANSON RD NR HAMILTON ST, ATHOL PARK"
08856820X2,0885682324,"57 MELROSE ST O/S POST OFFICE, MT PLEASANT"
08835606X2,0883565321,"530 GRANGE RD O/S SUPERMARKET, HENLEY BEACH"
08835621X2,0883567765,"43 HENLEY BEACH RD , HENLEY BEACH SOUTH"
08829720X2,0882975898,"428 MARION RD NR GLENGYLE AVE, PLYMPTON"
02637944X2,0263794440,"1 CALLAGHAN ST NR MEAD ST, CLANDULLA"
02972632X2,0297265645,"59 SMART ST CNR NELSON ST, FAIRFIELD"
08937812X2,0893782261,"260 MORLEY DRV , EDEN HILL"
02444161X2,0244416480,"0 TOMERONG ST NR COMMUNITY CNTR, HUSKISSON"
07325711X2,0732574902,"256 WICKHAM ST , FORTITUDE VALLEY"
07325285X2,0732521401,"377 ST PAULS TCE , FORTITUDE VALLEY"
08827713X2,0882776365,"15 WALTER AVE O/S COOINDA COURT, MITCHELL PARK"
02635302X2,0263531367,"285 MAIN ST NR CUPRO ST, LITHGOW"
02633221X2,0263321144,"267 STEWART ST NR BLANDFORD ST, BATHURST"
02941200X2,0294121432,"440 VICTORIA AVE CNR RAILWAY ST, CHATSWOOD"
02958423X2,0295842967,"260 BELMORE RD IN COLRIDGE ST, RIVERWOOD"
03982205X2,0398223499,"1387 HIGH ST CNR TOORONGA RD, GLEN IRIS"
07412900X2,0741292526,"27 MAYNE ST NR BRIDGE ST, TIARO"
07415351X2,0741534689,"37 FAIRYMEAD RD CNR DOWLING STREET, BUNDABERG SOUTH"
07497450X2,0749745108,"19 BLOMFIELD ST , MIRIAM VALE"
07497495X2,0749749452,"7 AGNES ST OS MANGO TREE MOTL, AGNES WATER"
02472137X2,0247212493,"317 HIGH ST PENRITH POLICE STA, PENRITH"
08998014X2,0899801031,"62 MAIN ST CNR HIGH ST, MEEKATHARRA"
08998015X2,0899801196,"86 MAIN ST NR SAVAGE ST, MEEKATHARRA"
08998125Y2,NONE,"78 WINDIDDA STN 200KM EAST WILUNA, LAKE CARNGIE"
07478660X2,0747866712,"36 WILLIAM ST SW OF HERBERT ST, BOWEN"
07408860X2,0740886274,"46 PORTER PRM N CNR CAMPBELL ST, MISSION BEACH"
02433403X1,0243343337,"12 BAY VILLAGE RD BATEAU BAY SQ NENT, BATEAU BAY"
02433401X1,0243343053,"12 BAY VILLAGE RD BATEAU BAY SQ TAXI, BATEAU BAY"
02972624X2,0297261756,"1 GRANVILLE ST NR STATION ST, FAIRFIELD HEIGHTS"
02972631X2,0297265232,"54 TANGERINE ST NR MACARTHUR ST, FAIRFIELD EAST"
02972434X2,0297246570,"189 THE BOULEVARDE  NR STATION ST, FAIRFIELD HEIGHTS"
02438114X2,0243811263,"100 MARINE PDE O/S SLSC CLUB, MACMASTERS BEACH"
02936537X2,0293655151,"3 BEACH RD NR CAMPBELL PDE, BONDI BEACH"
02913004X2,0291308627,"88 CAMPBELL PDE , BONDI BEACH"
02955532X2,0295558770,"80 DARLING ST NR UNION ST, BALMAIN EAST"
07477608X2,0747761491,"20 FRANCIS ST SE OF BRUCE HWY, INGHAM"
08864215X2,0886422254,"14 EYRE HWY NR MILDRED ST, PORT AUGUSTA WEST"
08864102X1,0886411031,"59 GARDINER AVE SHORELINE CVAN PK, PORT AUGUSTA WEST"
02668970X1,0266897502,"161 LINK RD NR KYOGIE RD, WADEVILLE"
02655108X2,0265510107,"1 STOKES CCT NR COWPER ST, TAREE"
08903766X2,0890376315,"64 TOWER ST POST OFFICE, LEONORA"
08903760X2,0890376031,"64 TOWER ST POST OFFICE, LEONORA"
07553829X1,0755385981,"3400 SURFERS PARADISE BLV SUN CITY RESORT, SURFERS PARADISE"
08882303X2,0888233762,"1 BAYVIEW PDE CNR CLAYTON, NORTH BEACH"
08897108X2,0889710613,"11 VICTORIA HWY BESIDE ALFIES T/A, KTHRNE S"
02962105X2,0296211495,"17 FLUSHCOMBE RD NR WESTFIELD PL, BLACKTOWN"
08925001X1,0892501067,"SHP 25 307 GREAT EASTERN HWY CENTREPOINT SHOPPI, MIDLAND"
08927916X2,0892798900,"161 ALTONE RD , BEECHBORO"
08919319X2,0891931243,"49 CLARENDON ST , DERBY"
07409652X2,0740965799,"27 ENGLISH ST NEAR WILLIAM ST, MALANDA"
03623900X2,0362391154,"6 STEPHENSON PL , FERN TREE"
07552391X2,0755239562,"112 MINJUNGBAL DRV TWEED HUB SC, TWEED HEADS SOUTH"
07559951X2,0755991156,"71 GRIFFITH ST OS STRAND SC, COOLANGATTA"
07463800X2,0746383162,"506 RUTHVEN ST S OF UNION ST, TOOWOOMBA CITY"
08938201X1,0893822198,"3 MONASH AVE PCH RECEPTION, NEDLANDS"
08938105X1,0893819503,"3 MONASH AVE PCH EMERGENCY, NEDLANDS"
02475107X2,0247516027,"PLATFM 2 622 GREAT WESTERN HWY FAULCONBRIDGE RWS, FAULCONBRIDGE"
02475112X2,0247516026,"179 MACQUARIE RD SPRINGWOOD RWS, SPRINGWOOD"
02473108X2,0247312912,"PLATFM 3 1 BELMORE ST PENRITH RLWY STN, PENRITH"
02473505X2,0247352023,"PLATFM 2 2 RAILWAY RW EMU PLAINS RWS, EMU PLAINS"
02983301X2,0298331232,"CNCRSE  1 STATION ST ST MARYS RLWY STN, ST MARYS"
02428548X2,0242851128,"0 MONTAGUE ST FAIRY MEADOW RWS, FAIRY MEADOW"
02428509X1,0242851776,"1 TOWRADGI RD TOWRADGI RLWY STN, TOWRADGI"
02426218X2,0242621458,"1 STATION ST DAPTO RLWY STN, DAPTO"
02423316X2,0242331002,"0 RAILWAY PDE KIAMA RLWY STN, KIAMA"
02426822X2,0242681231,"1 RAILWAY AVE SCARBOROUGH RWS, SCARBOROUGH"
02426220X2,0242622301,"0 WEST DAPTO RD KEMBLA GRANGE RWS, KEMBLA GRANGE"
02427202X1,0242721440,"PLATFM 2 0 BERKELEY RD UNANDERRA RLWY STN, UNANDERRA"
03588750X2,0358875003,"63 TALLOW ST OS POST OFFICE, MOULAMEIN"
03577890X2,0357789568,"8223 MAROONDAH HWY OS GEN STORE & PO, MERTON"
03502633X2,0350263900,"27 MURRAY TCE RIVERFRONT C/V PK, EUSTON"
02974202X2,0297425598,"132 WALLIS AVE NR LIVERPOOL RD, STRATHFIELD"
03596810X2,0359681200,"83 MAIN ST , GEMBROOK"
03938783X2,0393872520,"34 GRANTHAM ST BRUNSWICK STH PO, BRUNSWICK WEST"
08895680Y9,0889568780,"0 NYIRRIPI COMM EAST CAMP, NYIRRIPI"
07406211X2,0740621171,"28 ST GEORGE ST OP COUNCIL CHAMBER, GEORGETOWN"
02625501X2,0262549037,"16 HOLT PL OS HOLT SHOPS, HOLT"
02636106X1,0263613771,"1530 FOREST RD ORANGE HOSPITAL, ORANGE"
02675101X2,0267511291,"70 BALO ST NR PEDESTRIAN XING, MOREE"
07497205X2,0749726416,"81 GOONDOON ST CTL NR ROSEBERY ST, GLADSTONE CENTRAL"
07497508X2,0749750204,"48814 BRUCE HWY O/S BOYNE RVR CVAN, BENARABY"
08992330X1,0899233395,"33 GORDON GARRETT DRV AIRPORT TERMINAL, MOONYOONOOKA"
02991810X2,0299183287,"1 THE SERPENTINE  O/S SURF CLUB, BILG BH"
02462839X2,0246283725,"45 WOODHOUSE DRV OS SHOPPING CENTRE, AMBARVALE"
02936942X2,0293864698,"7 BRONTE RD NR SPRING ST, BONDI JUNCTION"
02665105X1,0266513701,"429 PACIFIC HWY BANANACOAST CARAVA, COFFS HARBOUR"
02655411X2,0265541402,"14 NABIAC ST OS TENNIS COURTS, NABIAC"
02654821X2,0265482484,"150 BETTINGTON ST O/S MERRIWA C/V PK, MUSWELLBROOK"
02657910X2,0265791005,"9 SINGLETON ST NR HOWE ST, BROKE"
02657305X2,0265731370,"2 WILCOX AVE NR BLAXLAND AVE, SINGLETON HEIGHTS"
02654310X7,0265431535,"2 MARKET ST MUSWELLBROOK RWS, MUSWELLBROOK"
02654311X7,0265431810,"188 SYDNEY RD CNR WOLLOMBI, MUSWELLBROOK"
02654513X2,0265451610,"24 STAFFORD ST NR LIVERPOOL ST, SCONE"
02654503X2,0265450376,"33 NEW ENGLAND HWY NR CNR STIRLING ST, WINGEN"
02674713X7,0267471305,"24 NEW ENGLAND HWY NEAR CADELL ST, WILLOW TREE"
02674317X2,0267431794,"76 OXLEY HWY NR DAVID ST, CARROLL"
02676970X2,0267697541,"1 OXLEY HWY NR GRANT ST, SOMERTON"
02676508X2,0267658723,"6 THIBAULT ST GOONOO GOONOO RD, SOUTH TAMWORTH"
03948263X2,0394825440,"15 RAILWAY PL DOWNSIDE PLATFORM, FAIRFIELD"
07337600X2,0733767987,"34 GOGGS RD NR HOMEBASE, JINDALEE"
07544931X9,0754492941,"13 HASTINGS ST SEAHAVEN BEACHFRNT, NOOSA HEADS"
07549127X2,0754917486,"55 BULCOCK ST CALOUNDRA CITY CTE, CALOUNDRA"
07549131X2,0754917615,"1 ORMUZ AVE CALOUNDRA VLGE S/C, CALOUNDRA"
07549115X2,0754917198,"8 SEAVIEW TCE NEAR MOFFAT BEACH, MOFFAT BEACH"
07544567X2,0754456180,"67 BURNETT ST NEAR BUDERIM FEST, BUDERIM"
07547820X2,0754782095,"63 KARAWATHA ST THE MEADOWS S/C, BUDERIM"
07547806X2,0754780226,"11 MOOLOOLABA ESP LANDMARK RESORT, MOOLOOLABA"
07547815X1,0754781447,"125 PARKYN PDE THE WHARF MARINA, MOOLOOLABA"
07474307X2,0747438292,"193 LITTLE WEST ST OS RIVERSIDE C/V P, WINSTON"
07477308X2,0747736680,"2 THURINGOWA DRV NR SHOPPING CTE, THURINGOWA CENTRAL"
07477301X2,0747731491,"365 CHARLES ST O/S PARKSIDE PLAZA, KIRWAN"
07477300X2,0747731341,"32 BAMFORD LA O/S MT VIEW PLAZA, KIRWAN"
07477947X2,0747797292,"S/C  322 FULHAM RD NR HEATLEY FAIR, HEATLEY"
07474821X2,0747482126,"LOT 5 0 BARKLY ST O/S CAMOOWEAL EXCH, CAMOOWEAL"
08894542X1,0889459410,"0 BURNETT RD LORRAINE BRENNAN, TIWI"
02997519X2,0299756710,"2 FOREST WAY FORESTWAY SHOPPING, FRENCHS FOREST"
02665371X1,0266537013,"2 MOONEE BEACH RD , MOONEE BEACH"
02494313X2,0249437810,"2 SYDNEY ST NR PACIFIC HWY, GATESHEAD"
07544170X1,0754760169,"89 COES CREEK RD NR IGA STORE, BURNSIDE"
07547632X2,0754763274,"1251 NAMBOUR CONNECTION RD O/S SERVICE STN, KULANGOOR"
07544572X2,0754457504,"34 FLAXTON DRV OS IGA & SERVO, MAPLETON"
07544290X2,0754429101,"170 MAIN ST NR RAZORBACK RD, MONTVILLE"
07547607X2,0754760174,"49 CORONATION AVE NR DONALDSON RD, NAMBOUR"
07544118X2,0754412298,"11 COURT RD NR REILLY RD, NAMBOUR"
07547609X2,0754760179,"55 CURRIE ST NR LOWE ST, NAMBOUR"
07547603X7,0754760119,"131 CURRIE ST NR MAUD ST, NAMBOUR"
07544126X2,0754416438,"38 DOOLAN ST OS DISTRICT CARE, NAMBOUR"
02993825X2,0299383231,"119 HARBORD RD , FRESHWATER"
02464802X1,0246484906,"11 MAIN ST I/S MT ANNAN S/C, MOUNT ANNAN"
02673210X2,0267321232,"110 MEADE ST GLEN INNES EXCH, GLEN INNES"
07386802X2,0738681325,"800 KINGSFORD SMITH DRV , EAGLE FARM"
07549717X2,0754971309,"16 KENNEDY ST KILCOY EXCHANGE, KILCOY"
08824303X1,0882431914,"470 TORRENS RD ARMADA ARNDALE, KILKENNY"
03623107X2,0362285867,"112 AUGUSTA RD , LENAH VALLEY"
03937077X2,0393704467,"466 MT ALEXANDER RD , ASCOT VALE"
03934713X1,0393479407,"481 RATHDOWNE ST , CARLTON"
08852211X2,0885221709,"1 WHITAKER ST CNR RICE AVE, GAWLER SOUTH"
08868790X2,0886879124,"39 BEACH TCE CNR LITTLE BAY RD, ELLISTON"
08868792X2,0886879185,"1 FLINDERS HWY NR SILO RD, ELLISTON"
08862561X8,0886256122,"18 MAIN ST INS CARAVAN PARK, FOWLERS BAY"
08862560X8,0886256023,"18 MAIN ST INS CARAVAN PARK, FOWLERS BAY"
08866260X2,0886626258,"16 RAILWAY TCE NR FYFE ST, GULNARE"
08858320X2,0885832024,"14 ANDERSON TCE CRN STREETER AVE, GLOSSOP"
08852820X2,0885282124,"10 GILBERT ST CRN LIGHT ST, HAMLEY BRIDGE"
03988825X2,0398881730,"PLATFM 2 45 MILLER CRS MT WAVERLEY RWS, MT WAVERLEY"
02677108X1,0267712083,"195 BEARDY ST ARMIDALE PLAZA, ARMIDALE"
08895672Y7,0889567502,"0 PIPALYATJARA COMM  , NGNJRA-GLS"
08897906Y1,NONE,"0 MALGAWA OUTSTATION  , WEST ARNHEM"
02433413X1,0243343341,"1 KOONGARA ST I/S HOLIDAY PARK, TOOWOON BAY"
02495550X2,0249555104,"26 BLUEGUM RD NR BUS STOP, JESMOND"
02602731X2,0260273202,"56 KIEWA RD O/S POST OFFICE, TNGMBLNGA"
03988208X2,0398823690,"2 VICTORIA RD O/S RAIL STN, HAWTHORN EAST"
03954608X2,0395463237,"29 MYRTLE ST NR CRN HOSKEN ST, SPRINGVALE SOUTH"
03596480X2,0359648201,"1940 HEALESVILLE KOO WEE RUP RD O/S EXCHANGE, YELLINGBO"
03959608X2,0395968670,"0 WARLEIGH GR NTH BRIGHTON RWS, BRIGHTON"
03575442X1,0357544302,"2 KIEWA CRS O/S POST OFFICE, MT BEAUTY"
03548770X2,0354877288,"2614 MURRAY VALLEY HWY OPP HOTEL/MOTEL, TORRUMBARRY"
03587450X2,0358745200,"59 MURRAY VALLEY HWY NR POST OFFICE, STRATHMERTON"
03582431X1,0358243348,"84 HOGAN ST NR HOGAN FRASER, TATURA"
08826021X2,0882603598,"2 BRANSON AVE NR HAMPSTEAD RD, CLEARVIEW"
08826118X2,0882614765,"19 WAYS RD OPP ROSSLYN AVE, HAMPSTEAD GARDENS"
08836902X2,0883690315,"69 SIR ROSS SMITH BLV NR KEW DVE, OAKDEN"
08839505X2,0883954319,"1055 NORTH EAST RD NW SHEPHERD ST, RIDGEHAVEN"
08826401X2,0882642054,"552 MILNE RD ADJ REDWOOD PLAZA, REDWOOD PARK"
08833224X2,0883327054,"304 MAGILL RD NR GURRS RD, BEULAH PARK"
08827214X2,0882722109,"1 DEVON ST NR LEADER ST, GOODWOOD"
08837008X2,0883705769,"0 BLACK RD CNR OAKRIDGE RD, ABERFOYLE PARK"
08832207X2,0883222975,"65 PIMPALA RD ADJ SHOPS, OLD REYNELLA"
08832604X2,0883262570,"35 MELSETTER RD NR LINDISFARNE RD, HUNTFIELD HEIGHTS"
08873843X2,0887384367,"15 LEAKE ST ADJ TOURIST INFO, NELSON"
08858370Y2,0885837389,"1 KARPANY ST GERARD COUNCIL, GERARD"
03954305X1,0395436932,"917 PRINCES HWY SPRINGVALE HOMEMAK, SPRINGVALE"
08940700X1,0894078954,"36 OCEAN KEYS BLV OCEAN KEYS SHOPPIN, CLARKSON"
03525705X2,0352573082,"311 THE ESPLANADE  , INDENTED HEAD"
07557684X1,0755768156,"149 WEST BURLEIGH RD STOCKLAND BURLEIGH, BURLEIGH WATERS"
08863311X2,0886332760,"15 GOODE RD OPP EIGHTH ST, PORT PIRIE"
08863308X2,0886332750,"115 SENATE RD , PORT PIRIE"
08863325X2,0886332789,"343 THE TERRACE  , PORT PIRIE SOUTH"
08863322X2,0886332739,"134 THREE CHAIN RD NR ESMOND RD, PORT PIRIE SOUTH"
03629830X2,0362983121,"142 LUNE RIVER RD , LUNE RIVER"
07405400X1,0740546367,"537 MULGRAVE RD STOCKL OS NRTH ENT, EARLVILLE"
07403360X1,0740336870,"537 MULGRAVE RD STOCKL OS NTH ENT, EARLVILLE"
08834030X2,0883402989,"LOT 298 0 HINDMARSH AVE O/S PARK, WEST HINDMARSH"
02488340X2,0248834241,"LOT 22 0 MIDDLE RD CNR EXETER RD, EXETER"
02436004X2,0243601049,"48 WAGSTAFF AVE , WAGSTAFFE"
02962313X2,0296231051,"BLDG G 12 O'CONNELL ST WSI NEPEAN COLLEGE, KINGSWOOD"
08935649X2,0893561909,"193 HILLVIEW TCE , BENTLEY"
02446501X2,0244651514,"151 MOSS VALE RD , KANGAROO VALLEY"
07495200X2,0749524317,"46 MAIN ST N OF TEMPLES LANE, BAKERS CREEK"
07495952X2,0749595105,"2 GORMAN ST CNR CONTOR DVE, BAKERS CREEK"
02445713X2,0244571101,"0 MURRAMARANG RD NR MERRY ST, KIOLOA"
07412906X2,0741292270,"17 BAUPLE  E DRV OPP FORESTRY RD, BAUPLE"
07415332X2,0741533941,"10 CRAWFORD ST CNR SIMS RD, WALKERVALE"
07415348X2,0741534732,"72 PRINCESS ST S OF BUNDA ST, BUNDABERG EAST"
07416402X2,0741646100,"E RD  1 POOL ST NR COOMBA WATERHOL, MAIDENWELL"
07412310X2,0741234030,"40 SALTWATER CREEK RD N OF WOODSTOCK ST, MARYBOROUGH"
07416813X2,0741685579,"35 HIGH ST CNR MAIN ST, TINGOORA"
07412505X2,0741253452,"12 BIDEFORD ST S OF CAMPBELL ST, TORQUAY"
07412806X2,0741289201,"18 DAYMAN ST CNR PULGUL ST, URANGAN"
07412506X2,0741253502,"431 CHARLTON ESP W OF FRASER ST, TORQUAY"
07412444X2,0741249784,"414 ESPLANADE  E OF TAVISTOCK ST, TORQUAY"
07412804X2,0741289102,"566 CHARLTON ESP E OF ELIZABETH ST, URANGAN"
07548461X2,0754846205,"12 THEEBINE RD OPP HOTEL, THEEBINE"
07495619X2,0749561801,"16 MELBA ST S OF MILLSOM LN, ARMSTRONG BEACH"
07495900X7,0749590260,"8 MILKINS ST CNR OLIVER ST, BALL BAY"
07495490X2,0749549411,"19 BOURKE ST N OF BELBIN ST, BLACKS BEACH"
07494757X2,0749475718,"8511 BRUCE HWY OPP PETROL STN, BLOOMSBURY"
07462591X2,0746259118,"22 PINE ST NR BOOLIGA ST, THALLON"
07465536X2,0746553270,"42 POWELL ST CNR STAFFORD ST, THARGOMINDAH"
07468320X2,0746832568,"109 GRANITE BELT DRV NR TEALE RD, THE SUMMIT"
07463907X2,0746393506,"128 BRIDGE ST E OF HUME ST, EAST TOOWOOMBA"
07463954X2,0746393508,"106 CAMPBELL ST W OF HUME ST, TOOWOOMBA CITY"
07463914X2,0746393523,"123 MARGARET ST W OF HUME STERS, TOOWOOMBA CITY"
07463921X2,0746393541,"148 MARGARET ST W OF NEIL ST, TOOWOOMBA CITY"
07463934X2,0746393592,"202 MARGARET ST E OF RUTHVEN, TOOWOOMBA CITY"
07463943X2,0746393551,"6 NORWOOD ST W OF GOWRIE ST, TOOWOOMBA CITY"
07463966X2,0746393582,"135 RUSSELL ST W OF RENS ST PR, TOOWOOMBA CITY"
02973608X2,0297363728,"144 MAJORS BAY RD CNR DAVIDSON AVE, CONCORD"
02633202X2,0263321119,"NR WALL 212 HOWICK ST O/S ACROPOLE REST, BATHURST"
02633734X7,0263373440,"17 CHRISIE ST NR NELSON ST, RAGLAN"
02636551X2,0263655241,"12 SEATON ST NR POST OFFICE, SPRING HILL"
02931071X2,0293105809,"210 CHALMERS ST CNR CLEVELAND ST, SURRY HILLS"
02936108X2,0293610081,"162 FLINDERS ST ADJ CAPTAIN COOK, SURRY HILLS"
02983134X2,0298313461,"180 RESERVOIR RD PENNY PLACE, ARNDELL PARK"
02983709X2,0298372594,"9 YARRAMUNDI DRV NR HOYLE DRV, DEAN PARK"
02882400X1,0288244518,"LOT 5001 60 GLENWOOD PARK DRV SHOPPING CENTRE, GLENWOOD"
08975811X7,0897581902,"167 ALBANY TCE RIVER FRONT, AUGUSTA"
08988411X2,0898841500,"18 WATTS RD O/S SHIRE HALL, WANDERING"
08988116X2,0898816390,"129 CLAYTON RD CNR FLOYED ST, NARROGIN"
08988102X2,0898814093,"77 KIPLING ST CNR DALE ST, NARROGIN"
08988105X2,0898814101,"7 ENSIGN ST O/S COLES, NARROGIN"
08982122X2,0898212334,"89 CLIVE ST I/S SHIRE CARPARK, KATANNING"
08982141X2,0898214147,"134 CLIVE ST O/S WOOLIES, KATANNING"
08982123X2,0898212300,"134 CLIVE ST O/S WOOLIES, KATANNING"
08982121X2,0898212412,"21 KOBEELYA AVE NR HOSPITAL, KATANNING"
08984720X2,0898472017,"20 WELLSTEAD ST O/S STORE, WELLSTEAD"
08984128X2,0898416486,"34 WELLINGTON ST MT MELVILLE C/PARK, CENTENNIAL PARK"
02664770X2,0266477300,"29 RUTLAND ST , LAWRENCE"
02676630X2,0267669341,"23 FITZROY ST NR PEEL ST, TAMWORTH"
02676890X2,0267689104,"4 DAVIS ST OPP BOLTON ST, CURRABUBULA"
02676875X2,0267687406,"1 KURRARA ST CNR SINGLE ST, WERRIS CREEK"
02676150X2,0267615126,"2 EVANS ST CNR GUNNEDAH RD, TAMWORTH"
08823104X2,0882311781,"64 GOUGER ST MARKET PLAZA NEAR, ADELAIDE"
08823201X2,0882320514,"60 PULTENEY ST W OF PULTENEY ST, ADELAIDE"
08821223X2,0882120568,"302 KING WILLIAM ST SEAST OF ANGAS ST, ADELAIDE"
08841036X2,0884104361,"2 HOCKING PL NR MORPHETT ST, ADELAIDE"
08834701X2,0883472762,"22 KATEENA ST NR BIRRALEE ST, REGENCY PARK"
08825821X2,0882584965,"0 BAGSTER RD ADJ SKATE PARK, SALISBURY NORTH"
08834021X2,0883402973,"49 TORRENS RD S OF DRAYTON ST, BOWDEN"
08834024X2,0883402976,"42 SECOND ST LOT 167 NEAR, BROMPTON"
08825508X1,0882553165,"213 YORKTOWN RD CRAIGMORE S/C, CRAIGMORE"
08825202X2,0882528726,"10 PLAYFORD BLV O/S CIVIC CENTRE, ELIZABETH"
02488500X2,0248851200,"77 HODDLE ST NR MERYLA ST, ROBERTSON"
02634710X2,0263471309,"17 SECOND ST OPP POST OFFICE, QUANDIALLA"
02604102X2,0260411846,"40 LINCOLN CSEWY O/S GATEWAY TOURIS, GATEWAY ISLAND"
08927714X2,0894796090,"225 BELMONT AVE OS BELMONT SC, CLOVERDALE"
08855820X2,0885582024,"106 MAIN ST OS SHP CTE CARPARK, YANKALILLA"
02913001X2,0291308184,"152 CAMPBELL PDE , BONDI BEACH"
02936547X2,0293657025,"178 CAMPBELL PDE HOTEL BONDI, BONDI BEACH"
02955217X2,0295522490,"0 SCIENCE RD SYDNEY UNI  OS PO, CAMPERDOWN"
03988902X2,0398896090,"1164 TOORAK RD , CAMBERWELL"
07465717X2,0746571237,"31 WERNA ST NR VINDEX ST, WINTON"
07463926X2,0746393553,"292 RUTHVEN ST N OF CAMPBELL ST, TOOWOOMBA CITY"
07463936X2,0746393671,"320 RUTHVEN ST N OF HODGSON ST, TOOWOOMBA CITY"
07463918X2,0746393538,"531 RUTHVEN ST S OF LITTLE ST, TOOWOOMBA CITY"
07463957X2,0746393574,"26 STUART ST S OF GARVEY ST, MOUNT LOFTY"
07463908X2,0746393512,"121 STUART ST S OF ALFORD ST, NORTH TOOWOOMBA"
07463955X2,0746393507,"17 TAYLOR ST W OF PRICE LN, TOOWOOMBA CITY"
07462341X2,0746234148,"23 CHADFORD ST N OF COLLEGE ST, WALLUMBILLA"
07466811X2,0746681105,"25 WARREGO HWY E OF RAFF ST, WARRA"
07466139X2,0746614855,"18 KINGSFORD ST CNR ALBION ST, WARWICK"
07466123X2,0746611902,"98 GRAFTON ST E OF PALMERIN ST, WARWICK"
07466121X2,0746612784,"108 HORSMAN RD CNR WARRIENBAH ST, WARWICK"
07466117X2,0746612837,"56 LOCKE ST E OF WILLIAM ST, WARWICK"
07466107X2,0746612548,"8 LYONS ST NR BROSNAN CRES, WARWICK"
07466122X2,0746612520,"16 MCEVOY ST CNR PRATTEN ST, WARWICK"
07466132X2,0746618451,"18 PALMERIN ST S OF VICTORIA ST, WARWICK"
07462596X7,0746259618,"13188 BARWON HWY N OF WEENGALLON RD, WEENGALLON"
07463416X2,0746343302,"417 BRIDGE ST CNR RICHMOND DRV, WILSONTON"
07463411X2,0746343380,"14 FITZPATRICK ST E OF DRUCE ST, WILSONTON"
07463403X2,0746347019,"21 WINE DRV OPP CHAMPAGNE CRES, WLSNTN HTS"
07465400Y2,0746540256,"25 RAILWAY ST N OF WARREGO ST, WYANDRA"
07462553X2,0746255176,"204 VICTORIA ST NR HUTT ST, ST GEORGE"
07462211X2,0746223401,"35 FOOTT ST W OF DOWNS ST, ROMA"
07462219X2,0746223210,"115 WYNDHAM ST S OF CHRYSTAL ST, ROMA"
02628109X2,0262814632,"20 BRADLEY ST WODEN BUS INTERCHA, PHILLIP"
02943835X2,0294383198,"LVL 3 51 RESERVE RD RNS HOSPITAL, ST LEONARDS"
02665420X2,0266542001,"31 RIVER ST S OF GORDON ST, WOOLGOOLGA"
02668515X2,0266851702,"22 FINGAL ST W OF PARK ST, BRUNSWICK HEADS"
02666214X2,0266622632,"59 JOHNSTON ST E OF HICKEY ST, CASINO"
02656865X2,0265686802,"44 RIVERSIDE DRV N OF WOODBELL ST, NAMBUCCA HEADS"
02677910X2,0267791307,"154 BRADLEY ST O/S POST OFFICE, GUYRA"
03622700X1,0362278152,"165 CHANNEL HWY NR COOLAMON RD, TAROONA"
02926414X2,0292640119,"27 PARK ST PARK REGIS, SYDNEY"
02436308X2,0243693593,"12 VILLAGE RD SHOPPING CENTRE, SARATOGA"
08933201X1,0893323079,"46 BENNINGFIELD RD , BULLCREEK"
08914024X2,0891401639,"8 THROSSELL RD , SOUTH HEDLAND"
02462817X1,0246284021,"177 COPPERFIELD DRV ROSEMEADOW SHOPPIN, ROSEMEADOW"
02628200X2,0262821321,"7 DUFF PL DEAKIN S/C, DEAKIN"
02625722X2,0262573809,"48 DICKSON PL O/S POST OFFICE, DICKSON"
02625721X2,0262573811,"48 DICKSON PL O/S POST OFFICE, DICKSON"
02624104X2,0262411632,"1 GWYDIR SQ KALEEN SHOPS, KALEEN"
02625400X1,0262548271,"18 WANLISS ST O/S LATHAM SHOPS, LATHAM"
02484100X2,0248410200,"0 HIGHLAND WAY NR MEMORIAL DRV, TALLONG"
02482214X2,0248222952,"41 ELEANOR ST CNR PARK RD, GOULBURN"
02645426X2,0264542424,"11 DENISON ST POST OFFICE, ADAMINABY"
02645800X1,0264580395,"OPP 214 213 BONANG RD BONANG HALL, BONANG"
02442320X2,0244230570,"115 CAMBEWARRA RD OS SWIMMING POOL, BOMADERRY"
02447110X2,0244711006,"1 KUPPA AVE NR GEORGE BASS DVE, MALUA BAY"
02429401X2,0242941254,"0 LAWRENCE HARGRAVE DRV OPP STATION ST, STANWELL PARK"
02429414X2,0242942357,"222 LAWRENCE HARGRAVE DRV RAILWAY STATION, COALCLIFF"
02426804X2,0242681497,"2 YOUNG ST LAWRENCE HARGRAVE, COLEDALE"
02428530X2,0242852034,"226 PRINCES HWY IN MEMORIAL PK, CORRIMAL"
02426216X2,0242621325,"1 MARSHALL ST CNR BONG BONG DVE, DAPTO"
02439911X2,0243991089,"3 BUDGEWOI CRCLE OS SHOPS, BUDGEWOI"
02664335X2,0266431701,"194 TURF ST CNR ARTHUR ST, GRAFTON"
03536860X2,0353686550,"21 MARTIN ST , BLACKWOOD"
03622400X1,0362240010,"2 CHURCHILL AVE UNIVERSITY OF TASM, SANDY BAY"
03622304X1,0362232463,"2 CHURCHILL AVE UNIVERSITY OF TASM, SANDY BAY"
08919177Y2,0891917026,"3 GIRRIYOOWA COMM 175KM E FITZ CROSS, MUELLER RANGES"
08826805X2,0882684254,"26 WOODVILLE RD QEH OS MAIN BLDG, WOODVILLE SOUTH"
02457818X2,0245781922,"358 CARRINGTON RD NR MUSCHARRY RD, LONDONDERRY"
08916870Y1,0891687345,"0 PURNULULU NAT PK(BUNGLE  , PRNLULU"
02992320X2,0299232565,"64 CLARK RD NEAR KURRABA RD, NEUTRAL BAY"
02682851X2,0268285279,"16 COLLESS ST IN VILLAGE, COME BY CHANCE"
03598903X2,0359890300,"53 COOK ST CNR NORMAN ST, FLINDERS"
03562205X2,0356223515,"52 LATROBE ST CNR RUSH ST, WARRAGUL"
02496220X1,0249622973,"LOT 202 0 STATION ST BERESFORD ST ENTRN, WICKHAM"
02674205X2,0267424331,"179 CONADILLY ST W OF MARQUIS ST, GUNNEDAH"
02674227X2,0267425173,"144 CONADILLY ST CNR CHANDOS ST, GUNNEDAH"
02963011X2,0296300780,"5 FLEET ST HOSPITAL WARATAH, NORTH PARRAMATTA"
02983218X2,0298323903,"LVL 2 75 RAILWAY ST HOSPITAL WARD 2A, MOUNT DRUITT"
07406118X2,0740617037,"40 ASH ST W OF PALMERSTON DR, GNDI BND"
07405632X2,0740566901,"46 RIVERSTONE RD S OF MOLLER ST, GORDONVALE"
07406931X2,0740693295,"0 LUI ST E OF SAGAUKAZ ST, BAMAGA"
07405460X2,0740546037,"5 WINDARRA ST S OF JEAN CL, WOREE"
07409326X2,0740932618,"21 BILWON RD N OF MCGRATH RD, BIBOOHRA"
07406873X2,0740687255,"1 BE AMBA ST CNR BINGIL BAY RD, BINGIL BAY"
07408862X2,0740886351,"1 CUTTEN ST CNR ALEXANDER DRV, BINGIL BAY"
07406741X2,0740674187,"65 EVANS RD S OF INWOOD ST, BRAMSTON BEACH"
07403400X2,0740341091,"3 VIEW ST CNR CHRISTIE DRV, BRINSMEAD"
07404142X2,0740414037,"176 SPENCE ST N OF BUCHAN ST, BUNGALOW"
07404111X2,0740411386,"65 ABBOTT ST CNR SPENCE ST, CAIRNS CTY"
07405133X2,0740519073,"121 ABBOTT ST N OF SHIELDS ST, CAIRNS CTY"
07405137X2,0740519184,"148 ABBOTT ST S OF UPWARD ST, CAIRNS CTY"
03933820X1,0393382370,"8 GLADSTONE PARK DRV GLADSTONE PK SC, GLADSTONE PARK"
08828713X2,0882876791,"1 INNES ST O/S PARKS SHOPS, ELIZABETH PARK"
08844914X2,0884499854,"64 CARLISLE ST CNR CATHERINE ST, ETHELTON"
08826821X2,0882685509,"33 WRIGHT ST NR WARREN ST, FERRYDEN PARK"
08824308X2,0882430101,"36 DAMPIER AVE NR GRANGE RD, FINDON"
08844506X2,0884451165,"18 DRUMMOND AVE NR BALCOMBE AVE, FINDON"
08824402X1,0882448462,"127 FINDON RD CNR BALCOMBE AVE, FINDON"
08826834X2,0882688521,"181 GRANGE RD NR WILLIAM ST, FINDON"
08826904X2,0882692521,"37 PARK TCE NR ROSE ST, GILBERTON"
08826933X2,0882694167,"11 WALKERVILLE TCE ADJ BUCKINGHAM CL, GILBERTON"
08826100X1,0882610067,"11 BLACKS RD ROYAL SOCIETY FOR*, GILLES PLAINS"
08838900X2,0883891024,"6 ALBERT ST POST OFFICE, GUMERACHA"
08838907X2,0883893011,"14 SCOTT ST N  OF HIGH ST, KERSBROOK"
08826941X2,0882695221,"333 CHURCHILL RD NR KITCHNER ST, KILBURN"
08824312X2,0882430309,"45 REGENCY RD NR GOODALL AVE, KILKENNY"
08844916X2,0884499965,"93 WILLS ST W OF FLETCHER RD, LARGS BAY"
08834108X2,0883418360,"TAVERN  564 MILITARY RD OPP WEE WILLIES, LARGS NORTH"
08838909X2,0883896427,"1 MAIN ST NR WOODSIDE RD, LOBETHAL"
08833100X2,0883317462,"147 THE PARADE  NR EDWARD ST, NORWOOD"
08836303X1,0883630004,"114 PAYNEHAM RD STEPNEY P O, STEPNEY"
08836203X2,0883621699,"42 TORRENS ST N RICHMOND ST, COLLEGE PARK"
08836207X2,0883622122,"8 THE PARADE WEST  S LT GRENFELL ST, KENT TOWN"
08836306X2,0883636001,"21 LOWER PORTRUSH RD MARDEN SHOP CNTR, MARDEN"
08852302X1,0885232815,"2 KINGFISHER DRV HEWETT SHOPS, HEWETT"
08835246X2,0883523947,"6 ASHWIN PDE NR JERVOIS ST, TORRENSVILLE"
08835503X2,0883552034,"597 TAPLEYS HILL RD OPP CORAL SEA RD, FULHAM"
02956507X2,0295651298,"99 ERSKINEVILLE RD ERSKINEVILLE RWS, ERSKINEVILLE"
02457230X2,0245723159,"87 ELDON ST VILLAGE CENTRE, PITT TOWN"
02457961X2,0245796200,"444 KURMOND RD NR DOROTHY ST, FREEMANS REACH"
02694472X2,0269447241,"2206 NANGUS RD OS GENERAL STORE, NANGUS"
02484590X2,0248459133,"6112 NERRIGA RD OS OLD POST OFFICE, NERRIGA"
02941627X2,0294169495,"331 PACIFIC HWY LINDFIELD RAILWAY, LINDFIELD"
02941618X2,0294167721,"331 PACIFIC HWY LINDFIELD RAILWAY, LINDFIELD"
07387903X2,0738794186,"199 GARDEN RD NR PROGRESS RD, RICHLANDS"
07337235X2,0733726231,"120 WOOGAROO ST NR FOREST LAKE BLV, FOREST LAKE"
07371100X2,0737116781,"1 LANCEWOOD ST NR RIDGWOOD ST, ALGESTER"
07559841X1,0755984697,"13 GUINEAS CREEK RD THE PINES SHOPPING, ELANORA"
07553460X1,0755346732,"13 GUINEAS CREEK RD THE PINES SHOPPING, ELANORA"
07559236X2,0755923931,"17 VICTORIA AVE OS CAROUSELR, BROADBEACH"
07412323X2,0741234195,"192 LENNOX ST , MARYBOROUGH"
07546734X2,0754673109,"20 O'NIELL RD , WILLOWBANK"
02495915X2,0249594921,"113 THE BOULEVARDE  NR COOK ST, TORONTO"
08927205X2,0892722466,"211 ROSEBERY ST NR WALTER RD, BEDFORD"
02949808X2,0294981832,"741 PACIFIC HWY OS  GORDON PO, GORDON"
07549741X2,0754974895,"0 ENGLISH ST QR ELIMBAH, ELIMBAH"
08927438X2,0892745534,"35 HAMERSLEY ST NR MARGARET ST, MIDLAND"
08838401X2,0883846509,"0 BRODIE RD CNR TROUTBECK CRS, HUNTFIELD HEIGHTS"
08837005X2,0883704053,"4 RIDGWAY DRV NR MEMFORD WAY, FLAGSTAFF HILL"
08838303X2,0883837100,"48 MCLAREN FLAT RD CNR OLD COACH RD, KANGARILLA"
08864803X2,0886484024,"60 ELDER TCE CNR FLINDERS RANGE, HAWKER"
08885342X2,0888534358,"1 PROGRESS RD NR BEACH RD, HARDWICKE BAY"
03937639X2,0393769236,"40 DERBY ST CNR HAMPTON, KENSINGTON"
02623914X2,0262396564,"189 NARRABUNDAH LA LONG STAY CARAVAN, SYMONSTON"
02983212X2,0298322763,"202 MCFARLANE DRV MINCHINBURY S/C, MINCHINBURY"
07474590X2,0747459101,"57 YAPPAR ST , KARUMBA"
07474597X2,0747459237,"57 YAPPAR ST , KARUMBA"
02423307X2,0242377481,"10 JOHNSON ST OPP IGA S/MARKET, KIAMA DOWNS"
02649610X2,0264961306,"4 KIAH STORE RD O/S GENERAL STORE, KIAH"
03515730X2,0351573213,"5068 GREAT ALPINE RD O/S SERV STATION, ENSAY"
07559131X2,0755913834,"93 BRIGHTON PDE , SOUTHPORT"
07499222X2,0749924097,"19 CALLIDE ST NW OF DAWSON HWY, BILOELA"
08853109X2,0885311685,"195 AVOCA DELL DRV AVOCA DELL C/VAN P, AVOCA DELL"
07403630X2,0740363187,"LOT 2 0 SKULL RD WHITE ROCK LEISURE, WHITE ROCK"
07387904X2,0738792134,"237 FOREST LAKE BLV MCDONALD'S, FOREST LAKE"
08833216X2,0883326054,"237 GREENHILL RD , DULWICH"
08843103X1,0884314460,"171 GLYNBURN RD , FIRLE"
08836404X2,0883642541,"21 KENSINGTON RD , NORWOOD"
08843114X2,0884314765,"502 GLYNBURN RD BURNSIDE LPO, BURNSIDE"
08843102X1,0884315630,"166 THE PARADE  , NORWOOD"
08836402X2,0883640301,"14 ST BERNARDS RD UNIVERSITY OD SOUT, MAGILL"
08839506X2,0883954748,"68 RESERVOIR RD C/N CROZIER AVE, MODBURY"
02493308X2,0249334309,"1 SEMPILL ST OS COURT HOUSE, MAITLAND"
08932504X2,0893256160,"0 VICTORIA SQ RPH O/S EMERGENCY, PERTH"
07492229X2,0749222201,"61 EAST ST NR FITZROY ST, ROCKHAMPTON CITY"
07492102X2,0749213785,"118 GEORGE ST NR FITZROY ST, ROCKHAMPTON CITY"
03623109X2,0362788649,"65 ELPHINSTONE RD NR TOORAK AVE, MT STUART"
07404502X1,0740364897,"106 BARNARD DRV OS WALL SHRDN PLZA, MT SHERIDAN"
08873930X2,0887393024,"6 RAILWAY TCE CNR JOHN ST, KALANGADOO"
08855526X2,0885552524,"7 CAPTAIN STURT PDE CNR MADSEN ST, HINDMARSH ISLAND"
02629317X1,0262932759,"210 ANKETELL ST HYPERDOME, GREENWAY"
02629316X1,0262932485,"210 ANKETELL ST HYPERDOME, GREENWAY"
08932838X2,0893288454,"200 LAKE ST , PERTH"
02936531X2,0293655143,"58 BLAIR ST NR GLENAYR ST, NORTH BONDI"
08853620X2,0885362032,"37 COMMERCIAL RD ADJ POST OFFICE, STRATHALBYN"
08823111X2,0882319161,"79 WAYMOUTH ST , ADELAIDE"
03596660X2,0359666200,"585 YARRA JUNCTION-NOOJEE RD , GLADYSDALE"
07469210X2,0746921101,"18 MARGARET ST S OF BISMARCK ST, MACLAGAN"
02972616X2,0297261065,"82 THE HORSLEY DRV NR LAUREL ST, CARRAMAR"
02998132X2,0299813654,"54 DEE WHY RD NEAR AVON RD, DEE WHY"
03958908X2,0395896026,"344 BALCOMBE RD OS SHOPS, BEAUMARIS"
02492500X1,0249252481,"23 STEEL ST MARKET TOWN S/C, NEWCASTLE WEST"
03645204X2,0364522390,"100 NELSON ST , SMITHTON"
08823404X2,0883521074,"34 PARKER ST NR HENLEY BEACH RD, MILE END"
08832501X2,0883250397,"112 BAINS RD NR STATES RD, MORPHETT VALE"
08835801X2,0883580254,"1 MARLBOROUGH ST AD 515 BRIGHTON RD, BRIGHTON"
08837304X2,0883733414,"103 FISHER ST SW OF HIGHGATE ST, FULLARTON"
08837607X2,0883760673,"2 NILE ST NR COLES CARPARK, GLENELG"
08837015X2,0883706586,"130 HUB DRV HUB SHOPPING CNTR, ABERFOYLE PARK"
08855632X2,0885563087,"87 ESPLANADE ESP NR POST OFFICE, SELLICKS BEACH"
08853701X2,0885370224,"3 BAYVIEW RD OPP SHOPS, CLAYTON BAY"
08864901X2,0886493024,"60 FLINDERS AVE O/S ONE STOP SHOPS, WHYALLA STUART"
08864506X1,0886459309,"199 NICOLSON AVE OS POST OFFICE, WHYALLA NORRIE"
08864509X1,0886452183,"LOT 105 0 BROADBENT TCE FORESHORE CVAN PK, WHYALLA"
08868540X2,0886854278,"149 THE ESPLANADE  NR HAWSON ST, COFFIN BAY"
08862970X1,0886292465,"2 ESPLANADE  FORESHORE CRVN PK, COWELL"
08863620X2,0886362024,"26 GADD AVE NR LYON ST, CRYSTAL BROOK"
08866240X2,0886624098,"25 FISHER ST OS POST OFFICE, GEORGETOWN"
08866220X2,0886622100,"50 GLADSTONE ST OS POST OFFICE, GLADSTONE"
08866400X2,0886641392,"11 MANNANARIE RD NR COLLINS ST, JAMESTOWN"
08862721X2,0886272124,"41 HIGH ST , KIMBA"
08866320X2,0886632321,"23 HERBERT ST POST OFFICE, LAURA"
08868910X2,0886891024,"6 TODD HWY NR HOTEL, LOCK"
03974303X2,0397434767,"0 WEST MELTON DRV NR ARGYLL CCT, MELTON WEST"
02678512X2,0267851602,"72 ARTHUR ST MANILLA CENTRAL SC, MANILLA"
03930700X2,0393071273,"82 BULLA RD O/S SERVICE STN, BULLA"
07554631X2,0755463309,"117 ALBERT ST NR WHARF ST, LOGAN VILLAGE"
03546502X2,0354653103,"124 HIGH ST AVOCA EXCH, AVOCA"
07404169X2,0740416830,"194 GRAFTON ST N OF MINNIE ST, CAIRNS CTY"
07405117X2,0740516720,"88 LAKE ST S OF SHIELDS ST, CAIRNS CTY"
07404134X2,0740413480,"34 MCLEOD ST S OF SHIELDS ST, CAIRNS CTY"
07405157X2,0740518320,"302 SHERIDAN ST N OF JAMES ST, CAIRNS NORTH"
07403129X2,0740311847,"66 SHIELDS ST CNR SHERIDAN ST, CAIRNS CTY"
07405111X2,0740515720,"66 SPENCE ST S OF SHERIDAN ST, CAIRNS CTY"
07405801X2,0740581649,"38 LAKE PLACID RD CNR IMPEY ST, CARAVONICA"
07405534X2,0740553835,"55 ENDEAVOUR RD NR C/COOK HWY, CLIFTON BEACH"
07406871X2,0740687108,"JETTY  119 ALEXANDER DRV NR PERRY HARVEY, MISSION BEACH"
07406954X2,0740695401,"852 ENDEAVOUR VALLEY RD OPP STARKE ST, COOKTOWN"
07406103X2,0740616419,"44 EDITH ST E OF OWEN ST, INNISFAIL"
07406113X2,0740617031,"21 ERNEST ST S OF LILY ST, INNISFAIL"
07406120X2,0740617040,"125 ERNEST ST N OF PARK ST, INNISFAIL"
07406851X2,0740685105,"18 CHAUVEL ST N OF MONASH ST, EL ARISH"
07405633X2,0740566097,"11 FIXTER RD S OF ANDREWS ST, ALOOMBA"
07409143X2,0740914423,"2 HERBERTON RD S OF ROBERT ST, ATHERTON"
07409145X2,0740914473,"2 LODER ST E OF HEBERTON RD, ATHERTON"
07409144X2,0740914425,"24 MAIN ST S OF JACK ST, ATHERTON"
07409147X2,0740914532,"17 VERNON ST W OF MABEL ST, ATHERTON"
07406712X2,0740671306,"181 MUNRO ST W OF MARTIN ST, BABINDA"
07409810X2,0740981206,"57 BOUGAINVILLEA ST N OF PALM ST, COOYA BEACH"
07406541X2,0740654782,"5 BAMBROOK RD E OF ESPLANADE, COWLEY BEACH"
07406751X2,0740675204,"68925 BRUCE HWY S OF LANDER CL, DEERAL"
07405404X2,0740543784,"78 BALACLAVA RD W OF GORDON ST, EARLVILLE"
07406106X2,0740617020,"45 MOURILYAN RD N OF BENWELL ST, EAST INNISFAIL"
07406124X2,0740617038,"18 CORINDA ST NR HILDA ST, WEBB"
07406450X2,0740645104,"2069 PALMERSTON HWY S OF PULLOM RD, EAST PALMERSTON"
07404507X2,0740455257,"98 FARMER ST O/S PARK, EDMONTON"
07495020X2,0749502102,"LOT 190 0 BRUCE HWY CNR MUSIC ST, CARMILA"
07494730X2,0749473200,"17 PENHALLURICK ESP CNR DANIELS ST, CONWAY BEACH"
07495810X7,0749580119,"0 MATHIESON ST OPP VAN PARK, COPPABELLA"
07494570X2,0749457118,"17 PIONEER DRV E OF DEICKE CRES, DINGO BEACH"
07495980X2,0749598201,"989 BRUCE HWY OS PRIMAC DEPOT, FARLEIGH"
07494153X2,0749415406,"11 BACON ST NEAR VAN PARK, MORANBAH"
07494202X2,0749425194,"25 VALLEY ST N OF BURSTON ST, NORTH MACKAY"
07494530X2,0749453312,"40 MAIN ST E OF DOBBINS LN, PROSERPINE"
07494534X2,0749453321,"86 MAIN ST E OF CHAPMAN ST, PROSERPINE"
03954601X1,0395466048,"3 SANDOWN RD , SPRINGVALE"
08919145Y2,0891914664,"75 NOONKANBAH COMM 90KM SW FX NR STOR, MT HARDMAN"
08916884Y7,0891688909,"71 KUNDAT DJARU COMM 120KM SE HALLS CRK, STURT CREEK"
08916883Y7,0891688908,"84 MULAN HSE 86  200KM S HALLS CRK, STURT CREEK"
08916882Y7,0891688907,"13 MULAN STORE COMM 200KM S HALLS CRK, STURT CREEK"
08919174Y7,0891917124,"5 YAKANARRA COMM 65KM SSW FITZROY X, ST GEORGE RANGES"
08919179Y9,0891917831,"29 YAKANARRA COMM 65KM SSW FITZROY X, ST GEORGE RANGES"
08916147Y2,0891614307,"138 KALUMBURU EXCHANGE COMM 200KM NW WYNDHAM, KALUMBURU"
08916142Y2,0891614269,"123 KALUMBURU OFFICE COMM 200KM NW WYNDHAM, KALUMBURU"
08916145Y2,0891614302,"146 KALUMBURU PARISH COMM 200KM NW WYNDHAM, KALUMBURU"
08916875Y7,0891687879,"23 WOOLAH COMM 80KM SW KUNUNURRA, DURACK"
08917570Y2,0891757030,"144 JIGALONG NORTH COMM 100KM E NEWMAN, NEWMAN"
08917571Y2,0891757031,"103 JIGALONG SOUTH COMM 100KM E NEWMAN, NEWMAN"
08917572Y2,0891757061,"43 JIGALONG STORE COMM 100KM E NEWMAN, NEWMAN"
08917622Y2,0891762055,"10 IRRUNGADJI COMM GALLOP RD, NULLAGINE"
07548431X2,0754843300,"4 BUSBY ST O/S GENERAL STORE, AMAMOOR"
08828106X1,0882811460,"68 JOHN ST PARABANKS SHOPPING, SALISBURY"
08828102X1,0882811308,"68 JOHN ST PARABANKS SHOPPING, SALISBURY"
08938524X2,0893854611,"1 BROCKWAY RD GHC FITZROY PINCH, MOUNT CLAREMONT"
08938506X1,0893852493,"1 BROCKWAY RD SFMHS ACACIA FRNKL, MOUNT CLAREMONT"
08928605X1,0892862948,"1 BROCKWAY RD SFMHS ACACIA FRNKL, MOUNT CLAREMONT"
08938505X1,0893850734,"1 BROCKWAY RD SFMHS BANKSIA FRNK, MOUNT CLAREMONT"
08938520X2,0893851171,"1 BROCKWAY RD GHC ASHBURTON SMIT, MOUNT CLAREMONT"
08938338X2,0893834294,"1 BROCKWAY RD GHC ASHBURTON MONT, MOUNT CLAREMONT"
08938507X1,0893853416,"1 BROCKWAY RD GHC FITZROY ELLISS, MOUNT CLAREMONT"
08938527X2,0893851257,"1 BROCKWAY RD GHC MURCHISON EAST, MOUNT CLAREMONT"
08938508X1,0893851374,"1 BROCKWAY RD GHC FORTESCUE O/SE, MOUNT CLAREMONT"
08938414X1,0893846970,"1 BROCKWAY RD GHC MURCHISON WEST, MOUNT CLAREMONT"
08938522X2,0893851146,"1 BROCKWAY RD GHC FITZROY DORGTN, MOUNT CLAREMONT"
08928606X1,0892862952,"1 BROCKWAY RD GHC FITZROY ENTRY, MOUNT CLAREMONT"
08930103X1,0893011424,"60 SHENTON AVE JHC RECEPTION, JOONDALUP"
08939906X1,0893992546,"3056 ALBANY HWY AHS RECEPTION, MOUNT NASURA"
08949812X2,0893996170,"3056 ALBANY HWY AHS RECEPTION, MOUNT NASURA"
08933204X1,0893320820,"110 MURDOCH DRV FSH O/S EMERGENCY, MURDOCH"
08933203X1,0893325270,"110 MURDOCH DRV FSH RECEPTION, MURDOCH"
08959215X1,0895925761,"41 ELANORA DRV HOSP I/S RECEPTION, COOLOONGUP"
08959242X2,0895925286,"41 ELANORA DRV HOSP I/S EMERGENCY, COOLOONGUP"
08984740X1,0898474857,"FOYER  30 WARDEN AVE AHC RECEPTION, SPENCER PARK"
08984104X1,0898411787,"30 WARDEN AVE AHC IN PATIENTS, SPENCER PARK"
02931904X2,0293196736,"101 CHALMERS ST NR DEVONSHIRE ST, CHIPPENDALE"
07412508X2,0741254033,"191 DAYMAN ST NEAR LIDO PDE, URANGAN"
07412426X2,0741241295,"6 MAIN ST O/S TELEPHONE EXCH, PIALBA"
07412442X2,0741246397,"133 MURPHY ST CNR CORSER, POINT VERNON"
07412513X2,0741257102,"43 ARIDIANE ST CNR DAVIDSON, RIVER HEADS"
02978901X2,0297892743,"50 WOOLCOTT ST NR BARNES AVE, EARLWOOD"
02673604X2,0267361587,"43 HIGH ST , TENTERFIELD"
02649213X2,0264921854,"48 PARKER ST NR CARP ST, BEGA"
07494662X2,0749466148,"104 SHUTE HARBOUR RD S OF MANOOKA DRV, CANNONVALE"
07495332X2,0749532019,"8 KENILWORTH ST S OF EVAN ST, SOUTH MACKAY"
07495315X2,0749533914,"2 STEEN ST S OF EVAN ST, SOUTH MACKAY"
07495128X2,0749511483,"69 HOLLAND ST CNR FERGUSON ST, WEST MACKAY"
07495110X7,0749511883,"1 MARRYATT ST CNR NEBO ST, WEST MACKAY"
08884207X2,0888421624,"43 FARRELL FLAT RD CNR WEBB ST, CLARE"
08884202X1,0888421582,"LOT 360 0 OLD MAIN NORTH RD ADJ WOOLWORTHS, CLARE"
08883770X2,0888377024,"26 CUMBERLAND RD SW CNR CORNWALL ST, CLNTN"
08885262X2,0888526224,"22 EDITH ST POST OFFICE, EDITHBURGH"
08885440X2,0888544024,"5 STENHOUSE BAY RD STORE, MARION BAY"
08873480X2,0887348224,"4 THOMAS DRV POST OFFICE, MILLICENT"
08872303X2,0887231060,"45 BAY RD O/S COURT, MT GAMBIER"
08872340X2,0887234981,"78 COMMERCIAL ST NR CROMPTON ST, MT GAMBIER"
08872307X2,0887231312,"226 COMMERCIAL ST POST OFFICE, MT GAMBIER"
08872527X2,0887257909,"50 BOANDIK TCE NR GRANTVILLE PL, MT GAMBIER"
08872350X1,0887235238,"35 JUBILEE EAST HWY LADY NELSON CENTRE, MT GAMBIER"
08872304X2,0887231087,"0 MCGREGOR ST ADJ COLLINS COURT, MT GAMBIER"
08872301X1,0887231779,"125 NORTH TCE CONROE HTS S/CENTR, MT GAMBIER"
08872505X2,0887256365,"14 SWALLOW DRV OPP QUAIL PL, MT GAMBIER"
08873302X2,0887332432,"18 WYRIE RD NR DAPHNE ST, MILLICENT"
08853104X1,0885312782,"REAR  3 SWANPORT RD MURRAY BRIDGE GREE, MURRAY BRIDGE"
08854030X2,0885403224,"25 MCGUIRE TCE NR DAWE ST, CADELL"
08852900X2,0885292124,"1 PORT WAKEFIELD RD POST OFFICE, DUBLIN"
08855209X2,0885523498,"61 FRANKLIN PDE YILKI STORE, ENCOUNTER BAY"
08855550X2,0885555031,"19 CADELL ST W OF CROCKER ST, GOOLWA"
08855214X2,0885524654,"213 MARGATE AVE NR PORT ELLIOT RD, HAYBOROUGH"
08855211X2,0885523698,"303 MENTONE RD NR PORT ELLIOT RD, HAYBOROUGH"
08857631X2,0885763024,"78 RAILWAY TCE POST OFFICE, LAMEROO"
08858471X2,0885847490,"29 EAST TCE NR POST OFFICE, LOXTON"
02966520X2,0296659387,"222 CLOVELLY RD NR MOUNT ST, COOGEE"
02496110X2,0249611598,"5 HASSALL ST , HAMILTON SOUTH"
02494020X2,0249654290,"5 HASSALL ST , HAMILTON SOUTH"
03978705X2,0397875073,"42 NORMAN AVE CNR FLEETWOOD CRS, FRANKSTON SOUTH"
03523661X2,0352366300,"39 GRANT ST CNR BLUNDY ST, FORREST"
07405320X1,0740532792,"1 ALFRED ST RAINTREES NR AMEN, MANUNDA"
07556100X7,0755610928,"LOT 2 160 OLD BURLEIGH RD O/S KURRAWA SLSC, BROADBEACH"
07557050X2,0755705570,"21 TRICKETT ST OS PARADISE TOWERS, SURFERS PARADISE"
07554761X2,0755476419,"6 VAUGHAN DRV OS ORMEAU S/C, ORMEAU"
08932825X2,0893285116,"629 BEAUFORT ST NEAR GROSVENOR, MT LAWLEY"
08932834X2,0893286744,"6 HYDE ST NEAR GROSVENOR, MT LAWLEY"
03519500X2,0351955404,"3 KEITH MORGAN DRV OS TENNIS COURT, TRARALGON SOUTH"
02603302X2,0260331654,"24 FOORD ST O/S SERV STATION, WAHGYH"
07462351X2,0746235237,"20 STEPHENSON ST OS POST OFFICE, YULEBA"
02624113X2,0262419305,"35 BROOKES ST MITCHELL RETAIL CE, MTCHEL"
02684811X2,0268481000,"0 DENHAM ST , TOORAWEENAH"
02422675X2,0242266582,"71 BURELLI ST CRN CHURCH ST, WOLLONGONG"
07495830X2,0749583101,"11 ANZAC PDE W OF ZAHMEL ST, FINCH HATTON"
07495899X2,0749589318,"163 EWAN DRV S OF ROBINSON ST, GLENDEN"
07495032X2,0749503937,"15 BROWN ST O/S POST OFFICE, KOUMALA"
07495401X7,0749540118,"3193 BRUCE HWY NR ROADHOUSE, KUTTABUL"
02677229X2,0267721832,"142 MARKHAM ST , ARMIDALE"
08833201X1,0883320647,"171 GLYNBURN RD FIRLE PLAZA KMART, FIRLE"
02975910X2,0297593177,"32 RAILWAY PDE CNR HALDON, LAKEMBA"
02629602X2,0262965824,"26 DENIGAN ST ERINDALE S/C, WANNIASSA"
02434309X2,0243431198,"10 GEORGE ST DEEPWATER PLAZA, WOY WOY"
02434423X2,0243442596,"283 WEST ST O/S POST OFFICE, UMINA BEACH"
02931384X2,0293136376,"1 BAKER ST NR 61 TODMAN AVE, KENSINGTON"
02658411X2,0265841095,"109 WILLIAM ST E OF HORTON ST, PORT MACQUARIE"
02658412X2,0265841201,"123 WILLIAM ST W OF HORTON ST, PORT MACQUARIE"
02478221X2,0247842305,"1 RAILWAY PDE ADJ 131 LEURA MALL, LEURA"
02962505X2,0296253390,"2 ROOTY HILL RD NR BEAMES AVE, ROOTY HILL"
02967703X2,0296779830,"2 ROOTY HILL RD NR BEAMES AVE, ROOTY HILL"
03981944X2,0398199332,"678 GLENFERRIE RD , HAWTHORN"
03981954X2,0398192784,"678 GLENFERRIE RD , HAWTHORN"
03938762X2,0393874702,"189 LYGON ST NR GLENLYON RD, BRUNSWICK EAST"
07321116X2,0732113385,"33 QUEEN ST NR GEORGE ST, BRISBANE CITY"
07321114X2,0732113412,"72 QUEEN ST NR CENTRE STAGE, BRISBANE CITY"
07322951X2,0732291565,"72 QUEEN ST NR CENTRE STAGE, BRISBANE CITY"
07322952X2,0732294016,"91 QUEEN ST NR MYER CENTRE, BRISBANE CITY"
07321001X2,0732102978,"127 QUEEN ST NR HUNGRY JACKS, BRISBANE CITY"
07321010X2,0732106547,"160 QUEEN ST NR BRISBANE ARCADE, BRISBANE CITY"
07321005X2,0732106539,"223 QUEEN ST NR EDWARD ST, BRISBANE CITY"
07382113X2,0738216427,"46 MIDDLE ST O/S LIBRARY, CLEVELAND"
07403215X2,0740322984,"43 MARCHANT ST CNR MURRAY ST, MANOORA"
07477221X2,0747723819,"127 EYRE ST SW LANDSBOROUGH ST, NORTH WARD"
08895307Y2,0889538906,"187 WHITE GUM DRV HOUSING AREA, AMOONGUNA"
02654320X2,0265432921,"53 BROOK ST , MUSWELLBROOK"
07553830X1,0755388271,"23 FERNY AVE CHEVRON TOWERS, SURFERS PARADISE"
02666608X2,0266661260,"8607 BRUXNER HWY CNR CLARENCE ST, TABULAM"
02666606X2,0266661241,"16 COURT ST OS CAFE & CO-OP, TABULAM"
02658412X1,0265841534,"42 HORTON ST PORT CENTRAL, PORT MACQUARIE"
02674423X2,0267442301,"67 COOLAH RD TELEPHONE EXCHANGE, TAMBAR SPRINGS"
03987821X2,0398789045,"14 STATION ST , NUNAWADING"
08965515X2,0896551202,"85 GINGIN RD CNR HAMERSLEY RD, LANCELIN"
02607691X2,0260769492,"1 MITCHEL AVE OS POST OFFICE, KHANCOBAN"
08885283X2,0888528024,"66 BEACH RD OPP GEN STORE, COOBOWIE"
08882304X2,0888233763,"3 JETTY RD ADJ TO BAKERY, WALLAROO"
08882307X2,0888233764,"0 PRINCE ST CRN 3A MOONTA ST, WALLAROO"
08882101X2,0888211309,"24 PORT RD OPP OLIVE PARADE, WALLAROO MINES"
03931177X2,0393119920,"2 BEACHLEY ST , BRAYBROOK"
07409374Y7,0740937497,"0 MONA MONA RD MISSION, MNA MNA"
02930007X1,0293008009,"180 CAMPBELL PDE OS SWISS GRANDE, BONDI BEACH"
02428512X2,0242852670,"83 MEADOW ST NR CALDWELL AVE, TARRAWANNA"
07495137X2,0749511847,"51 CARLYLE ST S OF ALFRED ST, MACKAY"
07495308X2,0749530828,"44 EVAN ST CNR MARSH ST, EAST MACKAY"
07495971X2,0749597280,"1181 HOMEBUSH RD N OF STEVENS DRV, HOMEBUSH"
03874201X1,0387427365,"235 HOPPERS LA VICTORIA UNI, WERRIBEE"
08857510X2,0885751001,"49 PRINCES HWY COUNCIL CHAMBERS, MENINGIE"
08855350X2,0885535294,"55 HAMILTON DRV NR PLAYGROUND, EMU BAY"
07495912X7,0749591202,"6 CAROLINE ST CNR MAUD ST, MIRANI"
02637346X2,0263734602,"36 MAIN ST NR SHORT ST, ULAN"
02655514X2,0265558827,"5 POINT RD NR CORAL AVE, TUNCURRY"
02655101X2,0265513107,"93 BUSHLAND DRV NR KANANGRA DR, TAREE"
02655104X2,0265510032,"102 HIGH ST NR COMMERCE ST, TAREE"
02656601X2,0265660103,"2 MAIN ST NR PACIFIC ST, CRESCENT HEAD"
02672206X2,0267222698,"2 SWAN ST CNR WARIALDA RD, INVERELL"
02672208X2,0267222909,"100 BYRON ST CNR VIVIAN, INVERELL"
02672217X2,0267221098,"6 WARIALDA RD OS GILROY PLACE, INVERELL"
02673331X2,0267333250,"29 CAMP ST , GLENCOE"
02677911X2,0267791508,"2 MOORE ST NR BRADLEY ST, GUYRA"
02672971X2,0267297100,"35 RAILWAY PDE OS POST OFFICE, GRAVESEND"
02966007X2,0296606802,"231 BRIDGE RD FOREST LODGE PRIMA, FOREST LODGE"
02688650X2,0268865100,"34 FEDERATION ST NR BUNYIP ST, BALLIMORE"
02688780X2,0268878200,"35 GUNDONG ST NR POST OFFICE, WONGARBON"
02684640X2,0268464001,"12 FORBES ST NR KING ST, YEOVAL"
02662860X2,0266286376,"58 SIMPSON AVE OPP SCHOOL, WOLLONGBAR"
02668560X7,0266855574,"LOT 11 0 BAYSHORE DRV CNR EWINGSDALE RD, BYRON BAY"
02664640X2,0266464200,"65 MIDDLE ST NR WEST ST, WOOMBAH"
02664542X2,0266454357,"0 RIVER ST NR ARGYLE STREET, MACLEAN"
02677250X2,0267729120,"226 RUSDEN ST IN HOSPITAL FOYER, ARMIDALE"
02676033X2,0267603241,"2 IRVINE ST CNR DENMAN AVE, KOOTINGAL"
02682908X2,0268290606,"50 MORILLA ST OS POST OFFICE, LIGHTNING RIDGE"
07467530X2,0746753203,"42 WARIALDA ST NR BRUXNER HWY, YETMAN"
02634420X7,0263441109,"33 FERGUSON ST NR WADDELL ST, CANOWINDRA"
02683921X2,0268392068,"2 PARK ST NR BRIDGE ST, BREWARRINA"
02499740X2,0249974202,"RESORT  969 BOMBAH POINT RD MYALL SHRS NATURE, BOMBAH POINT"
08897852Y2,0889785005,"13 WAGAIT TOWER RD WAGAIT STORE, COX PENINSULA"
02969334X2,0296931728,"LVL 1 0 SHIERS AVE QNTS DEP AT GATE 1, MASCOT"
07553051X2,0755305495,"55 RAILWAY ST COLONIAL COURT, MUDGEERABA"
02603502X2,0260350200,"LOT 1 0 URANA RD CNR NARROW PLAINS, DAYSDALE"
03934768X2,0393479285,"404 LYGON ST OS MIDAS SHOE SHOP, CARLTON"
03935735X2,0393576290,"319 BARRY RD OS KEBAB SHOP, CAMPBELLFIELD"
03935736X2,0393579045,"319 BARRY RD OS KEBAB SHOP, CAMPBELLFIELD"
03977225X2,0397721632,"195 THAMES PROM  , CHELSEA HEIGHTS"
03936303X2,0393631377,"811 WESTERN HWY OS PHARMACY, DEER PARK"
03936019X2,0393605392,"811 WESTERN HWY OS PHARMACY, DEER PARK"
03968979X2,0396894868,"30 ALBERT ST OS COLES, FOOTSCRAY"
03968972X2,0396894631,"30 ALBERT ST OS COLES, FOOTSCRAY"
03968750X2,0396893129,"30 ALBERT ST OS COLES, FOOTSCRAY"
03968747X2,0396897869,"36 LEEDS ST OS KITCHEN SAMRAT, FOOTSCRAY"
03968914X2,0396893432,"149 NICHOLSON ST OS STAR RESTAURANT, FOOTSCRAY"
03968974X2,0396893312,"149 NICHOLSON ST OS STAR RESTAURANT, FOOTSCRAY"
03962908X2,0396297938,"66 SPENCER ST OS CELLARBRATIONS, MELBOURNE"
03962008X2,0396201536,"66 SPENCER ST OS CELLARBRATIONS, MELBOURNE"
03965424X2,0396542920,"159 SWANSTON ST OS 7 ELEVEN, MELBOURNE"
03952539X2,0395337291,"301 CHAPEL ST NEAR COLES, PRAHRAN"
03947839X2,0394786091,"350 HIGH ST OS AUSTRALIA POST, PRESTON"
03947813X2,0394784948,"350 HIGH ST OS AUSTRALIA POST, PRESTON"
03945906X2,0394594836,"18 THE MALL  NEAR BAKERY, HEIDELBERG WEST"
08949603X2,0894961249,"1287 BROOKTON HWY TOMEOS GARAGE, KARRAGULLEN"
02923317X2,0292331970,"0 MARKET ST CNR PITT ST MALL, SYDNEY"
02623903X1,0262393186,"250 CANBERRA AVE CANBERRA STH MOTEL, SYMONSTON"
02672418X2,0267241503,"17 MAITLAND ST S OF FINCH ST, BINGARA"
02672205X2,0267222232,"2 MEDORA ST CNR TINGHA RD, INVERELL"
03961444X2,0396145764,"27 KING ST NR FLINDERS WSIDE, MELBOURNE"
03946601X2,0394661748,"84 VICTORIA DRV , THOMASTOWN"
07552003X2,0755204587,"310 THE ESPLANADE  NR KELLY AVE, MIAMI"
07495133X2,0749511865,"72 EDWARD ST CNR JULIET ST, SOUTH MACKAY"
07495314X2,0749533910,"174 NEBO RD N OF DONALDSON ST, WEST MACKAY"
07494761X2,0749476230,"72 BUNDESEN ST OPP SHANNON ST, MIDGE POINT"
08873560X2,0887356024,"1 EYRE ST NR CARAVAN PARK, SOUTHEND"
02679212X2,0267921032,"140 MAITLAND ST O/S POST OFFICE, NARRABRI"
02602111X2,0260213240,"516 ABERCORN ST CNR PLUMMER ST, SOUTH ALBURY"
02602107X2,0260212254,"288 BORELLA RD CNR ELECTRA ST, EAST ALBURY"
07556200X7,0755620653,"160 ROBINA TOWN CENTRE DRV NR BUS STOP, ROBINA"
07549225X2,0754922507,"54 LANDSBOROUGH PDE NR NELSON ST, GOLDEN BEACH"
07497212X2,0749726516,"172 AUCKLAND ST , GLADSTONE CENTRAL"
07477230X7,0747723357,"252 FLINDERS MALL NEAR LIBRARY, TOWNSVILLE CITY"
07477205X2,0747723019,"320 FLINDERS MALL NR INFO CENTRE, TOWNSVILLE CITY"
03941973X2,0394193316,"229 SMITH ST , FITZROY"
07493340X1,0749334237,"1 MCLAUGHLIN ST NR AMENITIES, GRACEMERE"
02654107X2,0265411210,"17 BRIDGE ST , MUSWELLBROOK"
08943703X2,0894371109,"1136 COCKBURN RD ADJ KIOSK CVN PARK, HENDERSON"
03626370X2,0362637228,"20 GREEN POINT RD POLICE STATION, BRIDGEWATER"
02963304X2,0296333509,"166 HAWKESBURY RD NEAR QUEENS RD, WESTMEAD"
07405306X2,0740534948,"176 MCMANUS ST OPP HODEL ST, WHITFIELD"
07557571X2,0755757060,"122 ROBINA TOWN CENTRE DRV , ROBINA"
03572218X2,0357221301,"106 MURDOCH RD CNR RAYMOND ST, WANGARATTA"
08937709X2,0893772043,"168 GREAT EASTERN HWY , SOUTH GUILDFORD"
08957612X2,0895761395,"6180 GREAT NORTHERN HWY , BINDOON"
07559917X2,0755991432,"6 JOHNSTON ST NR GOLDEN FOUR DRV, BILINGA"
03598638X2,0359864253,"1641 NEPEAN HWY O/S NEWSAGENCY, CAPEL SND"
07553206X2,0755323019,"84 HIGH ST , SOUTHPORT"
02972404X2,0297241851,"27 CARRAMAR AVE OPP STATION, CARRAMAR"
02478206X2,0247821632,"2 MINNI-HA-HA RD , KATOOMBA"
07328141X2,0732817384,"15 JACARANDA ST NR CHERMSIDE RD, EAST IPSWICH"
02676871X2,0267687602,"50 SINGLE ST OS POST OFFICE, WERRIS CREEK"
02956015X2,0295608365,"368 CATHERINE ST , LILYFIELD"
02989114X2,0298915624,"24 RAILWAY PDE OPP WESTMEAD RWS, WESTMEAD"
07328201X1,0732824307,"1 SOUTH STATION RD O/S RAILWAY STN, BOOVAL"
07328160X2,0732812019,"49 DOWNS ST NR LENNON LA, NORTH IPSWICH"
07328142X2,0732813655,"9 PINE ST NR LOWRY ST, NORTH IPSWICH"
07328208X2,0732821673,"34 GLEDSON ST NR NIMMA ST, NORTH BOOVAL"
07328211X2,0732821819,"13 NORTH STATION RD NR THURSO ST, NORTH BOOVAL"
07415112X2,0741513949,"115 TAKALVAN ST SUGARLAND S/C, AVOCA"
07495318X2,0749533919,"470 BRIDGE RD OPP BASE HOSPITAL, WEST MACKAY"
07334800X1,0733483285,"99 CAMERON PDE QR WYNNUM NTH, WYNNUM"
07463628X2,0746362409,"278 RAMSAY ST , MIDDLE RIDGE"
08914029X2,0891402965,"11 SCHILLIMAN ST L.I.A., WEDGEFIELD"
02495046X2,0249504419,"51 THE BOULEVARDE  , TORONTO"
03965408X2,0396542032,"136 EXHIBITION ST , MELBOURNE"
02447205X1,0244726182,"MIDDLE  1 PERRY ST VILLAGE CENTRE, BATEMANS BAY"
07549501X1,0754958199,"87 MCKEAN ST CABOOLTURE HOSPITA, CABOOLTURE"
07549502X2,0754958109,"87 MCKEAN ST CABOOLTURE HOSPITA, CABOOLTURE"
07498700X1,0749876495,"51 HOSPITAL RD CENTRO EMERALD VIL, EMERALD"
03981939X2,0398197990,"1140 BURKE RD OPP BEAUREPAIRES, BALWYN NORTH"
03950915X2,0395094455,"128 WATTLETREE RD OUTSIDE, MALVERN"
08876723X2,0887672898,"179 MARINE PDE , WYOMI"
08895601Y2,0889560461,"20 LAPADUM ST APUTULA STORE, FINKE"
03642870X2,0364287132,"1349 BAKERS BEACH RD NARAWNTAPU NATIONA, BAKERS BEACH"
07405330X2,0740533758,"265 PEASE ST CNR RICHARDSON ST, EDGE HILL"
07404159X7,0740415987,"54 SHERIDAN ST CNR SPENCE ST, CAIRNS CTY"
07404154X7,0740415107,"130 SHERIDAN ST NR MINNIE ST, CAIRNS CTY"
08936735X2,0893678210,"7 MORESBY ST PARK OPP NO 3, KENSINGTON"
08958152X2,0895815015,"5 CLARICE ST NR THOMPSON STH, MANDURAH"
02943846X2,0294383232,"2 LITHGOW ST NR PACIFIC HWY, ST LEONARDS"
08957140X2,0895714000,"17 EDWARDS PL , MUCHEA"
03968921X1,0396895571,"41 IRVING ST RWLY STN F/BRIDGE, FOOTSCRAY"
03626060X2,0362606243,"10 BRUNY ISLAND MAIN RD , DENNES POINT"
02633214X2,0263321164,"206 BROWNING ST CNR MID WESTERN HW, MITCHELL"
03965495X2,0396548157,"344 SWANSTON ST O/S BLG 16 RMIT, MELBOURNE"
02654370X2,0265437304,"172 MACQUEEN ST , ABERDEEN"
03981909X2,0398190462,"PLATFM 2 0 RAILWAY ARC GLENFERRIE RWS, HAWTHORN"
03987708X2,0398776024,"0 RAILWAY RD BLACKBURN RLWY STN, BLACKBURN"
03985009X2,0398502704,"203 HIGH ST NEAR BUS SHELTER, TEMPLESTOWE LOWER"
03987205X2,0398724317,"PLATFM 2 20 STATION ST MITCHAM RLWY STN, MITCHAM"
03988213X2,0398826135,"PLATFM 2 2 VICTORIA RD AUBURN RLWY STN, HAWTHORN EAST"
03988202X2,0398820579,"25 COOKSON ST RLWY STN BOOK OFF, CAMBERWELL"
03988828X2,0398885368,"PLATFM 2 11 STANLEY TCE CHATHAM RLWY STN, SURREY HILLS"
03942804X2,0394289979,"PLATFM 4 13 MADDEN GR BURNLEY RLWY STN, BURNLEY"
03942805X2,0394289980,"PLATFM 2 10 RAILWAY PL EAST RICHMOND RWS, CREMORNE"
03930621X2,0393062317,"9 POST OFFICE PL NR POST OFFICE, GLENROY"
03935727X2,0393572298,"20 SAGES ST GOWRIE RLWY STN, GLENROY"
03930915X1,0393096302,"1400 PASCOE VALE RD COOLAROO RLWY STN, COOLAROO"
03938856X2,0393881596,"40 WATSON ST JEWEL RLWY STN, BRUNSWICK"
03935721X2,0393570010,"PLATFM  320 BARRY RD UPFIELD RLWY STN, CAMPBELLFIELD"
03931512X2,0393151827,"186 SOMERVILLE RD OS KINGSVILLE PO, KINGSVILLE"
03948282X2,0394825448,"12 SPENCER ST CROXTON RLWY STN, NORTHCOTE"
03948017X2,0394805059,"30 CLAPHAM ST THORNBURY RLWY STN, THORNBURY"
03946518X2,0394651442,"320 HIGH ST LALOR RLWY STN, LALOR"
03949900X2,0394993954,"0 WINGROVE ST ALPHINGTON RWS, ALPHINGTON"
03948283X2,0394824594,"15 RAILWAY PL O/S RLWY STN, FAIRFIELD"
03945921X2,0394592085,"0 YARRA ST HEIDELBERG RWS, HEIDELBERG"
03945703X2,0394575251,"0 YARRA ST HEIDELBERG RWS, HEIDELBERG"
03945709X2,0394571856,"0 BIRDWOOD AVE MACLEOD RLWY STN, MACLEOD"
03943205X2,0394320794,"1 GREENSBOROUGH HWY WATSONIA RLWY STN, WATSONIA"
03943206X2,0394321524,"0 PARA RD GREENSBOROUGH RWS, GREENSBOROUGH"
03948235X2,0394823463,"0 HODDLE ST CLIFTON HILL RWS, CLIFTON HILL"
03943204X2,0394320632,"0 STATION RD MONTMORENCY RWS, MONTMORENCY"
03954432X2,0395443139,"1 STATE ST CNR HUNTINGDALE, OAKLEIGH EAST"
02979704X2,0297976453,"15 LACKEY ST , SUMMER HILL"
02947613X2,0294764781,"34 HUNTER ST NR BURDETT ST, HORNSBY"
02497211X7,0249715843,"5 LAKE RD , SWANSEA"
08834402X1,0883441040,"SHP 5 225 MAIN NORTH RD SEFTON PLAZA, SEFTON PARK"
02941975X2,0294192927,"CNCRSE  436 VICTORIA AVE CHATSWOOD INTERCHA, CHATSWOOD"
02954019X2,0295403789,"92 KIORA RD MIRANDA RLWY STN, MIRANDA"
02952601X2,0295262920,"94 KIORA RD CNR GIBBS ST, MIRANDA"
03940819X1,0394088315,"571 HIGH ST EPPING PLAZA, EPPING"
03940818X1,0394088314,"571 HIGH ST EPPING PLAZA, EPPING"
07553276X2,0755325037,"94 MARINE PDE , SOUTHPORT"
07553215X2,0755323691,"17 ALICIA ST , SOUTHPORT"
07559160X2,0755916287,"7 STEVENS ST , SOUTHPORT"
07553272X2,0755329457,"13 BROWN ST THE AVENUE, LABRADOR"
07553239X2,0755325975,"20 TEDDER AVE , MAIN BEACH"
07556111X2,0755611254,"3 NERANG ST , SOUTHPORT"
07553228X2,0755324837,"66 TURPIN RD , LABRADOR"
07553247X2,0755327784,"1 WHITING ST , LABRADOR"
07553214X2,0755323637,"263 WARDOO ST , SOUTHPORT"
08828505X2,0882853159,"55 JOHN ST , SALISBURY"
08843103X2,0884312432,"5 ANGAS ST , KENT TOWN"
08843121X2,0884317536,"556 MAGILL RD , MAGILL"
08930920X2,0894080283,"931 WHITFORDS AVE WOODVALE BOULEVARD, WOODVALE"
07328164X2,0732813120,"56 CEMETERY RD NR CHERMSIDE RD, EASTERN HEIGHTS"
07381219X2,0738128197,"29 BRISBANE ST NR MORTIMER ST, IPSWICH"
07328123X2,0732811502,"37 PINE MOUNTAIN RD CNR LIVERPOOL ST, NORTH IPSWICH"
08917511X2,0891751800,"2 CORUNNA WAY , NEWMAN"
07328158X2,0732819182,"187 WHITEHILL RD CNR CASCADE, RACEVIEW"
07328810X2,0732888191,"185 CASCADE ST NR WILDEY ST, RACEVIEW"
02468400X2,0246841101,"72 RAILSIDE AVE NR SUPERMARKET, BARGO"
02447200X2,0244724202,"7 PACIFIC ST OS HOSPITAL ENTR, BATEMANS BAY"
02447207X2,0244725577,"14 RUSSELL ST CNR PRINCES HWY, BATEMANS BAY"
02429711X2,0242972036,"211 SHELLHARBOUR RD CNR LAGOONS ST, BARRACK HEIGHTS"
02429605X2,0242964632,"50 JUNCTION RD OS SURFRIDER V/PK, BARRACK POINT"
02602670X2,0260267200,"20 HAVELOCK ST CRN HIGH ST, BRNWTHA"
03943800X1,0394386359,"214 AQUEDUCT RD ST HELENA MARKETSQ, SAINT HELENA"
07320402X2,0732045273,"1401 ANZAC AVE NR GOODFELLOWS RD, KALLANGUR"
07349100X2,0734913317,"1469 ANZAC AVE , KALLANGUR"
07320405X1,0732045165,"129 GOODFELLOWS RD QR KALLANGUR, KALLANGUR"
07388807X2,0738887286,"LOT 102 0 MAIN ST QR NARANGBA, NARANGBA"
07388604X1,0738867615,"32 MAIN ST NARANGBA VILL, NARANGBA"
03955505X2,0395551283,"489 SOUTH RD , BENTLEIGH"
03572731X2,0357273286,"67 ELY ST POST OFFICE, OXLEY"
03572690X2,0357269219,"1519 BOORHAMAN RD OS HOTEL, BOORHAMAN"
02467705X2,0246771490,"102 ARGYLE ST OS REAL ESTATE, PICTON"
03968927X2,0396897358,"73 CHARLES ST NEAR VICTORIA ST, SEDDON"
07320701X1,0732079035,"2 BUNKER RD VICTORIA POINT SHO, VICTORIA POINT"
08896446Y1,0889644653,"0 MUNGALAWURRU STN OUTSTATION, TNMI E"
07474517X2,0747451127,"10 MATILDA ST NORMANTON STATION, NORMANTON"
07406713X2,0740671405,"197 HOWARDKENEDY DRV OP CHRISTIAN ST, BABINDA"
07405650X2,0740565314,"176 DEMPSEY ST OP HOOPER, GORDONVALE"
03935612X1,0393564821,"114 EAST ESP KEILOR PLAINS STN, ST ALBANS"
02676618X2,0267663296,"146 MARIUS ST OS RAILWAY STATION, TAMWORTH"
02444600X2,0244460009,"77 MAIN RD NR GOORAMAR DRV, CAMBEWARRA"
08834009X2,0883402954,"42 OVERLAND RD NR SOUTH RD, CROYDON PARK"
08844507X2,0884452898,"727 PORT RD CNR PARK ST STH, WOODVILLE PARK"
08844500X2,0884451430,"910 PORT RD NR FINDON RD, WOODVILLE SOUTH"
08834707X2,0883471816,"28 WOODVILLE RD QEH NEW BLDNG, WOODVILLE SOUTH"
08844505X2,0884456949,"28 WOODVILLE RD QEH NEW BLDNG, WOODVILLE SOUTH"
08834710X2,0883474689,"28 WOODVILLE RD QEH EMERGENCY, WOODVILLE SOUTH"
08834704X2,0883473295,"28 WOODVILLE RD QEH EMERGENCY, WOODVILLE SOUTH"
08824400X2,0882444683,"868 WOODVILLE RD W OF PORT RD, WOODVILLE SOUTH"
08833706X2,0883373432,"66 SHIRLEY AVE NR REID AVE, TRANMERE"
08836403X2,0883642498,"340 THE PARADE  OPP DUNSTAN AVE, KENSINGTON PARK"
08852203X2,0885222309,"68 FOURTH ST CNR ADELAIDE RD, GAWLER SOUTH"
08852205X2,0885224121,"29 SIXTH ST W SIDE ADELAIDE RD, GAWLER SOUTH"
08835618X2,0883567098,"11 HENLEY BEACH RD , HENLEY BEACH SOUTH"
08835611X2,0883566098,"180 SEAVIEW RD GILMORE RD, HENLEY BEACH SOUTH"
08829422X2,0882946432,"62 BROADWAY  NR HASTINGS ST, GLENELG SOUTH"
08829420X2,0882945098,"101 PARTRIDGE ST NR BATH ST, GLENELG SOUTH"
03957008X1,0395702861,"823 CENTRE RD NEAR OUTPATIENCE, BENTLEIGH EAST"
02971624X2,0297990357,"13 HERCULES ST OPP DRAKES LANE, ASHFIELD"
02980914X2,0298091805,"62 CONSTITUTION RD O/S TAFE, MEADOWBANK"
02980907X2,0298094505,"62 CONSTITUTION RD O/S TAFE, MEADOWBANK"
02478223X2,0247822854,"102 KATOOMBA FALLS RD ADJ ARTS CAFE, KATOOMBA"
03515880X2,0351588360,"96 ALEXANDER RD O/S HOTEL, GENOA"
02974204X2,0297425961,"488 LIVERPOOL RD OS POST OFFICE, STRATHFIELD SOUTH"
03514418X2,0351441819,"79 MARLEY ST NR MCARTHUR ST, SALE"
03515641X2,0351564476,"2025 PRINCES HWY NR GENERAL STORE, SWAN REACH"
03519770X2,0351977251,"13 MAIN RD O/S POST OFFICE, GORMANDALE"
03515600X2,0351560322,"12 CENTRE WAY , NEWLANDS ARM"
03515640X2,0351564240,"1761 PRINCES HWY ADJ GENERAL STORE, JOHNSONVILLE"
03514643X2,0351464251,"37 FORESHORE RD O/S PO CNR LYON, SEASPRAY"
03515522X2,0351552243,"30 MYER ST NR ROADKNIGHT ST, LAKES ENTRANCE"
03562101X2,0356210150,"1700 MT BAW BAW TOURIST RD NR TELSTRA EXCHNGE, ICY CREEK"
07405183X2,0740518891,"205 MULGRAVE RD NR AUMULLER ST, BUNGALOW"
07405402X2,0740543584,"393 MULGRAVE RD CNR MCCOOMBE ST, BUNGALOW"
07406936X2,0740693602,"0 ROPEYARN HWY INJINOO SERV STN, INJINOO"
07474911X2,0747491534,"2 SHANNON ST CNR SUNSET AVE, WINSTON"
07474332X2,0747438399,"1 TWENTYFIRST AVE DARKERS STORE, PARKSIDE"
08994855Y2,0899485029,"0 GNARALOO RD GNARALOO STN, MACLEOD"
08994851Y2,0899485003,"0 GNARALOO RD 3 MILE RESERVE, MACLEOD"
08994856Y2,0899485089,"0 GNARALOO RD 3 MILE RESERVE, MACLEOD"
08994852X1,0899485006,"0 GNARALOO RD RED BLUFF, MACLEOD"
02439315X2,0243931622,"258 WALLARAH RD NR OASIS VAN PARK, KANWAL"
02936832X2,0293681354,"JCDBTH 3002 16 DARLINGHURST RD OS ELALAMEIN FNTN, POTTS POINT"
02493891X2,0249389408,"2 CHURCH ST NR LOSTOCK RD, GRESFORD"
02654541X2,0265454110,"27 HIGH ST NR BLAYDON ST, BUNNAN"
02654580X2,0265458110,"5 RILEY ST NR GENERAL STORE, GUNDY"
02676219X2,0267620309,"0 DENISON ST CNR BRIDGE ST, WEST TAMWORTH"
02676222X2,0267620308,"4 KATHLEEN ST O/S SOUTHGATE, SOUTH TAMWORTH"
02676207X2,0267620305,"1 ROBINA ST GOONOO GOONOO RD, SOUTH TAMWORTH"
02676631X2,0267669906,"73 UPPER ST OS CANNON'S STORE, TAMWORTH"
02676500Y2,0267657410,"123 WARRAL RD CNR GREEN ST, WEST TAMWORTH"
08919171Y1,NONE,"3 GALAMANDA COMM 85KM NTH FITZROY, KING LEOPOLD RANGES"
03956308X1,0395631503,"1341 DANDENONG RD NR BUS TERMINAL, MALVERN EAST"
02658560X2,0265856108,"730 BEACHWOOD RD OPP POST OFFICE, BEECHWOOD"
02656720X2,0265672001,"10 MAIN ST NR EAST STREET, BELLBROOK"
07559071X2,0755907589,"381 BILAMBIL RD CNR CAROOL RD, BILAMBIL"
03572730X2,0357273263,"1585 SNOW RD O/S MILAWA C/V PK, MILAWA"
07386800X2,0738681091,"9 KENT ST NR RACECOURSE RD, HAMILTON"
07335914X2,0733598166,"2 NUNDAH ST NR GYMPIE RD, KEDRON"
07320325X2,0732030984,"519 DECEPTION BAY RD OS MRKT PL SC, DECEPTION BAY"
07415703X2,0741576100,"3 WALLA ST NR MILL ST, WALLAVILLE"
07543241X1,0754324789,"21 PETTIGREW ST CENTRAL LAKES SHOP, CABOOLTURE"
07463040X2,0746304320,"10805 WARREGO HWY NR OMARAS RD, CHARLTON"
07463022X2,0746302149,"9 RUB ST NR HANDLEY ST, DARLING HEIGHTS"
07463968X2,0746393578,"63 LINDSAY ST QUEENS PARK BOTAN, EAST TOOWOOMBA"
07463616X2,0746363741,"839 RUTHVEN ST NR STENER&HANNA CT, KEARNEYS SPRING"
07469280X2,0746928147,"27 OAKEY COOYAR RD FPATH OS PO, KULPI"
07463050X2,0746305148,"1073 MURPHYS CREEK RD CNR THOR ST, MURPHYS CREEK"
07468350X2,0746835347,"26806 NEW ENGLAND HWY NR REID RD, SEVERNLEA"
07463030X2,0746303470,"8606 WARREGO HWY NR JONES RD, WITHCOTT"
07469710X2,0746971114,"15 RAMSAY ST NR CAMPBELL ST, GREENMOUNT"
07469730X2,0746973101,"2 EDWARD ST NR KING ST, CLIFTON"
02442202X1,0244225238,"32 EAST ST STOCKLAND NOWRA, NOWRA"
07497510X2,0749751100,"3 RAGLAN ST NR HOTEL, MT LARCOM"
07347002X1,0734700168,"1 MAIN ST ORION SHOPPING CEN, SPGFLD CNTRL"
02658120X1,0265812082,"523 JOHN OXLEY DRV LAKE INNES S/C, PORT MACQUARIE"
08823100X2,0882315315,"0 STEPHENS PL CNR RUNDLE MALL, ADELAIDE"
08823125X2,0882315310,"0 STEPHENS PL CNR RUNDLE MALL, ADELAIDE"
02990826X2,0299083898,"28 LOWER WYCOMBE RD NR KURRABA RD, NEUTRAL BAY"
07550400X2,0755047962,"3171 SURFERS PARADISE BLV NEAR ELKHORN AVE, SURFERS PARADISE"
07494661X2,0749466109,"6 AIRLIE ESPLANADE  OS HOTEL, AIRLIE BEACH"
07494662X9,0749466011,"28 BROADWATER AVE CNR SHUTE HARBOUR, AIRLIE BEACH"
07494802X7,0749480987,"295 SHUTE HARBOUR RD CNR AIRLIE ESP, AIRLIE BEACH"
07388310X2,0732833424,"270 OXLEY AVE MARGATE SHOPPING C, MARGATE"
08894527X1,0889452478,"19 FLOREY AVE DARWIN PRIVATE HOS, TIWI"
08894557X2,0889450333,"8 MOIL PL , MOIL"
02963310X2,0296332254,"10 HILLTOP RD , MERRYLANDS"
07320300X1,0732031949,"3 BAY AVE DECEPTION BAY MRKT, DECEPTION BAY"
08867010Y2,0886701049,"LOT 355A 0 MT CHANDLER DRV , INDLKNA"
08945406X2,0894548990,"220 NEWBURN RD , HIGH WYCOMBE"
07320923X2,0732093183,"18 BIRUN ST NR TOOLOOMA ST, WOODRIDGE"
07320849X2,0732083102,"31 NYANZA ST OPP STRATHDARR ST, WOODRIDGE"
07329011X2,0732906427,"153 SMITH RD NR DOUGLAS ST, WOODRIDGE"
07329003X2,0732903420,"125 STATION RD QR TRINDER PARK, WOODRIDGE"
07409960X2,0740996057,"109 DAVIDSON ST N OF CRIMMINS ST, PORT DOUGLAS"
07409762X2,0740976749,"13 HERBERT ST E OF GRIGG ST, RAVENSHOE"
02645219X2,0264521691,"93 MASSIE ST , COOMA"
07339721X2,0733974032,"416 LOGAN RD NR MONTAGUE ST, GREENSLOPES"
07339126X2,0733916255,"95 JULIETTE ST NR EARL ST, GREENSLOPES"
08984127X2,0898415778,"56 PROUDLOVE PDE CROWN RESERVE, ALBANY"
08956116X2,0895611200,"1 GAGE ST , TWO ROCKS"
02664942X2,0266494280,"3520 ARMIDALE RD E OF POWER STATION, NYMBOIDA"
02694910X2,0269491009,"5 MAYDAY RD O/S POST OFFICE, BATLOW"
02699512X2,0269951340,"29 COLUMBUS ST OS POST OFFICE, IVANHOE"
07339621X2,0733969702,"60 BAY TCE NR CHARLOTTE ST, WYNNUM"
07389304X2,0733968539,"76 EDITH ST NR BAY TCE, WYNNUM"
07339632X2,0733968356,"133 EDITH ST OS SERVICE STATION, WYNNUM"
07339618X2,0733968837,"66 FLORENCE ST NR BAY TCE, WYNNUM"
07339634X2,0733969419,"145 FLORENCE ST OS WYNNUM LIBRARY, WYNNUM"
07339606X2,0733967031,"1 FOX ST NR WILDE ST, WYNNUM"
07339635X2,0733968984,"152 SELINA ST NR WYNNUM N RD, WYNNUM"
07334808X2,0733484815,"PLATFM 1 26 THORNE ST QR WYNNUM, WYNNUM"
07465535X2,0746553255,"15 GILMOUR ST N OF DOWLING ST, THARGOMINDAH"
03972901X1,0397297197,"40 STATION ST STATION PLATFORM, BAYSWATER"
07329900X2,0732996315,"PLATFM 2 2 HOLZHEIMER RD QR BETHANIA, BETHANIA"
07380701X2,0738073843,"0 ALAMEIN ST QR BEENLEIGH, BEENLEIGH"
07380708X1,0738079406,"52 LOGAN RIVER RD INSIDE SERVICE STN, BEENLEIGH"
07380710X1,0738074604,"0 SPANNS RD QR HOLMVIEW, BEENLEIGH"
07334802X2,0733483408,"43 ERNEST ST QR MANLY, MANLY"
02969400X2,0296941002,"1203 ANZAC PDE OS LIBRARY, MATRAVILLE"
02931601X2,0293164652,"1629 BOTANY RD NR WARATAH ST, BOTANY"
02934914X2,0293491514,"17 MAROUBRA RD NR BUNNERONG RD, MAROUBRA"
02953304X2,0295335607,"136 BELMORE RD NR AMY ST, PEAKHURST"
02655922X2,0265592909,"15 MAIN ST NR SHOPS, HALIDAYS POINT"
02673703X2,0267375248,"0 GLENLYON DAM RD GLENLYON DAM, GLENLYON"
02605608X1,0260569297,"1 CARROLLS LA NEW WODONGA RWS, WDNGA"
02607241X2,0260724291,"0 BINAMBOOLA RD NR MURTAGH PL, DRTMTH"
03596692X2,0359669226,"3039 WARBURTON HWY MILLGROVE S/C, MILLGROVE"
03596690X2,0359669139,"3305 WARBURTON HWY OPP STATION RD, WARBURTON"
03515205X2,0351521531,"190 MAIN ST CNR SERVICE ST, BAIRNSDALE"
03594104X2,0359413579,"1 RAILWAY AVE PAKENHAM RLWY STN, PAKENHAM"
03579209X2,0357921502,"0 RAILWAY PL OS RLWY STN, SEYMOUR"
03576206X2,0357621691,"3 MCKELLAR ST BENALLA RLWY STN, BENALLA"
03578300X2,0357831300,"0 STATION ST WALLAN EAST RWS, WALLAN"
03578200X2,0357821219,"0 O'GRADYS RD RLWY STN, KILMORE EAST"
03545510X2,0354551239,"HWY  1 BOORT-PYRAMID RD RD CNR LODDON VALLEY, DURHAM OX"
03542720X2,0354272153,"1 STATION ST WOODEND RLWY STN, WOODEND"
03542203X2,0354222606,"2 MOLLISON ST OPP RLWY STN, KYNETON"
03582113X2,0358215491,"8 PURCELL ST OS RLWY STN, SHEPPARTON"
03587105X2,0358712078,"64 PUNT RD OS RLWY STN, COBRAM"
03533600X2,0353361958,"2 BELL ST NR CAMPBELL CRS, REDAN"
03502111X2,0350214633,"150 SEVENTH ST RLWY STN, MILDURA"
07387023X2,0738704086,"14 SWANN RD QR TARINGA STN, TARINGA"
02969985X2,0296993632,"95 WELLINGTON ST OUTSIDE IGA, WATERLOO"
02969807X2,0296982249,"95 WELLINGTON ST OUTSIDE IGA, WATERLOO"
03979506X2,0397956019,"135 JACKSONS RD , NOBLE PARK NORTH"
07409337X2,0740933705,"LOT 11 0 KENNEDY HWY O/S POST OFFICE, WALKAMIN"
07409791X2,0740979145,"10 GARNET ST O/S POST OFFICE, MT GARNET"
07406955X2,0740695402,"123 CHARLOTTE ST O/S POST OFFICE, COOKTOWN"
07409205X2,0740924543,"122 BYRNES ST O/S TELEPHONE EXCH, MAREEBA"
07499650X2,0749965109,"36 WARREN ST O/S POST OFFICE, GOOVIGEN"
07478613X2,0747861302,"46 HERBERT ST O/S TELEPHONE EXCH, BOWEN"
07478600X2,0747861548,"46 HERBERT ST O/S TELEPHONE EXCH, BOWEN"
08826817X2,0882685232,"203 HANSON RD , ATHOL PARK"
02989308X2,0298939157,"126 CHURCH ST O/S WESTPAC, PARRAMATTA"
02989301X2,0298937186,"126 CHURCH ST O/S WESTPAC, PARRAMATTA"
02963526X2,0296356895,"158 CHURCH ST CNR ARGYLE ST, PARRAMATTA"
02963525X2,0296350368,"158 CHURCH ST CNR ARGYLE ST, PARRAMATTA"
02983143X2,0298318864,"1 QUAKERS RD O/S RLWY STN, MARAYONG"
02962117X2,0296215306,"1 QUAKERS RD O/S RLWY STN, MARAYONG"
07383100X1,0732114456,"344 WICKHAM TCE ROMA ST PARKLANDS, BRISBANE CITY"
07325204X2,0732521451,"48 BROOKES ST NR ST PAULS TCE, BOWEN HILLS"
02989603X1,0298963948,"O/S FRNT 326 GREAT WESTERN HWY HIGHWAY PLAZA S/C, WENTWORTHVILLE"
02637980X2,0263798201,"7690 BYLONG VALLEY HWY OPP STORE, BYLONG"
02635885X2,0263588504,"0 WINDERMERE DAM RD IN CAMPING AREA, CUDGEGONG"
02636790X2,0263679205,"6217 RENSHAW MCGIRR WAY THE HUT, BALDRY"
02683730X2,0268373726,"2 BARRIER HWY OS EMDALE ROADHSE, WILCANNIA"
03567439X2,0356743154,"12 WILLIAMS ST O/S POST OFFICE, INVERLOCH"
03952911X2,0395293066,"11 COMMERCIAL RD , MELBOURNE"
02975904X2,0297592587,"383 BURWOOD RD O/S BELMORE HOTEL, BELMORE"
02974042X2,0297406559,"383 BURWOOD RD O/S BELMORE HOTEL, BELMORE"
02974016X2,0297404171,"383 BURWOOD RD O/S BELMORE HOTEL, BELMORE"
02692892X2,0269289241,"5 MATE ST O/S COMMUNITY CLUB, HUMULA"
07326100X2,0732611477,"14 ROTHBURY ST O/S SHOPS, BALD HILLS"
07493500Y2,0749350101,"25 MUNNS DRV O/S POLICE STN, WOORABINDA"
08872512X2,0887257521,"16 BARRETT ST OPP LAIRD ST, MT GAMBIER"
08876825X2,0887682776,"2 BAGOT ST O/S POST OFFICE, ROBE"
08875340X2,0887534024,"3 KENNEDY ST O/S POST OFFICE, MUNDULLA"
08919113X2,0891911548,"63 LOCH ST O/S POST OFFICE, DERBY"
08919353X9,0891935509,"91 WALCOTT ST O/S ROEBUCK C/V PK, BROOME"
08994921X2,0899492329,"301 MAIDSTONE CRS IS POST OFFICE, EXMOUTH"
08994926X2,0899492365,"3 TRUSCOTT ST OS CARAVAN PARK, EXMOUTH"
07384601X2,0738461279,"82 STEPHENS RD ST LAURENCE'S COLL, SOUTH BRISBANE"
03524808X2,0352481509,"37 COPPARDS RD NR HIGH ST, MOOLAP"
08932819X2,0893284480,"3 FRANCIS ST NR BEAUFORT ST, PERTH"
08927420X2,0892745798,"181 MORRISON RD CNR GRAY DRV, MIDVALE"
08934227X2,0893428261,"3 WADE CRT NR GIRRAWHEEN ST, GIRRAWHEEN"
08940503X2,0894051088,"617 WANNEROO RD CNR VILLANOVA ST, WANNEROO"
08925511X2,0892552135,"21 JINDA RD CNR KALARA RD, KOONGAMIA"
08930606X2,0894056908,"9 EDGEWATER DRV O/S EDGEWATER S/C, EDGEWATER"
08930603X2,0894056294,"950 WANNEROO RD CNR CONLAN AVE, WANNEROO"
08929513X2,0892952399,"11010 GREAT EASTERN HWY , SAWYERS VALLEY"
08957460X2,0895746001,"2086 TOODYAY RD O/S S/CENTRE, GIDGEGANNUP"
08957110X7,0895711402,"2546 GREAT NORTHERN HWY OP 6 CHITTERING RD, BULLSBROOK"
08934426X2,0893442022,"8 CHESTERFIELD RD O/S TAVERN, MIRRABOOKA"
08927400X2,0892745021,"158 GREAT EASTERN HWY CNR EWART ST, MIDVALE"
08935905X2,0893591924,"153 HALE RD CNR HARTFIELD RD, FORRESTFIELD"
08949023X2,0894901743,"45 DOROTHY ST CNR TERRENCE, GOSNELLS"
08949307X2,0894594341,"2 WARTON RD NR CORFIELD, HUNTINGDALE"
02972521X2,0297261650,"223 MILLER RD NR GOONAROI ST, BASS HILL"
02982525X2,0298250298,"246 WONGA RD NR KURRAJONG RD, LURNEA"
02964400X2,0296441299,"67 BROAD ST NR HECTOR ST, BASS HILL"
02978716X2,0297871165,"0 THORNCRAFT PDE NR CANTERBURY RD, CAMPSIE"
02633421X2,0263344429,"218 SUTTOR ST CNR WARK PDE, WINDRADYNE"
02633156X2,0263315835,"284 LAMBERT ST NR MITRE ST, WEST BATHURST"
02633225X2,0263321132,"42 ROCKET ST NR HAVANNAH ST, SOUTH BATHURST"
02457500X2,0245750472,"7 SACKVILLE FERRY RD NR WISEMNSFERRY RD, SOUTH MAROOTA"
02473511X2,0247353965,"139 RUSSELL ST NR OLD BATHURST RD, EMU HEIGHTS"
02963201X2,0296322509,"1 BROUGHTON ST CNR SPRINGFIELD ST, OLD GUILDFORD"
02962316X2,0296233298,"11 PARKLAWN PL , NORTH ST MARYS"
03543920X2,0354392550,"1 LYELL RD O/S KIMBOLTON KIOS, EPPALOCK"
02974020X2,0297404187,"60 WANGEE RD NR CNR YANGOORA ST, LAKEMBA"
07405412X2,0740545244,"634 BRUCE HWY NR SANDOWN CL, WOREE"
07405540X2,0740554105,"175 BRUCE HWY O/S LIBRARY, EDMONTON"
08977220X7,0897721303,"LOT 37 0 MONOHAN RD GENERAL STORE - PO, DNNLLY RVR"
02968213X2,0296823654,"207 CLYDE ST , SOUTH GRANVILLE"
02983209X2,0298322280,"22 LUXFORD RD OPP POLICE STN, MOUNT DRUITT"
02603711X2,0260371288,"3208 RIVER RD CNR JINGELLIC RD, JINGELLIC"
03643103X2,0364311900,"67 MADDEN ST CNR BENNETT ST, ACTON"
07544265X2,0754426245,"863 SUNRISE RD NR COOROY NOOSA RD, TINBEERWAH"
07339638X2,0733967148,"52 ERNEST ST NR CURTIS ST, MANLY"
07339626X2,0733960673,"10 MANLY RD NR ERNEST ST, MANLY"
07387906X2,0738793602,"44 BRAGGAN ST NR BRISBANE RD, GAILES"
07381405X2,0738142570,"354 REDBANK PLAINS RD OS SERVICE STN, BELLBIRD PARK"
07347003X1,0734700792,"LOT 1 0 SIR LLEW EDWARDS DRV QR SPRNGFLD CENTRL, BRKWTR"
02954014X2,0295402490,"156 THE BOULEVARDE  CNR KAREENA RD, CARINGBAH"
02954514X2,0295453162,"74 ACACIA RD NR WARATAH ST, KIRRAWEE"
02954317X2,0295438627,"1 OLD ILLAWARRA RD NR BROUGHTON PLCE, BARDEN RIDGE"
02422501X1,0242257697,"1 FOLEYS LA WOLLONGONG TAFE, WOLLONGONG"
02426203X2,0242621349,"84 BONG BONG RD CNR HOMESTEAD DR, HORSLEY"
02426201X2,0242621342,"42 BROWNSVILLE AVE O/S POST OFFICE, BROWNSVILLE"
03969970X2,0396997490,"195 BANK ST O/S POST OFFICE, SOUTH MELBOURNE"
03956832X2,0395683549,"457 NEERIM RD O/S POST OFFICE, MURRUMBEENA"
03957902X2,0395791277,"309 CHESTERVILLE RD O/S POST OFFICE, BENTLEIGH EAST"
03967005X1,0396704386,"LVL 1 91 SPENCER ST SOUTHERN CROSS STN, DOCKLANDS"
03967010X1,0396707283,"CNCRSE  91 SPENCER ST SOUTHERN CROSS STN, DOCKLANDS"
03964208X1,0396424383,"ROOM  91 SPENCER ST BUS WAITING ROOM, DOCKLANDS"
03964210X1,0396424523,"ROOM  91 SPENCER ST STHN CONC WAIT RM, DOCKLANDS"
03958033X2,0395802896,"467 MAIN ST O/S POST OFFICE, MORDIALLOC"
08896216X2,0889621165,"49 PATERSON ST O/S POST OFFICE, TENNANT CREEK"
08896215X2,0889621132,"49 PATERSON ST O/S POST OFFICE, TENNANT CREEK"
07326207X2,0732627695,"PLATFM 1 49 ALBION RD QR ALBION STN, ALBION"
07386509X2,0738652693,"455 ZILLMERE RD QR ZILLMERE STN, ZILLMERE"
07335623X2,0733567227,"206 NEWMARKET RD OPP WILSTON RWS, WILSTON"
07323618X2,0732363684,"59 HERSCHEL ST NR GEORGE/ROMA STS, BRISBANE CITY"
02696351X2,0269635310,"1 CANAL ST CRN MIRROOL ST, BILBUL"
07323608X2,0732363680,"59 HERSCHEL ST NR GEORGE/ROMA STS, BRISBANE CITY"
02968715X1,0296870413,"CNCRSE WEST 1 ARGYLE ST PARRAMATTA RWS, PARRAMATTA"
02968713X1,0296870867,"CNCRSE WEST 1 ARGYLE ST PARRAMATTA RWS, PARRAMATTA"
02983118X2,0298313750,"9 KILDARE RD NEAR POLICE STN, BLACKTOWN"
02962116X2,0296215183,"1 MAIN ST NR BLACKTOWN RWS, BLACKTOWN"
02962106X2,0296211563,"1 MAIN ST NR BLACKTOWN RWS, BLACKTOWN"
02962100X2,0296211088,"NORTH SIDE 1 MAIN ST BLACKTOWN RLWY STN, BLACKTOWN"
07380820X2,0738081743,"32 BLACKWOOD RD NR CNR CROYDON RD, LOGAN CENTRAL"
07380825X2,0738083276,"1 CIVIC PDE CNR JACARANDA AVE, LOGAN CENTRAL"
07320814X2,0732084237,"36 EWING RD OPP ALBERT ST, LOGAN CENTRAL"
07380005X2,0738003603,"1 ESTRAMINA RD CNR VANSITTART RD, REGENTS PARK"
07380900X2,0738094001,"20 SWEETGUM ST NR STANGATE ST, HILLCREST"
07412108X2,0741217785,"24 GYMPIE RD NEAR TINANA PLACE*, TINANA"
07548366X2,0754836081,"21 ARALUEN TCE NR BRISBANE RD, MONKLAND"
07549252X2,0754925040,"18 ORMONDE TCE O/S CALOUNDRA SLSC, KINGS BEACH"
07544220X7,0754422409,"589 NAMBOUR CONNECTION RD I/S SERVICE STATION, NAMBOUR"
07544884X2,0754488606,"10 LORRAINE AVE NR PETRIE AVE, MARCOOLA"
02979219X2,0297922548,"PLATFM 2 1 ANDERSON AVE PANANIA RLWY STN, PANANIA"
02979210X1,0297927094,"134 CAHORS RD PADSTOW RLWY STN, PADSTOW"
02432333X7,0243233575,"38 SHOWGROUND RD GOSFORD RWLY STN, GOSFORD"
02432320X7,0243232523,"38 SHOWGROUND RD GOSFORD RWLY STN, GOSFORD"
08949515X2,0894951054,"2883 ALBANY HWY IN DENNY AVE, KELMSCOTT"
08949514X2,0894951048,"2883 ALBANY HWY IN DENNY AVE, KELMSCOTT"
08949717X2,0893995371,"70 SEVENTH RD NR DEVONSHIRE TCE, ARMADALE"
08952550X2,0895255001,"700 JARRAHDALE RD NR BRADY, JARRAHDALE"
08936714X2,0893676088,"262 CANNING HWY CNR BIRDWOOD AVE, COMO"
08931901X2,0893199673,"155 CANNING HWY CNR MAY ST, EAST FREMANTLE"
08933612X2,0893367819,"41 SOUTH TCE CNR ESSEX ST, FREMANTLE"
08933611X2,0893367817,"41 SOUTH TCE CNR ESSEX ST, FREMANTLE"
08933563X2,0893357765,"45 HENDERSON ST O/S COURT HOUSE, FREMANTLE"
08933567X2,0893358179,"346 SOUTH TCE CNR SCOTT ST, SOUTH FREMANTLE"
08933712X2,0893373534,"40 MCCOMBE ST CNR PETTERSON AVE, SAMSON"
08943946X2,0894394240,"64 ORELIA AVE CNR HENNESSY AVE, ORELIA"
08945405X2,0894548310,"49 NEWBURN AVE NR WESTERN AVE, HIGH WYCOMBE"
08959229X2,0895923416,"21 GIBB RD NR MURCHISON  RD, COOLOONGUP"
08959237X2,0895924324,"15 RAILWAY TCE NR PARKIN ST, ROCKINGHAM"
08959233X2,0895924268,"306 SAFETY BAY RD CNR BENT ST, SAFETY BAY"
08943933X2,0894395101,"8 FEILMAN DRV NR GILMORE AVE, LEDA"
08941970X2,0894196432,"8 FEILMAN DRV NR GILMORE AVE, LEDA"
08935933X2,0893591987,"37 EDINBURGH RD NR BRISTOL WAY, FORRESTFIELD"
08935902X2,0893591018,"20 STRELITZIA AVE NR BEGONIA WAY, FORRESTFIELD"
08929307X2,0892932077,"22 MEAD ST NR BARBER ST, KALAMUNDA"
08936206X2,0893622164,"414 ALBANY HWY CNR DUNCAN ST, VICTORIA PARK"
08947737X2,0894776210,"26 BELVIDERE ST CNR KEYMER ST, BELMONT"
08935059X2,0893509564,"15 CECIL AVE NR LEILA ST, CANNINGTON"
08945809X2,0894589501,"328 WHARF ST CNR WHITLOCK RD, QUEENS PARK"
08935611X2,0893561004,"208 SPENCER RD CNR SOUTHDOWN PL, THORNLIE"
08945207X2,0894523986,"6 THE STRAND  RAIL STN END, MADDINGTON"
08949020X2,0894901804,"2165 ALBANY HWY NR FREMANTLE RD, GOSNELLS"
08949018X2,0894903879,"52 CORFIELD ST CNR LYNN ST, GOSNELLS"
08945404X2,0894548301,"494 KALAMUNDA RD NR KENNETH RD, HIGH WYCOMBE"
08953012X2,0895301386,"4267 SOUTH WESTERN HWY NR DELPARK RD, NORTH DANDALUP"
08953132X2,0895313336,"1 ULDINA PL , PINJARRA"
08953133X2,0895313353,"20 SOUTH WESTERN HWY OS POST OFFICE, PINJARRA"
08953138X2,0895313339,"17 MCLARTY RD CNR FIRST ST, PINJARRA"
08958110X2,0895811039,"3 RANCEBY ST O/S LICENSING CNTR, COODANUP"
08953441X2,0895344031,"2 BAROY ST NR COBBLERS ST, FALCON"
08953443X2,0895344034,"627 OLD COAST RD NR OLIVE RD, FALCON"
08958160X2,0895816158,"39 GORDON RD NR PANTON RD, GREENFIELDS"
08958280X2,0895828094,"21 CASUARINA DRV NR HONEYSUCKLE RA, HALLS HEAD"
08953731X2,0895373058,"1 MADORA BEACH RD CNR SABINA DRV, MADORA BAY"
02982008X2,0298202165,"28 SPITFIRE DRV O/S RABY TAVERN, RABY"
03623454X2,0362342731,"47 LIVERPOOL ST , HOBART"
08998060Y2,0899806073,"12 BONDINI RSRVE 4KM E WILUNA, WILUNA"
02983221X2,0298322791,"2 ROOTY HILL RD NR NORTH PDE, ROOTY HILL"
02962506X2,0296253410,"2 ROOTY HILL RD NR NORTH PDE, ROOTY HILL"
07409140X2,0740914205,"80 ROBERT ST OS SHOWGROUNDS, ATHERTON"
07495302X2,0749535241,"106 NEBO RD NR ADRIAN STREET, WEST MACKAY"
07467112X2,0746713183,"138 MARSHALL ST NEAR PRATTON ST, GOONDIWINDI"
07553834X1,0755384312,"4 THE ESPLANADE  SOUL CENTRE, SURFERS PARADISE"
08895699Y1,NONE,"0 ANNERRE COMM 31K N OF BARROW CK, SANDOVER"
07478309X2,0747835295,"85 GRAHAM ST SW OF BRUCE HWY, AYR"
07337508X2,0733759674,"21 RAILWAY PDE , DARRA"
07382102X2,0738210551,"109 BLOOMFIELD ST NR QUEEN ST, CLEVELAND"
07382125X2,0738216953,"197 BLOOMFIELD ST NR ROSS CRT, CLEVELAND"
07382106X2,0738210584,"1 EMMETT DRV NR WATER TAXI, CLEVELAND"
07382124X2,0738210284,"PLATFM 1 1 SHORE ST QR CLEVELAND, CLEVELAND"
07382107X2,0738210607,"43 OSPREY DRV NR PANORAMA DRV, THORNLANDS"
07320700X2,0732076784,"1 SCHOOL RD NR COLBURN AVE, VICTORIA POINT"
07339133X2,0733916748,"73 LATROBE ST NR LYTTON RD, EAST BRISBANE"
07339128X2,0733916455,"104 MAIN ST OPP MACKENZIE ST, KANGAROO POINT"
07339111X2,0733914742,"540 MAIN ST NR PEARSON ST, KANGAROO POINT"
07339115X2,0733915018,"41 PEARSON ST OPP QUINTON ST, KANGAROO POINT"
07389105X2,0738912849,"23 PRINCESS ST CNR MAIN ST, KANGAROO POINT"
07339301X2,0733931675,"136 RIVER TCE NEAR BELL ST, KANGAROO POINT"
07339919X2,0733992148,"949 WYNNUM RD NR MARSH ST, CANNON HILL"
07339911X2,0733991348,"958 WYNNUM RD NR BARRACK RD, CANNON HILL"
07389902X2,0738992095,"73 THYNNE RD OS POLICE STN, MORNINGSIDE"
07339917X2,0733991748,"188 THYNNE RD NR VICTORIA ST, MORNINGSIDE"
07339908X2,0733991066,"590 WYNNUM RD OS SCHOOL OF ARTS, MORNINGSIDE"
07384303X2,0738431811,"81 OATESON SKYLINE DRV NR SERVIUS AVE, NORMAN PARK"
07339501X2,0733955768,"142 APOLLO RD NR BYRON ST, BULIMBA"
07339926X2,0733996973,"145 OXFORD ST NR STUART ST, BULIMBA"
07339916X2,0733991720,"284 HAWTHORNE RD NR LINDSAY ST, HAWTHORNE"
07339502X2,0733955873,"121 RIDING RD NR STEPHENS ST, HAWTHORNE"
07339014X2,0733907152,"138 RAILWAY TCE NR QUEENSPORT RD, MURARRIE"
07339018X2,0733907746,"869 MANLY RD NR STANTON RD, TINGALPA"
07328806X2,0732881491,"95 ALICE ST NR ALBERT ST, GOODNA"
07328827X2,0732881014,"213 BRISBANE TCE NR RYLANCE ST, GOODNA"
07328816X2,0732881237,"9 QUEEN ST OS ST IVES SC, GOODNA"
07381826X2,0738180648,"PLATFM 1 22 RYAN ST QR GOODNA, GOODNA"
07328820X2,0732881366,"14 SMITHS RD OS ST IVES SC, GOODNA"
07338101X1,0733818730,"0 NEV SMITH DRV QR SPRINGFIELD, SPRINGFIELD"
07381802X2,0738183032,"112 COLLINGWOOD DRV NR WING CRT, COLLINGWOOD PARK"
07381816X1,0738182894,"89 BRISBANE RD QR REDBANK, REDBANK"
07381401X2,0738143166,"24 SCHOOL RD OPP CASHMERE ST, REDBANK PLAINS"
07381406X2,0738142880,"1 SHANNON ST NR REDBANK PLNS RD, REDBANK PLAINS"
07381601X2,0738160085,"PLATFM 1 1 MASON ST QR DINMORE, DINMORE"
07328223X2,0732821437,"26 RIVER RD OPP KING ST, DINMORE"
07381603X2,0738161914,"PLATFM 1 1 MOGGILL FERRY RD QR RIVERVIEW, RIVERVIEW"
07328204X2,0732822691,"160 BRISBANE RD NR S STATION RD, BOOVAL"
07328220X2,0732823539,"1 MARY ST NR RIVER RD, BUNDAMBA"
07381601X1,0738160307,"PLATFM 1 23 MINING ST QR BUNDAMBA, BUNDAMBA"
07381605X2,0738160268,"PLATFM 1 16 BRISBANE RD QR EBBW VALE, EBBW VALE"
07320204X2,0732023383,"4 MCGILL ST NR HOWARD ST, BASIN POCKET"
07320106X2,0732015093,"3 HUNTER ST OPP MIHI ST, BRASSALL"
07320112X2,0732015046,"97 PINE MOUNTAIN RD NR GLOSSOP ST, BRASSALL"
07320113X2,0732018037,"143 PINE MOUNTAIN RD NR HOLT ST, BRASSALL"
07552980X1,0755298052,"141 FOXWELL RD QR COOMERA, COOMERA"
07557323X1,0755730758,"73 ABRAHAM RD BP COOMERA, UPPER COOMERA"
07552723X1,0755272075,"92 NERANG BROADBEACH RD QR NERANG, NERANG"
07550210X1,0755021264,"92 NERANG BROADBEACH RD QR NERANG, NERANG"
07557320X1,0755737641,"2 TOWN CENTRE DRV QR HELENSVALE, HELENSVALE"
07557306X1,0755737485,"2 TOWN CENTRE DRV QR HELENSVALE, HELENSVALE"
07553960X1,0755396775,"206 CURRUMBURRA RD ASHMORE CITY, ASHMORE"
07559312X1,0755931496,"UPPER LVL 2 ROBINA STATION RD QR ROBINA, ROBINA"
07556800X1,0755680679,"1 COROMANDEL LA QR VARSITY LAKES, VARSITY LAKES"
07554752X1,0755475266,"76 MIRAMBEENA DRV QR ORMEAU, PIMPAMA"
07381812X1,0738188561,"2 SMITHS RD ST IVES SHOPPING C, GOODNA"
07381811X1,0738184105,"2 SMITHS RD ST IVES SHOPPING C, GOODNA"
07381802X1,0738184106,"2 SMITHS RD ST IVES SHOPPING C, GOODNA"
07328801X1,0732881320,"2 SMITHS RD ST IVES SHOPPING C, GOODNA"
07327124X2,0732714109,"5 AKENSIDE ST NR WACOL RLWY STN, WACOL"
07337911X2,0733797946,"321 HONOUR AVE OPP RLWY STN, GRACEVILLE"
07557303X2,0755732366,"1 LINDFIELD RD O/S HELENSVALE S/C, HELENSVALE"
08829713X2,0882973032,"366 ANZAC HWY NR CROSS RD, PLYMPTON"
02493313X2,0249335032,"371 HIGH ST O/S POST OFFICE, MAITLAND"
02493413X2,0249341997,"420 HIGH ST O/S WESTPAC, MAITLAND"
07412318X2,0741234075,"BLDG  133 WHARF ST MARYBOROUGH EXCH, MARYBOROUGH"
07548642X2,0754864266,"58 TIN CAN BAY RD NR DOLPHIN AVE, TIN CAN BAY"
07548644X2,0754864482,"69 TIN CAN BAY RD NR CNR TOOLARRA RD, TIN CAN BAY"
07548630X2,0754863102,"14 RAINBOW BEACH RD NR CLARKSON DRV, RAINBOW BEACH"
02633157X2,0263319532,"100 BENTINCK ST NR KEPPEL ST, BATHURST"
02636751X2,0263675001,"36 MOUNT MCDONALD RD NR CNR MAIN ST, LYNDHURST"
02633212X2,0263321167,"47 SEYMOUR ST NR RUSSELL ST, BATHURST"
02633215X2,0263321163,"98 ROCKET ST NR CENTENNIAL PARK, BATHURST"
03578500X2,0357851200,"30 HIGH ST OPP POST OFFICE, PYALONG"
03544100X2,0354413934,"1 RAILWAY PL BENDIGO RLWY STN, BENDIGO"
03586930X2,0358693200,"65 MURRAY ST OS BARMAH C/VAN PK, BARMAH"
02971618X2,0297167022,"PLATFM 3 1 CARLTON CRS SUMMER HILL RWS, SUMMER HILL"
02980922X2,0298094504,"64 CONSTITUTION RD MEADOWBANK RWS, MEADOWBANK"
02944919X2,0294497965,"73 GRANDVIEW ST O/S PHARMACY, PYMBLE"
02935838X2,0293586843,"107 DARLINGHURST RD KINGS CROSS RWS, POTTS POINT"
02968401X2,0296841187,"27 BETTY CUTHBERT AVE OS WOOLWORTHS S/MK, ERMINGTON"
02963806X2,0296387232,"27 BETTY CUTHBERT AVE OS WOOLWORTHS S/MK, ERMINGTON"
08898307X2,0889831454,"20 MORGAN RD O/S OASIS TOUR PK, VRGNIA"
02432321X7,0243232089,"PLATFM 2 38 SHOWGROUND RD GOSFORD RWLY STN, GOSFORD"
02432335X7,0243233810,"PLATFM 1 38 SHOWGROUND RD GOSFORD RWLY STN, GOSFORD"
02435100X1,0243554682,"PLATFM 2 75 PACIFIC HWY TUGGERAH RWLY STN, TUGGERAH"
02435101X1,0243554685,"PLATFM 1 75 PACIFIC HWY TUGGERAH RWLY STN, TUGGERAH"
02434403X2,0243447128,"3 RAILWAY ST WOY WOY RWLY STN, WOY WOY"
02434402X2,0243442650,"3 RAILWAY ST WOY WOY RWLY STN, WOY WOY"
02432346X2,0243234259,"51 BRISBANE WATER DRV OS POINT CLARE RWS, POINT CLARE"
02432344X2,0243234265,"2 GLENROCK PDE O/S TASCOTT RWS, TASCOTT"
02436220X2,0243628452,"57 PACIFIC HWY OURIMBAH RWLY STN, OURIMBAH"
02954412X2,0295441799,"137 CRONULLA ST O/S CRONULLA RWS, CRONULLA"
02954018X2,0295403787,"PLATFM 2 1 GYMEA BAY RD GYMEA RLWY STN, GYMEA"
02958900X2,0295891891,"1 COMO PDE COMO RLWY STN, COMO"
02958023X2,0295808169,"CNCRSE  8 THE STRAND  PENSHURST RLWY STN, PENSHURST"
02954804X2,0295482576,"1356 PRINCES HWY HEATHCOTE RWLY STN, HEATHCOTE"
02952002X2,0295206813,"1347 PRINCES HWY OPP RWLY STN, HEATHCOTE"
02954506X2,0295452069,"1 LOFTUS AVE LOFTUS RLWY STN, LOFTUS"
02952003X2,0295209430,"PLATFM 2 1 PRINCES HWY WATERFALL RWLY STN, WATERFALL"
02954519X2,0295455137,"PLATFM 2 1 OLD PRINCES HWY SUTHERLAND RWS, SUTHERLAND"
02954518X2,0295454539,"1 OLD PRINCES HWY SUTHERLAND RWS, SUTHERLAND"
02998003X2,0299806018,"PLATFM 2 0 WONGALA CRS BEECROFT RLWY STN, BEECROFT"
02955346X2,0295530463,"1 RAILWAY PDE KOGARAH RLWY STN, KOGARAH"
02955345X2,0295530465,"1 RAILWAY PDE KOGARAH RLWY STN, KOGARAH"
02435117X2,0243554672,"PLATFM 3 5 PACIFIC HWY WYONG RLWY STN, WYONG"
02664760X2,0266476200,"10 CLARENCE ST NR HOTEL, BRUSHGROVE"
02499753X2,0249975743,"401 TAREAN RD NR MOBIL, KARUAH"
02496705X2,0249673876,"36 THORNTON AVE NR CNR PURDUE AVE, MAYFIELD WEST"
02498306X2,0249831650,"33 TROMAN PDE NR CNR WATT ST, RAYMOND TERRACE"
02495917X2,0249593189,"2 THRELKELD DRV CNR QUIGLEY RD, BOLTON POINT"
02496081X1,0249608025,"32 INDUSTRIAL DRV CLUB PHOENIX, MAYFIELD"
02495681X2,0249568264,"283 MAIN RD CARDIFF RLWY STN, CARDIFF"
02495708X1,0249509175,"7 PARK AVE ADAMSTOWN RLWY STN, ADAMSTOWN"
02494006X2,0249654105,"36 GRAHAM ST O/S RLWY STN, BROADMEADOW"
02496130X1,0249613977,"36 GRAHAM ST O/S RLWY STN, BROADMEADOW"
02673215X2,0267321709,"15 CHURCH ST OS POPLARS C/PARK, GLEN INNES"
02672310X2,0267231357,"34 MARSH ST CNR HALL ST, GILGAI"
02673212X2,0267321343,"176 FERGUSON ST CNR PARK ST, GLEN INNES"
02672542X2,0267254207,"32 ALBURY ST NR DUFF ST, ASHFD"
02672323X2,0267232307,"1149 ELSMORE-PARADISE RD OS MEMORIAL HALL, ELSMORE"
02677843X2,0267784001,"365 THUNDERBOLTS WAY CNR ANDERSONS RD, ROCKY RIVER"
02676940X2,0267694200,"1745 TAMWORTH-NUNDLE RD OS P/O GEN STORE, DUNGOWAN"
07320705X2,0732077175,"24 VICTORIA PDE O/S KIOSK, COOCHIEMUDLO ISLAND"
08916915X1,0891693793,"110 WEABER PLAINS RD HIDDEN VALLEY CARA, KUNUNURRA"
03514412X2,0351441784,"47 MACALISTER ST CNR RAYMOND, SALE"
02688226X2,0268825432,"196 WINGEWARRA ST NR BANKSIA CRES, DUBBO"
02688221X2,0268823721,"141 BRISBANE ST OS COURT HOUSE, DUBBO"
02688213X2,0268822721,"2 NAMAN ST NR DARLING ST, DUBBO"
02688209X2,0268822432,"PLATFM  144 TALBRAGAR ST DUBBO RLWY STN, DUBBO"
02688224X2,0268824032,"80 TAMWORTH ST NR STERLING ST, DUBBO"
07388203X1,0738826075,"1 WARRA LA CASHMERE SHOP VILL, CASHMERE"
03578651X2,0357865200,"1263 WHITTLESEA-YEA RD OS GENERAL STORE, KINGLAKE WEST"
07463619X2,0746365253,"487 WEST ST BLOCK H UNIVERSITY, DARLING HEIGHTS"
07412409X1,0741240797,"6 CENTRAL AVE HERVEY BAY SC, URRAWEEN"
02664740X2,0266474610,"4467 GWYDIR HWY MAN RIVER CARAVAN, JACKADGERY"
07416213X2,0741624180,"29 ALFORD ST KINGAROY SHOPPING*, KINGAROY"
03955103X1,0395517431,"400 WARRIGAL RD NR ZOUKI CAFE, HEATHERTON"
07559918X2,0755991435,"14 POWELL ST TWEED HEADS HOSPIT, TWEED HEADS"
07335519X1,0733551851,"159 OSBORNE RD BROOKSIDE SHOPPING, MITCHELTON"
07320921X1,0732099872,"3828 PACIFIC HWY LOGAN HYPERDOME, SHAILER PARK"
07320911X2,0732098296,"3828 PACIFIC HWY LOGAN HYPERDOME, SHAILER PARK"
07549449X2,0754944951,"464 MALENY-KENILWORTH RD CNR GUMLAND DVE, WITTA"
07415110X2,0741513449,"23 TANTITHA ST CNR WOONGARRA ST, BUNDABERG CENTRAL"
07466270X2,0746627004,"119 HEENEY ST CHINCHILLA EXCH, CHINCHILLA"
07466912X2,0746691347,"80 HEENEY ST CHINCHILLA  CULTUR, CHINCHILLA"
07547950X1,0754795739,"12 OCEAN ST BIG TOP SC, MAROOCHYDORE"
02664974X2,0266497835,"LOT 21 646 MINNIE WATER RD MINNIE WATER CARAV, MINNIE WATER"
03572861X2,0357286649,"12 BEECHWORTH-STANLEY RD , STANLEY"
02668638X2,0266860356,"6 RIVER ST , BALLINA"
02497603X2,0249761432,"2 ALDINGA RD CNR GAMBAN RD, GWANDALAN"
03976900X2,0397696724,"1 DAVEY ST OS PELICAN BAR, FRANKSTON"
03527515X2,0352755358,"0 PURNELL RD O/S CHESHIRE RESV, CORIO"
03526412X2,0352641300,"1 HORWOOD DRV O/S CARAVAN PK, BREAMLEA"
03522303X2,0352233815,"15 EASTERN BEACH RD O/S LEPARISIEN, GEELONG"
03586931X2,0358693308,"13 MURRAY ST OS PERCH C/V PARK, BARMAH"
07384463X2,0738448862,"FLR 4 10 RAYMOND TCE NR OPAT ADULT BLDG, SOUTH BRISBANE"
07463939X2,0746393503,"224 RUTHVEN ST NR DELACY ST, NORTH TOOWOOMBA"
07463412X1,0746342954,"546 BRIDGE ST CNR BOUNDARY ST, TORRINGTON"
07466140X2,0746618468,"2 ROBYN ST NR LYNDHURST LANE, ROSENTHAL HEIGHTS"
07477233X2,0747724895,"147 BOUNDARY ST NR TWELFTH AVE, RAILWAY ESTATE"
07477270X2,0747727073,"79 THE STRAND  STRAND PARK OPP NO, NORTH WARD"
08894715X2,0889470675,"20 CATTERTHUN ST , WINNELLIE"
08975424X2,0897542204,"539 BUSSELL HWY NR HOLGATE RD, BROADWATER"
08975543X2,0897554001,"LOT 19 0 BUSSELL HWY O/S POST OFFICE, VASSE"
08977105X2,0897712399,"51 GIBLETT ST O/S POST OFFICE, MANJIMUP"
03932945X2,0393294375,"279 ADDERLEY ST OPP NTH MELB RWS, WEST MELBOURNE"
03937200X2,0393721440,"350 RACECOURSE RD NEWMARKET RLWY STN, FLEMINGTON"
03961427X2,0396145278,"207 FLINDERS ST FLINDERS ST RWS, MELBOURNE"
03961402X1,0396145664,"207 FLINDERS ST FLINDERS ST RWS, MELBOURNE"
08984103X2,0898412611,"5 HARDIE RD SHOPPING CENTRE, SPENCER PARK"
08984106X2,0898413685,"80 GREY ST O/S EXCHANGE, ALBANY"
03840101X1,0384014473,"39 COOPER ST EPPING RAILWAY STA, EPPING"
07329902X1,0732995627,"38 WEMBLEY RD LGN CENTRAL CM, LOGAN CENTRAL"
02622760X2,0262276020,"0 MONTEM ST CNR WALES CLS, BOWNING"
08966294X2,0896621052,"0 GREAT NORTHERN HWY O/S POST OFFICE, PITHARA"
02494711X2,0249471474,"73 NTABA RD O/S JEWELS SHP CNT, JEWELLS"
03930205X2,0393094201,"59 PEARCEDALE PDE KANGAN INS OF TAFE, BROADMEADOWS"
03989921X2,0398990285,"1 KANGERONG RD CNR BOXHILL POLICE, BOX HILL"
07493513X2,0749351214,"2234 BYFIELD RD OS BYFIELD STORE, BYFIELD"
02492623X2,0249263010,"1 NATIONAL PARK ST NR CNR HUNTER ST, NEWCASTLE WEST"
07405175X2,0740518036,"193 SHERIDAN ST NR GROVE ST, CAIRNS NORTH"
07404150X2,0740415963,"204 SHERIDAN ST O/S CAPT COOK INN, CAIRNS NORTH"
07405156X2,0740516702,"229 SHERIDAN ST NR CHARLES ST, CAIRNS NORTH"
07403128X2,0740319215,"230 SHERIDAN ST OS SERVICE STATION, CAIRNS NORTH"
07404110X8,0740411306,"333 SHERIDAN ST O/S SERVICE STATION, CAIRNS NORTH"
08826927X2,0882693821,"36 NORTH EAST RD NR FULLER ST, WALKERVILLE"
07335503X2,0733555606,"75 CAMELIA AVE NR DROSERA ST, EVERTON HILLS"
07335615X2,0733564548,"257 BANKS ST NR MOORE ST, ASHGROVE"
07336937X2,0733699748,"88 PETRIE TCE NR MENZIES ST, PETRIE TERRACE"
07335413X1,0733541423,"30 STATION AVE QR GAYTHORNE STN, GAYTHORNE"
07327311X2,0732731501,"66 LEAROYD RD O/S CARAVAN PARK, ALGESTER"
07371101X2,0737112604,"188 ALGESTER RD CNR CENTRAL ST, CALAMVALE"
07339100X2,0733910119,"64 CORNWALL ST NR AYR ST, WOOLLOONGABBA"
07380024X2,0738009725,"120 MIDDLE RD MIDDLE RD S/C, HILLCREST"
07387901X2,0738794154,"255 WATERFORD RD CNR BLUEBIRD AVE, ELLEN GROVE"
07328218X2,0732821520,"52 STAFFORD ST NR VIDERONI ST, SILKSTONE"
07557107X2,0755716218,"226 NAPPER RD O/S ARUNDEL TAVERN, PARKWOOD"
07559704X2,0755974698,"319 NERANG RD NR OLSEN AVE, SOUTHPORT"
07549940X2,0754994760,"40 TORRENS RD OS SPECIAL SCHOOL, CBLTRE S"
07415200X1,0741525349,"16 MARYBOROUGH ST HINKLER SC, BUNDABERG CENTRAL"
02602428X2,0260244253,"43 MULLINS RD NEAR CARDINAL ST, KILLARA"
07404140X2,0740414825,"70 LAKE ST O/S ORCHID PLAZA, CAIRNS CTY"
08940903X2,0894095091,"0 MITCHELL FWY WHITFORDS RAIL, KINGSLEY"
08940902X2,0894095089,"0 MITCHELL FWY WHITFORDS RAIL, KINGSLEY"
08930912X1,0894096743,"0 MITCHELL FWY WHITFORDS RAIL, KINGSLEY"
08930004X2,0893000419,"0 COLLIER PASS JOONDALUP RAIL, JOONDALUP"
08930003X2,0893000417,"0 COLLIER PASS JOONDALUP RAIL, JOONDALUP"
08930005X2,0893000809,"0 MITCHELL FWY CURRAMBINE RAIL, CURRAMBINE"
08956118X2,0895611309,"10 ENTERPRISE AVE OS TWO ROCKS S/C, TWO ROCKS"
08937002X1,0893701094,"0 WHATLEY CRS MAYLANDS RAIL, MAYLANDS"
08937904X1,0893792546,"0 GUILDFORD RD BASSENDEAN RAIL, BASSENDEAN"
08937803X1,0893783824,"0 GUILDFORD RD BASSENDEAN RAIL, BASSENDEAN"
08935900X1,0893591260,"20 STRELITZIA AVE FORUM SHOPPING CTR, FORRESTFIELD"
08935902X1,0893590932,"20 STRELITZIA AVE MARKET PLACE SC, FORRESTFIELD"
08945905X1,0894598954,"217 SPENCER RD THORNLIE RAIL, THORNLIE"
08945904X1,0894595076,"217 SPENCER RD THORNLIE RAIL, THORNLIE"
08931323X1,0893138178,"0 KWINANA FWY BULL CREEK RAIL, BULLCREEK"
08931030X1,0893108694,"0 KWINANA FWY MURDOCH RAIL, MURDOCH"
08945003X1,0894505612,"0 KWINANA FWY CANNING BDG RAIL, COMO"
08943023X1,0894305248,"0 PETER HUGHES DRV PASSENGER TERMINAL, FREMANTLE"
08941709X2,0894173949,"49 BERRIGAN DRV SOUTH LAKES S/C, SOUTH LAKE"
08941708X2,0894173738,"49 BERRIGAN DRV SOUTH LAKES S/C, SOUTH LAKE"
08914030X2,0891401452,"2 PETER WAY ON HAWKINS ST, SOUTH HEDLAND"
08919282X2,0891928871,"17 CARNARVON ST NR SHORT ST, BROOME"
08919375X2,0891937486,"27 SAVILLE ST CNR FOREST ST, BROOME"
08919352X2,0891935172,"27 SAVILLE ST CNR FOREST ST, BROOME"
08919350X2,0891935165,"2 BARKER ST OS TELSTRA EXCH, BROOME"
08919377X2,0891937869,"19 NAPIER TCE NR HAMMERSLEY ST, BROOME"
08919317X2,0891931242,"142 LOCK ST IN LYTTON PARK, DERBY"
08919111Y2,0891911669,"38 PANTON ST KARMALINUNGA COMM, DERBY"
08916113X2,0891611209,"17 KOOLINDA ST OPP POST OFFICE, WYNDHAM"
08916110X2,0891611100,"29 O'DONNELL ST O/S RSL MMRL PARK, WYNDHAM"
08916909X2,0891691201,"85 KONKERBERRY DRV O/S TELSTRA EXCHAN, KUNUNURRA"
08916820X2,0891682009,"85 KONKERBERRY DRV O/S TELSTRA EXCHAN, KUNUNURRA"
08916820Y2,0891682601,"8 MULGA ST CNR BUTTON DRIVE, KUNUNURRA"
08917513X2,0891751005,"4 FORTESCUE DRV CNR NEWMAN DRV, NEWMAN"
08918952X2,0891895202,"84 ASHBURTON CRT O/S POST OFFICE, PARABURDOO"
08917620Y2,0891762038,"15 COOKE ST NR WALKER ST, NULLAGINE"
03965479X2,0396544537,"87 SPRING ST PARLIAMENT RWS, MELBOURNE"
03960241X2,0396023546,"PLATFM 3 307 WILLIAM ST FLAGSTAFF RWLY STN, MELBOURNE"
03965427X2,0396542965,"151 WELLINGTON PDE O/S JOLIMONT RWS, EAST MELBOURNE"
03958425X2,0395841156,"6 COMO PDE O/S C'WEALTH BANK, MENTONE"
03958305X2,0395831275,"6 COMO PDE O/S C'WEALTH BANK, MENTONE"
03538100X2,0353811484,"4495 HENTY HWY O/S GENERAL STORE, HAVEN"
03535660X1,0353566203,"650 MOKEPILLY RD IN HOLIDAY PARK, LAKE FYANS"
03533307X2,0353334536,"130 LYDIARD ST BALLARAT RWLY STN, BALLARAT CENTRAL"
03535660X2,0353566200,"3408 ARARAT-HALLS GAP RD O/S GENERAL STORE, POMONAL"
03535640X2,0353564200,"95 GRAMPIANS RD OS CARAVAN PARK, HALLS GAP"
03535642X2,0353564332,"117 GRAMPIANS RD NR VISITORS CTE, HALLS GAP"
03559210X2,0355921208,"48 SWANSTON ST TERANG RWLY STN, TERANG"
03559314X2,0355931447,"20 LONGMORE ST O/S CAMPERDOWN RWS, CAMPERDOWN"
03559830X2,0355983100,"13 MAIN ST NR POST OFFICE, TIMBOON"
07478721X2,0747872148,"1 FLINDERS HWY BURDEKIN DUCK R/HS, BREDDAN"
02645425X2,0264542493,"3 ILLAWONG RD OS CARAVAN PARK, ANGLERS REACH"
02435816X2,0243581205,"LOT 426 0 KARIOLA ST MACQUARIE LAKESIDE, CHAIN VALLEY BAY"
07553614X1,0755369103,"2 AIRPORT RD INT ARRIVALS, BILINGA"
08821206X2,0882125143,"21 KING WILLIAM ST NR GRESHAM PL, ADELAIDE"
08823202X1,0882325659,"17 CHARLES ST CHARLES ST PLAZA, ADELAIDE"
08826804X2,0882684109,"726 PORT RD NR HOWARD ST, BEVERLEY"
08825800X1,0882583309,"53 NORTHBRI AVE MANOR FARM SHOPPIN, SALISBURY EAST"
08834042X2,0883403098,"507 PORT RD E OF MINNIE ST, WEST CROYDON"
08873840X2,0887384060,"10 CASUARINA GR KYWONG C/V PK ENT, NELSON"
08897223X2,0889722676,"56 CALLISTEMON DRV NR GLENCOE CRT, KATHERINE EAST"
08895320X2,0889531587,"39 MILNER RD NR GASON, GILLEN"
08895338X2,0889531771,"33 HARTLEY ST , ALICE SPRINGS"
08895327X2,0889531638,"33 HARTLEY ST , ALICE SPRINGS"
03524123X1,0352432413,"75 PIGDONS RD DEAKIN UNIVERSITY, WAURN PONDS"
07557610X2,0755767906,"1930 GOLD COAST HWY , MIAMI"
07466412X2,0746641398,"25 ACACIA ST OPP CEDAR ST, KILLARNEY"
07469500X2,0746950118,"5817 KARARA TOOWOOMBA RD NR WARWICK ST, LEYBURN"
08897811X2,0889781215,"0 LITCHFIELD PARK RD WANGI FALLS V/CNTR, LTCHFD PK"
03987703X1,0398773046,"170 SPINGVALE RD NUNAWADING RAILWAY, NUNAWADING"
08916141Y2,NONE,"3 KANDIWAL COMM 375KM NE DERBY, MITCHELL PLATEAU"
08917661Y2,0891766977,"OFF  3 YOUNGALEENA BUNJIMA COM  20KM E WITTENOOM, MULGA DOWNS"
08917700Y2,0891778340,"3 PUMAJINA COMM 1KM N NEWMAN, NEWMAN"
08917610Y2,0891761009,"3 GOODABINYA COMM 3KM NW MARBLE BAR, MARBLE BAR"
08917694Y2,0891769071,"30 PARNNGURR HS 30 COMM 500 KM SE HEDLAND, TELFER"
08917691Y2,0891769070,"38 PARNNGURR HS 38 COMM 500 KM SE HEDLAND, TELFER"
08919157Y2,0891915210,"3 DARLNGUNAYA COMM 7KM E FITZROY, FITZROY CROSSING"
08919159Y2,0891915215,"3 MINDI RARDI COMM 1KM S FITZROY, FITZROY CROSSING"
08919177Y7,0891917138,"3 GALERU GORGE COMM 70KM SE FITZROY, MUELLER RANGES"
08916886Y2,0891688714,"3 KEARNEY COMM 10KM SE BALGO, TNMI"
08919170Y9,0891917169,"3 KUPARTIYA COMM 100KIM SE FITZROY, MUELLER RANGES"
08916862Y2,0891686120,"3 LUNDJA COMM 5KM N HALLS CRK, HALLS CREEK"
08919175Y9,0891917419,"3 MIMBI COMM 110KM E FITZROY, MUELLER RANGES"
08919178Y2,NONE,"3 MOONGARDIE COMM 120 KM E FITZROY, MUELLER RANGES"
08916851Y2,0891685376,"3 NICHOLSON BLOCK COMM 5KM WST HALLS CK, HALLS CREEK"
08916901Y2,0891693629,"3 WURRERANGINY COMM 34KM S WARMUN, ORD RIVER"
08919173Y2,0891917133,"3 JOY SPRINGS COMM 30KM SE FITZROY, FITZROY CROSSING"
08919175Y2,NONE,"3 MINGALKALA COMM 100KM SE FITZROY, MUELLER RANGES"
08918210Y2,0891821236,"3 NORTH WEST COASTAL HWY CHEEDITHA  COMNITY, ROEBOURNE"
08917642Y2,0891764878,"3 STRELLEY STN 50KM E PT HEDLAND, STRELLEY"
08914001Y2,0891402968,"3 NGARLA-COASTAL COMM 15KM E STH HEDLAND, BOODARIE"
08919245Y7,0891924941,"3 DJARAJIN COMM 180KM NE BROOME, DAMPIER PENINSULA"
08984220X2,0898422261,"210 NORTH RD O/S SHOPPING CENTR, YAKAMIA"
08935653X2,0893561669,"203 TREASURE RD NR FUNNELL ST, QUEENS PARK"
03552322X2,0355232019,"6043 DUTTON WAY CARAVAN PARK, BOLWARRA"
08952810X1,0895925428,"0 ENNIS AVE ROCKINGHAM RAIL, ROCKINGHAM"
08952809X1,0895286938,"0 ENNIS AVE ROCKINGHAM RAIL, ROCKINGHAM"
08909318X2,0890932003,"201 LANE ST OS DICOVERY PARK, SOUTH BOULDER"
08902101X2,0890213904,"141 WILSON ST OPP DAVIDSON, SOUTH KALGOORLIE"
08907124X2,0890715600,"73 PINKLAKE RD CNR PAINE ST, NULSEN"
08903931X1,0890393494,"22 EYRE HWY BORDER VILLAGE, NLRBR"
08903930X1,0890393487,"22 EYRE HWY BORDER VILLAGE, NLRBR"
08919370X1,0891937298,"14 WATTLE DRV BROOME C/PARK, ROEBUCK"
08965122X2,0896512058,"3850 BRAND HWY LIBERTY CATABY NTH, CATABY"
08975408X2,0897541311,"47 BUSSELL HWY NR JOLLIFFE, WEST BUSSELTON"
08975418X2,0897541354,"125 BUSSELL HWY NR BAY VIEW ST, WEST BUSSELTON"
08984117X2,0898413555,"557 ALBANY HWY NR LANCASTER, MCKAIL"
08994940X1,0899494002,"0 CAPE RANGE NATIONAL PK MILYERING CNTR, CPE RNG NT PK"
03639312X2,0363931507,"33 MEANDER VALLEY RD , HAGLEY"
02464611X2,0246461200,"0 HOLDSWORTH DRV NR 2 MELALEUCA RD, NARELLAN VALE"
03577781X2,0357778243,"7404 MANSFIELD-WOODS POINT RD , GFFNYS CK"
07557630X7,0755763815,"1922 GOLD COAST HWY MIAMI FAMILIY MEDI, MIAMI"
08868541X1,0886854092,"113 THE ESPLANADE  CRN HAGGARTY ST, COFFIN BAY"
08863323X2,0886332743,"283 SENATE RD NR ESMOND RD, RISDON PARK"
08826806X2,0882684298,"77 DAVID TCE NR ROFE CT, WOODVILLE PARK"
08896460Y1,0889646076,"0 TANAMI HWY TILMOUTH WELL R/HS, LARAMBA"
03598612X2,0359863400,"85 OLD CAPE SCHANCK RD , ROSEBUD"
03835806X1,0383582814,"399 MELTON HWY O/S MAIN ENTRANCE, TAYLORS LAKES"
03503208X1,0350325021,"139 CURLEWIS ST , SWAN HILL"
03951008X2,0395108636,"142 HIGH ST BLDG K FOYER SWBRN, WINDSOR"
07384802X2,0738480673,"66 LAMBTON ST WLWRTHS CAR PARK, ANNERLEY"
07320003X2,0732009548,"3 KING ARTHUR BLV NR BETHANIA SHOP, BETHANIA"
07389106X2,0738916292,"46 THORN ST SHAFSTON HOUSE IN, KANGAROO POINT"
02663203X2,0266322254,"153 SUMMERLAND WAY OS TELEPHONE EXCH, KYOGLE"
03544203X1,0354423792,"2 HOWARD PL OFF PALL MALL RD, BENDIGO"
02464702X2,0246471463,"283 WELLING DRV NR MCEWAN CIRC, MOUNT ANNAN"
02468400X1,0246843824,"79 AVON DAM RD AVON VILLAGE C/PK, BARGO"
02629911X2,0262994396,"86 FERGUS RD OS DONALD RD SHOP, QUEANBEYAN"
02629928X2,0262994394,"34 QUEENBAR RD , QUEANBEYAN"
02484640X2,0248464010,"5943 ARALUEN RD OS HOTEL, ARALUEN"
02622781X8,0262278120,"2373 BURRINJUCK RD WATERS STATE PARK, BURRINJUCK"
02622781X1,0262278115,"2373 BURRINJUCK RD WATERS STATE PARK, BURRINJUCK"
02645670X2,0264567001,"1 LOFTUS AVE , KALKITE"
02645424X2,0264542447,"46 PROVIDENCE RD O/S CARAVAN PK, PROVIDENCE PORTAL"
02645423X2,0264542245,"0 LUCAS RD O/S CARAVAN PARK, OLD ADAMINABY"
02645430X2,0264543101,"0 JERANGLE RD OS OLD POST OFFICE, JERANGLE"
02694915X2,0269491741,"2241 BATLOW RD O/S SHOP, LAUREL HILL"
02697411X2,0269741107,"0 ARIAH ST OS ROYAL HOTEL, MIRROOL"
02699300X2,0269930695,"0 COBB HWY OS ROYAL MAIL HOTL, BOOROORBAN"
02694418X2,0269441765,"34 LUKE ST CNR EAGLE ST, SOUTH GUNDAGAI"
03942906X2,0394291702,"597 CHURCH ST , RICHMOND"
03980211X2,0398027349,"52 HAWTHORN RD , BURWOOD EAST"
03948249X2,0394824942,"476 QUEENS PDE OPP TRAM STOP, FITZROY NORTH"
07320922X2,0732091184,"1 ACHILLES DRV CNR CHATSWOOD RD, SPRINGWOOD"
07557700X2,0755774057,"263 BAYVIEW ST OPP ANEMONE AVE, HOLLYWELL"
07474311X2,0747438713,"47 ALICE ST NEAR EAST ST, MT ISA"
07474327X2,0747439699,"82 GEORGE ST CNR ABLE SMITH PDE, PIONEER"
08828704X2,0882872519,"HOSP  130 HAYDOWN RD O/S LYELL MCEWIN, ELIZABETH VALE"
08825201X1,0882526976,"130 HAYDOWN RD LYALL MCEWIN HOSP, ELIZABETH VALE"
08829421X2,0882945109,"509 ANZAC HWY O/S CALTEX, GLENELG NORTH"
08919140Y2,0891914647,"3 IMINTJI COMM 115KM N FITZROYTY, KING LEOPOLD RANGES"
08919171Y9,NONE,"3 JARLMADANGAH BURRU COMM 90KM SSE DERBY, CAMBALLIN"
08919172Y7,0891917100,"3 JIMBALAKUDUNJ COMM 150KM E DERBY, CAMBALLIN"
08919142Y2,0891914653,"3 KUPUNGARRI COMM 170KM N FITZROY, KING LEOPOLD RANGES"
08919174Y2,0891917091,"3 MILLIJIDDEE COMM 96KM SW FITZROY, ST GEORGE RANGES"
08919110Y2,0891911307,"3 MOWANJUM COMM 9KM  SE DERBY, DERBY"
08998124Y2,0899812841,"3 YULGA JINNA COMM 200KM N MEEKA, PEAK HILL"
02688410X2,0268849087,"56 WINDSOR PDE PAYPHONE, DUBBO"
08952430X1,0895243684,"LOT 191 0 PAPARONE RD BP TRAVELSTOP WEST, BALDIVIS"
02971203X2,0297122707,"617 GREAT NORTH RD NR WHARF, ABBOTSFORD"
02684740X2,0268474100,"BLDG  115 DUBBO ST O/S COUNCIL ADMN, WARREN"
02672362X9,0267236204,"3485 COPETON DAM RD COPETON WATERS PK, COPETON"
03955801X2,0395581071,"15 PETHYBRIDGE CL , DINGLEY VILLAGE"
08823424X1,0882344860,"1 JAMES SCHOFIELD DRV , ADELAIDE AIRPORT"
08823423X1,0882344850,"1 JAMES SCHOFIELD DRV , ADELAIDE AIRPORT"
08823419X1,0882344235,"1 JAMES SCHOFIELD DRV , ADELAIDE AIRPORT"
07548367X2,0754836083,"47 WOLVI RD NR BARTON RD, VICTORY HEIGHTS"
08952410X1,0895241956,"LOT 192 0 LEARY RD BP TRAVELSTOP EAST, BALDIVIS"
02979006X2,0297901607,"307 CHAPEL RD , BANKSTOWN"
02997508X2,0299756502,"33 TRAMORE PL O/S SHOPS, KILLARNEY HEIGHTS"
02936509X2,0293655106,"32 FLETCHER ST , BONDI"
02936506X2,0293655103,"32 FLETCHER ST , BONDI"
02678513X2,0267851401,"1 SKI GARDENS RD SKI GARDENS, RUSHES CREEK"
07406991X2,0740699509,"0 HIBBERD DRV O/S LIBRARY, ROCKY POINT"
02462511X2,0246257765,"83 NORTH STEYNE RD NEIGHBOURHOOD STOR, WOODBINE"
03627204X2,0362724148,"4 TWELFTH AVE NR SECOND AVE, WEST MOONAH"
02484800X2,0248480009,"LOT 195 0 CHURCH ST NR BUS STOP, COLLECTOR"
02881401X1,0288141397,"2 SENTRY DRV STANHOPE VILLAGE, STANHOPE GARDENS"
02629502X1,0262951309,"0 BURKE CRS CANBERRA RLWY STN, KINGSTON"
03974424X2,0397441951,"1 DORNOCH DRV GOONAWARRA MEDICAL, SUNBURY"
02483520X2,0248352200,"23 BINDA ST NR MULGOWRIE ST, BIGGA"
02622701X2,0262274201,"37 FITZROY ST CRN WELLINGTON ST, BINALONG"
02645630X2,0264563105,"74 JINDABYNE RD CRN HIGHDALE ST, BERRIDALE"
02645852X2,0264585241,"6 BURNIMA ST OS COMMUNITY HALL, BIBBENLUKE"
02445714X2,0244571291,"2 VOYAGER CRS OS SHOPPING CENTRE, BAWLEY POINT"
02649300X2,0264930311,"66 LOFTUS ST CRN BETTS ST, BEMBOKA"
02649350X2,0264935006,"6 WALLAGA LAKE RD OPP SHOPS, BERMAGUI"
02602642X2,0260264359,"0 LAKE RD OS YACHT CLUB, BLBRDGE"
02602646X2,0260264068,"6 BRIDGE ST NR JOBLING ST, BTHNGA"
02694344X2,0269434400,"45 BAYLIS ST OS MEMORIAL PARK, BETHUNGRA"
07384429X2,0738444864,"119 ANNERLEY RD O/S TILLOT ST, DUTTON PARK"
07327753X2,0732772662,"419 BEAUDESERT RD NR AVISON ST, MOOROOKA"
07548460X2,0754846103,"40 BALKIN ST OS GUNALDA PK, GUNALDA"
07548209X2,0754822348,"18 APOLLONIAN VL NR CRESCENT RD, GYMPIE"
08895694Y8,NONE,"0 IRRMARNE COMM , SANDOVER"
07544924X2,0754492740,"6 SUNSHINE BEACH RD NR ARCADIA ST, NOOSA HEADS"
08823108X2,0882315964,"125 NORTH TCE O/S ADELAIDE RWS, ADELAIDE"
08835201X2,0883521186,"116 SIR DONALD BRADMAN DRV CNR MILNER ST, HILTON"
08858230X2,0885823107,"11 MORTIMER RD CRN GILLESPIE ST, BERRI"
08858217X2,0885821365,"18 SEEKAMP ST CRN HEPWORTH ST, BERRI"
08937707X2,0893771828,"533 WALTER RD , MORLEY"
08931469X2,0893375450,"392 SOUTH ST OPP MCCOMBE AVE, O'CONNOR"
08972015X2,0897201199,"16 MYALUP BEACH RD O/S MYALUP CVAN PK, MYALUP"
08979111X2,0897915137,"1 KING RD NR STIRLING ST, EAST BUNBURY"
03624307X2,0362437529,"36 SUGARLOAF RD , RISDON VALE"
03629511X2,0362951310,"81 MARY ST CNR CHARLES ST, CYGNET"
03599620X2,0359962400,"2 THE ARCADE  , JUNCTION VILLAGE"
07543900X1,0754390624,"22 PEACHESTER RD NR AMENITIES, BEERWAH"
07477926X2,0747799005,"74 PERROUX ST NR KINGSTON ST, GULLIVER"
07340985X2,0734098237,"126 EAST COAST RD NR POINT LOOKOU, POINT LOOKOUT"
07327202X1,0732729081,"360 KESSELS RD QE II HOSPITAL, COOPERS PLAINS"
07334502X2,0733451060,"2 HENLEY ST NR CNR BOUNDARY, COOPERS PLAINS"
07380506X1,0738052689,"54 ARMSTRONG RD LOGAN INSTITUTE, MEADOWBROOK"
07380504X2,0738053894,"127 CASTILE CRS NR CNR PENDLEBURY, EDENS LANDING"
07339732X2,0733976421,"264 OLD CLEVELAND RD COORPAROO MALL, COORPAROO"
07339701X2,0733974827,"264 OLD CLEVELAND RD COORPAROO MALL, COORPAROO"
07340990X2,0734099003,"9 BALLOW RD NR DUNWICH BUFF, DUNWICH"
07328722X2,0732873219,"120 RIVER HILLS RD EAGLEBY SHOPPING, EAGLEBY"
07553081X2,0755308324,"7 PINNAROO ST SANTA BARBARA SHOP, HOPE ISLAND"
07557314X1,0755730199,"107 MILDURA DRV VASTO SHOPPING VIL, HELENSVALE"
07557301X1,0755732476,"175 MONTEREY KEYS DRV MONTEREY KEYS VILL, HELENSVALE"
07553858X2,0755389749,"13 BEACH RD CAVILL PARK BUILD, SURFERS PARADISE"
03976100X2,0397610196,"1 RAILWAY ARC BORONIA RLWY STN, BORONIA"
02635304X1,0263531876,"3 TANK ST IN WORKMAN'S CLUB, LITHGOW"
02683300X2,0268330706,"LOT 1 0 QUANDA ST , HERMIDALE"
02655101X1,0265517532,"105 HIGH ST HOSPITAL ENTRY, TAREE"
02475805X2,0247586001,"38 RAILWAY PDE NR ADDINGTON RD, HAZELBROOK"
02967700X2,0296770374,"211 BEAMES AVE NR COATES ST, MOUNT DRUITT"
02444110X2,0244411578,"31 BERRARA RD NR BEACHWAY AVE, BERRARA"
02444651X2,0244465314,"59 EMMETT ST OS SHOPPING CENTRE, CALLALA BAY"
02444720X2,0244472001,"0 FAIRLANDS ST 159 P/EDWARD AVE, CULBURRA BEACH"
02444373X2,0244437204,"74 CYRUS ST OS GENERAL STORE, HYAMS BEACH"
02444212X2,0244421092,"87 VILLAGE RD NR SUPERMARKET, JRVS BY"
02444120X2,0244412001,"190 JACOBS DRV NR RIVER RD, SUSSEX INLET"
02442318X2,0244234358,"O/S SH CNTR 43 LYNDHURST DRV NR DAVID ST, BOMADERRY"
02442106X2,0244210698,"0 BERRY ST NR 72 JUNCTION ST, NOWRA"
02442316X2,0244234149,"62 ST ANNE ST NR KINGHORN ST, NOWRA"
02442108X2,0244212921,"3 PLEASANT WAY OS WILLOWS VAN PK, NOWRA"
02442122X2,0244210810,"75 MOSS ST NR BRERETON ST, NOWRA"
02442311X2,0244230403,"14 KINGHORNE ST O/S COLES, NOWRA"
02442317X2,0244234148,"110 KALANDER ST OS SHOPPING CENTRE, NOWRA"
02442309X2,0244231893,"142 JUNCTION ST TAXI RANK, NOWRA"
02649440X2,0264944061,"2 ANDY POOLE DRV TATHRA BEACH TOURI, TATHRA"
02649400X2,0264940110,"7 BARRABOOKA RD NR TATHRA BERMAGUI, TANJA"
02649380X2,0264938241,"LOT 12 0 COBARGO ST CNR BEGA ST, QUAAMA"
02649500X2,0264950634,"2 TURA BEACH DRV O/S TURA BEACH EXC, TURA BEACH"
02676921X2,0267692241,"25 HEALY ST NR TENNIS COURTS, NIANGALA"
02678511X2,0267851101,"164 MANILLA ST NR POST OFFICE, MANILLA"
02676800X2,0267680201,"13 RAILWAY AVE O/S GENERAL STORE, DURI"
02674650X2,0267465541,"38 COACH ST NR GARAGE O/S, WALLABADAH"
02934916X2,0293492876,"226 BUNNERONG RD NR FLINT RD, EASTGARDENS"
08822312X2,0882235410,"LOT 0 0 KINTORE AVE O/S STATE LIBRARY, ADELAIDE"
08844708X2,0884474098,"LOT 0 0 COMMERCIAL RD PORT ADELAIDE RAI*, PORT ADELAIDE"
08828405X1,0882847749,"131 HEASLIP RD NR SERVICE STN, ANGLE VALE"
08825803X1,0882588400,"963 PORT WAKEFIELD RD HWY 1 CARAVAN PARK, BOLIVAR"
08828110X1,0882815498,"963 PORT WAKEFIELD RD HWY 1 CARAVAN PARK, BOLIVAR"
08825000X1,0882503090,"963 PORT WAKEFIELD RD HWY 1 CARAVAN PARK, BOLIVAR"
08828112X1,0882815913,"963 PORT WAKEFIELD RD HWY 1 PARK STORE, BOLIVAR"
08843122X2,0884317538,"597 MAGILL RD OPP CAREY ST, MAGILL"
08897922Y1,0889792207,"0 MUDGINBERRI STN , JABIRU"
03624705X2,0362477003,"6 SHORELINE DRV SHORELINE SHOPPING, HOWRAH"
08844709X2,0884474109,"7 QUEEN ST CNR BROUGHAM, ALBERTON"
08902150X7,0890215801,"130 GRAEME ST NR NANKIVILLE RD, HANNANS"
08902152X2,0890215244,"243 PICCADILLY ST NR HAWKINS, WEST LAMINGTON"
08903751Y2,0890375961,"23 COSMO NEWBERRY COMM 80KM NE LAVERTON, COSMO NEWBERY"
08903756Y2,0890375973,"32 COSMO NEWBERRY COMM 80KM N/E LAVERTON, COSMO NEWBERY"
08903710Y8,NONE,"0 KANPA COMM 134 KMW WARBURTON, GBSN DSRT S"
08903755Y2,0890375937,"17 NURRA KURAMUNOO COMM 85 KM N LAVERTON, BANDYA"
08903753Y2,0890375904,"38 MT MARGARET MISSION  80KM E LEONORA, LAVERTON"
08919176Y2,0891917294,"3 YULUMBU COMM 135KM NW HALLS CRK, MUELLER RANGES"
08916855Y2,0891685689,"3 KOONGIE PARK COMM 18KM SW HALLS CRK, MUELLER RANGES"
08916079Y2,0891687383,"3 BAMBOO SPRING COMM 140KM SE KUNUNURRA, BAINES"
08916781Y2,0891678830,"0 KEEP RIVER NATIONAL PK 40KM E KUNUNURRA, BAINES"
08916702Y2,0891678074,"3 RB COMM 180KM S KUNUNURRA, ORD RIVER"
08918515X2,0891852578,"25 GALBRAITH RD NR BLINCO RD, PEGS CREEK"
08919179Y7,0891917162,"3 BALGINJIRR COMM 65KM SSE DERBY, CAMBALLIN"
08919173Y9,0891917197,"3 BIDIJUL COMM 70KM SW FITZROY, ST GEORGE RANGES"
08919178Y9,0891917690,"3 BIRIDU COMM 35KM N FITZROY, KING LEOPOLD RANGES"
08919143Y7,0891914788,"36 CAMBALLIN COMM 120KM SE DERBY, CAMBALLIN"
08919172Y9,0891917188,"3 DODNUN COMM 200KM NE FITZORY, GIBB"
08919142Y7,0891914787,"19 LOOMA COMM 140KM SE DERBY, CAMBALLIN"
08919144Y2,0891914658,"3 MT ELIZABETH COMM 210KM NNW FITZROY, GIBB"
08919141Y2,0891914650,"0 MT HOUSE STN 120KM N FITZROY, KING LEOPOLD RANGES"
08919170Y2,0891917103,"3 MULUJDA COMM 40KM NE FITZROY, ST GEORGE RANGES"
08919176Y7,0891917136,"3 NGALINGKADJI COMM 55KM SE FITZROY, ST GEORGE RANGES"
08919141Y7,0891914774,"3 NGUMPAN COMM 90 KM SE FITZROYY, ST GEORGE RANGES"
08919175Y7,0891917125,"5 NGURTAWARTA COMM 20KM SSW FITZROY, MT HARDMAN"
08919176Y9,0891917442,"3 WAMARLI COMM 80KM N FITZROY, KING LEOPOLD RANGES"
08916873Y7,0891687451,"3 BELL SPRINGS COMM 5KM SW KNNRA, LAKE ARGYLE"
08916780Y2,0891678152,"3 BOW RIVER STN COMM 10KM N TURKEY CRK, DURACK"
08916882Y2,NONE,"3 LAMBOO STN COMM 15KM SW HALLS CRK, MUELLER RANGES"
08916870Y2,0891687406,"3 MISTAKE CREEK COMM 200KM SE KUNUNURRA, BUCHNAN"
08919241Y1,0891924268,"0 BOBIEDING COMM 100 KM NTH BROOME, DAMPIER PENINSULA"
08919247Y2,0891924136,"0 CAPE LAVEQUE DAMPIER PEN  236 KM NTH BROOME, DAMPIER PENINSULA"
08919248Y2,0891924829,"3 LOONGABID COMM 100 KM NTH BROOME, DAMPIER PENINSULA"
08919246Y1,NONE,"3 NGAMAKOON COMM 180KM NNE BROOME, DAMPIER PENINSULA"
08918910Y2,0891891052,"113 WAKATHUNI COMM 20KM S TOM PRICE, ROCKLEA"
08953502X2,0895357251,"1 WATERSIDE DRV NR BOAT RAMP, DUDLEY PARK"
08973908X2,0897391006,"52 MITCHELL RD PRESTON BCH CVN PK, PRESTON BEACH"
02664200X1,0266428064,"94 BENT ST IN S/GRAFTON CENTR, SOUTH GRAFTON"
08895312X1,0889534619,"36 TODD MALL IN A/SPRINGS PLAZA, ALICE SPRINGS"
08895317X1,0889530739,"36 TODD MALL IN A/SPRINGS PLAZA, ALICE SPRINGS"
03970804X1,0397081196,"78 HEATHERTON RD INSIDE S/C, ENDEAVOUR HILLS"
07405105X2,0740513460,"PLATFM 1 190 BUNDA ST QR CAIRNS, CAIRNS CTY"
07403640X1,0740364631,"106 BARNARD DRV AMENITIES PLZA, MT SHERIDAN"
07406100X2,0740616251,"9 RANKIN ST NR TAFE & EXCH, INNISFAIL"
07406813X2,0740681073,"0 BRUCE HWY QR TULLY, TULLY"
07415660X1,0741566749,"264 COAST RD OS GENERAL STORE, BAFFLE CREEK"
07415352X2,0741534720,"61 WATER ST NR MAY ST, WALKERVALE"
07415328X2,0741533937,"68 SIMS RD OPP REDMOND ST, WALKERVALE"
07415326X2,0741533935,"108 MARYBOROUGH ST NR BOSTON ST, WALKERVALE"
07415324X2,0741533932,"109 ELLIOTT HEADS RD NR BAKER ST, KEPNOCK"
07415356X2,0741534746,"157 BOURBONG ST BUNDABERG EXCH, BUNDABERG CENTRAL"
07416950X2,0741695268,"76 LAMB ST CENTRE ISLAND, MURGON"
07416830X1,0741683581,"113 LAMB ST NR KREBS ST, MURGON"
07416812X2,0741685300,"48 MACKENZIE ST NR SCOTT ST, WONDAI"
07416214X2,0741624181,"28 GLENDON ST NR ALFORD ST, KINGAROY"
07416211X2,0741624175,"25 KNIGHT ST NR RAILWAY TCE, KINGAROY"
07416212X2,0741624178,"49 WALTER RD NR EVELYN ST, KINGAROY"
07416401X2,0741644100,"45 BELL ST NR FRANCIS ST, KUMBIA"
07416312X2,0741631209,"77 DRAYTON ST NR PALACE LANE, NANANGO"
07416310X2,0741631505,"80 DRAYTON ST NR HENRY ST, NANANGO"
07412702X2,0741277241,"34 MAIN ST OS DALLARNIL STORE, DALLARNIL"
07416530X2,0741653528,"37 STRATHDEE ST OS CARAVAN PK, MUNDUBBERA"
07416500X2,0741651100,"49 MORETON ST NR PARK, EIDSVOLD"
07416502X2,0741651204,"63 MORETON ST OS SHIRE HALL, EIDSVOLD"
07416601X2,0741661103,"49 FLINDERS ST NR FORREST ST, MONTO"
07416603X2,0741661304,"60 NEWTON ST NR RUTHERFORD ST, MONTO"
07412324X2,0741234196,"144 CAMBRIDGE ST NR CARDIGAN ST, GRANVILLE"
07412315X2,0741234054,"128 ADELAIDE ST NR ALICE ST, MARYBOROUGH"
07412302X2,0741233367,"264 KENT ST NR MARCH ST, MARYBOROUGH"
07412339X2,0741236360,"LOT 43 0 MARYBOROUGH BIGGEDEN RD QR MARYBOROUGH WST, OAKHURST"
07412308X2,0741234020,"83 GYMPIE RD NR ISABEL ST, TINANA"
07412980X2,0741298152,"36 BORONIA DRV OS EXCHANGE, TINNANBAR"
07412433X2,0741242030,"49 GREVILLEA ST NR BAUHINIA DVE, KAWUNGAN"
07412418X2,0741241105,"5 BRYANT ST NR TORQUAY RD, PIALBA"
07412421X2,0741241160,"18 BEACH RD NR WATSON ST, PIALBA"
07412413X2,0741241285,"98 CHARLTON ESP NR APLIN ST, POINT VERNON"
07412420X2,0741241153,"150 CHARLTON ESP NR INMAN ST, POINT VERNON"
03562502X2,0356251800,"30 PRINCES HWY OS POST OFFICE, DROUIN"
07542470X2,0754247104,"133 D'AGUILAR HWY CNR ESKDALE ST, MOORE"
07542352X2,0754235103,"8506 BRISBANE VALLEY HWY NR TOM ST, HARLIN"
07554460X2,0755446104,"7 SALISBURY DRV NR BUNDOCK DV, KOORALBYN"
07554420X2,0755442103,"9129 MT LINDSAY HWY NR LARAV, TAMROOKUM"
08924608X2,0892463742,"0 MITCHELL FWY WARWICK RAIL, WARWICK"
08924607X2,0892463741,"0 MITCHELL FWY WARWICK RAIL, WARWICK"
08924301X1,0892434852,"0 MITCHELL FWY WARWICK RAIL, WARWICK"
08930630X2,0894057587,"LOT 3 0 MITCHELL FWY EDGEWATER RAIL, EDGEWATER"
08924406X2,0892444620,"0 MITCHELL FWY STIRLING RAIL, STIRLING"
08924405X2,0892444553,"0 MITCHELL FWY STIRLING RAIL, STIRLING"
08920300X1,0892039179,"0 MITCHELL FWY GREENWOOD RAIL, GREENWOOD"
07499800X2,0749981109,"25 DUNSTAN ST CNR STOPFORD ST, BARALABA"
07546381X2,0754638102,"6757 CUNNINGHAM HWY NR ELIZABETH ST, ARATULA"
07478731X2,0747873819,"93 FLINDERS HWY CNR STOCKHOLM RD, MOSMAN PARK"
07477451X2,0747745273,"12 BANFIELD DRV OPPOSITE HERON CRT, MOUNT LOUISA"
07475812X1,0747581697,"2 SOONING ST FERRY TERMINAL, NELLY BAY"
08906471X2,0890647200,"1 CHURCHILL ST CNR CURRALL STT, NAREMBEEN"
08906323X2,0890632309,"31 WALTON ST NR JOSE ST, CORRIGIN"
08906410X2,0890641113,"39 JERMYN ST CNR MILLS ST, SHACKLETON"
08907511X2,0890751030,"2 TUBADA ST OPP ROADHOUSE, MUNGLINUP"
08962900X2,0896291005,"47 RAILWAY TCE NR POST OFFICE, GOOMALLING"
08983511X2,0898351102,"5 SOUTH COAST HWY CNR VASEY ST, JERRAMUNGUP"
08983741X2,0898374022,"72 BREMER RD I/S CVAN PARK, BREMER BAY"
08983742X2,0898374189,"1 MARY ST O/S EXCH, BREMER BAY"
08982920X7,0898291020,"14 RICHMOND ST O/S COMMUNITY HALL, NYABING"
08983820X7,0898381026,"67 MORGAN ST CNR CARLISLE ST, RAVENSTHORPE"
08983821X9,0898381137,"115 JAMIESON ST CNR ELSTON ST, RAVENSTHORPE"
08986511X2,0898651200,"32 STUBBS ST CNR MCMAHON ST, LAKE GRACE"
08987111X2,0898711671,"11 MALEY ST NR MITCHELL ST, NEWDEGATE"
08987510X7,0898751020,"39 PITT ST ADJ GENERAL STORE, VARLEY"
08987440X2,0898744011,"6145 LAKE KING-NEWDEGATE RD NR PRIMARY SCHOOL, LAKE KING"
08988951X2,0898895012,"35 MELBA ST O/S GENERAL STORE, KARLGARIN"
08988051X2,0898805108,"1 MARSHALL ST NR LYNCH ST, HYDEN"
08988311X2,0898831020,"32 RAILWAY AVE NR BAYLON ST, HARRISMITH"
02432503X2,0243250702,"28 MASONS PDE GOSFORD SAILING CL, GOSFORD"
02492809X2,0249282543,"19 KING ST O/S LIBRARY, STOCKTON"
02492000X2,0249201053,"OPP OFFC 3 PITT ST IS BEACH TSRT PK, STOCKTON"
08838404X2,0883843187,"206 MAIN SOUTH RD NR RANDALL RD, MORPHETT VALE"
08839800X1,0883984574,"13 MCLAREN ST MT BARKER CENTRAL, MT BARKER"
08867041Y2,NONE,"LOT 0 0 OAK VALLEY COMM COMMUNITY STORE, MRLNGA"
08862562X8,0886256273,"LOT 0 0 EYRE HWY NULLARBOR R/HOUSE, NLRBR"
08862500X1,0886256272,"LOT 0 0 EYRE HWY NULLARBOR R/HOUSE, NLRBR"
08864830Y1,0886483783,"LOT 0 0 NEPABUNNA COMM MT SEARLE STATION, NEPABUNNA"
08862520Y2,0886252813,"LOT 0 0 WARANDA RD TIA TUCKA COMM, MUDAMUCKLA"
08867580Y2,0886758318,"LOT 0 0 BIRDSVILLE TRK MUNGERANIE RDHSE, MARREE"
08867581X2,0886758357,"LOT 0 0 RAILWAY TCE ADJ TENNIS COURTS, MARREE"
08864848Y1,0886484838,"LOT 0 0 ARKAROOLA VILLAGE COMM CARAVAN PARK, ARKAROOLA VILLAGE"
08864846X9,0886484643,"LOT 0 0 ARKAROOLA VILLAGE COMM OPP RECEPTION, ARKAROOLA VILLAGE"
08864846X7,0886484641,"LOT 0 0 ARKAROOLA VILLAGE COMM OPP RECEPTION, ARKAROOLA VILLAGE"
08862562Y2,0886256234,"LOT 0 0 EYRE HWY TJILKABA COMM, BOOKABIE"
08862530Y1,0886253194,"LOT 0 0 GOODE RD CEDUNA TOWN CAMP, CEDUNA"
08862690Y2,0886269218,"LOT 0 0 KALANBIE RD DINAH LINE COMM, CEDUNA"
08867040Y2,0886704097,"LOT 0 0 COOK TOWNSHIP  O/S POST OFFICE, NLRBR"
08862920X1,0886292548,"LOT 0 0 HARBOUR VIEW DRV HARBOUR VIEW C'VAN, COWELL"
08885442X2,0888544036,"LOT 0 0 PONDALOWIE BY CARAVAN PARK, INNESTON"
08977671X2,0897767000,"41 MILL NO 2 ST , BRARA BRK"
08984610X2,0898461246,"12 BALD ISLAND RD CVAN PK, CHYNS"
08985420X2,0898542014,"5054 CHESTER PASS RD KAMBALLUP STORE, TAKALARUP"
08994928X2,0899491211,"0 MINIYLA-EXMOUTH RD EXMOUTH AIRPORT, LRMTH"
08994957X2,0899494693,"0 YARDIE CREEK RD HOMESTEAD CVAN PK, NORTH WEST CAPE"
08992103X2,0899216022,"190 FITZGERALD ST NR CUTLER ST, BEACHLANDS"
08996411X7,0899641237,"115 NORTH WEST COASTAL HWY OPP EIGHTH ST, WONTHELLA"
08996462X2,0899646706,"6 RIFLE RANGE RD OPP CARTER ST, RANGEWAY"
08992601X2,0899261259,"0 BRAND HWY S BEND CARAVAN PK, SOUTH GREENOUGH"
08994301Y2,0899430610,"4 BURRINGARRAH STH CAMP COMM 330KM E CARNARVON, GASC RVR"
08994302Y2,0899430659,"28 BURRINGURRAH HSE 28 COMM 330KM E CARNARVON, GASC RVR"
08998127Y2,NONE,"78 CARNEGIE STN 350KM EAST WILUNA, LAKE CARNGIE"
08837416X2,0883742092,"UNIT 3 1 FLINDERS DRV LVL2 BLD C, BEDFORD PARK"
08837409X2,0883740421,"UNIT 5 1 FLINDERS DRV GROUND BLD B, BEDFORD PARK"
02662127X2,0266219802,"50 DAWSON ST OS CARAVAN PARK, LISMORE"
07339823X2,0733984922,"698 OLD CLEVELAND RD W OF MARGARET ST, CAMP HILL"
08838002X1,0883805329,"1950 NORTH EAST RD , INGLEWOOD"
08838912X2,0883898224,"1611 ADELAIDE-LOBETHAL RD O/S GENERAL STORE, LENSWOOD"
02498141X2,0249814592,"51 SHOAL BAY RD OS SHOPPING CENTRE, SHOAL BAY"
07463425X2,0746343328,"238 TAYLOR ST NR WYALLA PLAZA, NEWTOWN"
07463305X1,0746331141,"238 TAYLOR ST NR WYALLA PLAZA, NEWTOWN"
08928501X1,0892858953,"1 HOWTREE PL FLOREAT FORUM, FLOREAT"
08825823X2,0882585498,"124 WATERLOO CORNER RD , PARALOWIE"
02668628X2,0266869127,"38 LINKS AVE N OF EYLES DRV, EAST BALLINA"
08862691Y2,0886269237,"327 DENIAL BAY RD YARILENA COMM, CEDUNA"
07405903X1,0740592621,"55 ENDEAVOUR RD CLIFTON VILLAGE SH, CLIFTON BEACH"
07320840X2,0732082304,"52 JUERS RD NR POLARIS AVE, KINGSTON"
07406950X1,0740695192,"928 ENDEAVOUR VALLEY RD COOKTWN AIRPORT, COOKTOWN"
08895608Y1,0889569028,"18 GARNET ST LAUNDRY, ATTJRE"
08979196X2,0897917546,"60 BLAIR ST CENTRE POINT, BUNBURY"
03515650X2,0351565558,"577 LAKE TYERS BEACH RD NR WATERWHEEL TVRN, LAKE TYERS BEACH"
03544311X2,0354438134,"199 ARNOLD ST POST OFFICE, NORTH BENDIGO"
03544304X2,0354438722,"136 EAGLEHAWK RD NR HAVILAH RD, LONG GULLY"
03544306X2,0354438655,"653 HARGREAVES ST NR KING ST, GOLDEN SQUARE"
03534480X2,0353448402,"1 MADDEN RD NR REMEMBRANCE DRV, WINDERMERE"
03533339X2,0353334511,"203 HUMFFRAY ST , BALLARAT EAST"
03533333X2,0353334517,"306 JOSEPH ST , CANADIAN"
03624415X2,0362446693,"17 BLIGH ST BUS STOP AT MALL, ROSNY PARK"
03624903X2,0362492608,"2 MOORINA CRS , BERRIEDALE"
03622320X2,0362234682,"2 GORE ST CNR MACQUARIE ST, SOUTH HOBART"
03622403X2,0362249208,"43 SALAMANCA PL KENNEDY LANE, BATTERY POINT"
03624701X2,0362477101,"213 TRANMERE RD BUS TERMINUS, TRNMR"
03624709X2,0362477303,"30 MARSTON ST CNR GASNIER, CLARENDON VALE"
03622331X2,0362237158,"1 KENDRICK CRT CNR PROCTORS RD, DYNNYRNE"
03633117X2,0363315275,"23 HILL ST , WEST LAUNCESTON"
03634300X2,0363430675,"201 WESTBURY RD , PROSPECT"
03633120X2,0363315386,"45 WEST TAMAR RD NR FOREST RD, TREVALLYN"
03643118X2,0364316715,"41 MACE ST , MONTELLO"
03643109X2,0364312900,"17 JOYCE ST CNR JOYCE & BLVDE, HLLCRST"
03642511X2,0364251411,"163 GAWLER RD , GAWLER"
02636410X2,0263641001,"19 NUBRIGYN ST , EUCHAREENA"
07404500X2,0740451290,"57 ROBERT RD OPP GOLDEN GROVE D, BENTLEY PARK"
03947112X2,0394711213,"155 ALBERT ST , RESERVOIR"
03947828X2,0394784219,"39 ENFIELD AVE , PRESTON"
03947869X2,0394780273,"35 BOLDREWOOD PDE , RESERVOIR"
07336805X1,0738762290,"119 MILTON RD SERVICE STATION, MILTON"
07556115X2,0755617147,"213 UNIVERSAL ST SHOPPING CENTRE, OXENFORD"
02972415X2,0297242903,"43 WARE ST OS CIVIC PLAZA, FAIRFIELD"
08838803X2,0883886313,"19 PYRITES RD NR SHEPHARD RD, BRUKUNGA"
08838816X2,0883889024,"36 VENABLES ST OS POST OFFICE, MACCLESFIELD"
08838800X2,0883883295,"85 MAWSON RD ADJ POST OFFICE, MEADOWS"
03976309X1,0397634751,"1101 STUD RD STUD PARK SC, ROWVILLE"
02683640X2,0268364287,"101 MARSHALL ST NEAR BATHURST ST, COBAR"
02688243X2,0268822832,"50 BOUNDARY RD NR FITZROY ST, DUBBO"
02688210X2,0268822521,"24 WINGEWARRA ST NR MACQUARIE ST, DUBBO"
02664332X2,0266431647,"205 PRINCE ST NEAR BAWDEN ST, GRAFTON"
02665126X2,0266512840,"80 GRAFTON ST NR VERNON ST, COFFS HARBOUR"
02655351X2,0265535835,"78 COMBINED ST NR PRIMROSE ST, WINGHAM"
02655222X2,0265522498,"41 MUDFORD ST NR DUNOON ST, TAREE"
02658313X2,0265837099,"46 HASTINGS RIVER DRV CLIFTON DVE SHOPS, PORT MACQUARIE"
07559940X2,0755998492,"24 SCENIC DRV NEAR GULL PLACE, TWEED HEADS WEST"
02654511X2,0265451432,"111 LIVERPOOL ST NEAR KELLY ST, SCONE"
07466440X2,0746644232,"19 KURRAJONG ST NR MT COLLIERY  RD, TANNYMOREL"
03946406X2,0394646421,"22 MCKIMMIES RD INSIDE LALOR PLAZA, LALOR"
08952380X1,0895238394,"20 SETTLERS AVE STOCKLAND BALDIVIS, BALDIVIS"
03622316X2,0362234237,"26 FITZROY PL BISHOPSCOURT, SANDY BAY"
07332500X2,0733252932,"5 QUEEN ELIZABETH DRV OS EATONSVALE SC, EATONS HILL"
07335201X1,0733525385,"114 HALL ST QR ALDERLEY STN, ALDERLEY"
07335105X1,0733511465,"3 CONAVALLA ST QR FERNY GROVE STN, FERNY GROVE"
07326005X2,0732665290,"3 STATION ST NUNDAH RLWY STN, NUNDAH"
08883630X2,0888363292,"LOT 0 0 MAIN ST O/S KIOSK, BALGOWAN"
08876720X2,0887672032,"3 HANSON ST C/PARK NR FOODLAND, KINGSTON SE"
08873306X2,0887332109,"LOT 0 0 DEGARIS ST NR HOLZGREFE ST, MILLICENT"
08872403X1,0887247893,"21 HELEN ST LAKES VILLAGE SHOP, MT GAMBIER"
08872514X2,0887257765,"34 LAKE EAST TCE , MT GAMBIER"
08872528X2,0887255721,"17 PRESSEY ST CNR HOWARD, MT GAMBIER"
08873582X2,0887358344,"3 BEACH RD CNR RAILWAY TCE, BEACHPORT"
08855860X2,0885586224,"51 MAIN SOUTH ST ADJ POST OFFICE, MYPONGA"
08856431X2,0885643391,"29 MURRAY ST W OF SCHILLING ST, ANGASTON"
08858822X2,0885882605,"32 BARWELL AVE RESERVE, BARMERA"
08858218X2,0885821521,"21 MAHONEY ST CNR MCNAMEE ST, BERRI"
08858211X2,0885821121,"26 VAUGHAN TCE O/S POST OFFICE, BERRI"
08854050X2,0885405024,"28 EDGERTON ST NR MEADE ST, BLANCHETOWN"
03967110X2,0396713642,"260 LA TROBE ST , MELBOURNE"
07474840Y1,0747484824,"9 ATNYER ST , ALPURRURULAM"
08826113X2,0882613654,"90 O G RD NR THIRD AVE, KLEMZIG"
08836223X2,0883623290,"104 PHILLIS ST , MAYLANDS"
03559850X2,0355985300,"15 MAC'S ST GEN STORE &AMP;PO, PETERBOROUGH"
02623003X2,0262303241,"1 VICTORIA ST NR CAMP ST, SUTTON"
02928022X2,0292804237,"23 BAY ST NR FRANCIS ST, GLEBE"
02955223X2,0295522679,"85 BAY ST NR WENTWORTH ST, GLEBE"
07465548X2,0746554875,"11 LEO ST NE OF PAROO ST, EULO"
07495630X2,0749563142,"4 VALROY ST , HAY POINT"
03536892X2,0353689201,"50 MAIN RD POST OFFICE, MOUNT EGERTON"
03983000X2,0398301090,"528 WHITEHORSE RD , SURREY HILLS"
07324515X1,0732451982,"SHP 234 7 REDLAND BAY RD CAPALABA PARK SHOP, CAPALABA"
08828722X1,0882875498,"130 HAYDOWN RD LYALL HOSP EMERGCY, ELIZABETH VALE"
03572241X2,0357221502,"6 TONE RD , WANGARATTA"
07499370Y2,0749937171,"45 THIRD AVE S OF TENTH AVE, CRACOW"
08826404X1,0882645952,"954 NORTH EAST RD MODBURY TRIANGLE, MODBURY"
08958632X2,0895863259,"110 LAKES RD O S PEEL HLTH CAMP, GREENFIELDS"
02637943X2,0263794407,"8 ILFORD RD NR CLIFFORD ST, KANDOS"
02435202X2,0243522870,"106 PACIFIC HWY , WYONG"
03957403X2,0395749684,"11 GLENVALE CRS , MULGRAVE"
03956113X2,0395617766,"65 KINGSWAY  , GLEN WAVERLEY"
03955507X2,0395552137,"286 HIGHETT RD , HIGHETT"
03955506X2,0395552090,"884 NEPEAN HWY , HAMPTON EAST"
03955513X2,0395554039,"33 BERNARD ST , CHELTENHAM"
03949900X1,0394991203,"4 LIVINGSTONE ST IVANHOE SHOP CENTR, IVANHOE"
03642822X2,0364282821,"4 TURNERS BEACH RD , TURNERS BEACH"
03980900X1,0398091290,"124 FORDHAM AVE , CAMBERWELL"
02465500X2,0246551000,"54 FLINDERS AVE NR BERALLIER DVE, CAMDEN SOUTH"
03931184X2,0393119419,"81 GLENGALA RD , SUNSHINE WEST"
03931186X2,0393119437,"2 SUN CRS , SUNSHINE"
02498302X2,0249831307,"208 ADELAIDE ST OS BELLHAVEN CPARK, HEATHERBRAE"
07320313X2,0732036248,"57 ASHMOLE RD ASHMOLE SHOP VILL, REDCLIFFE"
07474214X2,0747421108,"0 HUTCHINSON PDE QR CLONCURRY, CLONCURRY"
08952531X9,0895252713,"6 FALLS RD CNR STH WEST HWY, SERPENTINE"
08949000X2,0894901189,"101 TERRIER PL , SOUTHERN RIVER"
03522122X2,0352217070,"17 MINERVA RD , HERNE HILL"
02959729X2,0295974851,"102 RAILWAY ST O/S RWS STEPS, ROCKDALE"
07405541X2,0740554891,"51 PRIOR ST E OF MT PETER RD, EDMONTON"
07406252X7,0740625242,"0 BAROOTA ST S OF THIRD ST, EINASLEIGH"
07409332X2,0740933247,"4287 KENNEDY HWY EMERALD CRK S/STN, MAREEBA"
07409780X2,0740978118,"11415 KENNEDY HWY 200M SW KELSO RD, EVELYN"
07406750X2,0740675202,"69469 BRUCE HWY NR HOTEL, FISHERY FALLS"
07406111X2,0740617029,"6 ELIZABETH ST N OF ANN ST, FLYING FISH POINT"
07406253Y2,0740625325,"26 FIRST ST NR FIFTH ST, FORSAYTH"
07406330X2,0740633704,"191 GARRADUNGA RD NR HOTEL, GARRADUNGA"
07409620X2,0740962106,"42 BROADWAY  OS WOODLEIGH CLGE, HERBERTON"
07406692X2,0740669384,"5 LUFF ST OS LIONS PARK, HULL HEADS"
07406114X2,0740617032,"74 FITZGERALD ESP O/S HOSPITAL, INNISFAIL"
07406134X2,0740616413,"28 STATION ST N OF SHORT ST, GOONDI HILL"
07409412X2,0740941105,"1141 EULUMA CREEK RD O/S STATE SCHOOL, JULATTEN"
07409411X2,0740941489,"1045 MOSSMAN-MT MOLLOY RD O/S 9 MILE STORE, JULATTEN"
07409581X2,0740958101,"51 GODFREY RD W OF JOHNSON RD, KAIRI"
07406600X2,0740660242,"56114 BRUCE HWY OPP KENNEDY CK RD, KENNEDY"
07474598X2,0747459889,"69 YAPPAR ST GULF COUNTRY VAN, KARUMBA"
07409381X2,0740938737,"34 COONDOO ST CNR THONGON ST, KURANDA"
07409382X2,0740938712,"4 HICKORY RD NR OAKFOREST RD, KURANDA"
07406561X2,0740656204,"1 FORSTER ST OPP HARGREAVE ST, KURRIMINE BEACH"
07342330X1,0734233414,"261 WARRIGAL RD WARRIGAL SQUARE SC, EIGHT MILE PLAINS"
02986902X2,0298692351,"1 TRAFALGAR PL TRAFALGAR SQUARE S, MARSFIELD"
02655121X2,0265510539,"1 RAILWAY PDE NR BRUNTNELL ST, TAREE"
02695915X2,0269591654,"11 TWYNAM ST O/S POST OFFICE, NARRANDERA"
07554521X2,0755452429,"13 SOUTHPORT AVE OS SHOPPING CENTRE, TAMBORINE MOUNTAIN"
07386908X2,0738692391,"PLATFM 1 24 ALBURY ST QR DEAGON RWS, DEAGON"
07326925X2,0732691365,"3 KNOX ST QR SANDGATE STN, SANDGATE"
07385709X2,0738578734,"31 PROSPECT RD QR WINDSOR STN, WINDSOR"
07386500X2,0738652067,"PLATFM 1 37 RAILWAY PDE QR GEEBUNG RWS, GEEBUNG"
07340900X2,0734090167,"2 MIDGEN ST OS TELEPHONE EXCH, KOORINGAL"
07412908X2,0741299208,"20 LAHEY ST NR SMITH CRES, BROOWEENA"
07412803X2,0741287602,"3 KARRASCHS RD NR H/BAY TOOGOM RD, CRAIGNISH"
07412611X2,0741267219,"3 HUME ST NR TRAVIS ST, BUXTON"
07415770X2,0741577300,"2216 MT PERRY RD NR JENSEN ST, SOUTH KOLAN"
07548571X2,0754857580,"3 ARBORTEN RD CNR BRUCE HWY, GLENWD"
07551940X1,0755194912,"658 RESERVE RD UPPER COOMERA VILL, UPPER COOMERA"
02657240X1,0265724815,"1 GOWRIE ST GOWRIE STREET MALL, SINGLETON"
02657230X1,0265723704,"1 GOWRIE ST GOWRIE STREET MALL, SINGLETON"
07322131X2,0732214091,"4 CHARLOTTE ST NR GEORGE ST, BRISBANE CITY"
07336935X2,0733699973,"206 PETRIE TCE NR PRINCESS ST, BRISBANE CITY"
07495410X2,0749541108,"2 PROSPECT ST OS GENERAL STORE, ETON"
07477770X2,0747777103,"17 MACROSSAN ST , HALIFAX"
08998170X2,0899817042,"35 WOTTON ST , WILUNA"
07495321X2,0749535143,"126 VICTORIA ST CNR WOOD ST, MACKAY"
08940704X1,0894079654,"44 ORENCO BND CLARKSON RAIL, CLARKSON"
08940703X1,0894079653,"44 ORENCO BND CLARKSON RAIL, CLARKSON"
07326306X2,0732633044,"39 KIRBY RD , ASPLEY"
07553270X2,0755323037,"68 MERON ST , SOUTHPORT"
08835800X2,0883583193,"406 MORPHETT RD NR PRUNUS ST, WARRADALE"
08965290X2,0896529031,"2 MEAGHER DRV NR REIMERS ST, BADGINGARRA"
02975826X2,0297580827,"32 RAILWAY PDE CNR HALDON ST, LAKEMBA"
02991812X2,0299188476,"45 AVALON PDE OS AVALON P/O, AVALON BEACH"
08823103X2,0882316051,"314 WAYMOUTH ST NR WEST TCE, ADELAIDE"
08852488X2,0885248070,"0 GARTRELL ST OS LEITCHS HTL C/P, ROSEWORTHY"
07477412X2,0747741333,"9 THE ESPLANADE  , PALLARENDA"
07406121X2,0740617284,"173 MOURILYAN RD OPP RITA ST, SOUTH INNISFAIL"
07406123X2,0740617289,"0 FITZGERALD ESP N OF EDITH ST, INNISFAIL"
07409930X2,0740993569,"368 PORT DOULGAS RD CNR BARRIER ST, PORT DOUGLAS"
07495330X2,0749535251,"24 EVANS AVE NEAR GRENDON ST, NORTH MACKAY"
07478623X2,0747862792,"1 ROSE BAY RD NR BANYAN DRV, BOWEN"
07474334X2,0747438839,"93 MILES ST S OF ALMA ST, MENZIES"
02665816X2,0266581314,"43 DIRRIGEREE ST , SAWTELL"
02665807X1,0266580257,"17 DUKE ST , COFFS HARBOUR"
07405300X2,0740534037,"1 KOCH ST RAINTREES SHOPPING, MANUNDA"
07339636X2,0733968273,"99 WONDAL RD NR TAL ST, WYNNUM WEST"
07320407X1,0732045718,"LOT 7 0 MEYERS CCT QR MANGO HILL, MANGO HILL"
02487201X1,0248721398,"LOT 1 0 REGENT ST DP1188300 RAILWAY, MITTAGONG"
03953201X2,0395320142,"1 RAILWAY PDE , HIGHETT"
07556116X1,0755611537,"169 MARINE PDE BROADWATER TOURIST, SOUTHPORT"
07550300X1,0755031782,"169 MARINE PDE BROADWATER TOURIST, SOUTHPORT"
07553221X2,0755324273,"64 FRANK ST , LABRADOR"
07552710X1,0755271429,"163 FERRY RD SOUTHPORT PARK SHO, SOUTHPORT"
07549436X2,0754943562,"13 MALENY STANLEY RIVER RD ENT TO SHOWGRNDS, MALENY"
08856280X2,0885628141,"2 MURRAY ST NR POST OFFICE, GREENOCK"
03637250X2,0363725106,"92 SCAMANDER AVE , SCAMANDER"
03543950X2,0354395789,"951 WELLINGTON ST OS BP SERVICE STN, STRATHFIELDSAYE"
07553911X1,0755391567,"SHOP 10 138 SLATYER AVE BRONBERG SHOPPING, ASHMORE"
03934771X2,0394956571,"246 NICHOLSON ST , FITZROY"
02962121X2,0296215908,"45 MAIN ST CNR WARWICK LN, BLACKTOWN"
03947042X2,0394704502,"544 HIGH ST , PRESTON"
03947856X2,0394780837,"221 MURRAY RD , PRESTON"
07326610X2,0732668055,"132 FLOWER ST , NORTHGATE"
03974369X2,0397435403,"265 HIGH ST , MELTON"
03974306X2,0397436148,"265 HIGH ST , MELTON"
08937512X2,0893753525,"131 CRIMEA ST CNR FRIMLEY WAY, MORLEY"
02988710X2,0298872632,"74 AGINCOURT RD , MARSFIELD"
07412424X2,0741241249,"24 QUEENS RD NR TORQUAY RD, SCARNESS"
07412801X2,0741280161,"6 JEPPESEN RD NR DESMOND DRV, TOOGOOM"
07412805X2,0741289104,"3 MARGARET ST NR CHARLTON ESP, URANGAN"
07419420X2,0741942706,"60 NISSEN ST NR BOAT HARBR DV, URRAWEEN"
07412910X2,0741295255,"18 BURRUM ST NR ROSS ST, BURRUM HEADS"
07412607X2,0741261400,"29406 BRUCE HWY NR COCKING ST, APPLE TREE CREEK"
07412608X2,0741261502,"65 CHURCHILL ST NR CRESCENT ST, CHILDERS"
07412606X2,0741261305,"89 CHURCHILL ST PIONEER PARK, CHILDERS"
07415113X2,0741514340,"55 HEAPS ST NR MCCROHON ST, AVENELL HEIGHTS"
07415301X2,0741532984,"167 MCCARTHY RD NR ANDERSON ST, AVENELL HEIGHTS"
07415500X2,0741551453,"127 TAKALVAN ST NR TWYFORD ST, AVOCA"
07415600X2,0741561100,"2176 ROSEDALE RD OPP ROADHOUSE, AVONDALE"
07415912X2,0741591220,"28 MILLER ST NR THE CAUSEWAY, BARGARA"
07415505X2,0741553768,"3 PALOMINO AVE NR APPALOOSA DV, BRANYAN"
07415311X2,0741533540,"58 BOURBONG ST TARGET ARCADE, BUNDABERG CENTRAL"
07415337X2,0741533946,"156 BOURBONG ST NR BAROLIN ST, BUNDABERG CENTRAL"
07415430X1,0741543741,"19 MARYBOROUGH ST BUNDABERG PLAZA, BUNDABERG CENTRAL"
07412430X2,0741241395,"77 MAIN ST NR BOAT HARBR DV, PIALBA"
07415317X2,0741533922,"3 MCLEAN ST QR BUNDABERG, BUNDABERG CENTRAL"
07415329X2,0741533938,"66 MOUNT PERRY RD NR RAE ST, BUNDABERG SOUTH"
07415344X2,0741534093,"65 ELECTRA ST NR BRANYAN ST, BUNDABERG"
07495203X2,0749524007,"39 CONNORS RD QR MACKAY, PAGET"
07494302X1,0749430871,"SHOP 3 13 SARINA BEACH RD SHOPPING CENTRE, SARINA"
07492701X2,0749276078,"0 MURRAY ST QR ROCKHAMPTON, DEPOT HILL"
07497205X1,0749727689,"0 TOOLOOA ST QR GLADSTONE, GLADSTONE CENTRAL"
07474328X2,0747438992,"LOT 26 0 STATION ST QR MT ISA, MILES END"
07474113X2,0747411302,"1 RESOLUTION ST QR HUGHENDEN, HUGHENDEN"
07472307X1,0747238710,"148 BAMFORD LA PARKSIDE PLAZA, KIRWAN"
07478920X1,0747892805,"20 BERNARRA CRT TONKY LOGAN HOSTEL, RASMUSSEN"
07472403X1,0747245618,"4 CHATERS TOWERS RD QR TOWNSVILLE, TOWNSVILLE CITY"
07478600X1,0747865410,"SHOP 10 16 RICHMOND RD CENTREPOINT, BOWEN"
07478520X1,0747852468,"0 BOOTOOLOO RD QR BOWEN, BOWEN"
07415310X2,0741533530,"61 BOURBONG ST NR TARGO ST, BUNDABERG CENTRAL"
08844911X2,0884499521,"1 FAIRFORD TCE CORNER BOWER RD, SEMAPHORE PARK"
02687474Y2,0268747629,"0 MITCHELL HWY BARRINGUN NSW VIA, ENNGONIA"
03937912X2,0393799505,"PLATFM 2 0 GAFFNEY ST PASCOE VALE RSW, PASCOE VALE"
03930402X2,0393041133,"3 STATION ST OAK PARK RWLY STN, OAK PARK"
03930218X2,0393094351,"0 PASCOE VALE RD BROADMEADOWS RWS, BROADMEADOWS"
03936005X2,0393609556,"60 RAILWAY AVE LAVERTON RWLY STN, LAVERTON"
03932606X2,0393261163,"PLATFM 2 2 NORWOOD CRS MOONEE PONDS RWS, MOONEE PONDS"
03939908X2,0393999583,"50 ANN ST WILLIAMSTOWN RWS, WILLIAMSTOWN"
03939900X2,0393991076,"PLATFM 1 20 HALL ST NEWPORT RWLY STN, NEWPORT"
03931504X2,0393159235,"31 STATION ST SEAHOLME RLWY STN, SEAHOLME"
08837610X2,0883762561,"115 JETTY RD NR ROSE ST, GLENELG"
08837611X2,0883762732,"81 JETTY RD NR BYRON ST, GLENELG"
07553950X2,0755395037,"166 BENOWA RD NR PARASOL ST, ASHMORE"
07557451X2,0755745392,"320 OLSEN AVE NR TONGA ST, PARKWOOD"
03623434X2,0362345948,"181 BATHURST ST , HOBART"
02974337X2,0297436479,"90 QUEEN ST CONCOURSE-RWS, CONCORD WEST"
07493939X2,0749393673,"50 JAMES ST NR ARTHUR ST, YEPPOON"
07497223X2,0749726839,"65 TANK ST CNR FOWLER LN, WEST GLADSTONE"
07492216X2,0749228730,"40 DENHAM ST NEAR ALMA LN, ROCKHAMPTON CITY"
07497235X2,0749726894,"45 DAWSON HWY OPP WILLIAMSON ST, WEST GLADSTONE"
07497214X2,0749726523,"111 TOOLOOA ST S OF BONAR ST, SOUTH GLADSTONE"
08914027X2,0891401512,"18 BRODIE CRT NR PATON RD, SOUTH HEDLAND"
07546210X2,0754621037,"33 SMITH M ST CNR WILLIAMS ST, GATTON"
07320305X2,0732032437,"54 THOMPSON ST NEAR MOORE ST, DECEPTION BAY"
02936137X2,0293610426,"232 LIVERPOOL ST NR PALMER ST, DARLINGHURST"
08897124X1,0889712746,"10 CAMERON ST KNOTTS CROSSING RE, KATHERINE"
08916781Y1,0891678092,"22 GREAT NORTHERN HWY DOONDOON R/HOUSE, DURACK"
02934919X2,0293494742,"47 BUNNERONG RD , KINGSFORD"
07340992X2,0734099398,"143 DICKSON WAY MYORA CARAVAN PARK, NORTH STRADBROKE ISLAND"
02482100X1,0248216565,"130 GOLDSMITH ST GOULBURN BASE HOSP, GOULBURN"
03970100X2,0397013101,"237 LONSDALE ST OS ANZ BANK, DANDENONG"
03979403X2,0397948124,"1 LANGHORNE ST , DANDENONG"
02629402X2,0262944436,"112 LEWIS LUXTON AVE GORDON SHOPS, GORDON"
02629204X2,0262928488,"9 WEBBER CRS CALWELL S/C, CALWELL"
08931046X2,0893103170,"22 PARRY AVE PAYPHONE, BATEMAN"
02963616X2,0296363109,"81 WENTWORTH AVE , WENTWORTHVILLE"
07328702X1,0732876137,"8 GLENEAGLES AVE PAYPHONE RIVERLAKE, CORNUBIA"
07495819X2,0749581201,"4 QUEEN ELIZABETH DRV DYSART VILLAGE, DYSART"
07409374X2,0740937447,"392 OAK FOREST RD CNR SOUTH STREET, KURANDA"
03629512X2,0362951410,"35 MARY ST , CYGNET"
07321014X2,0732106524,"171 QUEEN ST NR WINTERGARDEN, BRISBANE CITY"
07321003X2,0732102981,"190 QUEEN ST NR QUEENS PLAZA, BRISBANE CITY"
07409871X2,0740987521,"362 CAPE TRIBULATION RD DAINTREE FERRY CRG, LR DNTRE"
07544910X2,0754491857,"686 NOOSA-EUMUNDI RD OS SERV STN, DOONAN"
02936915X2,0293864981,"427 ADELAIDE ST TCU 1038, BONDI JUNCTION"
02956432X2,0295642184,"302 STANMORE RD ON JOHN ST, PETERSHAM"
02458770X2,0245877749,"PLATFM 1 425 GEORGE ST WINDSOR RLWY STN, WINDSOR"
07416101X2,0741611407,"15 DALGANGAL RD NR SEENEY ST, GAYNDAH"
07412319X2,0741234085,"274 ADELAIDE ST OS WOLLIES, MARYBOROUGH"
07412331X2,0741233365,"5 CLAYTON ST NR JUPITER, MARYBOROUGH"
07412204X2,0741224923,"118 CHEAPSIDE ST CNR SUSSEX ST, MARYBOROUGH"
07412321X2,0741234191,"202 JOHN ST NEAR NORTH, MARYBOROUGH"
08922703X1,0892278398,"LVL 2 24 FRANCIS ST IN TAFE MAIN ENT, PERTH"
03974637X2,0397461209,"1486 DIGGERS REST-COIMADAI RD OS GEN STORE, TOOLERN VALE"
03542832X2,0354283239,"274 STATION RD POST OFFICE, NEW GISBORNE"
07544807X2,0754480214,"97 NOOSA DRV , NOOSA HEADS"
08886300X2,0888631275,"LOT 19 0 BALAKLAVA RD O/S TELE EXCHANGE, HALBURY"
08886301X2,0888633024,"LOT 33 0 TERMINUS RD CRN HIGH ST, HOYLETON"
08886501X2,0888652208,"42 RAILWAY TCE CRN THIRD ST, SNOWTOWN"
08884380X2,0888438024,"8 PATERSON ST ADJ POST OFFICE, FARRELL FLAT"
08889400X2,0888942024,"LOT 27 0 ALFRED ST NR RICHARD ST, HALLETT"
08852860X2,0885286024,"11 RAILWAY TCE CNR MAIN ST, OWEN"
08853850X2,0885385024,"24 OLD PRINCES HWY NR KENT RD, KANMANTOO"
08858113X2,0885811324,"19 MAIN ST NR KAISER ST, POINT PASS"
08858170X2,0885817024,"13 COMMERCIAL ST CRN FIRST AVE, ROBERTSTOWN"
08855390X2,0885539024,"1137 PLAYFORD HWY NR MILK TRACK, CYGNET RIVER"
08855321X2,0885532124,"8 CENTENARY AVE , KINGSCOTE"
07549300X1,0754930962,"0 REED ST QR GLASS HSE MTNS, GLASS HOUSE MOUNTAINS"
02679223X2,0267924247,"31 COOMA RD CNR BELAR ST, NARRABRI"
07493965X2,0749396848,"15 GRANVILLE ST N OF ARCHER ST, EMU PARK"
02488600X2,0248864241,"2 HODDLE ST NR CHURCH ST, BURRAWANG"
02483560X2,0248356100,"11 QUEEN ST O/S POST OFFICE, BINDA"
02602940X2,0260294341,"3 MAIN ST OS POST OFFICE, BROCKLESBY"
03970101X2,0397013115,"225 LONSDALE ST , DANDENONG"
03936310X2,0393632066,"1 AYCLIFFE DRV CNR TAMAR DRV, DEER PARK"
08898813X2,0889881778,"3760 STUART HWY O/S THE ACACIA STO, ACACIA HILLS"
08897580Y1,0889758682,"13 GARAWA ST ADJ TO HLTH CLINIC, BORROLOOLA"
08927511X1,0892756470,"40 BENARA RD IS NORANDA VILLAGE, NORANDA"
08937508X2,0892751864,"40 BENARA RD OS NORANDA VILLAGE, NORANDA"
02960601X1,0296066426,"187 RICKARD RD LEPPINGTON RWS, LEPPINGTON"
02960600X1,0296065960,"187 RICKARD RD LEPPINGTON RWS, LEPPINGTON"
07389209X2,0738921825,"12 CRACKNELL RD NR IPSWICH RD, ANNERLEY"
07328800X1,0732880374,"259 ASH ST WINSTON GLADES SC, FLINDERS VIEW"
08965520X2,0896552032,"LOT 4153 0 WEDGE ISLAND RD 30KM N LANCELIN, WDGE IS"
07412550X2,0741255794,"136 PULGUL ST NE OF MOOLYYIR ST, URANGAN"
07412507X2,0741253555,"16 BUCCANEER AVE N OF MILLER ST, URANGAN"
02960707X2,0296079010,"63 HILL RD CNR RILEY ST, LURNEA"
07477450X2,0747745183,"930 INGHAM RD , BOHLE"
02422502X1,0242250861,"0 LOFTUS ST WOLLONGONG HOSPITA, WOLLONGONG"
07406060Y2,0740606281,"0 KANG KANG RD OS COMMUNITY CNTRE, AURUKUN"
07406034X7,0740603451,"0 PENINSULA DEVELOPMENT RD O/S MUSGRAVE CAFE, YARRADEN"
07406035X2,0740603346,"0 PENINSULA DEVELOPMENT RD O/S MUSGRAVE CAFE, YARRADEN"
07406051X2,0740605118,"0 CURRINGTON ST O/S HOSPITAL, KOWANYAMA"
03967106X1,0396713518,"207 FLINDERS ST TRM S/STP WEST SDE, MELBOURNE"
03962030X1,0396201689,"GATE 6 740 BOURKE ST TELSTRA DOME, DOCKLANDS"
03583104X1,0358318312,"493 WYNDHAM ST VICTORIA PARK LAKE, SHEPPARTON"
02655612X2,0265561402,"89 BEACH ST , HARRINGTON"
02696448X2,0269644619,"1 JONDARYAN AVE NR VISITOR CENTRE, GRIFFITH"
08832209X2,0883226153,"93 MAIN SOUTH RD HILLTOP SHOPPING C, O'HALLORAN HILL"
02645755X1,0264575162,"LOT 1 0 CORROBOREE RD SMIGGINS HOTEL, SMIGGIN HOLES"
02964217X1,0296424430,"355 WATERLOO RD S/CENTRE, GREENACRE"
02493402X1,0249343659,"1 MOLLY MORGAN DRV GREEN HILLS S/C, EAST MAITLAND"
07403321X2,0740332439,"14 TOOGOOD RD STH OF TORINA ST, WOREE"
07549134X2,0754917974,"1 CENTRAL PARK RD O/S CALOUNDRA SWIM, CALOUNDRA"
08856520X2,0885652024,"0 ANGASTON-SWAN REACH RD NR BLANCHETOWN RD, SEDAN"
08959249X2,0895923966,"60 PENGUIN RD BAYSIDE SHOPPING C, SAFETY BAY"
08895203X1,0889520572,"15 LEN KITTLE DRV APMERE MWERRE, ILPRPA"
08895204X1,0889523704,"15 LEN KITTLE DRV APMERE MWERRE, ILPRPA"
08864506X2,0886455965,"183 MCDOUALL STUART AVE , WHYALLA STUART"
08884205X2,0888422054,"229 MAIN NORTH RD TOWN HALL, CLARE"
02654102X1,0265414809,"22 SOWERBY ST MUSWELLBROOK MARKE, MUSWELLBROOK"
07466800X2,0746680104,"53 TAYLOR ST E OF EDWARDS AVE, CECIL PLAINS"
03624704X2,0362477202,"50 BURTONIA ST , ROKEBY"
07492718X2,0749276570,"227 MUSGRAVE ST , BERSERKER"
03980104X2,0398012587,"438 BURWOOD HWY NR CNR LYNNE AVE, WANTIRNA SOUTH"
03596471X2,0359647800,"2000 WARBURTON HWY OS LOG CABIN PIZZA, LAUNCHING PLACE"
02428549X2,0242852218,"LOT 100 0 FRANKLIN AVE BULLI RAILWAY STAT, BULLI"
07405590X2,0740559002,"78 OLEANDER ST CNR ALAMANDA ST, HOLLOWAYS BEACH"
03597883X2,0359788607,"993 MOOROODUC HWY OS PETROL STATION, MOOROODUC"
07334917X2,0733499748,"1 GREENMEADOW RD OUTSIDE ALDI, MOUNT GRAVATT EAST"
07405167X2,0740517263,"214 MULGRAVE RD N OF CREEDY ST, WESTCOURT"
07495324X2,0749535239,"15 MALCOMSON ST CENTRAL TOURIST, NORTH MACKAY"
02928317X2,0292835763,"263 CLARENCE ST , SYDNEY"
02925244X2,0292525761,"273 GEORGE ST MET CENTRE, SYDNEY"
07380003X2,0738001414,"266 BROWNS PLAINS RD NR WEMBLEY RD, BROWNS PLAINS"
07380010X1,0738004972,"10 EASTERN RD NR COMMERCE DRV, BROWNS PLAINS"
07384704X2,0738471302,"18 BUNYA ST NR DUNELLAN ST, GREENSLOPES"
07339719X2,0733972353,"303 LOGAN RD NR CLEVELAND ST, GREENSLOPES"
07384714X2,0738473793,"383 LOGAN RD NR JEAVONS LA, GREENSLOPES"
07339729X2,0733975656,"101 NEWDEGATE ST GREENSLOPES HOSP, GREENSLOPES"
02979930X2,0297998360,"1 BROWN ST O/S RAIL STATION, ASHFIELD"
02422605X2,0242262737,"198 GIPPS ST O/S POST OFFICE, GWYNNEVILLE"
02427216X2,0242721168,"31 CENTRAL RD O/S POST OFFICE, UNANDERRA"
03988516X2,0398856397,"55 ASHBURN GR OPPOSITE, ASHBURTON"
08844701X1,0884475269,"178 ST VINCENT ST PORT MALL EAST ENT, PORT ADELAIDE"
02658470X1,0265847453,"3 BAY ST SETTLEMENT CITY SC, PORT MACQUARIE"
03947107X2,0394710628,"0 COLLEGE DRV O/S CHISHOLM COL, BUNDOORA"
03588432X2,0358843391,"80 TARRAGON RD , MATHOURA"
07409530X2,0740953280,"198 LAKES DRV O/S CARAVAN PARK, LAKE EACHAM"
07406030X1,0740603208,"1 TERMINUS ST O/S POST OFFICE, LAURA"
07406070X2,0740607035,"14 MAATHUY ST CNR ILLA ST, LOCKHRT RVR"
07406071X2,0740607115,"2 PUCHEEWOO ST NR ILWAY ST, LOCKHRT RVR"
07405594X2,0740559201,"9 MACHANS ST W OF MARSHALL ST, MACHANS BEACH"
07405302X2,0740534384,"49 RESERVOIR RD W OF ENMORE ST, MANOORA"
07405321X2,0740532384,"62 ALFRED ST NW OF MAYERS ST, MANUNDA"
07403303X2,0740335026,"5 MCCORMACK ST N OF MCCOOMBE ST, MOOROOBOOL"
07405520X2,0740552130,"2 ILLAWARRA ST E OF YURONGI ST, CARAVONICA"
07409214X2,0740924981,"325 BYRNES ST N OF PETERS ST, MAREEBA"
07474518X2,0747451657,"39 LANDSBOROUGH ST N OF PHILIP ST, NORMANTON"
07409300X2,0740930318,"8 DOUGLAS TRK W OF SPEEWAH RD, SPEEWAH"
07406814X2,0740681102,"1 BLACKMAN ST CNR CURTIS ST, TULLY"
07405413X2,0740545520,"10 CARNATION DRV S OF PRIMROSE ST, MOOROOBOOL"
07403320X2,0740332091,"6 SHANG ST OPP CRAIG ST, MOOROOBOOL"
07406323X2,0740632448,"21 MORESBY RD N OF RAMLEH RD, MORESBY"
02954021X2,0295404416,"102 GYMEA BAY RD NR PRESIDENT AVE, GYMEA"
07405116X1,0740514027,"1 MARLIN PDE REEF FLEET TERM, CAIRNS CTY"
08896410X8,0889641912,"0 STUART HWY WAUCHOPE ROADHOUSE, DAVENPORT"
08896411X8,0889641962,"0 STUART HWY WAUCHOPE ROADHOUSE, DAVENPORT"
02656311X2,0265631841,"15 CLYDE ST IN CLYDE ST MALL, KEMPSEY"
07406060Y1,0740606238,"39 KANG KANG RD , AURUKUN"
08895502X2,0889550750,"6 LYNDAVALE DRV NR SUPERMARKET, LRPNTA"
08895501X2,0889550524,"6 LYNDAVALE DRV NR SUPERMARKET, LRPNTA"
02974617X2,0297462854,"1 QUEEN ST NTH STRATHFIELD RW, NORTH STRATHFIELD"
03946201X2,0394623309,"2 KEON PDE KEON PARK RWS, THOMASTOWN"
07406041Y2,0740604118,"0 PORMPURAAW ST O/S HOSPITAL, PORMPURAAW"
07406040Y2,0740604115,"0 YALU ST O/S RETAIL STORE, PORMPURAAW"
07466341X2,0746634105,"70 MOFFAT ST NR ISABELLA ST, KAIMKILLENBUN"
07478810Y2,0747881109,"1 GILMORE ST PENTLAND EXCHANGE, PNTLD"
07478713X2,0747871102,"34 MARION ST CNR RUTHERFORD ST, CHT TWRS CTY"
08941842X2,0894186258,"335 COCKBURN RD NR POWELL RD, COOGEE"
02978903X2,0297893384,"152 WILLIAM ST NR MAIN ST, EARLWOOD"
02434423X7,0243415082,"59 TRAFALGAR AVE O/S FIRE STATION, WOY WOY"
02437301X2,0243731099,"780 PEATS RIDGE RD O/S VILLAGE SHOPS, PEATS RIDGE"
02436003X2,0243602169,"235 THE SCENIC RD MAITLAND BAY DVE, KILLCARE HEIGHTS"
02437600X2,0243761395,"1 GRETA RD CNR GEORGE DOWNES, KULNURA"
02433421X2,0243342151,"20 YETHONGA AVE NR BAY RD, BLUE BAY"
02987210X2,0298722310,"57 ADDERTON ST OPP RWS O/S SHOPS, TELOPEA"
02662223X2,0266224739,"146 MILITARY RD OS TWEED RESIDENCE, LISMORE"
02668613X2,0266867668,"482 RIVER ST O/S BP SERVICE STN, BALLINA"
02668601X2,0266867206,"344 SOUTH BALLINA BEACH RD SEABREEZE VAN PK, SOUTH BALLINA"
02663500X1,0266351524,"0 MULI MULI CRS MULI MULI HOUSING, MULI MULI"
02662104X2,0266217074,"120 DALLEY ST S PUBLIC WORKS, LISMORE"
02664672X2,0266467113,"0 SANDON RIVER RD YURAYGIR NATL PK, THE SANDON"
02668625X2,0266868702,"21 KALINGA ST O/S MCDONALDS, BALLINA"
02656208X2,0265626338,"134 RIVER ST O/S HOSPITAL, WEST KEMPSEY"
02656202X2,0265625923,"43 SEA ST NR BROUGHTON ST, WEST KEMPSEY"
02656420X2,0265642218,"5 TAYLOR'S ARM RD PUB WITH NO BEER, TAYLORS ARM"
02656222X2,0265626854,"1 LORD ST CNR HERBORNE AVE, EAST KEMPSEY"
02656213X2,0265626632,"89 BROUGHTON ST CNR COCHRANE ST, WEST KEMPSEY"
02656204X2,0265626040,"45 ELBOW ST CNR TOZER ST, WEST KEMPSEY"
02677914X2,0267791507,"5232 NEW ENGLAND HWY O/S SERVICE STN, LLANGOTHLIN"
02676501X2,0267657321,"92 CALALA LA , CALALA"
03979203X2,0397934727,"PLATFM  160 RAILWAY PDE YARRAMAN RWS, NOBLE PARK"
03572214X2,0357221802,"84 OVENS ST NR REID ST, WANGARATTA"
03572930X2,0357293585,"4175 WANGARATTA WHITFIELD RD NR HONEY'S LANE, KING VALLEY"
03576800X2,0357682200,"2373 MIDLAND HWY O/S SHOP, SWANPOOL"
07328163X2,0732814619,"255 BRISBANE ST CNR WAGHORN ST, IPSWICH"
08903932X2,0890393477,"22 EYRE HWY ROADHOUSE, CAIGUNA"
08903934X2,0890393480,"22 EYRE HWY ROADHOUSE, COCKLEBIDDY"
08903930X7,0890393479,"22 EYRE HWY ROADHOUSE, COCKLEBIDDY"
08903937X2,0890393484,"22 AMBER VILLAGE  ROADHOUSE, EUCLA"
08903941X9,0890393495,"22 EYRE HWY ROADHOUSE, MADURA"
08903937X7,0890393410,"22 EYRE HWY ROADHOUSE, MUNDRABILLA"
08903936X2,0890393483,"22 EYRE HWY ROADHOUSE, MUNDRABILLA"
08918450X2,0891845129,"22 NORTH WEST COASTAL HWY FORTESCUE R/HOUSE, MARDIE"
08995290X2,0899529064,"22 BRAND HWY ADJ GREENHEAD RD, WARRADARGE"
08994212X2,0899425941,"22 NORTH WEST COASTAL HWY WOORAMEL R/HOUSE, WOORAMEL"
02966108X2,0296618265,"495 BUNNERONG RD CNR DAUNT AVE, MATRAVILLE"
02993832X2,0299384565,"2 PINE AVE , BROOKVALE"
02993828X2,0299384029,"1 SYDENHAM RD , BROOKVALE"
07404509X2,0740455165,"96 MCLAUGHLIN RD OPP FRIENDSHIP ST, BENTLEY PARK"
07474114X2,0747411628,"67500 KENNEDY DEVELOPMENTAL RD CNR MARATHON STAM, STAMFORD"
08822322X2,0882232187,"231 NORTH TCE , ADELAIDE"
07339716X2,0733972053,"58 OLD CLEVELAND RD NR LAURA ST, GREENSLOPES"
07384702X2,0738471175,"99 HOLLAND RD NR GREENMOUNT AV, HOLLAND PARK"
07321904X2,0732192825,"95 SEVILLE RD OPP ROWTON ST, HOLLAND PARK"
07389201X2,0738921019,"1337 IPSWICH RD OS ROCKLEA HOTEL, ROCKLEA"
07327707X2,0732774055,"32 AINSWORTH ST NR GEORGINA ST, SALISBURY"
07327708X2,0732774040,"124 EVANS RD NR INDUSTRIES RD, SALISBURY"
07327720X2,0732777491,"72 GRANARD RD NR BEATTY RD, ARCHERFIELD"
07384915X2,0738496265,"20 SPRINGFIELD ST OS MACREGOR HIGH, MACGREGOR"
07334403X1,0733446897,"0 BRETON ST QR BANOON, SUNNYBANK"
07321609X2,0732169372,"PLATFM 2 0 DIXON ST QR SUNNYBANKS, SUNNYBANK"
07334500X1,0733451603,"24 GUNDOOEE ST QR ALTANDI, SUNNYBANK"
07334513X2,0733452100,"121 MAINS RD NR SHEARWIN ST, SUNNYBANK"
07334518X2,0733451838,"35 DIXON ST NR STATION RD, SUNNYBANK"
07334512X2,0733452569,"68 TROUGHTON RD NR TURTON ST, SUNNYBANK"
07327301X1,0732736567,"LVL 4 601 COMPTON RD SUNNYBANK HLS SC, SUNNYBANK HILLS"
03978316X2,0397696464,"1 FOOT ST , FRANKSTON"
08821108X2,0882118009,"9 RUNDLE MALL , ADELAIDE"
08821107X2,0882118409,"9 RUNDLE MALL , ADELAIDE"
08832203X1,0883229210,"167 OLD SOUTH RD O/S WOOLWORTHS, OLD REYNELLA"
07320318X2,0732032491,"53 BAYVIEW TCE NR RAYMOND TCE, DECEPTION BAY"
07320326X2,0732031372,"160 MAINE TCE NR BAILEY RD, DECEPTION BAY"
07549523X2,0754953609,"2 PARKRIDGE AVE OS FOODWORKS, UPPER CABOOLTURE"
07549761X2,0754976152,"939 BRIBIE ISLAND RD NR AYLWARD RD, NINGI"
07549676X2,0754967601,"0 BEERBURRUM RD CNR  1 SCHOOL RD, ELIMBAH"
07549600X2,0754960102,"5 BEERBURRUM RD NR CHURCH ST, BEERBURRUM"
07549302X2,0754930283,"4288 BRUCE HWY OS SERV STN, COOCHIN CREEK"
07549484X2,0754948143,"41 CRIBB ST IN RSL PARK, LANDSBOROUGH"
07549681X2,0754968118,"872 BEACHMERE RD OS BEACHMERE PLZA, BEACHMERE"
07549832X2,0754983429,"2 ARGYLL ST NR PUMICESTONE RD, CABOOLTURE"
07549513X2,0754958618,"26 BURNETT RD OS CAB RVR C/VAN P, CABOOLTURE"
07549507X2,0754958607,"7 HASKING ST NR BEERBURRUM RD, CABOOLTURE"
07549911X1,0754991593,"60 KING ST CABOOLTURE SQ SC, CABOOLTURE"
07549583X2,0754958406,"73 KING ST NR GEORGE ST, CABOOLTURE"
07549585X2,0754958609,"21 LOWER KING ST NR ALFRED ST, CABOOLTURE"
07549942X2,0754994986,"12 MATTHEW TCE NR JAMES ST, CABOOLTURE"
07549830X2,0754983426,"25 MCKEAN ST NR ROWE ST, CABOOLTURE"
07549882X2,0754988072,"324 MELDALE RD NR DUKE ST, MELDALE"
07549820X2,0754982102,"1374 MT MEE RD NR ROBINSON RD, MOUNT MEE"
02960803X2,0296084829,"170 GREEN VALLEY RD NR SHOPPING CENTRE, GREEN VALLEY"
02960804X2,0296081072,"170 GREEN VALLEY RD NR SHOPPING CENTRE, GREEN VALLEY"
02960207X1,0296024679,"6 RAILWAY ST CRN BIGGE ST, LIVERPOOL"
02645820X2,0264582000,"0 EDEN ST CNR PRIOR ST, CATHCART"
02954510X2,0295453152,"770 OLD PRINCES HWY CNR FLORA ST, SUTHERLAND"
02954501X2,0295453154,"770 OLD PRINCES HWY CNR FLORA ST, SUTHERLAND"
02422608X1,0242266289,"LOT 6 0 NORTHFIELDS AVE BLD 20 SOUTH WALLT, KEIRAVILLE"
02699350X2,0269935149,"21 WADE ST NR GORDON ST, CARRATHOOL"
08823107X2,0882315935,"55 CURRIE ST , ADELAIDE"
08865890X2,0886589024,"LOT 139 0 MAIN ST CNR SECOND ST, CARRIETON"
08862527X2,0886252324,"1 PAYNE ST CRN BORLASE ST, CEDUNA"
08862525X2,0886252824,"31 POYNTON ST NR MCKENZIE ST, CEDUNA"
08855823X2,0885582303,"44 BROADBEACH DRV OPP BENNETT ST, CARRICKALINGA"
08844700X2,0884471832,"66 COMMERCIAL RD , PORT ADELAIDE"
07328501X2,0732854261,"901 DAYBORO RD NTH PINE CTRYPK, WHITESIDE"
02957016X2,0295701404,"43 GLOUCESTER RD NR PEARL ST, HURSTVILLE"
07406212X2,0740621273,"10 ST GEORGE ST NR GULF DEV HWY, GEORGETOWN"
07474564X2,0747456152,"15 BROWN ST NEAR SHOPS, CROYDON"
07474563X2,0747456216,"30 HELEN ST OS RWY STN, CROYDON"
07406252Y7,0740625285,"50 KENNEDY DEVELOPMENTAL RD OASIS ROADHOUSE, CONJUBOY"
07406231X2,0740623105,"11 GARLAND ST OS SERVE STATION, MT SURPRISE"
02679447X7,0267944742,"21 BIBIL ST NR BARNABAH ST, BAAN BAA"
07332501X2,0733253978,"720 WRUCK CRS OS ALBANY MARKETPL, ALBANY CREEK"
07328507X2,0732853691,"2 STATION ST QR PETRIE, PETRIE"
07328502X2,0732851683,"2 STATION ST QR PETRIE, PETRIE"
07326623X2,0732661239,"1692 SANDGATE RD QR VIRGINIA STN, VIRGINIA"
07334408X2,0733441264,"42 HENLEY ST QR COOPERS PLAINS, COOPERS PLAINS"
07416810X2,0741689700,"1 WONDAI-PROSTON RD POST OFFICE, HIVESVILLE"
07416605X2,0741662023,"6 FOREST ST PST OFFICE, KALPOWAR"
07412903X2,0741294900,"141 OLD BRUCE HWY HELINA REST, BURRUM TOWN"
07548436X2,0754843200,"1390 MARY VALLEY RD NR DAGAN RD, DAGUN"
07549446X2,0754944682,"1716 MALENY-KENILWORTH RD OS TELSTRA EXCH, CONONDALE"
07549402X2,0754940318,"87 BEERWAH PDE , BEERWAH"
07549144X2,0754917931,"39 SOUTH ULM ST OS CALOUNDRA CMTRY, MOFFAT BEACH"
07547410X2,0754741273,"91 BEACH RD OS LAKE COOROIBAH, NOOSA NORTH SHORE"
07544991X2,0754499505,"141 COOROY NOOSA RD CNR FOREST DVE, TEWANTIN"
07544680X1,0754468078,"13 RAILWAY ST QR YANDINA, YANDINA"
07544250X1,0754425793,"32 ELM ST QR COOROY, COOROY"
07546421X2,0754642021,"19 RAILWAY ST QR ROSEWOOD, ROSEWOOD"
07469661X2,0746966139,"9892 NEW ENGLAND HWY NR EVANS RD, CABARLAH"
08828118X2,0882812836,"237 MARTINS RD MARTINS PLAZA SHOP, PARAFIELD GARDENS"
08916850X1,0891685921,"LOT 70 0 ROBERTA AVE HALLS CREEK HOSP, HALLS CREEK"
03563520X2,0356352250,"6 MAIN RD OS POST OFFICE, WILLOW GROVE"
07328901X2,0732898104,"1863 MT NEBO RD OS PO CAFE, MOUNT NEBO"
07320510X2,0732051400,"449 BELLS POCKET RD NR GYMPIE RD, STRATHPINE"
07328509X2,0732854273,"5 EBERT PDE NR RLWY STN, LAWNTON"
07320404X2,0732045009,"5 STOREY RD OPP STATE SCHOOL, KALLANGUR"
07329301X2,0732931827,"LOT 1 0 ANZAC AVE NR JOSEY RD, MANGO HILL"
07384813X2,0738488188,"70 PARK RD CNR VILLA ST, YERONGA"
07412907X2,0741298200,"71 ECKERT RD BOONOOROO EXCHANG*, BOONOOROO"
07412304X2,0741234000,"266 ALICE ST OS MARYBRO PLAZA, MARYBOROUGH"
08843110X2,0884316762,"365 KENSINGTON RD , KENSINGTON GARDENS"
08858231X1,0885823976,"32 KAY AVE RIVERLAND CENTRAL, BERRI"
08892802X2,0889280941,"72 MATTHEWS RD ADJ SANDERSON SCHL, MALAK"
08897210X2,0889721147,"12 GILES ST NR THIRD ST, KATHERINE"
08897107X7,0889710269,"5 KATHERINE TCE OS KATHERINE SC, KATHERINE"
08897100X2,0889710092,"5 KATHERINE TCE OS KATHERINE SC, KATHERINE"
07327722X2,0732773988,"1102 BEAUDESERT RD NR KERRY RD, ACACIA RIDGE"
07327703X2,0732774322,"88 CHARDEAN ST NR WATSON RD, ACACIA RIDGE"
07327734X2,0732771464,"28 ELIZABETH ST NR MITCHELL ST, ACACIA RIDGE"
07327732X2,0732772174,"10 FOOTE ST NR MORTIMER RD, ACACIA RIDGE"
07327701X2,0732775384,"71 OXLEY ST NR AGNES ST, ACACIA RIDGE"
07327743X2,0732774088,"79 SUSSEX RD OPP WARDGRAVE ST, ACACIA RIDGE"
07387902X2,0738796690,"38 KING AVE NR SHERBROOK RD, WILLAWONG"
07384106X2,0738414230,"0 BEENLEIGH RD QR KURABY, KURABY"
07334106X2,0733413637,"1349 BEENLEIGH RD NR STRATHMORE ST, KURABY"
07384103X2,0738410355,"2489 LOGAN RD CNR PADSTOW RD, EIGHT MILE PLAINS"
07334511X2,0733452000,"809 BEENLEIGH RD NR PENARTH ST, RUNCORN"
07321902X1,0732195104,"831 BEENLEIGH RD QR RUNCORN, RUNCORN"
07321901X2,0732190459,"1093 BEENLEIGH RD QR FRUITGROVE, RUNCORN"
07380817X2,0738082062,"1 MILKY WAY QR KINGSTON, KINGSTON"
07329903X2,0732992593,"160 JACARANDA AVE NR ALBA LANE, LOGAN CENTRAL"
07380816X2,0738088616,"40 STATION RD QR WOODRIDGE, LOGAN CENTRAL"
07329000X1,0732905842,"40 STATION RD QR LOGAN CENTRAL, LOGAN CENTRAL"
07380818X2,0738088790,"86 WEMBLEY RD NR BENZ ST, LOGAN CENTRAL"
07559931X2,0755991768,"29 WHARF ST CNR BAY ST, TWEED HEADS"
02662119X2,0266219365,"6 HARMONY AVE CNR DIBBS ST, LISMORE"
02676970X1,0267697610,"LOT 97 0 KEEPIT DAM RD NR KIOSK, KEEPIT"
02465700X2,0246571008,"59 JOHN ST , THE OAKS"
02623680X2,0262368110,"35 CORK ST , GUNDAROO"
02941620X2,0294167965,"39 LINDFIELD AVE O/S LINDFIELD RWS, LINDFIELD"
02957002X2,0295704061,"27 PENSHURST ST NR PENSHURST HOTEL, PENSHURST"
02947606X2,0294766354,"595 PACIFIC HWY O/S NEWSAGENCY, MOUNT COLAH"
02998510X2,0299857734,"1 NEOTSFIELD AVE POST OFFICE, DANGAR ISLAND"
02936908X2,0293891468,"7 BELLEVUE RD O/S POST OFFICE, BELLEVUE HILL"
02664642X2,0266464409,"20 RIVER RD O/S POST OFFICE, HARWOOD"
02655347X2,0265534054,"2 WYNTER ST O/S POST OFFICE, WINGHAM"
02655651X2,0265565101,"37 HANNAM VALE RD O/S POST OFFICE, MOORLAND"
02655983X2,0265598406,"14 LAKE ST O/S POST OFFICE, LAURIETON"
02655840X2,0265584200,"12 ARGYLE ST O/S POST OFFICE, BARRINGTON"
02656320X2,0265632001,"0 NEDS BEACH RD O/S POST OFFICE, LORD HOWE ISLAND"
02655941X2,0265594103,"8 COMBOYNE ST O/S POST OFFICE, KENDALL"
02654820X2,0265482003,"78 BETTINGTON ST NR POST OFFICE, MUSWELLBROOK"
02657640X2,0265764001,"13 PAGAN ST O/S POST OFFICE, JERRYS PLAINS"
02495215X2,0249578062,"37 DICKSON ST NR MOREHEAD ST, LAMBTON"
02672480X2,0267248409,"30 INVERELL ST O/S TELSTRA EXCH, DELUNGRA"
02692760X2,0269276400,"95 FORD ST O/S POST OFFICE, GANMAIN"
02692215X2,0269221508,"14 KYEAMBA AVE O/S POST OFFICE, LADYSMITH"
02695527X2,0269552741,"2 HULONG ST O/S POST OFFICE, WHITTON"
02692410X2,0269241232,"119 LORNE ST O/S POST OFFICE, JUNEE"
02694621X2,0269462208,"80 TUMUT ST O/S POST OFFICE, ADELONG"
02699360X2,0269936101,"LOT 2 0 YANG YANG ST O/S GENERAL STORE, MAUDE"
02695571X2,0269557300,"9 MAIN AVE NR CNR BINYA ST, YANCO"
02692020X2,0269202100,"96 URANA ST O/S POST OFFICE, THE ROCK"
02697410X2,0269741009,"44 COOLAMON ST O/S POST OFFICE, ARIAH PARK"
02697703X2,0269772845,"167 HOSKINS ST O/S POST OFFICE, TEMORA"
02692740X2,0269274454,"5 YORK ST O/S POST OFFICE, MARRAR"
02696390X2,0269639303,"108 YAPUNYAH ST O/S POST OFFICE, BARELLAN"
02694412X2,0269441165,"104 SHERIDAN ST O/S POST OFFICE, GUNDAGAI"
02692083X2,0269208100,"23 ANNA ST O/S POST OFFICE, URANA"
03582505X2,0358254276,"130 MCLENNAN ST O/S POST OFFICE, MOOROOPNA"
08894112X2,0889410063,"CINEMA  79 MITCHELL ST SOUTH END OPP, DARWIN"
08894833X2,0889480439,"36 PROGRESS DRV NR PAVONIA WAY, NIGHTCLIFF"
02494712X2,0249480217,"9 WILSONS RD OUTSIDE SHOPS, MOUNT HUTTON"
02496704X2,0249673909,"162 MAITLAND RD OS CALTEX SERVICE, SANDGATE"
03626307X2,0362637401,"49 EDDINGTON ST , BRIDGEWATER"
08895367X2,0889538265,"27 BATH ST O/S POLICE STATION, ALICE SPRINGS"
02602080X2,0260208511,"3 SAGE CRT OS COMMUNITY CENTR, BRNDUDA"
02603290X2,0260329201,"83 MAIN ST OS POST OFFICE, RTHGLN"
03523310X2,0352331200,"540 CORANGAMITE LAKE RD POST OFFICE, COROROOKE"
03579621X2,0357962206,"848 SEYMOUR-AVENEL RD OS MANGALORE HOTEL, MANGALORE"
03579622X2,0357962401,"4 QUEEN ST OS POST OFFICE, AVENEL"
03544106X2,0354417437,"12 MITCHELL ST NR BATH LANE, BENDIGO"
03559863X2,0355986583,"23 LORD ST O/S SHOPS, PORT CAMPBELL"
08894838X2,0889484521,"48 TROWER RD O/S RAPID CREEK SH, MILLNER"
02923230X2,0292323817,"JCDBTH 1109 32 MARTIN PL OUTSIDE, SYDNEY"
07412340X2,0741234825,"175 JUPITER ST NR WALKER ST, MARYBOROUGH"
07412431X2,0741241451,"258 MAIN ST NR DOOLONG RD, KAWUNGAN"
07412409X2,0741241190,"41 CHAPPELL RD NR MRYBRGH H'BY RD, NIKENBAH"
07412438X2,0741242604,"15 PRESTON ST CNR MURPHY ST, POINT VERNON"
07412501X2,0741253193,"CENTRE  200 BOUNDARY RD HERVEY BAY AQUATIC, WONDUNNA"
07412905X2,0741295200,"61 BURRUM ST NR BURRUM HEADS RD, BURRUM HEADS"
07548632X2,0754863209,"3 KIRCHNER AVE NR RAINBOW BCH RD, RAINBOW BEACH"
07548631X2,0754863108,"18 RAINBOW BEACH RD NR CYPRESS AVE, RAINBOW BEACH"
07544631X2,0754463889,"2 LUMEAH ST NR SUNCST BEACH RD, MOUNT COOLUM"
07544340X2,0754438565,"46 COTTON TREE PDE NR SECOND AVE, MAROOCHYDORE"
07544327X2,0754437526,"26 COTTON TREE PDE NR KING ST, MAROOCHYDORE"
07547300X1,0754730491,"2 GIBSON RD OS PO NOOSA S/C, NOOSAVILLE"
07547302X2,0754730973,"10 SWANBOURNE WAY OS BUSHLANDS CONV, NOOSAVILLE"
08972107X2,0897218556,"30 WEBBER ST NR HARLAND ST, CAREY PARK"
03649111X2,0364911403,"179 STAVERTON RD CNR ADYE ST, ROLAND"
02633228X2,0263321110,"230 HOWICK ST NR POST OFFICE, BATHURST"
02638370X2,0263837200,"139 BENDICK MURRELL-WIRRIMAH RD NR TAYLORS RD, BENDICK MURRELL"
02637580X2,0263758210,"3156 CASTLEREAGH HWY NR BIRRIWA RD, BIRRIWA"
02668103X1,0266813754,"100 KERR ST BALLINA FAIR, BALLINA"
07386022X1,0738605396,"1 ALPINIA DRV GATE 23 QANTAS DOM, BRISBANE AIRPORT"
08895674X8,0889567751,"0 KINGS CANYON RESORT  REAR OF SRV STN, PETERMANN"
08895672X8,0889567230,"0 KINGS CANYON RESORT  REAR OF SRV STN, PETERMANN"
08895677X8,0889567231,"0 KINGS CANYON RESORT  RESORT STAFF AREA, PETERMANN"
08895671X1,0889567286,"0 KINGS CANYON RESORT  ADJ RESTAURANT, PETERMANN"
08895673X8,0889567726,"0 KINGS CANYON RESORT  O/S SERV STATION, PETERMANN"
08895676X8,0889567859,"0 KINGS CANYON RESORT RD , PETERMANN"
08895674Y8,0889567301,"0 RED SANDHILL COMM 10KM E HERMANNSB'G, NAMATJIRA"
08896412X8,0889641927,"OFFICE  13040 STUART HWY WYCLIFF WELL T/PRK, DAVENPORT"
08897592Y2,NONE,"0 KIANA STN KIANA COMMUNITY, CLVT"
08895688Y1,0889568673,"0 ULAMPBARA OUTSTAION COMM 10KM S/E PAPUNYA, KUNPARRKA"
08895689Y1,0889568684,"0 WINPARKU OUTSTATION COMM 50KM W HAAST BLUFF, KUNPARRKA"
02628512X1,0262854186,"BLDG 2 77 YAMBA DRV MAIN RECEPTION, GARRAN"
02628506X1,0262853324,"BLDG 2 77 YAMBA DRV MAIN RECEPTION, GARRAN"
02628520X1,0262852581,"BLDG 12 77 YAMBA DRV A & E, GARRAN"
02629904X2,0262994369,"2 CREST RD NR DERRIMA RD, CRESTWOOD"
02931397X2,0293136763,"20 ABBOTFORD ST NR ANZAC PDE, KENSINGTON"
02923304X2,0292333084,"388 GEORGE ST NTH KING ST, SYDNEY"
02923306X2,0292335526,"400 GEORGE ST STH KING ST, SYDNEY"
02649340X2,0264934087,"186 WALLAGA LAKE RD O/S VAN PARK, WALLAGA LAKE"
03969918X2,0396993302,"215 PARK ST O/S POST OFFICE, SOUTH MELBOURNE"
03980220X2,0398029242,"429 HIGHBURY RD NR MIDDLEBOROUGH, BURWOOD EAST"
03982703X2,0398279280,"1 SURREY RD CNR MALVERN RD, SOUTH YARRA"
03957911X2,0395793299,"699 WARRIGAL RD NR CNR ORANGE ST, BENTLEIGH EAST"
03955108X2,0395515928,"67 BOURKE RD CLARINDA SHOP CNTR, CLARINDA"
03954428X2,0395440502,"1214 CENTRE RD NR MELALEUCA RD, CLARINDA"
03954463X2,0395443268,"2 CLARINDA RD , CLARINDA"
03970603X2,0397065472,"418 FRANKSTON DANDENONG RD O/S WILLOW LODGE, BANGHOLME"
03524130X2,0352413618,"87 BARRABOOL RD O/S CARAVAN PARK, BELMONT"
03527812X2,0352789577,"125 SEPARATION ST SHOPPING CENTRE, BELL PARK"
03522906X2,0352290953,"203 SHANNON AVE NR AUTUMN ST, MANIFOLD HEIGHTS"
03952909X2,0395292328,"396 MALVERN RD O/S POLICE STN, PRAHRAN"
03952827X2,0395285919,"324 GLEN EIRA RD CNR PARK ST, ELSTERNWICK"
03952959X2,0395294037,"144 HIGH ST O/S SWINBURNE, WINDSOR"
03952913X2,0395293166,"20 WELLINGTON ST , ST KILDA"
03952508X2,0395258281,"351 INKERMAN ST , BALACLAVA"
08894110X2,0889412589,"54 CAVENAGH ST O/S POST OFFICE, DARWIN"
07546240X1,0754624322,"122 SPENCER ST PLAZA SHOPPING CTE, GATTON"
07477787X7,0747778737,"20 LEICHARDT ST OS SHOPS ALLINGHAM, FORREST BEACH"
02634750X2,0263475209,"0 MID WESTERN HWY NR GIBSON ST, CARAGABAL"
02432308X2,0243234854,"136 WELLS ST O/S SPRINGFIELD SC, SPRNGFLD"
02435301X2,0243531754,"0 JOHN RD OPP POLLOCK AVE, WADALBA"
02966504X2,0296658060,"110 FERN ST CNR CLOVELLY RD, RANDWICK"
02966925X2,0296692921,"2 TRAMWAY ST CNR BOTANY RD, ROSEBERY"
02995812X2,0299581898,"39 ALEXANDER AVE NR HIGH STREET, NORTH WILLOUGHBY"
02990401X2,0299041987,"192 BEN BOYD RD OPP GROSVENOR LNE, NEUTRAL BAY"
02667712X2,0266771200,"5913 TWEED VALLEY WAY OS KELLY BROS BLDG, MOOBALL"
02667219X2,0266726329,"43 KYOGLE RD NR RAY ST, BRAY PARK"
02667950X1,0266795634,"153 MT WARNING RD O/S  HOLIDAY PK, MOUNT WARNING"
02656207X2,0265626312,"35 ELBOW ST OS FORESTRY, WEST KEMPSEY"
02658419X2,0265841665,"2 NORTH SHORE DRV NR FERRY LANDING, NORTH SHORE"
03938001X1,0393804189,"30 POPLAR RD ROYAL PARK RWS, PARKVILLE"
03979192X2,0397917350,"101 LONSDALE ST , DANDENONG"
03952821X2,0395284919,"22 GLEN EIRA AVE NR CNR OAK GROVE, RIPPONLEA"
03938364X2,0393831298,"61 COONANS RD , PASCOE VALE SOUTH"
02636234X2,0263629363,"209 ANSON ST NR SUMMER ST, ORANGE"
02473907X2,0247398213,"PLATFM 2 5 BURFITT PDE GLENBROOK RLWY STN, GLENBROOK"
02478236X2,0247827983,"187 KATOOMBA ST , KATOOMBA"
02478228X2,0247821884,"1 MAIN ST KATOOMBA RLWY STN, KATOOMBA"
02478400X2,0247843302,"PLATFM 1 1 RAILWAY PDE LEURA RLWY STN, LEURA"
02478802X2,0247881235,"50 GREAT WESTERN HWY MEDLOW BATH RWS, MEDLOW BATH"
02475906X2,0247591142,"PLATFM 1 286 GREAT WESTERN HWY LAWSON RLWY STN, LAWSON"
02475907X2,0247591030,"PLATFM 1 353 GREAT WESTERN HWY BULLABURRA RWS, BULLABURRA"
02983509X2,0298351651,"0 JERSEY RD O/S LEISURE CTE, EMERTON"
03533300X2,0353331882,"18 ARMSTRONG ST OM CENTRAL SQUARE, BALLARAT CENTRAL"
07337513X2,0733754099,"PARK  82 KIMBERLEY ST OS OXLEY PINES C/V, INALA"
07334916X2,0733499873,"280 NEWNHAM RD CIVIC FAIR S/C, UPPER MT GRAVATT"
08949303X1,0894596075,"330 SPENCER RD IN THORNLIE SQ S/C, THORNLIE"
08949301X1,0894528464,"330 SPENCER RD IN THORNLIE SQ S/C, THORNLIE"
08952510X7,0895251319,"36 CLIFTON ST NR PRIMARY SCHOOL, BYFORD"
08931400X7,0893372240,"70 COOLBELLUP AVE O/S COOLBELLUP S/C, COOLBELLUP"
08931499X2,0893317528,"70 COOLBELLUP AVE O/S COOLBELLUP S/C, COOLBELLUP"
08935615X2,0893561360,"285 SEVENOAKS ST CANNINGTON RWS, CANNINGTON"
08935652X2,0893561675,"193 SEVENOAKS ST O/S RAILWAY STN, CANNINGTON"
08941711X2,0894178605,"620 NORTH LAKE RD LAKES S/C, SOUTH LAKE"
02439321X2,0243936814,"6 WARNERVALE RD O/S RAILWAY CAFE, WARNERVALE"
02954708X2,0295471266,"294 PRINCES HWY NR CARWAR AVE, CARSS PARK"
02957012X2,0295705266,"5 OXFORD ST NR MORTS RD OPP, MORTDALE"
02957026X2,0295707219,"34 ORMONDE PDE NR BUTLER RD O/S, HURSTVILLE"
02493305X2,0249335165,"24 ANZAC ST , SOUTH BALLINA"
03984805X2,0398481599,"13 WILLIAMSONS RD NR DNCSTR S/TOWN, DONCASTER"
03981619X2,0398169791,"192 WHITEHORSE RD NR JERSEY ST, BALWYN"
03987444X2,0398748859,"596 CANTERBURY RD VERMONT POST OFFIC, VERMONT"
03987001X2,0398702396,"434 MAROONDAH HWY OPP BURNT BRIDGE, CROYDON"
03934728X2,0393475463,"146 ELGIN ST CARLTON POST OFFIC, CARLTON"
03975811X2,0397587138,"1880 FERNTREE GULLY RD COLES SUPERMARKET, FERNTREE GULLY"
03936428X2,0393640086,"38 EVERGREEN AVE OPP ST ALBANS COM, ALBANVALE"
03966282X2,0396623385,"401 SWANSTON ST CNR LTTL LATROBE, MELBOURNE"
03557650X2,0355765401,"31 MARTIN ST POST OFFICE, PENSHURST"
08940103X2,0894012400,"63 CAMBERWARRA DRV OPP MAYFLOWER CRES, CRAIGIE"
08924603X2,0892461856,"68 SOUTHSIDE DRV OS HARBOUR RESORT, HILLARYS"
02672207X2,0267222832,"8 WADE ST W OF ROSE STREET, INVERELL"
02676950X2,0267695696,"5 FOSSIKERS WAY S OF RIDGE STREET, ATTUNGA"
07559927X2,0755991651,"118 GRIFFITH ST NR UBET, COOLANGATTA"
07553133X2,0755313794,"15 NERANG ST MID BLOCK SOUTH, SOUTHPORT"
07552630X2,0755264173,"145 SCARBOROUGH ST , SOUTHPORT"
02964804X2,0296481623,"SHP 7 1 AVENUE OF THE AMERICAS  NEWINGTON MARKET P, NEWINGTON"
02604130X1,0260413607,"SHOP T6 525 DAVID ST MAIN ENTRY, ALBURY"
03983601X2,0398360535,"768 RIVERSDALE RD , CAMBERWELL"
02968739X2,0296872082,"195 CHURCH ST MALL NEAR DARCY CT, PARRAMATTA"
02989154X2,0298915625,"195 CHURCH ST MALL NEAR DARCY ST, PARRAMATTA"
02989127X2,0298915628,"195 CHURCH ST MALL NEAR DARCY ST, PARRAMATTA"
02989119X2,0298916791,"195 CHURCH ST MALL NEAR DARCY ST, PARRAMATTA"
07478490X2,0747849237,"1 CARTYS ST NR CUNNINGHAM ST, MILLAROO"
07474921X2,0747491136,"102 DUCHESS RD WILLIBERRI MISSION, HEALY"
03535814X2,0353581314,"87 MAIN ST STAWELL POST OFFIC, STAWELL"
02964640X2,0296464476,"28 CAMPBELL ST NEAR BURKE AVE, BERALA"
02497311X2,0249731654,"46 NEWCASTLE ST , MORISSET"
02692156X2,0269211861,"100 BAYLIS ST O/S ANZ BANK, WAGGA WAGGA SOUTH"
07340840X2,0734084156,"128 GOODWIN DRV NR CRANE ST, BRIBIE ISLAND"
03976103X2,0397611841,"1326 MOUNTAIN HWY O/S HALL, THE BASIN"
03596433X2,0359643447,"50 HUNTER RD CNR BEENAK RD, WANDIN NORTH"
03545330X1,0354533001,"138 EAST BARHAM RD CARAVAN PARK, BARHAM"
03524809X2,0352483600,"44 WESTMORELAND ST , ST ALBANS PARK"
07416201X2,0741624172,"12 ALFORD ST KINGAROY EXCHANGE, KINGAROY"
03527813X2,0352789644,"224 ANAKIE RD OS BELL PARK PLAZA, BELL PARK"
07472510X2,0747254687,"221 INGHAM RD NEAR GARBUTT SHOP, GARBUTT"
03955757X2,0395575490,"79 TUCKER RD NR PATTERSON RD, BENTLEIGH"
03956212X2,0395624384,"73 PATERSON RD CNR DARREN RD, SPRINGVALE SOUTH"
07478511X2,0747851501,"35 MURROONA ST , BOWEN"
03642793X2,0364279461,"20 NORTH CAROLINE ST OS CARAVAN PARK, EAST DEVONPORT"
03642798X2,0364279595,"11 CANNING DRV , EAST DEVONPORT"
03642792X2,0364279416,"134 TARLETON ST , EAST DEVONPORT"
07415306X2,0741533500,"20 TARGO ST NR BOURBONG ST, BUNDABERG CENTRAL"
07492706X2,0749276237,"84 ARCHER ST NR CAMPBELL ST, ROCKHAMPTON CITY"
07492721X2,0749276637,"190 BOLSOVER ST NR DENHAM ST, ROCKHAMPTON CITY"
07492708X2,0749276319,"288 DENISON ST NR STANLEY ST, ROCKHAMPTON CITY"
07492716X2,0749276539,"138 EAST ST NR MARKET LANE, ROCKHAMPTON CITY"
07497225X2,0749726861,"100 GOONDOON ST CITY CENTRE PLAZA, GLADSTONE CENTRAL"
07497229X2,0749726978,"144 GOONDOON ST GLADSTONE ART GAL*, GLADSTONE CENTRAL"
07472414X2,0747243807,"121 FLINDERS ST O/S DIVE SHOP, TOWNSVILLE CITY"
07477215X2,0747723520,"187 STANLEY ST STATE GOVERNMENT *, TOWNSVILLE CITY"
03979316X2,0397937764,"65 SOUTH GIPPSLAND HWY O/S SHAWLANDS CARA, DANDENONG SOUTH"
07320308X2,0732035473,"1 BIRD O'PASSAGE PDE OS MORGANS S/F, SCARBOROUGH"
07335300X1,0733531474,"109 BECKETT RD MCDOWALL SC, MCDOWALL"
07474513X2,0747451604,"14 BROWN ST O/S CARAVAN PARK, NORMANTON"
07406911X2,0740691266,"163 DOUGLAS ST O/S HOSPITAL, THURSDAY ISLAND"
07477032X2,0747703149,"0 BURDEKIN FALLS DAM  NR CVAN PARK, RAVENSWOOD"
07472403X2,0747245308,"62 WALKER ST NR PERFUME PARK, TOWNSVILLE CITY"
08996520X1,0899652637,"1 SHENTON ST HOSPITAL FOYER, GERALDTON"
03957913X2,0395793673,"674 WARRIGAL RD CNR CENTRE RD, OAKLEIGH SOUTH"
08829730X2,0882977365,"36 ALMOND GR , GLANDORE"
07553234X2,0755325473,"116 SCARBOROUGH ST CNR HICKS ST, SOUTHPORT"
08822325X2,0882231921,"92 FLINDERS ST NR WYATT ST, ADELAIDE"
02625909X2,0262590387,"13 HEYDON PL EVATT SHOPS, EVATT"
07337601X1,0733764972,"171 DANDENONG RD MT OMMANEY CENTRE, MT OMMANEY"
02629005X2,0262861594,"4 FARRER PL OS SHOPS, FARRER"
02628103X2,0262813702,"28 GARRAN PL GARRAN S/CENTRE, GARRAN"
02629501X2,0262951854,"2 BARKER ST GRIFFITH SHPS, GRIFFITH"
02629507X2,0262952565,"7 FRANKLIN ST ADJ ACT TAB, GRIFFITH"
02625508X2,0262548954,"78 HAWKER PL HAWKER SHOPS, HAWKER"
07340984X2,0734098194,"158 DICKSON WAY STRADBROKE ISLAND, POINT LOOKOUT"
03974119X2,0397412854,"2 DUNCANS RD , WERRIBEE"
08835203X2,0883521365,"187 HOLBROOKS RD , UNDERDALE"
08835217X2,0883522909,"225 HENLEY BEACH RD , TORRENSVILLE"
02602105X2,0260211365,"498 DAVID ST CNR DEAN ST, ALBURY"
03524302X1,0352435624,"60 MARSHALLTOWN RD MARSHALL RWLY STN, MARSHALL"
08943407X2,0894186402,"35 SOUTHWELL CRS , HAMILTON HILL"
03635702X2,0363572342,"108 MAIN RD , MUSSELROE BAY"
02960703X2,0296073232,"11 SINCLAIR RD OPP CARPENTER LN, ASHCROFT"
02426803X2,0242681493,"0 THE GROVE  CRN AUSTIMER ST, AUSTINMER"
08838809X2,0883884157,"87 ONKAPARINGA VALLEY RD NR BRIDGE ST, BALHANNAH"
08925507X2,0892552322,"309 MORRISON RD DARLING RIDGE SHOP, SWAN VIEW"
07409208X2,0740924653,"10 HERBERTON ST NR WALSH ST, MAREEBA"
07409212X2,0740924832,"17 JASPER ST CRN HOPKINS AVE, MAREEBA"
07415602X2,0741565118,"18 MCPHERSON ST OPP PARK ST, ROSEDALE"
07543304X1,0754330937,"158 COACH RD BP CTR NTH BOUND, MORAYFIELD"
07380301X1,0738036886,"657 CHAMBERS FLAT RD CHAMBERS PINES MOB, CHAMBERS FLAT"
08827700X2,0882771054,"20 FIVEASH DRV PASADENA GREEN SHO, PASADENA"
08823218X2,0882325291,"143 RUNDLE MALL , ADELAIDE"
08823214X2,0882323179,"143 RUNDLE MALL , ADELAIDE"
02688227X2,0268825565,"14 COBRA ST NR MACQUARIE ST, DUBBO"
02668553X2,0266855572,"2 MASSINGER ST NR CLARKES BEACH, BYRON BAY"
02662219X2,0266223213,"101 KEEN ST NR LARKIN LN, LISMORE"
02665120X2,0266512726,"351 PACIFIC HWY O/S BIG BANANA, COFFS HARBOUR"
02665150X2,0266514356,"24 MOONEE ST NR PACIFIC HWY, COFFS HARBOUR"
02665131X2,0266512852,"84 OCEAN PDE NR PARK BEACH RD, COFFS HARBOUR"
02658308X2,0265833954,"36 GORDON ST NR GRANT ST, PORT MACQUARIE"
02655404X2,0265540430,"209 BOOMERANG DRV O/S SHOPS, BLUEYS BEACH"
02658312X2,0265836343,"20 FLYNN ST NR SURF ST, PORT MACQUARIE"
02655528X2,0265556140,"LOT 7088 0 BEACH ST NR BEACH CAFE, FORSTER"
02658305X2,0265833365,"209 HASTINGS RIVER DRV NR BOUNDARY ST, PORT MACQUARIE"
07552419X2,0755245371,"1 DRYDOCK RD BOYDS BAY HOLDY PK, TWEED HEADS SOUTH"
07552409X2,0755243600,"1 WILLIAM ST NR MINJUNGBAL DRIV, TWEED HEADS SOUTH"
02677206X2,0267728121,"298 BEARDY ST NR OHIO ST, ARMIDALE"
07495123X2,0749511201,"37 VICTORIA ST NR CARLYLE ST, MACKAY"
02941213X2,0294123832,"369 VICTORIA AVE VICTORIA PLAZA, CHATSWOOD"
07492733X2,0749279073,"130 TALFORD ST , ALLENSTOWN"
02982226X2,0298224023,"GRND FLR 1 ELIZABETH ST MATERNITY, LIVERPOOL"
02960214X2,0296029323,"GRND FLR 1 ELIZABETH ST ACCIDENT/EMERGENCY, LIVERPOOL"
02971501X1,0297151004,"GRND FLR 42 RAILWAY PDE BURWOOD PLAZA, BURWOOD"
02990816X2,0299083265,"398 MILITARY RD , CREMORNE"
03946010X2,0394605302,"38 JOHNSON ST , RESERVOIR"
02936161X2,0293616981,"339 OXFORD ST NR REGENT STREET, PADDINGTON"
02676507X2,0267657921,"80 ROBERT ST WILLIAMS CULTURAL, SOUTH TAMWORTH"
03599500X2,0359950001,"120 CLAIRMONT AVE NR LESDON AVE, CRANBOURNE"
07326621X2,0732663833,"29 BRADBURY ST CNR COLLINS ST, NUNDAH"
07492707X2,0749276273,"10 WANDAL RD NR NEW EXHIBITION, WANDAL"
07492702X2,0749276148,"32 UPPER DAWSON RD NR GLENCOE ST, ALLENSTOWN"
07492732X2,0749278846,"116 MURRAY ST NR CAMBRIDGE ST, THE RANGE"
07492700X2,0749276063,"150 GLENMORE RD OPP CNR STORE, PARK AVENUE"
07492722X2,0749276673,"19 WOOD ST NR EAST ST, DEPOT HILL"
07492729X2,0749278422,"15 MURRAY ST NR BADEN POWELL ST, WANDAL"
07477850X2,0747785003,"1 THE ESPLANADE  NR KIOSK, PICNIC BAY"
07477856X2,0747785672,"68 SOONING ST CNR KELLY ST, NELLY BAY"
07477853X2,0747785504,"38 MANDALAY AVE OS NELLY BAY STORE, NELLY BAY"
07477854X2,0747785638,"2 HAYLES AVE NR ARMAND WAY, ARCADIA"
07477855X2,0747785652,"26 MCCABE CRS NR SHPS ACADIA BAY, ARCADIA"
07478521X2,0747852205,"0 BRUCE HWY NR BERGL ST, BOWEN"
02973612X2,0297363298,"GRND FLR 1 HOSPITAL RD HOSPITAL FOYER, CONCORD WEST"
07493961X2,0749396106,"14 HILL ST , EMU PARK"
02433201X2,0243327872,"145 BAY RD O/S AUST POST, TOOWOON BAY"
02439701X1,0243971041,"2 OLEANDER ST IN TRST PK-MAIN ST, CANTON BEACH"
02998500Y2,0299857742,"LOT 24 0 LITTLE WOBBY BH NEAR WHARF, LITTLE WOBBY"
02492616X2,0249262565,"50 TYRELL ST NR WOLFE ST, THE HILL"
02495610X2,0249578046,"83 VICTORIA ST BESIDE POST OFFICE, NEW LAMBTON"
02963607X2,0296365187,"201 OLD PROSPECT RD CNR ETTALONG RD, GREYSTANES"
02989624X2,0298964145,"441 GREAT WESTERN HWY O/S MCDONALDS, GREYSTANES"
07463010X1,0746301845,"468 WEST ST UNIPLAZA SHOP CTR, KEARNEYS SPRING"
07478722X2,0747872219,"81 DALRYMPLE RD O/S CENTENARY PARK, RICHMOND HILL"
07477225X2,0747724026,"46 HEATLEY PDE ROWES BAY CVAN PRK, BELGIAN GARDENS"
07478730X2,0747873748,"24 DALRYMPLE RD OS DALRYMPLE CV, TOLL"
08941706X2,0894171510,"318 YANGEBUP RD NR CERVANTES LP, YANGEBUP"
08947031X2,0894702349,"109 WASHINGTON ST NR KING GEORGE ST, VICTORIA PARK"
07477500X2,0747892429,"1217 RIVERWAY DRV NR UPPER ROSS HTL, RASMUSSEN"
03836000X1,0383609073,"0 PALMERS RD RAILWAY STATION, WLMS LNDG"
08898720X1,0889872014,"81 CHESTERFIELD CCT ENDEAVOUR SQUARE, NHULUNBUY"
02622796X2,0262279610,"6490 WEE JASPER RD OS POST OFFICE, WEE JASPER"
02605901X2,0260593461,"2 BARTON ST NR FELLTIMBER CREE, WEST WODONGA"
02605900X2,0260593408,"34 GAYVIEW ST OS SHOPS, WEST WODONGA"
02605608X2,0260562806,"1 BEECHWORTH-WODONGA RD NR WINSOR DRV, WDNGA"
02602450X2,0260245596,"79 CHAPEL ST CNR GLASGOW ST, WDNGA"
02697560X2,0269756109,"19 MID WESTERN HWY O/S POST OFFICE, WEETHALLE"
08894528X1,0889453295,"8 LEANYER DRV I/S HIBISCUS S/CEN, LEANYER"
08894506X1,0889453341,"8 LEANYER DRV I/S HIBISCUS S/CEN, LEANYER"
08894520X1,0889450313,"8 LEANYER DRV O/S HIBISCUS SHOPS, LEANYER"
08892700X1,0889270267,"8 LEANYER DRV O/S HIBISCUS SHOPS, LEANYER"
02637218X2,0263723763,"49 CHURCH ST CNR MORTIMER, MUDGEE"
02675229X2,0267522032,"28 HEBER ST NR WESLEY LANE, MOREE"
08895335X1,0889536278,"32 FLYNN DRV SUPERMARKET, GILLEN"
08895306X1,0889531823,"32 FLYNN DRV SUPERMARKET, GILLEN"
02433403X2,0243341608,"144 WYONG RD , KILLARNEY VALE"
08938517X2,0893858055,"185 CHALLENGER DRV , CITY BEACH"
02665130X2,0266512849,"0 ANGUS MCLEOD PL OS RAILWAY STN, COFFS HARBOUR"
08835227X2,0883526101,"54 SHIPSTER ST , TORRENSVILLE"
08835226X2,0883525121,"204 HENLEY BEACH RD , TORRENSVILLE"
08835221X2,0883523832,"48 HARTLEY RD , FLINDERS PARK"
08835223X2,0883523898,"32 CUMING ST , MILE END"
08835243X2,0883524438,"162 RICHMOND RD , MARLESTON"
08953736X2,0895373001,"6 FITCH ST , SINGLETON"
08973414X2,0897343489,"144 ATKINSON ST NR JONES ST, COLLIE"
02963100X2,0296312909,"465 WENTWORTH AVE , TOONGABBIE"
07544564X2,0754456079,"538 MAROOCHYDORE RD NR CONARA RD, KUNDA PARK"
03548228X2,0354822466,"91 HARE ST , ECHUCA"
02982510X2,0298250254,"187 WILSON RD THE VALLEY PLAZA, GREEN VALLEY"
02960805X2,0296088573,"187 WILSON RD THE VALLEY PLAZA, GREEN VALLEY"
02955240X2,0295524523,"117 ARUNDEL ST NR ROSS ST, FOREST LODGE"
02951608X2,0295164548,"227 WILSON ST OPP FORBES LANE, EVELEIGH"
02963709X2,0296378810,"50 ELEANOR ST CNR ALFRED ST, ROSEHILL"
02989713X2,0298977804,"112 GOOD ST CNR BOWDEN ST, HARRIS PARK"
03579424X2,0357942500,"302 HIGH ST O/S POST OFFICE, NAGAMBIE"
03543870X2,0354387300,"104 COMMERCIAL RD OPP POST OFFICE, TARNAGULLA"
03582623X2,0358262309,"3 ROBINSON ST O/S EXCHANGE, MURCHISON"
03585610X2,0358561200,"2 HIGH ST O/S POST OFFICE, RUSHWORTH"
03582410X1,0358241091,"164 HOGAN ST O/S POST OFFICE, TATURA"
03585214X2,0358521473,"139 ALLAN ST O/S POST OFFICE, KYABRAM"
03583113X2,0358311406,"1 FRASER ST O/S POST OFFICE, SHEPPARTON"
03503052X2,0350305402,"70 MURRAY ST O/S POST OFFICE, PIANGIL"
03502680X2,0350268200,"5 MURRAY VALLEY HWY O/S POST OFFICE, BOUNDARY BEND"
07415303X2,0741533473,"403 GOODWOOD RD NR THOMAS THOMSEN, THABEBAN"
07415504X2,0741556100,"29 INNES PARK RD NR LOGAN RD, INNES PARK"
07415610X2,0741561405,"1200 MIARA RD MIARA CVAN PK, MIARA"
07494664X2,0749466291,"2583 SHUTE HARBOUR RD ISLAND TRADERS, JUBILEE POCKET"
07495205X2,0749524319,"185 BROADSOUND RD OS TROPICAL C/V PK, PAGET"
07497411X2,0749741165,"2 PINE ST BUILYAN CNR STORE, BOYNE VALLEY"
07497905X2,0749793325,"54 PHILIP ST , SUN VALLEY"
07465543X2,0746554955,"0 YOWAH OPAL FIELDS  , YOWAH"
02429503X1,0242957329,"211 LAKE ENTRANCE RD STOCKLAND SHELLHAR, SHELLHARBOUR CITY CENTRE"
03515620X2,0351562205,"59 METUNG RD , METUNG"
08856940X2,0885694024,"16 ADELAIDE RD , PALMER"
08896410Y2,0889641503,"7 BLACKMAN CRT , WUTUNUGURRA"
08919280X8,0891928137,"10 MACPHERSON ST BROOME AIRPORT, DJUGUN"
07403308X2,0740337028,"486 MULGRAVE RD CNR SOURE ST, EARLVILLE"
07478726X2,0747872502,"37 MT LEYSHON RD O/S CARAVAN PARK, MOSMAN PARK"
07477250X2,0747726507,"103 WILLS ST CNR STOKES ST, TOWNSVILLE CITY"
07406890X2,0740689867,"30 WONGALING BEACH RD OPP M.BCH RESORT, WONGALING BEACH"
07406119X2,0740617039,"1 LYONS ST NR PALMERSTON HWY, BELVEDERE"
07463340X1,0746334173,"1 HOGG ST HOSPITAL, CRANLEY"
07477935X2,0747799766,"119 BAYSWATER RD , CURRAJONG"
07472813X2,0747283592,"PARK  0 FITZROY ST NR CNR CHARLES ST, HEATLEY"
07472805X2,0747283365,"196 NATHAN ST CNR ARTHUR ST, AITKENVALE"
07477909X2,0747797084,"16 BRAMPTON AVE ROSSVALE S/C, CRANBROOK"
07472300X2,0747239815,"44 THURINGOWA DRV O/S SHOPS, THURINGOWA CENTRAL"
07477604X2,0747761673,"2 SACHS LA , VCTRA PLNTATN"
08897610X2,0889761403,"15 MOULE ST BP SERVICE STATION, PINE CREEK"
03966205X2,0396622591,"165 LONSDALE ST NR CNR RUSSELL ST, MELBOURNE"
03966256X2,0396622064,"165 LONSDALE ST NR CNR RUSSELL ST, MELBOURNE"
02976308X1,0297632878,"MAIN ENTC 3 UNDERWOOD RD DFO OUTLET, HOMEBUSH"
02974603X2,0297466350,"32 BURLINGTON RD NR ROCHESTER RD, HOMEBUSH"
02664927X2,0266492740,"LOT 7015 0 LAWSON ST OPP POST OFFICE, RED ROCK"
02665450X2,0266545200,"69 PINE AVE CNR HUTCHINSON ST, ULONG"
02665542X2,0266554242,"27 BAILEY ST NR POST OFFICE, REPTON"
02656220X2,0265626020,"0 KEMP ST KEMPSEY RLWY STN, KEMPSEY"
02658311X2,0265836143,"OS  57 PACIFIC DRV FLYNN'S BEACH P/O, PORT MACQUARIE"
02655616X2,0265561845,"557 CROWDY ST NR SURF LIFE S/CLB, CROWDY HEAD"
02658470X2,0265847463,"LOT 4 0 OCEAN DRV NR GREENMEADOWS DR, PORT MACQUARIE"
02658740X2,0265874200,"5013 OXLEY HWY OPP HOTEL O/S, LONG FLAT"
02655526X2,0265556449,"3 THE LAKES WAY NR MCDONALDS, FORSTER"
02493072X1,0249307533,"414 STATION LA LOCHINVAR RLWY STN, LOCHINVAR"
02493201X1,0249324414,"24 JOHNSON ST TELARAH RLWY STN, TELARAH"
02493422X1,0249342732,"PLATFM 1 0 MORPETH RD EAST MAITLAND RWS, EAST MAITLAND"
02499207X1,0249923081,"0 BROWN ST DUNGOG RLWY STN, DUNGOG"
02493850X1,0249385400,"9 GEORGE ST PATERSON RLWY STN, PATERSON"
02496411X1,0249641063,"0 KARUAH ST THORNTON RLWY STN, THORNTON"
02498112X2,0249811734,"52 MARINE DRV IN HOLIDAY PARK, FINGAL BAY"
07384471X2,0738447436,"41 BOGGO RD OS ECO SCIENCE, DUTTON PARK"
07552660X2,0755266487,"38 ALFRED ST CNR GOLD COAST HWY, MERMAID BEACH"
07546610X2,0754661104,"200 ANZAC ST NR WILLIAM ST, GRANTHAM"
07546440X2,0754644404,"72 EDMUND ST NR QUEEN ST, MARBURG"
07546271X2,0754627202,"829 GATTON - CLIFTON HWY PO NR PETERSENS RD, MA MA CREEK"
07546270X2,0754627104,"220 MT SYLVIA RD O/S HOTEL, UPPER TENTHILL"
07546267X7,0754626714,"1319 GATTON - CLIFTON HWY NR DRY GULLY RD, MOUNT WHITESTONE"
08839605X1,0883963057,"429 MONTAGUE RD CLOVERCREST S/C, MODBURY"
02635884X1,0263588412,"0 CASTLEREAGH HWY NEAR CAFES RD, ILFORD"
08808840X2,0880884126,"5 GALENA ST ADJ MACDONALDS, BROKEN HILL"
02664349X2,0266435781,"7 CLARENCE ST NR TAFE ENTRANCE, GRAFTON"
02668103X2,0266816941,"24 FAWCETT ST RIVERWALK ARCADE, BALLINA"
02655677X2,0265567739,"1159 HANNAM VALE RD OUTSIDE SCHOOL, HANNAM VALE"
07320300X2,0732033237,"1878 ANZAC AVE NR CNR KINSELLA, MANGO HILL"
07328812X2,0732884586,"188 STUART ST NR BAINES MEANEY P, GOODNA"
07381803X2,0738186701,"40 SAPPHIRE ST SPRINGFIELD MEDIC, SPRINGFIELD"
07328826X2,0732881019,"0 WOOGAROO ST GOODNA NETBALL ASS, GOODNA"
07557031X2,0755703043,"11 PARADISE IS BRENTWOOD HOLIDAY, SURFERS PARADISE"
07559840X2,0755984138,"435 GOLDEN FOUR DRV NR TUGUN HOTEL, TUGUN"
07549947X1,0754994071,"165 MORAYFIELD RD NR MORAYFIELD SC, MORAYFIELD"
07549943X1,0754994061,"165 MORAYFIELD RD STH TAXI RANK, MORAYFIELD"
07340821X2,0734082091,"54 TOORBUL ST ADJ BONGAREE BOWLS, BRIBIE ISLAND"
07340828X2,0734082102,"91 WELSBY PDE NR CORNETTS SHOP, BRIBIE ISLAND"
07546220X2,0754622230,"44 CRESCENT ST NR GATTON POST, GATTON"
07463412X2,0746343366,"16 HOLBERTON ST NR  DAVID ST, ROCKVILLE"
07463500X2,0746350037,"330 STENNER ST NR AUSTRALIA POST, KEARNEYS SPRING"
07463906X2,0746391663,"47 KITCHENER ST NR JOLLY SWAGMAN, EAST TOOWOOMBA"
07463908X1,0746393539,"11 JAMES ST NR THE RANGE SHOPS, EAST TOOWOOMBA"
07463415X2,0746343219,"1 CARRINGTON RD CNR BOUNDARY RD, TORRINGTON"
07463509X2,0746353166,"30 WARWICK ST NR HARRISTOWN PS, Harristown"
08959308X1,0895938653,"0 SAFETY BAY RD WARNBRO RAIL, WARNBRO"
08959307X1,0895938623,"0 SAFETY BAY RD WARNBRO RAIL, WARNBRO"
08943910X1,0894396709,"0 LAMBETH CRCLE WELLARD RAIL, WELLARD"
08907100X1,0890712374,"1 FORREST RD IS SHOP CENTRE, ESPERANCE"
08902720X7,0890271407,"5 SALTBUSH RD CNR QUONDONG RD, KAMBALDA WEST"
08903911X2,0890391202,"5 PRINCEP ST OPP AMPOL SERVICE, NORSEMAN"
08907114X2,0890715144,"23 ANDREW ST CNR DEMPSTER ST, ESPERANCE"
08903765X2,0890376291,"56 HALL ST NR ROCHESTER ST, LEONORA"
08904541X2,0890454342,"150 MASSINGHAM ST NR CHAMBERS ST, KELLERBERRIN"
08904542X2,0890454009,"71 MASSINGHAM ST ADJ AMENITIES BLK, KELLERBERRIN"
07557631X7,0755938953,"7 CLASSIC WAY OS TREETOPS CNTR, BURLEIGH WATERS"
07543760X1,0754376815,"750 NICKLIN WAY CURRIMUNDI MARKET, CURRIMUNDI"
08948106X1,0894812878,"1 WILLIAM ST ESPLANADE RAIL, PERTH"
03515410X2,0351541055,"84 NICHOLSON ST , ORBOST"
03544231X2,0354421091,"29 QUEEN ST NR MITCHELL ST, BENDIGO"
03544237X2,0354429481,"130 MCCRAE ST O/S BENDIGO TAFE, BENDIGO"
03952523X2,0395254835,"35 CAMDEN ST , BALACLAVA"
02625748X2,0262575599,"53 ALINGA ST OS POST OFFICE, CANBERRA"
02624918X2,0262497419,"142 BUNDA ST O/S TRUMPS ARCADE, CANBERRA"
02625756X2,0262575137,"38 MARCUS CLARKE ST OS 8-10 HOBART PL, CANBERRA"
02625727X2,0262573702,"61 NORTHBOURNE AVE JOLIMONT CENTRE, CANBERRA"
02625720X2,0262573849,"61 NORTHBOURNE AVE JOLIMONT CENTRE, CANBERRA"
02625752X2,0262575318,"61 NORTHBOURNE AVE JOLIMONT CENTRE, CANBERRA"
02674216X2,0267421309,"27 GEORGE ST GUNNEDAH GOLF CLUB, GUNNEDAH"
02445410X2,0244540225,"80 TALLWOOD AVE MOLLYMOOK SHOPPING, MLYMK BH"
03975603X2,0397566201,"16 THE PATCH RD , THE PATCH"
07553472X2,0755347529,"828 PACIFIC PDE IN WALLACE PARK, CURRUMBIN"
08833907X2,0883391232,"191 UPPER STURT RD NR CFS DEPOT, UPPER STURT"
08933615X1,0893364104,"0 PETER HUGHES DRV SHED E, FREMANTLE"
08917642X1,0891764845,"22 GREAT NORTHERN HWY PARDOO ROADHOUSE, PARDOO"
08917641X1,0891764929,"22 GREAT NORTHERN HWY PARDOO ROADHOUSE, PARDOO"
02931348X2,0293134237,"1 CENTRE RD T1 ARR MEETING PT, MASCOT"
02978903X1,0297891267,"GRND FLR 14 AMY ST CAMPSIE SHOP CNTRE, CAMPSIE"
02689661X2,0268966601,"14 LACHLAN ST OPP HOTEL, EUABALONG"
02689280X2,0268928203,"1 FEDERATION ST OS RABBIT TRAP HTL, ALBERT"
02686203X2,0268621454,"350 CLARINDA ST NR BUSHMAN ST, PARKES"
02689771X2,0268977971,"0 KIDMAN WAY NR COMMUNITY HALL, MOUNT HOPE"
02685101X2,0268511341,"3 COURT ST OPP TOWN HALL LANE, FORBES"
08809144X2,0880914408,"44 YARTLA ST NR POLICE STN, MENINDEE"
02656323X2,0265632005,"LOT 171 0 ANDERSON RD BEACHCOMBER LODGE, LORD HOWE ISLAND"
02695974X2,0269597400,"0 BROWLEY ST OS MORUNDAH HOTEL, MORUNDAH"
02695309X2,0269533854,"26 VALENCIA ST OPP RUSSET ST, LEETON"
02696846X2,0269684270,"0 STURT HWY NR BP SERV STN, DARLINGTON POINT"
03588710X2,0358871200,"19 COOK ST O/S LIBRARY, WAKOOL"
03588260X2,0358826202,"18934 RIVERINA HWY NR BLIGHTY HOTEL, BLIGHTY"
08933604X2,0893361710,"PLATFM  30 PHILLIMORE ST FREMANTLE RLWY STN, FREMANTLE"
08855760X1,0885576318,"22 TUIT RD PT WILLUNGA C PK, ALDINGA"
07568910X1,0756891969,"LVL 1 1 ROBINA TOWN CENTRE DRV RTC ARBOUR LANE, ROBINA"
07328417X2,0732848748,"131 MARGATE PDE CNR MCCULLOCH AVE, MARGATE"
08895677Y7,0889567457,"119 WATERHOLE RD , IMANPA"
02645810X2,0264581410,"19 DOWLING ST OPP BENDOC HOTEL, BNDC"
02676172X2,0267617492,"172 MANILLA RD CNR KIRKHAM CRS, OXLEY VALE"
02468126X2,0246819500,"47 EAST PDE OS GENERAL STORE, BUXTON"
02625760X2,0262574168,"148 CITY WLK EAST ROW, CANBERRA"
02625739X2,0262574991,"222 CITY WLK OS CANBERRA CENTRE, CANBERRA"
02629400X1,0262943278,"4 SIDNEY NOLAN ST LANYON MARKETS, CONDER"
02628400X1,0262847016,"4 SIDNEY NOLAN ST LANYON MARKETS, CONDER"
02682214X2,0268221439,"24 WINGADEE ST NR ROSS STREET, COONAMBLE"
02667950X2,0266795100,"1464 KYOGLE RD NR POST OFFICE, UKI"
02475800X2,0247586101,"64 GREAT WESTERN HWY POST OFFICE, WOODFORD"
02963326X2,0296334632,"108 RAILWAY ST , GRANVILLE"
02694661X2,0269466271,"52 REDHILL RD RECREATION RESERVE, ADJUNGBILLY"
02692000X2,0269200106,"2356 STURT HWY OS SHOP, COLLINGULLIE"
08898134X1,NONE,"9 MIRAMBEENA ST BARBARA JAMES HOUS, THE GARDENS"
02684210X2,0268421054,"9 ANNE ST NR CAMP ST, COONABARABRAN"
02684290X2,0268429110,"LOT 3 0 OXLEY HWY , ROCKY GLEN"
02655812X2,0265581906,"104 CHURCH ST NR HUME ST, GLOUCESTER"
02655814X2,0265581706,"80 RAVENSHAW ST NR GREGSON ST, GLOUCESTER"
02655631X2,0265563307,"16 MACQUARIE ST CNR HENRY ST, COOPERNOOK"
02655611X2,0265561400,"69 CROWDY ST NR GRANTER STREET, HARRINGTON"
02655400X2,0265540200,"1 MARIANA AVE CNR LAKESIDE CRES, ELIZABETH BEACH"
02655041X2,0265504100,"32 MAIN ST NT THONE ST, COMBOYNE"
02655045X2,0265504510,"142 GLENWARRIN RD NR MYALL ST, ELANDS"
02655390X2,0265539200,"44 MAIN ST NR CROWN ST, CUNDLETOWN"
02655374X2,0265537960,"55 OLD BAR RD CNR SHEPPARD ST, OLD BAR"
02673470X2,0267347200,"3 POST OFFICE ST NR ODONNELL ST, EMMAVILLE"
02673606X2,0267362189,"195 HIGH ST OS TAFE COLLEGE, TENTERFIELD"
02674215X2,0267421232,"382 CONADILLY ST CNR OSRIC ST, GUNNEDAH"
02674221X2,0267421498,"57 CONADILLY ST CNR ROSEMARY ST, GUNNEDAH"
02674222X2,0267421565,"45 HENRY ST NR TOURIST CVAN PK, GUNNEDAH"
02674209X2,0267421709,"58 HIGH ST NR KING ST, GUNNEDAH"
02674228X2,0267425312,"72 HUNTER ST CNR MARQUIS ST, GUNNEDAH"
02674203X2,0267426095,"21 MARQUIS ST ACCIDENT/EMERGENCY, GUNNEDAH"
02674206X2,0267421632,"58 STOCK RD CNR LINK RD, GUNNEDAH"
02679211X2,0267924161,"56 MAITLAND ST CNR BOWEN ST, NARRABRI"
02645490X2,0264549486,"1 MURRALIN RD O/S POST OFFICE, CABRAMURRA"
02694840X2,0269484481,"9 POSSUM POINT RD OS HOTEL, TOOMA"
02694720X7,0269471509,"40 ADELONG ST CNR SIMPSON ST, TUMUT"
02694715X2,0269471898,"80 SYDNEY ST OS SHOP, TUMUT"
02694714X2,0269471854,"119 WYNYARD ST WYNYARD CENTRE, TUMUT"
03938421X2,0393840181,"567 ALBION ST , BRUNSWICK WEST"
07322136X2,0732213073,"180 MARY ST NEAR EDWARD ST, BRISBANE CITY"
08917224X1,0891724025,"3 HAMILTON RD AHL, SOUTH HEDLAND"
08904105X2,0890411433,"HWY  2 OATS ST CNR GREAT EASTERN, MERREDIN"
08906110X2,0890611200,"32 JOHNSON ST NR BRUCE ST, BRUCE ROCK"
08904670X2,0890467014,"47 WOLFRAM ST O/S POST OFFICE, WESTONIA"
08904750X2,0890475030,"59 CORBOY ST O/S ROADHOUSE, BODALLIN"
08904914X2,0890491209,"22 GREAT EASTERN HWY O/S CALTEX, SOUTHERN CROSS"
08902663X2,0890266283,"114 BAYLEY ST O/S ROADHOUSE, COOLGARDIE"
08909110X2,0890914886,"340 HANNAN ST NR WILSON ST, KALGOORLIE"
08909104X2,0890913628,"68 COLLINS ST NR MARITANA ST, PICCADILLY"
08902271X2,0890227152,"9 OCHILTREE ST OS PROSPECTOR CVAN, SOMERVILLE"
08917327X2,0891732158,"2 TAYLOR ST COOKE POINT C/PARK, PORT HEDLAND"
08917321X1,0891735961,"150 WILSON ST BOULEVARDE S/CTR, PORT HEDLAND"
08919247Y1,NONE,"0 GREAT NORTHERN HWY PORT SMITH C/PARK, LAGRANGE"
08916878Y2,0891687365,"0 LAKE ARGYLE RD LAKE ARGYLE RESORT, LAKE ARGYLE"
08918980Y2,NONE,"0 BANJIMA DRV KARIJINI VISITORS, KARIJINI"
08918982Y2,NONE,"ENTRCE  0 BANJIMA DRV SAVANNAH CAMP, KARIJINI"
08953770X2,0895377003,"126 SOUTH YUNDERUP RD MURRAY LAKES SHOPS, SOUTH YUNDERUP"
08962230X2,0896223076,"4 ENSIGN DALE PL CNR ELIZABETH PL, NORTHAM"
08962215X2,0896221922,"198 DUKE ST CNR MORRELL ST, NORTHAM"
08962220X2,0896222867,"27 PEEL TCE OPP DUKE ST, NORTHAM"
08962291X2,0896229512,"10 GEORGE ST O/S EXCHANGE, GRASS VALLEY"
08963731X2,0896371000,"28 WALSTON ST NR MCLAREN ST, TAMMIN"
08975740X2,0897574530,"1230 ROSA BROOK RD O/S STORE, ROSA BROOK"
08985520X2,0898552220,"1 FRANKLAND CRANBROOK RD TOURIST INFO BAY, FRANKLAND RIVER"
08985511X2,0898551502,"9522 MUIRS HWY O/S ROADHOUSE, ROCKY GULLY"
08994850X1,0899485106,"0 HAMLIN POOL RD CARAVAN PARK, HAMELIN POOL"
08994854Y2,0899485017,"0 WORROORA EAST RD WARROORA STN, LYNDON"
02658200X2,0265820006,"46 WATONGA ST CNR BOURNE ST, PORT MACQUARIE"
02656869X2,0265686806,"1 HEADLAND DRV NR LISTON ST, NAMBUCCA HEADS"
02656896X2,0265689726,"19 RIDGE ST ENTERTAINMENT CNTR, NAMBUCCA HEADS"
03939841X2,0393981394,"2 HARRINGTON ST HARRINGTON SQUARE, ALTONA"
07382101X2,0738210342,"91 MIDDLE ST O/S STOCKLANDS S/C, CLEVELAND"
07339601X2,0733960455,"423 THE ESPLANADE  NR NELSON PDE, MANLY"
02926107X1,0292614235,"GRND D FLR 464 KENT ST TOWNHALL SQ S/CTRE, SYDNEY"
02941002X1,0298894924,"CNCRSE  21 DELHI RD NTH RYDE RWS, NORTH RYDE"
02936233X2,0293624185,"CNCRSE  203 NEW SOUTH HEAD RD EDGECLIFF RLWY STN, EDGECLIFF"
02936222X2,0293624615,"CNCRSE  203 NEW SOUTH HEAD RD EDGECLIFF RLWY STN, EDGECLIFF"
02936221X2,0293624597,"CNCRSE  203 NEW SOUTH HEAD RD EDGECLIFF RLWY STN, EDGECLIFF"
02658413X1,0265841543,"GRND FLR 42 HORTON ST PORT CENTRAL, PORT MACQUARIE"
02967611X1,0296766610,"LVL 3 17 PATRICK ST WESTPOINT SHOPPING, BLACKTOWN"
03980109X1,0398014817,"GRND FLR 425 BURWOOD HWY KNOX S/C, WANTIRNA SOUTH"
03942801X1,0394280774,"FLR 2 34 ERIN ST EPWORTH HOSPITAL, RICHMOND"
03965009X2,0396502290,"FLR 1 1 YARRA PARK AVE MCG OPP LIFT 18/19, EAST MELBOURNE"
07322920X2,0732298286,"131 MARGARET ST NR ALBERT ST, BRISBANE CITY"
07325243X1,0732528764,"GRND FLR 10 BUTTERFIELD ST RBH NED H EAST GRD, HERSTON"
07339109X1,0733914552,"GRND FLR 251 IPSWICH RD PA HOSPTL MAIN ENT, WOOLLOONGABBA"
07559241X1,0755924198,"GRND FLR 81 SURF PDE NEXT TO IDF RM, BROADBEACH"
07559705X1,0755972169,"FLR G 203 ASHMORE RD BENOWA GARDENS S/C, BENOWA"
07549502X1,0754958176,"FLR 2 87 MCKEAN ST CABOOLTURE HOSPITA, CABOOLTURE"
07492746X2,0749279320,"BLDG 6 0 CANOONA RD ROCKY AIRPORT, WEST ROCKHAMPTON"
07463907X1,0746396685,"LVL 1 154 WEST ST TOOWOOMBA HOSP, SOUTH TOOWOOMBA"
07472802X1,0747288531,"BLDG 18 150 ANGUS SMITH DRV EDDIE KOIKI MABO L, DOUGLAS"
03515202X2,0351521429,"16 BAILEY ST NR NICHOLSON ST, BAIRNSDALE"
03515211X2,0351521473,"122 DAY ST OS HOSPITAL, BAIRNSDALE"
03515840X2,0351584230,"5 SYDENHAM PDE OS BEMMRIVER HOTEL, BEMM RIVER"
03515841X2,0351584260,"2 SYDENHAM INLET RD OS CARAVAN PARK, BEMM RIVER"
03515990X2,0351599200,"27 GIBBO ST OS POST OFFICE, BENAMBRA"
03514540X2,0351454200,"38 MAFFRA-BRIAGOLONG RD OS STORE, BOISDALE"
03515750X2,0351575502,"47 MAIN RD NR POST OFFICE, BRUTHEN"
03515862X2,0351586335,"18 PRINCES HWY OS EXCHANGE, CANN RIVER"
03514890X2,0351489244,"36 MAIN ST OS GENERAL STORE, COWWARR"
03514010X2,0351401210,"111 LIND AVE OS PO DARGO, DARGO"
03516533X2,0351653399,"11 HENTY ST , ERICA"
03567871X2,0356787200,"92 ARCHIES CREEK RD OPP HOTEL, ARCHIES CREEK"
03566360X2,0356636212,"7 MAIN ST OS GENERAL STORE, BUFFALO"
03562952X2,0356295801,"21 HIGH ST OS POST OFFICE, BUNYIP"
03567872X2,0356787201,"4213 BASS HWY OS STORE, DALYSTON"
03562505X2,0356254098,"0 FRANCIS AVE RAILWAY STATION, DROUIN"
03562508X2,0356251200,"280 PRINCES HWY OS CARAVAN PARK, DROUIN"
03595208X2,0359521564,"37 SHAMROCK AVE OPP PRIMARY SCHOOL, COWES"
03578490X2,0357849250,"6 GLOVER ST BETWEEN PO & HOTEL, STRATH CREEK"
03579850X2,0357985215,"12 DOWN ST OS LONGWOOD PO, LONGWOOD"
08844721X2,0884475054,"93 ADDISON RD S OF GILL ST, ROSEWATER"
08844722X2,0884475121,"212 PORT RD NR BISHOPS AVE, ALBERTON"
03627307X2,0362734035,"387 MAIN RD O/S NORTH GATE SHO, GLENORCHY"
02982414X2,0298240625,"245 MACQUARIE ST , LIVERPOOL"
02982419X2,0298240621,"245 MACQUARIE ST , LIVERPOOL"
02979611X2,0297963240,"500 CHAPEL RD LIBRARY NEAR BANK, BANKSTOWN"
02629517X2,0262952509,"59 BOOLIMBA CRS NARRABUNDAH S/C, NARRABUNDAH"
02625708X2,0262571864,"24 BLAMEY PL NEAR MEDICAL CTE, CAMPBELL"
02625705X2,0262575497,"177 NORTHBOURNE AVE BLOCK 1 CONDAMINE, TURNER"
02625310X2,0262534391,"62 EMU BANK PTH OPP PIZZA HUT, BELCONNEN"
02629915X2,0262994381,"36 LOWE ST QUEANBEYAN EXCH, QUEANBEYAN"
02998126X2,0299813254,"33 OAKS AVE NR DEE WHY S/C, DEE WHY"
02948929X2,0294894585,"20 COONANBARRA RD O/S POST OFFICE, WAHROONGA"
02945700X2,0294578054,"VLGE CTE 757 PACIFIC HWY REAR MT KURING-GAI, MOUNT KURING-GAI"
02945602X2,0294563210,"1140 PACIFIC HWY NR RAILWAY STN, COWAN"
02494307X2,0249437410,"17 JAMES ST NR COMMUNITY CTE, CHARLESTOWN"
03938751X2,0393874100,"38 GEORGE ST , BRUNSWICK"
03578000X1,0357801200,"6 CURLINGS RD HAZELDENE GEN STO, FLWRDLE"
07415470X2,0741547389,"5 BAUER ST NR SEE ST, BARGARA"
07415359X2,0741536320,"OS  101 BOURBONG ST NR OPP TARGO ST, BUNDABERG CENTRAL"
07559440X2,0755799740,"672 NERANG BROADBEACH RD RIVER GARDENS CVAN, CARRARA"
07553172X2,0755317816,"1 BEACH RD CNR SURF PRDSE BLV, SURFERS PARADISE"
07347000X1,0734700157,"1 MAIN ST LG CARPARK ORION S, SPGFLD CNTRL"
02996905X2,0299691730,"1 AVENUE RD MOSMAN FERRY WHARF, MOSMAN"
03974904X1,0397490858,"620 DERRIMUT RD TARNEIT RWS, TARNEIT"
03622332X2,0362237176,"1 WATERLOO CRS , BATTERY POINT"
08821224X2,0882329132,"O/S  44 GAWLER PL CNR RUNDLE MALL, ADELAIDE"
08821201X2,0882322287,"O/S  44 GAWLER PL CNR RUNDLE MALL, ADELAIDE"
08823215X2,0882321542,"100 RUNDLE MALL , ADELAIDE"
08823216X2,0882326518,"100 RUNDLE MALL , ADELAIDE"
07478725X2,0747872419,"115 GILL ST O/S MCDONALDS, CHT TWRS CTY"
03879400X2,0387949173,"2 THE AVENUE  , NARRE WARREN"
03931137X2,0393115019,"15 SUFFOLK RD , SUNSHINE NORTH"
03931138X2,0393119237,"1 FORD AVE , SUNSHINE NORTH"
02655920X2,0265592323,"SITE 4 517 BLACKHEAD RD HAPPY HALLIDAYS, HALLIDAYS POINT"
07478724X2,0747871364,"LOT 482 0 ENTERPRISE RD RAILWAY STATION, Charters Towers"
08958281X2,0895828331,"413 OLD COAST RD CNR DOROTHY AVE, FALCON"
08953490X1,0895349516,"SHOP 12 36 WATTLEGLEN AVE ERSKINE SHOPPING C, ERSKINE"
03934767X2,0393470429,"15 ELGIN ST CNR NICHOLSON ST, CARLTON"
02633218X2,0263321152,"122 LAMBERT ST , BATHURST"
03957402X2,0395749257,"192 BRANDON PARK DRV NR CNR LUM RD PAYP, WHEELERS HILL"
02645603X2,0264562107,"82 CARINYA LA CARINYA VILLAGE, JINDABYNE"
07409700X2,0740970138,"LOT  2 KENNEDY HWY OPP HOTEL, INNOT HOT SPRINGS"
07409702X2,0740970256,"LOT  10 KENNEDY HWY O/S CARAVAN PARK, INNOT HOT SPRINGS"
07554360X2,0755436104,"3 LEACH RD NR BEAUDESERT RD, TAMBORINE"
07554411X2,0755441101,"9 RUNNING CREEK RD NR RUNNING CRK RD, RATHDOWNEY"
08896452Y2,0889645569,"600 BARKLY HWY SOUDAN STN, RANKEN"
02963340X2,0296334543,"57 MACQUARIE ST , PARRAMATTA"
02434311X2,0243413497,"346 OCEAN VIEW RD OPP WHITING RD, ETTALONG BEACH"
02434435X2,0243443441,"403 OCEAN BEACH RD CNR PRIESTMAN AVE, UMINA BEACH"
08895301Y1,0889532307,"187 WHITE GUM DRV HOUSING OFFICE, AMOONGUNA"
03502130X2,0350214621,"386 ETIWANDA AVE NR HORNSEY PARK, MILDURA"
07384905X2,0738497394,"194 WECKER RD CNR EASTWOOD DVE, MANSFIELD"
07334924X2,0733494244,"28 CARRARA ST NEAR NURRAN ST, MT GRAVATT"
07557831X2,0755783728,"57 STATION ST MY CENTRE, NERANG"
08965120Y2,0896512169,"HOUSE 3 11785 BRAND HWY BILLINUE COMMUNITY, COOLJARLOO"
07388204X1,0738826880,"353 SAMSONVALE RD M/PLACE WARNER, WARNER"
07461310X1,0746131459,"LVL 2 1 DENT ST GRND CNTRL-FOOD CR, TOOWOOMBA CITY"
02629518X2,0262952454,"191 LA PEROUSE ST NR DUYFREN PLC, RED HILL"
02955908X2,0295592122,"2 FRANCIS ST NR ANNE ST, MARRICKVILLE"
02958812X2,0295885576,"64 SOLANDER ST THE GRAND, MONTEREY"
03937510X2,0393754017,"20 RUSSELL ST , ESSENDON"
07549870X2,0754987091,"92 GLENWOOD DRV NEAR GLENMAY CT, MORAYFIELD"
07493930X2,0749393102,"2 NORMANBY ST W OF ANZAC PDE, YEPPOON"
07493933X2,0749393237,"22 JAMES ST E OF MARY ST, YEPPOON"
07492817X2,0749281037,"242 WILTSHIRE ST N OF DEMPSEY ST, KOONGAL"
08936205X2,0893621900,"1035 ALBANY HWY CNR ALDAY ST, ST JAMES"
08822103X2,0882215842,"BLDG  61 NORTH TCE HEYSEN CITY WEST, ADELAIDE"
08834709X2,0883473980,"GRND FLR 28 WOODVILLE RD QEH OUTPATIENTS, WOODVILLE SOUTH"
08834703X1,0883473665,"GRND FLR 28 WOODVILLE RD QEH OUTPATIENTS, WOODVILLE SOUTH"
08837601X1,0883764162,"GRND FLR 16 HOLDFAST PRM RAMADA PLAZA, GLENELG"
08884203X2,0888421099,"136 MAIN NORTH RD ADJ CVAN PARK ENTR, CLARE"
08938817X1,0893818053,"GRND FLR 374 BAGOT RD KEMH MAIN ENTRYP, SUBIACO"
03623115X1,0362316214,"GRND FLR 76 MURRAY ST CENTREPOINT, HOBART"
03633402X1,0363348317,"LVL 4 274 CHARLES ST IN HALLWAY LGHOSP, LAUNCESTON"
03633400X1,0363343167,"LVL 3 274 CHARLES ST MAIN FOYER ENT LAU, LAUNCESTON"
02960501X1,0296058196,"CNCRSE  100 RAILWAY PDE RAILWAY STATION, GLENFIELD"
07337118X2,0738700124,"BLDG  100 CAMPBELL RD NR STUDENT UNION, ST LUCIA"
07462530X2,0746253790,"100 VICTORIA ST , ST GEORGE"
02478235X2,0247827984,"15 KATOOMBA ST NR THE CARRINGTON, KATOOMBA"
02968800X2,0296882143,"65 DUNMORE ST O/S POST OFFICE, WENTWORTHVILLE"
02963331X2,0296335187,"HOME  43 HAWKESBURY RD OS CABRINI NURSING, WESTMEAD"
02963337X2,0296334387,"158 MARSDEN ST O/S HOSPITAL, PARRAMATTA"
02962912X2,0296292498,"29 WINDSOR RD NR VILLAGE CENTRE, KELLYVILLE"
03965425X2,0396542935,"22 SWANSTON ST OPP ST PAULS CATH, MELBOURNE"
03962135X2,0396211610,"121 WILLIAM ST NR ST JAMES BLDNG, MELBOURNE"
03965403X1,0396544719,"2 ST ANDREWS PL PETER MACCALLUM CN, EAST MELBOURNE"
03967008X2,0396705102,"555 LA TROBE ST NR WILLIAM ANGLIS, MELBOURNE"
03947026X2,0394705286,"266 GOWER ST NR PRESTON LIBRARY, PRESTON"
03941905X2,0394191685,"55 VICTORIA PDE NR ST VINCENTS, FITZROY"
03941651X2,0394163970,"0 REGENT ST NTH RCHMND R/STN, RICHMOND"
03941967X2,0394192064,"180 GERTRUDE ST NR CNR GEORGE ST, FITZROY"
03948030X2,0394806684,"739 HIGH ST NR THORNBURY EXCH, THORNBURY"
02952203X2,0295225739,"262 PRINCES HWY CNR HOLT RD, SYLVANIA"
02954023X2,0295404517,"1 GYMEA BAY RD O/S GYMEA BAY P/O, GYMEA"
02954022X2,0295404516,"1 GYMEA BAY RD O/S GYMEA BAY P/O, GYMEA"
02954520X2,0295451724,"BLDG A 737 KINGSWAY  GYMEA TAFE, GYMEA"
02953102X1,0295315617,"1 WANDELLA RD PARKSIDE PLAZA, MIRANDA"
02444873X2,0244487647,"141 SHOALHAVEN HEADS RD WOOLSTENCRAFT ST, SHOALHAVEN HEADS"
02447201X1,0244729718,"9 CLYDE ST BRIDGE PLAZA, BATEMANS BAY"
02447210X2,0244729327,"28 ORIENT ST OS COURT HOUSE, BATEMANS BAY"
02447860X2,0244786000,"62 DURRAS RD NR BOYNE ST, DURRAS NORTH"
02447403X2,0244743363,"5 PRINCES HWY OS SERVICE STN, MORUYA"
02422657X2,0242262410,"13 GLEBE ST NR 113 KEMBLA ST, WOLLONGONG"
02427615X2,0242749646,"43 ILLOWRA CRS ADJ PRIMBEE SHOPS, PRIMBEE"
02427608X2,0242742960,"240 COWPER ST CNR KING ST, WARRAWONG"
02427405X2,0242744943,"240 NORTHCLIFF DRV CNR GRIFFIN ST, WARRAWONG"
02426811X2,0242681169,"273 LAWRENCE HARGRAVE DRV OPP POST OFFICE, THIRROUL"
02428502Y2,0242852428,"82 ROTHERY RD NR SELLERS CRS, BELLAMBI"
02425707X2,0242571370,"222 TONGARRA RD NR CALDERWOOD RD, ALBION PARK"
02429705X2,0242972832,"2 GEORGE ST NR BRIAN AVE, WARILLA"
02426210X2,0242621328,"276 PRINCES HWY CNR AVONDALE RD, DAPTO"
02423305X2,0242331081,"0 BONAIRA ST CNR 178 MANNING ST, KIAMA"
02423702X1,0242378370,"15 NORTH ST OS RAILWAY STATION, MINNAMURRA"
07497901X2,0749793221,"19 DALRYMPLE DRV CNR JAVELIN ST, TOOLOOA"
07547918X2,0754791298,"150 HORTON PDE NR PLAZA PDE, MAROOCHYDORE"
07409961X2,0740996483,"14 MACROSSAN ST , PORT DOUGLAS"
07553628X2,0755368761,"30 MCLEAN ST , COOLANGATTA"
02966754X2,0296674953,"1 KEITH SMITH AVE T2 DEP, OPP VIRGIN, MASCOT"
03578700X2,0357871200,"3307 EPPING-KILMORE RD OS GEN STORE - PO, WANDONG"
07405180X2,0740519302,"135 MARTYN ST NR GROVE ST, PARRAMATTA PARK"
07406039X2,0740603936,"506 HELENVALE BLOOMFIELD RD NR MANGO CT, ROSSVILLE"
07406520X2,0740652315,"307 SILKWOOD JAPOON RD OPP POST OFFICE, SILKWOOD"
07406521X2,0740652325,"LOT 1 0 SILKWOOD JAPOON RD NEAR BRUCE HWY, SILKWOOD"
07405526X2,0740552438,"0 CAPTAIN COOK HWY N OF ARNOLD ST, AEROGLEN"
07409653X2,0740965499,"32 MILLAA MILLAA RD N OF HITCHCONOLE, TARZALI"
07406925X2,0740692853,"2 VICTORIA PDE NR JETTY RD, THURSDAY ISLAND"
07406690X2,0740669272,"66 TAYLOR ST NR CARRON ESP, TULLY HEADS"
07406422X2,0740642609,"68 MEYERS AVE E OF GRIMA RD, WANGAN"
07403309X2,0740337138,"32 ANDERSON RD OPP CARAVAN PARK, WOREE"
07406081Y2,0740608163,"140 HARTWIG ST O/S ADMIN CENTRE, WUJAL WUJAL"
07409520X2,0740952694,"2 TINABURRA DRV OS LAKESIDE VAN PK, YUNGABURRA"
07409531X2,0740953703,"2 KEHOE PL NR CEDAR ST, YUNGABURRA"
07412800X2,0741289008,"6 PIER ST , URANGAN"
03985323X2,0398532473,"83 WILLSMERE RD CNR PAKINGTON ST, KEW"
03985910X2,0398597731,"655 HIGH ST CNR WESTBROOK ST, KEW EAST"
03980200X2,0398022322,"257 SPRINGVALE RD , GLEN WAVERLEY"
03933806X2,0393382383,"199 MELROSE DRV , TULLAMARINE"
03957117X2,0395713999,"219 NEERIM RD , CARNEGIE"
03973851X2,0397381003,"672 MOUNTAIN HWY CNR HIGH ST, BAYSWATER"
03596370X2,0359637200,"631 MAROONDAH HWY , NARBETHONG"
03975901X2,0397596406,"82 BELLFIELD DRV CNR LAKESFIELD DRV, LYSTERFIELD"
03977217X2,0397722309,"456 NEPEAN HWY , CHELSEA"
03597601X2,0359762196,"107 MAIN ST O/S NAB, MORNINGTON"
03598140X2,0359814011,"107 POINT NEPEAN RD OS PETROL STATION, DROMANA"
03974705X2,0397479693,"203 GISBORNE-MELTON RD CNR KIRKTON RD, KURUNJANG"
03525908X2,0352592300,"88 NEWCOMBE ST NR PIER ST, PORTARLINGTON"
03523580X2,0352358200,"16 MAIN RD , GELLIBRAND"
03523105X2,0352311355,"47 CORANGAMITE ST CNR MURRAY ST, COLAC"
03959207X2,0395923699,"11 SOUTH RD CNR ESPLANADE AVE, BRIGHTON"
03948024X2,0394806048,"86 DUNDAS ST CNR NEWCASTLE ST, THORNBURY"
03948005X2,0394803219,"899 HIGH ST CNR BENJAMIN ST, THORNBURY"
03947860X2,0394784619,"289 PLENTY RD , PRESTON"
03947833X2,0394784520,"132 REGENT ST , PRESTON"
03947801X2,0394780691,"138 REGENT ST , PRESTON"
03948034X2,0394805215,"69 ST GEORGES RD OPP MCDONALDS, PRESTON"
03947841X2,0394786619,"183 WOOD ST CNR MURPHY GVE, PRESTON"
03946202X2,0394623314,"10 GELLIBRAND CRS CNR ALLENBY AVE, RESERVOIR"
03968912X2,0396893187,"133 DROOP ST , FOOTSCRAY"
07409640X2,0740964118,"1 MACDONALD ST OS AUST HOTEL, IRVINEBANK"
07498545X2,0749854209,"100 CENTENARY DRV CNR RIFLE RANGE RD, the GEMFIELDS"
07498481X2,0749848203,"30 NORTH RD O/S C/VAN PK, TIERI"
07498450X2,0749845164,"LOT 601 20 BALLARD ST O/S POST OFFICE, COMET"
07498440X2,0749844501,"150 CANARVON ACCESS RD CARNARVON GORGE, CARNARVON PARK"
07498415X2,0749841202,"15 ROLLESTON RD O/S CARAVAN PARK, SPRINGSURE"
07498355X7,0749835560,"25 MT COOLON  O/S HOTEL, MOUNT COOLON"
07498260X1,0749826954,"5 BLAIN ST B'WATER SHOP CTR, BLACKWATER"
07498206X2,0749820814,"16 CLERMONT ST QR EMERALD, EMERALD"
07498200X1,0749820478,"29 CLERMONT ST EMERALD MARKET PL*, EMERALD"
03966211X2,0396623352,"304 SWANSTON ST CNR LITTLE LONSDAL, MELBOURNE"
07495320X2,0749535142,"140 VICTORIA ST CNR GREGORY, MACKAY"
03633408X2,0363344495,"207 CHARLES ST , LAUNCESTON"
07387031X2,0738709348,"LOT 382 0 CHANCELLORS PL NR JD STOREY BLDG, ST LUCIA"
02921117X2,0292116991,"815 GEORGE ST BTWN HARRIS & QUAY, HAYMARKET"
02921161X2,0292113857,"412 PITT ST OPP CUNNINGHAM ST, HAYMARKET"
02921135X2,0292113854,"412 PITT ST OPP CUNNINGHAM ST, HAYMARKET"
02921124X2,0292111059,"393 SUSSEX ST , HAYMARKET"
02921125X2,0292111063,"432 SUSSEX ST , HAYMARKET"
02921137X2,0292113861,"199 THOMAS ST OS PRINCE CENTRE, HAYMARKET"
02436006X2,0243601129,"58 ARALUEN DRV CNR KILCARE RD, KILLCARE"
03958443X2,0395844022,"22 LOWER DANDENONG RD NEAR SHOPS, MENTONE"
03646102X2,0364611309,"2 FORREST RD , NARACOOPA"
02943829X2,0294382498,"91 GREENWICH RD O/S AUST POST, GREENWICH"
07415960X2,0741596725,"1 LIHS ST NEAR KIOSK, ELLIOTT HEADS"
08895561X9,0889555938,"25 PALM PL MCDONNELL RNGE TRS, RSS"
03578301X2,0357832043,"63 HIGH ST O/S SHOPS NR QUEEN, WALLAN"
02960105X1,0296010370,"1 KURRAJONG RD CASULA MALL, CASULA"
02962505X1,0296253558,"260 JERSEY RD O/S CENTRE MANAGER, PLUMPTON"
07559949X2,0755991096,"75 GRIFFITH ST W OF WARNER ST, COOLANGATTA"
02456640X2,0245664200,"5557 OLD NORTHERN RD LOT 2 OS SHOPS, WISEMANS FERRY"
03637700X2,0363771145,"104 HIGH ST OS POST OFFICE, MATHINNA"
03642830X1,0364283298,"666 FORTH RD , FORTH"
03935025X2,0393504110,"333 GAFFNEY ST CNR HAZEL GROVE, PASCOE VALE"
03938761X2,0393874691,"16 GRANTHAM ST , BRUNSWICK WEST"
03938742X2,0393872491,"241 NICHOLSON ST CNR HICKFORD ST, BRUNSWICK EAST"
03939112X2,0393917188,"8 HALL ST , NEWPORT"
03931183X2,0393118321,"113 DEVONSHIRE RD , SUNSHINE"
03936313X2,0393632688,"27 BILLINGHAM RD CNR PORTER COURT, DEER PARK"
03937608X2,0393761273,"142 ASCOT VALE RD CNR CANTERBURY ST, FLEMINGTON"
03941932X2,0394196040,"2 FLEET ST , FITZROY"
03941913X2,0394192737,"140 LANGRIDGE ST CNR CROMWELL ST, COLLINGWOOD"
03941916X2,0394193348,"110 SMITH ST CNR PEEL ST, COLLINGWOOD"
03941911X2,0394192259,"140 HODDLE ST , ABBOTSFORD"
03941931X2,0394195548,"100 NICHOLSON ST CNR PEEL ST, ABBOTSFORD"
03948261X2,0394825025,"77 NOONE ST CNR RUTLAND ST, CLIFTON HILL"
03948251X2,0394824949,"35 SPENSLEY ST CNR BERRY ST, CLIFTON HILL"
03948234X2,0394823462,"318 QUEENS PDE , FITZROY NORTH"
03948244X2,0394824424,"190 HIGH ST , NORTHCOTE"
03948911X2,0394894419,"278 HIGH ST CNR MITCHELL ST, NORTHCOTE"
03947047X2,0394701720,"742 HIGH ST , RESERVOIR"
03941930X2,0394195502,"35 POWLETT ST CNR GEORGE ST, EAST MELBOURNE"
03941935X2,0394196719,"9 SIMPSON ST CNR WELLINGTON PDE, EAST MELBOURNE"
03941961X2,0394191424,"192 BRUNSWICK ST CNR MOORE ST, FITZROY"
07477236X2,0747725262,"122 STURT ST S OF STOKES ST, TOWNSVILLE CITY"
03587423X2,0358742150,"58 DENILIQUIN ST OS POST OFFICE, TCMWL"
02682211X2,0268221309,"39 DUBBO ST NEAR WARRANA ST, COONAMBLE"
02664921X2,0266492120,"47 CORAMBA ST NEAR SHANNON ST, GLENREAGH"
02655971X2,0265597187,"609 OCEAN DRV OS NEWSAGENCY/PO, NORTH HAVEN"
02672203X2,0267221632,"80 GLEN INNES RD CNR CLIVE ST, INVERELL"
02677225X2,0267721548,"129 MARSH ST CNR RUSDEN ST, ARMIDALE"
02676932X7,0267693209,"29 OAKENVILLE ST NR JENKINS ST, NUNDLE"
02674613X2,0267461701,"96 HENRY ST CNR GEORGE ST, QUIRINDI"
07553843X2,0755389120,"3 CAVILL AVE O/S RIP CURL, SURFERS PARADISE"
02926128X2,0292614528,"OFFICE  483 GEORGE ST TOWNHALL RWS TCKT, SYDNEY"
02926400X2,0292641283,"OFFICE  483 GEORGE ST TOWNHALL RWS TCKT, SYDNEY"
08863320X2,0886332725,"140 KINGSTON RD CNR GOLDING ST, RISDON PARK"
08863321X2,0886332735,"0 THREE CHAIN RD ADJ 122 MAIN RD, SOLOMONTOWN"
08872523X2,0887256909,"80 JUBILEE WEST HWY O/S ANDAMI IGA, MT GAMBIER"
08858640X2,0885864103,"0 SHOWELL AVE ADJ 44 SIMS PDE, RENMARK"
08896210Y1,NONE,"234 PEKO RD BARKLY WORK CAMP, TENNANT CREEK"
08896230Y1,NONE,"234 PEKO RD BARKLY WORK CAMP, TENNANT CREEK"
08896231Y1,NONE,"234 PEKO RD BARKLY WORK CAMP, TENNANT CREEK"
08896232Y1,NONE,"234 PEKO RD BARKLY WORK CAMP, TENNANT CREEK"
08996452X2,0899645508,"23 BURGES ST , BEACHLANDS"
02637914X2,0263791305,"81 LOUEE ST NR POST OFFICE, RYLSTONE"
02637382X2,0263738205,"1883 WINDEYER RD NR HOTEL, WINDEYER"
02637403X2,0263740211,"2897 GOOLMA RD NR GOOLMA HOTEL, GOOLMA"
02692281X9,0269227315,"36 ALLONBY AVE NEAR FIFE ST, WAGGA WAGGA"
02692272X2,0269227291,"3864 STUART HWY OPP BAKERS LANE, GUMLY GUMLY"
02692243X2,0269224098,"293 LAKE ALBERT RD O/S SHOPS, KOORINGAL"
02692242X2,0269224076,"401 LAKE ALBERT RD O/S SHOPS, KOORINGAL"
02692538X2,0269253705,"44 FERNLEIGH RD O/S SHOPS, MT AUSTN"
02693130X2,0269313750,"22 TARAKAN ST O/S SHOPS, ASHMONT"
02693117X2,0269311432,"42 TOBRUK ST O/S ASHMONT C/CENT, ASHMONT"
02666220X2,0266625573,"102 BARKER ST POST OFFICE, CASINO"
03937417X2,0393741983,"356 PASCOE VALE RD , ESSENDON"
03953715X2,0395371377,"38 JACKA BLV , ST KILDA"
03946602X2,0394662691,"70 THE BOULEVARD  CNR FRENCH ST, THOMASTOWN"
03948909X2,0394891631,"518 HEIDELBERG RD CNR ALPHINGTON ST, ALPHINGTON"
03949903X2,0394995110,"730 HEIDELBERG RD O/S POST OFFICE, ALPHINGTON"
03949901X2,0394995054,"218 WATERDALE RD O/S POST OFFICE, IVANHOE"
03945944X2,0394595772,"460 WATERDALE RD CNR LLOYD ST, HEIDELBERG HEIGHTS"
03943601X2,0394365690,"147 CENTENARY DRV CNR MILES CL, MILL PARK"
03943505X2,0394358183,"75 DEVONSHIRE RD , WATSONIA"
03943516X2,0394355248,"69 NEPEAN ST NEAR KARDINIA ST, WATSONIA"
03943400X2,0394341148,"65 WATSONIA RD CNR MORWELL AVE, WATSONIA"
03943515X2,0394355207,"2 ELWERS ST CNR MACORNA ST, WATSONIA NORTH"
03943508X2,0394359273,"119 YAN YEAN RD , PLENTY"
03943101X2,0394311284,"968 MAIN RD O/S BANK, ELTHAM"
03971801X2,0397182144,"792 MAIN RD O/S POLICE STATION, HURSTBRIDGE"
03971000X2,0397101300,"10 CALEDONIA ST OS POST OFFICE, ST ANDREWS"
08832206X2,0883222974,"5 EDWARD BECK DRV NR YOUNG ST, SHEIDOW PARK"
08838100X2,0883811832,"29 GRANDVIEW GR CRN 26 THE STRAND, REYNELLA"
08838600X2,0883860021,"1 GRIFFITHS DRV NR ROBERTSON RD, MOANA"
08839809X2,0883982338,"46 VICTORIA RD NR CEDAR GROVE, MT BARKER"
08853623X2,0885362921,"4 DAWSON ST NR SOUTH TERRACE, STRATHALBYN"
08853622X2,0885362632,"16 HIGH ST CRN GREY ST, STRATHALBYN"
08868823X2,0886882676,"47 TUMBY TCE CRN MCCALLUM ST, TUMBY BAY"
08864213X2,0886425898,"PRK  20 MCSPORRAN CRS NR SID A WELK REC, PORT AUGUSTA WEST"
08864209X2,0886425054,"1 SHIRLEY ST CRN WARRENBACK RD, PORT AUGUSTA WEST"
08872404X2,0887248156,"27 COMMERCIAL ST EAST OF GREY ST, MT GAMBIER"
03624305X2,0362437106,"41 EAST DERWENT HWY CNR RONNIE ST, ROSE BAY"
07552530X2,0755253514,"272 WORONGARY RD O/S STORE, WORONGARY"
07474684X2,0747468410,"0 LANDSBOROUGH HWY CNR MIDDLETON ST, MCKINLAY"
07474310X2,0747438448,"5 RODEO DRV O/S CIMEMA, MT. ISA"
07478715X2,0747871252,"95 MOSMAN ST NR STOCK EXCHANGE, CHT TWRS CTY"
03940401X2,0394041760,"11 GORGE RD , SOUTH MORANG"
03622300X2,0362234273,"364 HUON RD , SOUTH HOBART"
03635223X2,0363522308,"37 ELLENOR ST , SCOTTSDALE"
03635224X2,0363522408,"27 KING ST , SCOTTSDALE"
02625502X1,0262559078,"16 LIMESTONE DRV J/BERRA S/CENTRE, JRABMBRA"
02433404X2,0243341814,"116 THE ENTRANCE RD , THE ENTRANCE"
07329304X1,0732931039,"LOT 15 0 GLENDALOUGH CRT QR MANGO HL EAST, MANGO HILL"
07328405X1,0732849767,"LOT 27 0 HINDMARSH ST QR KIPPA-RING, KIPPA-RING"
07320406X1,0732045248,"LOT 1 0 ONYX DRV QR MURRUMBA DOWNS, MURRUMBA DOWNS"
02662520X7,0266251451,"74 HIGH ST NR OFLYNN ST, LISMORE HEIGHTS"
02662522X2,0266252073,"5 DIXON PL S.C.U. WILSON BK B, LISMORE"
07553607X2,0755368358,"212 KENNEDY DRV O/S PKG SEAFOOD, TWEED HEADS WEST"
02494508X2,0249450654,"1 ROBERT RD CNR PACIFIC HWY, BELMONT SOUTH"
02495803X2,0249582676,"91 MAIN RD NR SEVENTH ST, SPEERS POINT"
02492634X2,0249263432,"103 PARKWAY AVE , COOKS HILL"
02605621X2,0260562235,"65 MCKOY ST BORDERLAND CVAN PK, WEST WODONGA"
03984400X2,0398441501,"486 RINGWOOD-WARRANDYTE RD HUSSEYS LA NEAR, WARRANDYTE"
03988219X2,0398828516,"285 AUBURN RD CNR RIVERSDALE RD, HAWTHORN"
03982214X2,0398227329,"879 TOORAK RD CNR BURKE RD, CAMBERWELL"
03982215X2,0398227332,"249 TOORONGA RD CNR MALVERN OS PO, GLEN IRIS"
03969938X2,0396997580,"161 MILLS ST NR DARKS ST, ALBERT PARK"
03968611X2,0396865534,"129 QUEENSBRIDGE ST NR CNR CITY RD, SOUTHBANK"
03930937X2,0393094002,"39 ERINBANK CRS , WESTMEADOWS"
03930930X2,0393094591,"135 BLAIR ST OS COLES, DALLAS"
03938306X2,0393831080,"1 BLADEN AVE , BRUNSWICK EAST"
03934735X2,0393476115,"718 LYGON ST , CARLTON NORTH"
03934954X2,0393492043,"681 RATHDOWNE ST OS RESERVE, CARLTON NORTH"
03575203X2,0357521819,"0 GREAT ALPINE RD CNR HAPPY VALLEY, OVENS"
07405403X2,0740543691,"537 MULGRAVE RD OS STOCKLAND CAIRN, EARLVILLE"
02962209X1,0296227147,"224 PROSPECT HWY PLAZA O/S LIFT, SEVEN HILLS"
02967612X1,0296765130,"224 PROSPECT HWY PLAZA NR ALDI, SEVEN HILLS"
02679209X2,0267923143,"87 MAITLAND ST CLUBHOUSE HOTEL, NARRABRI"
07544922X9,0754492802,"3 LANYANA WAY NOOSA FAIR SHOPPIN, NOOSA HEADS"
07544922X2,0754492547,"3 LANYANA WAY NOOSA FAIR SHOPPIN, NOOSA HEADS"
07546224X2,0754622389,"33 LAKE APEX DRV , GATTON"
08953501X1,0895352787,"18 PEELWOOD PDE HALLS HEAD SCH, HALLS HEAD"
07412500X2,0741253171,"422 ESPLANADE  , TORQUAY"
02987211X2,0298723832,"2 CORAL TREE DRV CNR OAKS RD, CARLINGFORD"
07495461X2,0749546801,"44 DOWNIE AVE N OF BEZZINA CCT, BUCASIA"
07499571X2,0749957277,"12 BOWEN ST CNR CHARLES ST, BANANA"
07497224X2,0749726857,"5 DAWSON ST OPP RIGBY PARK, GLADSTONE CENTRAL"
07542681X2,0754268104,"735 TALLEGALLA RD S OF WARREGO HWY, MINDEN"
07466910X2,0746691257,"107 CHINCHILLA ST E OF COLAMBA ST, CHINCHILLA"
03626861X2,0362686107,"1857 MIDLANDS HWY CNR IDEN RD, BAGDAD"
08841026X2,0884104675,"32 GRENFELL ST , ADELAIDE"
07499721X1,0749972356,"29 GILCHRIST ST S OF DAWSON HWY, MOURA"
02979238X2,0297923679,"17 SELEMS PDE NR MATTS LANE, REVESBY"
02931606X2,0293164926,"1300 BOTANY RD NR EDGEHILL AVE, BOTANY"
08841009X2,0884109403,"39 LIGHT SQ ADELAIDE COLLEGE O, ADELAIDE"
08949027X2,0894901848,"2400 ALBANY HWY NR VERNA, GOSNELLS"
03965404X1,0396544716,"2 ST ANDREWS PL , EAST MELBOURNE"
08959400X1,0895940961,"49 CHELMSFORD AVE STARGATE SHOPPING, PORT KENNEDY"
03963932X2,NONE,"314 BOURKE ST MALL , MELBOURNE"
07339117X2,0733915189,"115 CORNWALL ST OS ANGLICAN CHURCH, ANNERLEY"
08894525X1,0889452201,"622 LEE POINT RD , LEE POINT"
02637410X2,0263741500,"129 MAYNE ST NR CORONATION PARK, GULGONG"
02686202X2,0268621232,"2 CALLAGHAN ST NR FORBES RD, PARKES"
02686207X2,0268622032,"238 CLARINDA ST CNR WELCOME ST, PARKES"
02685216X2,0268522232,"1 UNION ST NR FARRAND ST, FORBES"
08925011X2,0892508347,"49 GREAT EASTERN HWY RANGES INN, BELLEVUE"
07547906X2,0754791345,"32 AERODROME RD NR WIRRAWAY ST, MAROOCHYDORE"
07544352X2,0754438117,"24 OCEAN ST NR BEACH RD, MAROOCHYDORE"
02987514X2,0298753176,"70 YARRARA RD O/S LIBRARY, PENNANT HILLS"
02989108X2,0298913643,"319 CHURCH ST , PARRAMATTA"
07551000X1,0755108126,"18 BROADWATER AVE BROADWATER PLAZA, HOPE ISLAND"
08897115X2,0889711247,"185 GILES ST KATHERINE HOSPITAL, KATHERINE"
08897114X2,0889711249,"185 GILES ST KATHERINE HOSPITAL, KATHERINE"
03633114X2,0363314797,"5 DAVID ST , NEWSTEAD"
07499642X2,0749964172,"25885 DAWSON HWY CAFE, BAUHINIA"
02971304X2,0297134083,"187 GREAT NORTH RD NR HENRY O/S PO, FIVE DOCK"
03978110X2,0397696453,"0 BRUCE RD O/S RICHIES LGA, FRANKSTON"
08975423X2,0897541697,"67 ADELAIDE ST , BUSSELTON"
02684515X2,0268451232,"5 MITCHELL HWY NR MONTEFIORES ST, MONTEFIORES"
08855202X1,0885527214,"21 TORRENS ST VICTOR CENTRAL SHO, VICTOR HARBOR"
02462801X2,0246280785,"106 LINDESAY ST NR CHAMBERLAIN ST, CAMPBELLTOWN"
08932833X2,0893286700,"523 BEAUFORT ST , HIGHGATE"
07404141X1,0740414726,"165 ESPLANADE  CAIRNS HOSPITAL, CAIRNS NORTH"
02602644X2,0260264397,"37 MURRAY ST L/HUME TOURIST PK, LKE HME VLLGE"
07544800X7,0754480934,"13 NOOSA DRV BUS INTERCHANGE, NOOSA HEADS"
07477243X2,0747726048,"2 BLACKWOOD ST CNR FLINDERS ST, TOWNSVILLE CITY"
03935050X2,0393504398,"485 SYDNEY RD , COBURG"
03935053X2,0393504598,"485 SYDNEY RD , COBURG"
03935045X2,0393504864,"11 BELL ST , COBURG"
03968918X2,0396893765,"13 NICHOLSON ST , FOOTSCRAY"
02949806X2,0294984053,"0 WADE LA OS RWS NR ST JOHNS, GORDON"
02664545X2,0266454362,"1 MACNAUGHTON PL , MACLEAN"
07553617X2,0755368784,"5 GRIFFITH ST , COOLANGATTA"
07340891X2,0734089495,"19 BENABROW AVE NR EUCALYPT ST, BELLARA"
08823207X1,0882322702,"258 NORTH TCE ADEL UNI CLUB, ADELAIDE"
08823242X2,0882320574,"258 NORTH TCE UNIVERSITY SOUTH, ADELAIDE"
08823206X2,0882324353,"LVL 2 258 NORTH TCE ADEL UNI UNION, ADELAIDE"
08841037X2,0884105289,"82 HINDLEY ST , ADELAIDE"
07465200X2,0746521237,"33 ALBERT ST E OF ELIZABETH ST, INGLEWOOD"
03978623X2,0397864790,"44 MAHOGANY AVE , FRANKSTON NORTH"
03523770X7,0352376700,"0 GREAT OCEAN RD BEACH CARPARK, SKENES CREEK"
08940901X2,0894091725,"220 GNANGARA RD OS SERV STN, LANDSDALE"
02933119X2,0293311005,"47 FLINDERS ST NR LINDEN LN, SURRY HILLS"
03513302X2,0351339809,"230 COMMERCIAL RD , MORWELL"
03582624X2,0358262185,"4895 WAHRING-MURCHISON EAST RD , MURCHISON EAST"
03639151X2,0363915590,"109 CONARA RD , CONARA"
03639150X2,0363915635,"13494 MIDLAND HWY , EPPING FOREST"
03576700X2,0357672200,"2582 BENALLA-TATONG RD OPP TATONG TAVERN, TATONG"
03572219X2,0357221304,"0 NORTON ST WANGARATTA RWS, WANGARATTA"
03579051X2,0357905200,"30 MAIN ST O/S POST OFFICE, STRATHBOGIE"
03579810X2,0357981201,"27 COWSLIP ST O/S POST OFFICE, VIOLET TOWN"
03547211X2,0354724378,"1 KENNEDY ST CASTLEMAINE RWS, CASTLEMAINE"
03538911X2,0353891600,"40 HINDMARSH ST DIMBOOLA RLWY STN, DIMBOOLA"
03533348X2,0353332259,"18 ARMSTRONG ST OM CENTRAL SQUARE, BALLARAT CENTRAL"
03533320X2,0353334541,"109 ASCOT ST , BALLARAT CENTRAL"
03533338X2,0353334512,"2 DOVETON ST CR STURT ST, BALLARAT CENTRAL"
03533335X2,0353334515,"2 DRUMMOND ST NR STURT ST, BALLARAT CENTRAL"
03533340X2,0353334510,"402 DRUMMOND ST NR SOUTH ST, BALLARAT CENTRAL"
03533349X2,0353332759,"17 LYDIARD ST , BALLARAT CENTRAL"
03533347X2,0353333790,"130 LYDIARD ST BALLARAT RWLY STN, BALLARAT CENTRAL"
03533330X2,0353334520,"1016 SOUTH ST NR PLEASANT ST, BALLARAT CENTRAL"
03533346X2,0353333792,"27 STURT ST NR ALBERT ST, BALLARAT CENTRAL"
03502634X2,0350263981,"115 BROMLEY RD NR ROBINVALE RWS, ROBINVALE"
03502640X1,0350264589,"1 RIVERSIDE DRV RIVERSIDE C/V PK, ROBINVALE"
03974123X2,0397413366,"1 STATION PL , WERRIBEE"
03935044X2,0393504439,"581 SYDNEY RD OS PETROL STATION, COBURG"
03935048X2,0393503324,"372 BELL ST PASCOE VALE STH PO, PASCOE VALE SOUTH"
03937906X1,0393793792,"100 BULLA RD FOODCOURT, ESSENDON"
03933540X2,0393354287,"27 GLADSTONE PARK DRV , GLADSTONE PARK"
03988811X1,0395683625,"BLDG 7 0 BATESFORD RD HOLMESGLEN TAFE, MALVERN EAST"
03954446X2,0395448873,"1644 PRINCES HWY NR SURREY CRES, OAKLEIGH EAST"
03954711X2,0395473905,"800 HEATHERTON RD OS KHE SANH RESTU, SPRINGVALE SOUTH"
03972911X2,0397293991,"291 CANTERBURY RD NR BAYSWATER RD, BAYSWATER NORTH"
03972604X2,0397266210,"425 MAROONDAH HWY CNR EXETER RD, CROYDON"
03972303X2,0397237883,"57 MOUNT DANDENONG RD NR CNR CLEGG RD, CROYDON"
03979109X7,0397913628,"48 MENZIES AVE CNR CHIFLEY CRS, DANDENONG NORTH"
03599580X1,0359958397,"SHP 9 1045 SOUTH GIPPSLAND HWY THOMPSON PARKWAY S, CRANBOURNE"
03599692X2,0359969438,"1045 SOUTH GIPPSLAND HWY THOMPSON PARKWAY S, CRANBOURNE"
03599540X2,0359954546,"66 MONAHANS RD , CRANBOURNE"
03597742X2,0359774600,"6 LUMEAH RD OS CARAVAN PARK, SOMERVILLE"
03936955X2,0393696141,"1 LEAKES RD O/S WESTSIDE HOTEL, LAVERTON NORTH"
03932949X2,0393298145,"490 SPENCER ST NR CNR STANLEY ST, WEST MELBOURNE"
03944900X1,0394494834,"LVL 1 0 SYDENHAM RD STN TICKET OFF, TAYLORS LAKES"
03931445X2,0393145292,"185 SUNSHINE RD NR SREDNA ST, WEST FOOTSCRAY"
02991804X2,0299189254,"50 OLD BARRENJOEY RD OS FRECKLES, AVALON BEACH"
07495821X9,0749581806,"28 QUEEN ELIZABETH DRV OS HOSPITAL, DYSART"
07495813X2,0749581256,"18 QUEEN ELIZABETH DRV GARDEN PLAZA, DYSART"
02462832X2,0246281807,"0 HURLEY ST RWS UNDER STAIRS, CAMPBELLTOWN"
02484440X2,0248444201,"18 GODERICH ST NR BEDFORD ST, BUNGONIA"
02445402X2,0244540942,"30 BALMORAL RD NR PRINCES HWY, BURRILL LAKE"
02649321X2,0264932241,"50 WILLIAM ST CRN PANBULA ST, CANDELO"
08889223X2,0888922024,"1 YOUNG ST CRN MOREHEAD ST, BURRA"
08853851X2,0885385061,"12 MONTEFIORE ST CRN MURRY ST, CALLINGTON"
08859802X2,0885980241,"69 FLINDERS DRV OS STORE/TAVERN, CAPE JERVIS"
02665721X2,0266572148,"14 HICKORY ST DORRIGO EXCH, DORRIGO"
03945906X1,0394591879,"73 TURNHAM AVE ROSANNA RWS, ROSANNA"
08935903X2,0893591152,"SITE 9 351 HAWTIN RD FORRESTFIELD VILLA, FORRESTFIELD"
03958031X2,0395802490,"274 COMO PDE O/S RAILWAY STN, PARKDALE"
03968924X2,0396894061,"96 BALLARAT RD VIC UNI OS BLD G, FOOTSCRAY"
03960014X2,0396000660,"461 BOURKE ST NR QUEEN ST STH, MELBOURNE"
03943402X2,0394343349,"111 MOUNTAIN VIEW RD CNR SHERBOURNE, BRIAR HILL"
07466113X2,0746618437,"86 PRATTEN ST , WARWICK"
08838101X2,0883814832,"18 HEYSEN DRV NR HELE CRES, TROTT PARK"
02878301X2,0287838452,"90 CARTWRIGHT AVE OS MILLER SHP CNTR, MILLER"
02878300X2,0287838257,"90 CARTWRIGHT AVE OS MILLER SHP CNTR, MILLER"
02972551X2,0297257648,"4 STATION ST O/S SHOP OFFICE CH, FAIRFIELD"
02624708X1,0262474634,"148 BUNDA ST CANBERRA CENTRE, CANBERRA"
02928301X2,0292831428,"ENTRCE  0 LIVERPOOL ST OS MUSEUM RWS, SYDNEY"
02495010X1,0249501996,"SHP 1 24 KOKERA ST WALLSEND VILLAGE, WALLSEND"
02676615X2,0267662597,"479 PEEL ST , TAMWORTH"
02676519X2,0267657509,"62 BRIDGE ST NR CHURCH ST, WEST TAMWORTH"
02965103X2,0296513506,"26 KENTHURST RD DURAL MALL, DURAL DELIVERY CENTRE"
02983311X2,0298331864,"82 VICTORIA ST OS WERRINGTON S/C, WERRINGTON"
02983302X2,0298331535,"82 VICTORIA ST OS WERRINGTON S/C, WERRINGTON"
02423700X1,0242377000,"41 MEEHAN DRV GAINSBOROUGH SHOPS, KIAMA DOWNS"
03878700X2,0387877719,"115 HALL RD , CARRUM DOWNS"
03527504X1,0352757129,"306 ANAKIE RD BELLPOST S/C, NORLANE"
03524303X1,0352437036,"173 PIONEER RD OS WAURN PONDS S/C, WAURN PONDS"
03946022X2,0394608837,"192 BROADWAY  OPP SERVICE STN, RESERVOIR"
02677120X2,0267712137,"8 QUEEN ELIZABETH DRV O/S SERVICE STN, ARMIDALE"
07320301X1,0732031052,"LOT 9 0 STUBBINS ST QR ROTHWELL, ROTHWELL"
02941810X2,0294189289,"231 BURNS BAY RD NR BEATRICE ST, LANE COVE WEST"
02941820X2,0294186823,"0 EPPING RD O/S TANTALLON OVAL, LANE COVE"
02941814X2,0294189308,"650 MOWBRAY RD NR WILLANDRA ST, LANE COVE"
02934934X2,0293498001,"734 ANZAC PDE NR HOLMES, MAROUBRA"
02969338X2,0296932526,"16 MALONEY ST OS FLATS NR WANT S, EASTLAKES"
02990801X2,0299082952,"2 MILSON RD CREMORNE WHARF, CREMORNE POINT"
02990805X2,0299081493,"2 RANGERS RD NR MILITARY RD, NEUTRAL BAY"
02995300X2,0299537439,"155 WYCOMBE RD NR MILITARY RD, NEUTRAL BAY"
02995514X2,0299555456,"21 BROUGHTON ST CNR BURTON ST, KIRRIBILLI"
02925212X2,0292522485,"16 ARGYLE ST OPP HARRINGTON ST, THE ROCKS"
02928002X2,0292803024,"198 ELIZABETH ST O/S HOTEL, SURRY HILLS"
02928151X7,0292818516,"260 ELIZABETH ST O/S RTA BLDNG, SURRY HILLS"
02928157X7,0292817451,"217 THOMAS ST NEAR ULTIMO RD, HAYMARKET"
02980908X2,0298095602,"217 MORRISON RD CNR CHARLES ST, PUTNEY"
02936120X2,0293610225,"348 BOURKE ST NEAR SHORT ST, SURRY HILLS"
02937104X2,0293715698,"657 OLD SOUTH HEAD RD NR KOBADA RD, ROSE BAY"
02933105X2,0293311018,"139 BAYSWATER RD NR MACLACHLAN AVE, RUSHCUTTERS BAY"
02935830X2,0293585472,"84 ROSLYN GARDNS O/S NR ROSLYN ST, RUSHCUTTERS BAY"
02951906X2,0295197520,"2 BRAY ST NR KING ST, ERSKINEVILLE"
02472138X2,0247321293,"49 YORK RD , SOUTH PENRITH"
02963604X2,0296362365,"3 EMMA CRS , CNSTN HL"
02989623X2,0298962540,"3 FERNDALE CL NR CUMBERLAND HWY, CNSTN HL"
02602600X2,0260260657,"LOT 1 0 BENT ST OS TELEPHONE EXCH, GEROGERY"
02603650X2,0260365241,"25 CULCAIRN HOLBROOK RD OS OLD POST OFFICE, MORVEN"
02602920X2,0260292109,"94 COMMERCIAL ST OS SWIMMING POOL, WALLA WALLA"
03986716X2,0398678134,"96 TOORAK RD CNR POWELL ST, SOUTH YARRA"
02941001X1,0294102836,"GRND FLR 345 VICTORIA AVE CAR PRK ENTRANCE, CHATSWOOD"
03934748X2,0393478875,"GRND FLR 177 MEDICAL RD UNI BALLIEU LIBRY, PARKVILLE"
03962903X2,0396291020,"26 KING ST , MELBOURNE"
07322121X2,0732219059,"120 EDWARD ST CNR CHARLOTTE ST, BRISBANE CITY"
07384636X1,0738467801,"BLDG  301 VULTURE ST MATER PRIVATE HOSP, SOUTH BRISBANE"
08823916X2,0882391529,"GRND FLR 72 KING WILLIAM RD WOMENS AND CHILDR*, NORTH ADELAIDE"
03574301X2,0357432762,"2 IRVINE PDE CNR MELBOURNE ST, YARRAWONGA"
03574405X2,0357441980,"71 MELBOURNE ST , MULWALA"
03574410X2,0357442912,"2 CAHILL CRT CNR MCLEAN, YARRAWONGA"
03544604X2,0354468978,"35 HIGH ST CNR VICTORIA ST, EAGLEHAWK"
07549114X2,0754917179,"6 CENTAUR ST CNR 115 BULCOCK ST, CALOUNDRA"
08904101X2,0890411877,"2 BATES ST CNR BARRACK ST, MERREDIN"
08953760X2,0895376300,"10 SOUTH YUNDERUP RD O/S CARAVAN PARK, SOUTH YUNDERUP"
02434460X2,0243446124,"15 THE BOULEVARDE  NR BRISB. WATER DR, WOY WOY"
02655114X2,0265510559,"35 MANNING ST , TAREE"
02655770X2,0265577625,"48 MANNING ST , TAREE"
02656677X2,0265667504,"102 GREGORY ST NR SERVICE STN, SOUTH WEST ROCKS"
02495801X2,0249582654,"189 MAIN RD , SPEERS POINT"
02682900X7,0268290083,"60 OPAL ST S OF HARLEQUIN ST, LIGHTNING RIDGE"
03930502X1,0393055782,"10 CRAIGIEBURN RD IS SHOPPING CENTER, CRAIGIEBURN"
03950926X2,0395094237,"139 GLENFERRIE RD CRN LIANEST ST, MALVERN"
03956818X2,0395681766,"89 CHADSTONE RD NEAR DIARY BELL, MALVERN EAST"
03941963X2,0394198193,"155 GERTRUDE ST CRN NAPIER ST, FITZROY"
03941986X2,0394197081,"155 GERTRUDE ST CRN NAPIER ST, FITZROY"
03941969X2,0394196519,"240 WELLINGTON ST CRNVERE ST, COLLINGWOOD"
03945725X2,0394574886,"336 BELL ST , HEIDELBERG WEST"
07406104X2,0740616421,"33 EDITH ST E OF OWEN ST, INNISFAIL"
07404111X8,0740411341,"157 ESPLANADE  S OF UPWARD ST, CAIRNS CTY"
07403116X2,0740316594,"155 ESPLANADE  N OF MINNIE ST, CAIRNS CTY"
02963712X2,0296379121,"116 ALFRED ST CNR PROSPECT ST, ROSEHILL"
02921134X2,0292113851,"24 CAMPBELL ST OPP CAPITOL THTR, HAYMARKET"
02921202X2,0292123274,"63 DIXON ST PLAZA CHINATOWN, HAYMARKET"
02928163X2,0292813614,"73 DIXON ST CHINATOWN PLAZA, HAYMARKET"
02928107X7,0292817776,"PLATFM 2425 1 EDDY AVE CENTRAL STATION, HAYMARKET"
02928104X7,0292817773,"PLATFM 2425 1 EDDY AVE CENTRAL STATION, HAYMARKET"
02677751X2,0267775841,"9 MIDDLE ST TELEPHONE EXCHANGE, WLCHA RD"
07363000X2,0732665140,"27 TOOMBUL RD CNR WELLINGTON ST, VIRGINIA"
07328427X2,0732846588,"60 KING ST NEAR ALFREDA ST, WOODY POINT"
03962003X1,0396200074,"1ST FLR 619 FLINDERS ST WORLD TRADE CENTRE, DOCKLANDS"
03960216X1,0396022128,"91 SPENCER ST COLLINS ST CONCRSE, DOCKLANDS"
03953743X2,0395371133,"231 INKERMAN ST NR CHAPEL ST, ST KILDA"
03952807X2,0395281320,"635 GLEN HUNTLY RD , CAULFIELD"
03952932X2,0395295148,"83 WILLIAMS RD NR CNR HIGH ST, WINDSOR"
03953408X2,0395345206,"11 COWDEROY ST IN JACOBY RESERVE, ST KILDA WEST"
03952907X2,0395294255,"88 ALMA RD NR CHAPEL ST EAST, ST KILDA"
03952542X2,0395253152,"297 INKERMAN ST OPP RAGLAN ST, BALACLAVA"
08895602X8,0889560706,"18 STUART HWY KULGERA ROADHOUSE, GHAN"
08949718X2,0894981384,"88 CHAMPION DRV CNR SEVILLE DRV, SVLLE GRVE"
08939938X2,0893994981,"17 SAN JACINTA RD CNR STRAWBERRY RD, SVLLE GRVE"
07408300X1,0740830197,"0 AIRPORT RD INSIDE TERMINAL, SOMSRT"
07404168X2,0740416971,"16 MARTYN ST CNR FLORENCE, PARRAMATTA PARK"
07406034X2,0740603257,"0 PENINSULA DEVELOPMENT RD ARCHER RVR R/HSE, ARCHR RVR"
07406032X2,0740603361,"0 PENINSULA DEVELOPMENT RD ARCHER RVR R/HSE, ARCHR RVR"
07405450X2,0740545037,"590 MULGRAVE RD CNR TOOGOOD RD, WOREE"
02931031X2,0293103542,"41 PITT ST NR EDWARD LANE OPP, REDFERN"
02969958X2,0296998168,"527 BOTANY RD NR HANSARD ST ADJ, ZETLAND"
02992900X2,0299298177,"88 ALFRED ST OPP GLEN ST &, MILSONS POINT"
02943842X2,0294384235,"O/S  8 CLARKE ST NR WILLOUGHBY RD, CROWS NEST"
02943837X2,0294383787,"19 ERNEST PL NR WILLOUGHBY RD, CROWS NEST"
02948801X2,0294889140,"25 ROHINI ST O/S TURRAMURRA RWS, TURRAMURRA"
02947731X2,0294775510,"1 AMOR ST O/S POST OFFICE, ASQUITH"
02948278X2,0294827274,"W/SIDE  17 STATION ST OS RAIL STN OPP, HORNSBY"
02936109X2,0293610083,"1 NAPIER ST NR STH DOWLING ADJ, PADDINGTON"
02938926X2,0293895377,"1 NEWLAND ST NR OXFORD ST OPP, BONDI JUNCTION"
02936916X2,0293694207,"1 MACPHERSON ST NR ALBION ST, WAVERLY"
03572238X2,0357221601,"90 APPIN ST NR TAYLOR ST, WANGARATTA"
03572650X2,0357265308,"8 SILO ST POST OFFICE, SPRINGHURST"
03575440X2,0357544001,"233 KIEWA VALLEY HWY OS PYLES COACHES, TAWONGA SOUTH"
03574850X2,0357485611,"36 BARR ST NR MIDDLETON ST, TUNGAMAH"
03572710X2,0357271201,"542 WHOROULY RD POST OFFICE, WHOROULY"
03579500X2,0357951504,"88 BINNEY ST OS POST OFFICE, EUROA"
03543331X2,0354333309,"7 BARRACK ST CNR NORTHERN HWY, HEATHCOTE"
03544358X2,0354437523,"65 MUNDY ST O/S SALVATION ARMY, BENDIGO"
03548480X2,0354848203,"1928 MIDLAND HWY POST OFFICE, COROP"
03586203X2,0358621920,"33 CARLISLE ST OS POST OFFICE, WUNGHNU"
03946501X1,0394655924,"0 STATION ST THOMASTOWN RWS, THOMASTOWN"
03502113X2,0350214629,"120 THIRTEENTH ST NR DEAKIN AVE, MILDURA"
08864843Y1,0886484327,"171 YAPPALA RD YAPPALA STN, HAWKER"
08992312X7,0899231800,"191 ANDERSON ST , SPALDING"
07557512X1,0755751049,"2 HOOKER BLV NR BED BATH TABLE, BROADBEACH WATERS"
07552752X2,0755275761,"38 ORCHID AVE OS MONTE CARLO APT, SURFERS PARADISE"
07552813X1,0755648017,"406 SOUTHPORT NERANG RD PITSTOP SHOPPING C, ASHMORE"
07549340X2,0754934305,"1 WESTAWAY PDE NR WATSON ST, CURRIMUNDI"
07465841X9,0746583291,"136 EAGLE ST N OF PELICAN ST, LONGREACH"
07462222X2,0746224001,"51 WYNDHAM ST N OF BOWEN ST, ROMA"
07474313X2,0747439320,"ENTRCE  30 CAMOOWEAL ST O/S MT ISA HOSP, MT ISA"
07545250X1,0754525824,"23 VENNING ST MOOLOOLABA CENTRAL, MOOLOOLABA"
07547800X1,0754784704,"23 VENNING ST MOOLOOLABA CENTRAL, MOOLOOLABA"
03957905X1,0395790627,"748 CENTRE RD MOORALEIGH HOSTEL, BENTLEIGH EAST"
08857780X2,0885778298,"307 RAILWAY TCE OPP DAY ST, PINNAROO"
03567204X2,0356722000,"17 PARKES ST NR TURNER ST STORE, N WNTHGGI"
02663370X2,0266337152,"5331 KYOGLE/MURWILLUMBAH RD CARAVAN PK, CAWONGLA"
02667417X2,0266743387,"10 CHINDERAH RD OS RYL PACIFIC C/P, CHINDERAH"
02667418X2,0266745312,"1 WAUGH ST , CHINDERAH"
02499100X1,0249916278,"146 NORTH AVE CESSNOCK CITY CNTR, CESSNOCK"
02677112X2,0267714001,"17 ERSKINE ST WST MACDONALD DVE, ARMIDALE"
03859805X2,0385989382,"72 CARLISLE ST CNR HAVELOCK, ST KILDA"
03859804X2,0385989381,"72 CARLISLE ST CNR HAVELOCK, ST KILDA"
07548150X1,0754815008,"114 RIVER RD GYMPIE CENTRAL SC, GYMPIE"
07388314X2,0732833094,"153 REDCLIFFE PDE OPP PIER, REDCLIFFE"
02482204X2,0248221802,"165 AUBURN ST GOULBURN EXCH, GOULBURN"
03562841X2,0356284290,"155 NAYOOK-POWELTOWN RD NR SCHOOL, NAYOOK"
07406117X2,0740617036,"38 RYAN ST NEAR SCHEU ST, EAST INNISFAIL"
07554753X1,0755475461,"SHOP 1 174 PASCOE RD NORFOLK VILLAGE, ORMEAU"
07544921X9,0754492729,"75 DAVID LOW WAY BEACH BREAKERS, SUNRISE BEACH"
08958213X2,0895821201,"1 DAWESVILLE RD , DAWESVILLE"
08922705X1,0892278245,"25 FRANCIS ST PERTH CULTURAL CEN, PERTH"
08945408X2,0894548300,"431 KALAMUNDA RD , HIGH WYCOMBE"
08941401X1,0894146984,"LOT 645 0 RUSSELL RD AUBIN GROVE RWS, SUCCESS"
07548202X2,0754821302,"12 HENRY ST GYMPIE HOSPITAL, GYMPIE"
03563421X2,0356342501,"115 PRINCES HWY , YARRAGON"
02975502X2,0297551106,"92 CHILD RD NR EPSOM RD, CHIPPING NORTON"
02462512X2,0246252904,"41 GOULD RD CRN ABRAHAMS WAY, CLAYMORE"
08838217X2,0883823721,"68 MORTON RD NR GENEVIEVE ST, CHRISTIE DOWNS"
08838212X2,0883822921,"1 PEREGRINE CRS NR ELIZABETH RD, CHRISTIE DOWNS"
08838221X2,0883828679,"30 BEACH RD NR TAUNTON PDE, CHRISTIES BEACH"
08838207X2,0883821832,"139 BEACH RD NR DYSON RD, CHRISTIES BEACH"
08838211X2,0883822765,"13 ESPLANADE  NR GULFVIEW RD, CHRISTIES BEACH"
08884202X2,0888422309,"120 MAIN NORTH RD CRN HOUGHTON ST, CLARE"
08884841X2,0888484339,"9 MAIN ST NR WILLIAM ST, WATERLOO"
08858870X2,0885887001,"15 SHUEARD RD NR MCLEOD STCE, COBDOGLA"
08948105X1,0894818657,"110 WILLIAM ST WILLIAM ST RWS, PERTH"
08932202X1,0893222358,"110 WILLIAM ST WILLIAM ST RWS, PERTH"
08937809X2,0893789462,"157 AMAZON DRV OS BEECHBORO SC, BEECHBORO"
08927713X2,0892774999,"152 EPSOM AVE OS SHOPS, BELMONT"
08927725X2,0892778709,"25 LOVE ST OS SHOPS, CLOVERDALE"
02668080X2,0266808076,"10 SHIRLEY ST CNR WADSWIRTH ST, BYRON BAY"
02668450X2,0266845400,"892 MAIN ARM RD NR BLINDMOUTH RD, MAIN ARM"
07406970Y2,0740697701,"412 MOUN-DING ST OS COUNCIL CHMBRS, MISSION RIVER"
07412439X2,0741244908,"127 OLEANDER AVE NR DENMANS CAMP RD, KAWUNGAN"
07548365X7,0754836495,"0 SANDY CREEK RD QR GYMPIE NORTH, VICTORY HEIGHTS"
07495730X2,0749573429,"22 GEORGE ST CNR SOPHIA ST, SOUTH MACKAY"
07493936X2,0749393455,"103 MATTHEW FLINDERS DRV , COOEE BAY"
07469711X2,0746971285,"1450 NEW ENGLAND HWY NR LESLIE ST, E GRMNT"
07466470X2,0746647118,"676 SPRING CREEK RD QUEEN MARY FALLS, THE FLS"
07468450X2,0746845140,"0 PYRAMIDS RD GIRRAWEEN NAT PRK, GRRWEN"
07477454X2,0747745219,"1 WAGNER ST , DEERAGUN"
07474312X2,0747438946,"56 BARKLY HWY OPP BARKLY HOTEL, MILES END"
07477940X2,0747799982,"6 BOWEN RD CNR ROSS RIVER RDT, HERMIT PARK"
07477081X7,0747708194,"0 SPIEGELHAUER RD BIG CRYSTAL CK, CRYSTAL CREEK"
07478716X2,0747871502,"36 HOLLIMAN ST OS S/STATION, RICHMOND HILL"
08924201X2,0892422045,"3 JUGAN ST NR SCARBOROUGH BCH, MT HAWTHORN"
08944415X2,0894447645,"19 POWELL ST NR MAIN ST, OSBORNE PARK"
08943907X1,0894396703,"0 SULPHUR RD KWINANA RAIL, BERTRAM"
08941400X1,0894149576,"0 KWINANA FWY COCKBURN CTRL RAIL, COCKBRN CNTRL"
08941702X1,0894174195,"0 KWINANA FWY COCKBURN CTRL RAIL, COCKBRN CNTRL"
08941712X2,0894179204,"810 NORTH LAKE RD , COCKBRN CNTRL"
08943407X1,0894349475,"1 MAGAZINE CRT WOODMAN POINT CARA, COOGEE"
03976904X1,0397697031,"62 KANGAN DRV EMERGENCY AREA, BERWICK"
03976906X1,0397697772,"62 KANGAN DRV NEAR ATM, BERWICK"
03538711X2,0353871407,"1 CENTENARY-PARK RD PICNIC GROUND, ARPLS"
03960245X2,0396023838,"440 LA TROBE ST FLAGSTAFF RLWY STN, MELBOURNE"
08894835X2,0889480079,"25 PROGRESS DRV , COCONUT GROVE"
02473100X2,0247312365,"78 DERBY ST , PENRITH"
03533350X2,0353332705,"106 STURT ST , BALLARAT CENTRAL"
07405147X2,0740519548,"113 SHERIDAN ST CIVIC SHOPPING CEN, CAIRNS CTY"
08975522X2,0897552102,"6 YALLINGUP BEACH RD , YALLINGUP"
08897901Y2,0889790187,"648 MAIN RD OPPOSITE STORE, GUNBALANYA"
08897903Y2,0889790150,"642 ARRKULUK ST CNR BANUK ST, GUNBALANYA"
02688851X2,0268885110,"0 NEWELL HWY NR WAMBIANNA ST, BROCKLEHURST"
02493411X2,0249345030,"22 CHELMSFORD DRV , METFORD"
07495880X2,0749588005,"4436 BRUCE HWY NR SEAFORTH RD, MOUNT OSSA"
08898811X2,0889881367,"1805 STUART HWY ROADHOUSE, NOONAMAH"
08973906X2,0897391001,"2141 OLD COAST RD O/S CARAVAN PARK, BOUVARD"
07477852X2,0747785214,"6 PACIFIC DRV O/S ISLAND FEVER, HORSESHOE BAY"
08844717X2,0884474698,"140 GRAND JUNCTION RD , ROSEWATER"
08828729X1,0882876982,"26 HAMBLYNN RD ELIZ DOWNS SHOPS, ELIZABETH DOWNS"
08828728X1,0882875303,"26 HAMBLYNN RD ELIZ DOWNS SHOP, ELIZABETH DOWNS"
08864402X2,0886442985,"199 NICOLSON AVE WESTLAND S/C, WHYALLA NORRIE"
08864401X1,0886442986,"199 NICOLSON AVE WESTLAND S/C, WHYALLA NORRIE"
08872404X1,0887248069,"75 SUTTONTOWN RD SHOPPING CENTRE, MT GAMBIER"
08895348X2,0889532015,"51 TODD ST O/S NATIONAL BANK, ALICE SPRINGS"
08927400X1,0892747946,"274 GREAT EASTERN HWY MIDLAND GATE S/C, MIDLAND"
08927222X2,0892722066,"41 ROTHBURY RD EMBLETON SHOPPING, EMBLETON"
03633415X1,0363344647,"274 CHARLES ST WARD 1E LAUNCESTON, LAUNCESTON"
02689270X2,0268927203,"8 SLEE ST , FIFIELD"
02432327X2,0243234879,"87 VICTORIA ST O/S IGA NR YORK ST, EAST GOSFORD"
07498614X2,0749861643,"2 MACKENZIE ST NEAR BLACKWATER ST, BLACKWATER"
08933205X1,0893324514,"BLDG 340 90 SOUTH ST , MURDOCH"
02972509X1,0297255302,"368 HAMILTON RD MARKET PLAZA S/C, FAIRFIELD WEST"
02438500X2,0243851182,"2 GHERSI AVE O/S WAMBERAL PHARM, WAMBERAL"
02936530X2,0293655142,"2 NOTTS AVE NR CAMPBELL PDE, BONDI BEACH"
02963402X2,0296345298,"0 VICTORIA AVE CNR 2 PACKARD AVE, CASTLE HILL"
07474906X1,0747495967,"2 MOONDARRA DRV MNDRA VAN PARK, LNSKY"
08824311X2,0882430712,"96 TRIMMER PDE NR HALLVILLE ST, SEATON"
08828400X2,0882840112,"16 HUGHES ST OPP PRESIDENT ST, ANDREWS FARM"
08931492X2,0893311146,"19 SOUTH ST OUTSIDE EZY PLUS, KARDINYA"
08916863Y2,0891686440,"3 MILBA COMM 10KM NW HALLS CRK, ORD RIVER"
07406956X2,0740695405,"69 HOPE ST CNR HOWARD ST, COOKTOWN"
08925000X1,0892501049,"SHP 26 307 GREAT EASTERN HWY CENTREPOINT SC, MIDLAND"
02983501X2,0298352307,"122 ELLSWORTH DRV , TREGEAR"
03942911X2,0394292037,"234 COPPIN ST CNR SWAN ST, RICHMOND"
03942910X2,0394291984,"341 BRIDGE RD CORNER GLEADELL ST, RICHMOND"
07388103X2,0738810476,"19 KREMZOW RD NR SOUTH PINE RD, BRENDALE"
07320504X2,0732051355,"495 GYMPIE RD NR BELLS POCKET RD, STRATHPINE"
07388104X2,0738811710,"10 LINCOLN ST NR BELLS POCKET RD, STRATHPINE"
07328506X2,0732853085,"64 FRANCIS RD NR ELLIS ST, LAWNTON"
07328513X2,0732855879,"86 BEEVILLE RD NR FRENCHS RD, PETRIE"
07328510X2,0732852712,"6 DAYBORO RD OS PETRIE EXCHANGE, PETRIE"
07320202X1,0732021623,"11 TALLON ST QR THOMAS ST, SADLIERS CROSSING"
07320204X1,0732021853,"45 DIXON ST QR WULKURAKA, WULKURAKA"
07328157X2,0732810374,"6 KARRABIN ROSEWOOD RD QR KARRABIN, KARRABIN"
07546410X1,0754641264,"1 ROSEWOOD THAGOONA RD QR THAGOONA, THAGOONA"
07546450X1,0754645517,"0 RAILWAY ST QR WALLOON, WALLOON"
07463959X2,0746393572,"0 RAILWAY ST QR TOOWOOMBA, TOOWOOMBA CITY"
07466741X2,0746674118,"18509 CUNNINGHAM HWY NR LEYBURN RD, KARARA"
07466610X1,0746661064,"9125 CUNNINGHAM HWY FISHER PK TRK STP, TGNY"
07466120X2,0746618464,"97 ROSEHILL RD WARWICK BACON FACT, WARWICK"
07466226X2,0746622310,"2 COOLIBAH ST QR DALBY, DALBY"
07462232X2,0746223338,"22 STATION ST QR ROMA, ROMA"
07465484X2,0746541491,"112 KING ST QR CHARLEVILLE, CHARLEVILLE"
08829738X2,0882979465,"1 BECKMAN ST , GLANDORE"
07494204X1,0749425176,"SHP 13 54 PHILLIP ST MT PLEASANT SHOPPI, MT PLEASANT"
02982614X2,0298268503,"36 WOODWARD CRS OPP MILLER S/C, MILLER"
02963807X2,0296387787,"22 BARTLETT ST NR SPURWAY ST, ERMINGTON"
03948212X1,0394821592,"75 WESTGARTH ST WILLIAM T ONUS HST, NORTHCOTE"
07384810X2,0738487851,"9 ERIC CRS NR SARAH, ANNERLEY"
08844920X2,0884495632,"242 FLETCHER RD CNR CARNARVON TCE, LARGS NORTH"
08975407X2,0897541108,"5 QUEEN ST NR MARINE TCE, BUSSELTON"
07553251X2,0755328920,"38 NERANG ST NR SCARBOROUGH ST, SOUTHPORT"
07384630X2,0738466853,"69 BOUNDARY ST O/S WEST END MRKTS, SOUTH BRISBANE"
03528224X1,0352826067,"25 HICKS ST , LARA"
03980214X2,0398027932,"882 HIGH ST RD CNR KERRIE RD, GLEN WAVERLEY"
08868050X2,0886805050,"29 RAILWAY TCE NR VERCO ST, MINNIPA"
02974929X2,0297492701,"PLTFRM  105 SOUTH PDE AUBURN RLWY STN, AUBURN"
02429400X1,0242942131,"PLTFRM 2 0 WILSON CREEK RD RAILWAY STATION, HELENSBURGH"
03952525X2,0395255102,"69 GREY ST , ST KILDA"
07466134X2,0746618459,"89 OGILVIE RD WST CUNNINGHAM HWY, WMNA"
03638402X2,0363842192,"13 FALAMOUTH ST CNR ARTHUR ST, AVOCA"
02664324X2,0266431501,"35 SCHWINGHAMMER ST CNR FEDERATION ST, SOUTH GRAFTON"
03945717X2,0394576461,"57 GREVILLE RD , ROSANNA"
07466360X2,0746636102,"2421 DALBY JANDOWAE RD NR MACALISTER RD, JIMBOUR EAST"
02654520X2,0265452232,"2 TOWARRI ST CNR SATUR ST, SCONE"
03978302X2,0397696919,"425 NEPEAN HWY , FRANKSTON"
08934418X2,0893445890,"386 WANNEROO RD NORTHLANDS CENTRE, WESTMINSTER"
07498552X2,0749855310,"0 LONG ST BOGANTUNGAN R/S, WILLOWS"
02457510X2,0245751400,"1 GEORGE RD , WILBERFORCE"
02645229X2,0264522320,"71 CROMWELL ST NR BENT ST, COOMA"
02987000X1,0298708993,"LVL 1 109 WATERLOO RD MACQUARIE S/C, MACQUARIE PARK"
02936011X2,0293604071,"LVL 5 390 VICTORIA ST ST VINCENTS HOSPIT, DARLINGHURST"
02951904X1,0295195916,"LVL 7 12 MISSENDEN RD ROYAL PRINCE ALFRE, CAMPERDOWN"
03981501X1,0398150158,"LVL 1 442 AUBURN RD MELBOURNE UNI, HAWTHORN"
03943415X1,0394346378,"LVL 2 25 MAIN ST IS GRNSBRGH PLAZA, GREENSBOROUGH"
03943409X1,0394346132,"LVL 3 25 MAIN ST IS GRNSBRGH PLAZA, GREENSBOROUGH"
08827237X2,0882722898,"6 EGMONT TCE BONYTHON, HAWTHORN"
07557150X2,0755715873,"29 GREENACRE DRV E OF FAIVIEW CT, PARKWOOD"
08897549X7,0889754137,"0 KAKADU HWY MARY RVR RANGR STN, BRNDIE"
08895670X1,0889567268,"0 LASSETER HWY CURTIN SPRINGS STN, PETERMANN"
08895679X8,0889567091,"0 LASSETER HWY CURTIN SPRGS R/HSE, PETERMANN"
07553814X2,0755383793,"43 OLD BURLEIGH RD , SURFERS PARADISE"
03519201X2,0351924401,"PO  43 MAIN ST OS GEN STORE&AMP, TOONGABBIE"
07348200X1,0734824639,"2 GOODRICH RD MURRUMBA DOWNS SHP, MURRUMBA DOWNS"
07492708X1,0749279672,"120 YAAMBA RD S'LAND ROCKHAMPTON, PARK AVENUE"
08934417X2,0893445837,"5 SUDBURY RD BUS STATION, MIRRABOOKA"
08934412X2,0893441892,"5 SUDBURY RD BUS STATION, MIRRABOOKA"
07552760X1,0755276614,"2620 GOLD COAST HWY LIGHT RAIL STN, BROADBEACH"
07466202X2,0746624679,"25 HOSPITAL RD , DALBY"
07559460X1,0755946234,"58 PARKLANDS DRV LIGHT RAIL STN, SOUTHPORT"
07387903X1,0738794762,"239 PROGRESS RD QR RICHLANDS, RICHLANDS"
03974117X2,0397413798,"175 WATTON ST WERRIBEE POST OFFI, WERRIBEE"
03974118X2,0397413687,"175 WATTON ST WERRIBEE POST OFFI, WERRIBEE"
07334113X2,0733413720,"27 HOLMEAD RD SHELDON CARAVAN PA, EIGHT MILE PLAINS"
08835213X2,0883522632,"233 SIR DONALD BRADMAN DRV , COWANDILLA"
08872518X2,0887255498,"142 COMMERCIAL ST CNR MARK ST & AMP:, MT GAMBIER"
08839002X2,0883901803,"1191 GREENHILL RD NSIDE, URAIDLA"
08943925X2,0894395172,"101 CALISTA AVE CALISTA SHOPPING C, CALISTA"
03595680X2,0359568401,"380 VENTNOR RD ANCHORAGE PARK, VENTNOR"
07547300X2,0754735031,"2 LANYANA WAY , NOOSA HEADS"
02634518X2,0263451805,"38 MAIN ST S OF CHURCH ST, DARBYS FALLS"
02435113X2,0243554679,"20 HOPE ST CNR ANZAC AVE, WYONG"
07548646X2,0754864553,"152 TOOLARA RD , TIN CAN BAY"
07463520X2,0746353455,"4 SHORT ST S OF LONG ST, SOUTH TOOWOOMBA"
08864900X2,0886491921,"15 BASTYAN CRS , WHYALLA STUART"
03971800X2,0397181538,"783 HEIDELBERG-KINGLAKE RD HURSTBRIDGE, HURSTBRIDGE"
08841039X2,0884104697,"105 FRANKLIN ST , ADELAIDE"
08823122X2,0882318578,"105 FRANKLIN ST , ADELAIDE"
02667402X1,0266743191,"24 PEARL ST OS ENTRANCE, KINGSCLIFF"
02974411X1,0297445734,"LVL 1 42 RAILWAY PDE BURWOOD PLAZA, BURWOOD"
02926106X1,0292614214,"GRND FLR 464 KENT ST TOWNHALL SQ S/CTRE, SYDNEY"
02496730X1,0249673920,"LVL 3 2 EDITH ST CALVARY/MATER HOSP, WARATAH"
02458780X1,0245878247,"LVL 1 6 KABLE ST WINDSOR MARKETPLCE, WINDSOR"
03977601X2,0397760457,"16 THOMPSON RD OUTSIDE WOOLWRTHS, PATTERSON LAKES"
07325244X1,0732524396,"GRND FLR 10 BUTTERFIELD ST NED HANLON GROUND, HERSTON"
07386013X8,0738605726,"LVL 3 100 AIRPORT DRV BRIS INT LVL 3, BRISBANE AIRPORT"
07386015X8,0738604197,"LVL 2 100 AIRPORT DRV BRIS INT LVL 2, BRISBANE AIRPORT"
07386012X8,0738605723,"LVL 2 100 AIRPORT DRV BRIS INT LVL 2, BRISBANE AIRPORT"
07386014X8,0738605728,"LVL 4 100 AIRPORT DRV BRIS INT LVL 4, BRISBANE AIRPORT"
07336921X2,0733696384,"LVL 1 95 LATROBE TCE NEAR NEWSAGENCY, PADDINGTON"
07403593X7,0740359712,"LVL 1 90 AIRPORT AVE DMSTC CHECK IN, AEROGLEN"
07405114X1,0740518170,"LVL 1 23 MCLEOD ST CC O/S NR TAXI RAN, CAIRNS CTY"
07405118X1,0740518670,"LVL 1 23 MCLEOD ST C C OS NTH ENTRY, CAIRNS CTY"
07404115X1,0740414187,"LVL 1 23 MCLEOD ST CC NR TARGET, CAIRNS CTY"
08932503X1,0893253149,"LVL 2 197 WELLINGTON ST RPH C BLK WARD 2K,, PERTH"
08922110X1,0892213620,"LVL 3 197 WELLINGTON ST RPH A BLK WALKWAY, PERTH"
08922111X1,0892213208,"LVL 3 199 WELLINGTON ST RPH R BLK WALKWAY, PERTH"
03637615X2,0363761802,"2 GEORGES BAY ESP WHARF AREA, ST HELENS"
03642620X2,0364262401,"GRND FLR 9 TORQUAY RD MERSEY HOSPITAL, LATROBE"
03966301X2,0396632175,"126 LA TROBE ST CNR BOWEN ST, MELBOURNE"
02921236X2,0292125487,"419 PITT ST NEAR CUNNINGHAM ST, HAYMARKET"
08897101X2,0889710099,"40 KATHERINE TCE , KTHRNE S"
03979632X2,0397966167,"SITE 155 6 FULLARD RD , NARRE WARREN"
08953506X2,0895351599,"26 PINJARRA RD ADJ WESTPAC BANK, MANDURAH"
08826857X2,0882684432,"185 HANSON RD , ATHOL PARK"
03974216X2,0397421300,"655 OCONNORS RD OS  HOLIDAY LIFESTYLE, WERRIBEE SOUTH"
08996462X1,0899646658,"4 HULL ST DOUBLE BEACH HOLID, CAPE BURNEY"
07549128X2,0754917525,"47 BOWMAN RD STOCKLAND CALOUNDR, CALOUNDRA"
02439712X2,0243967958,"350 MAIN RD NR RAY STREET, TOUKLEY"
02495561X2,0249556174,"74 NELSON ST NR BOSCAWEN STREET, WALLSEND"
03935058X2,0393504359,"133 GAFFNEY ST NR A 'BECKETT ST, COBURG"
03522107X2,0352215755,"266 SHANNON AVE , GEELONG WEST"
03960248X2,0396024194,"279 LA TROBE ST CNR ELIZABETH ST, MELBOURNE"
03962905X2,0396291370,"20 QUEEN ST , MELBOURNE"
03964204X2,0396423015,"262 QUEEN ST , MELBOURNE"
03962907X2,0396297246,"158 SPENCER ST CNR BOURKE ST, MELBOURNE"
03965005X2,0396501828,"49 SPRING ST , MELBOURNE"
03960204X2,0396024847,"103 ELIZABETH ST , MELBOURNE"
08938444X2,0893845199,"50 BAY VIEW TCE , CLAREMONT"
07553164X2,0755316819,"2633 GOLD COAST HWY NR MARGARET ST, BROADBEACH"
08895682Y8,0889568801,"0 WILLOWRA COMM  , WILLOWRA"
02955042X2,0295503728,"218 AUSTRALIA ST NEWTOWN POLICE STA, NEWTOWN"
07557537X2,0755753830,"60 KARBUNYA ST , MERMAID WATERS"
02428401X1,0242849197,"270 PRINCES HWY CORRIMAL S/C, CORRIMAL"
02428507X1,0242850761,"270 PRINCES HWY CORRIMAL S/C, CORRIMAL"
07326016X2,0732569426,"107 NORTHLINK PL QR BINDAH, VIRGINIA"
08844719X2,0884474921,"42 PORTLAND RD , QUEENSTOWN"
08909309X2,0890931427,"68 BURT ST , BOULDER"
03978206X2,0397821094,"1215 FRANKSTON DANDENONG RD OS SERVICE STATION, CARRUM DOWNS"
07495130X2,0749511592,"145 VICTORIA ST , MACKAY"
03941649X2,0394162592,"15 LULIE ST VICTORIA PARK R/S, ABBOTSFORD"
07465540X2,0746554084,"103 ARCHENAR ST NR HOTEL, HUNGERFORD"
02607290X2,0260729573,"1416 CARLYLE ST NR WEBB ST, GRNYA"
02607270X2,0260727579,"6156 MURRAY VALLEY HWY ADJ KOETONG HOTEL, KOETNG"
03588471X2,0358847546,"4 LANG ST CRN COBB HWY, WANGANELLA"
08856821X2,0885682024,"43 RANDELL RD CRN HOOPERS ST, TUNGKILLO"
08852001X2,0885202626,"555 THE ESPLANADE  ADJ C/VAN PARK, MIDDLE BEACH"
08853750X2,0885375024,"1387 CALLINGTON RD NR WELLINGTON RD, WOODCHESTER"
08865059Y2,0886505924,"16727 RAILWAY TCE NR NORTH EAST TCE, OODLA WIRRA"
08865860X2,0886586090,"1338 PRICE MAURICE RD NR CROSS RD, PEKINA"
08868460X2,0886846024,"24 THE HAVEN DRV CRN SW TERRACE, LOUTH BAY"
08868780X2,0886878765,"0 FLINDERS HWY ADJ SHERINGA R/H, SHERINGA"
08862650X2,0886265024,"9 CALCA ST CRN WEST TERRACE, SCEALE BAY"
08884390X2,0888439024,"0 BURRA ST CRN MILLS ST, MINTARO"
08885533X2,0888553264,"53 TI TREE RD TITREE PINES ESTAT, THE PINES"
08885380X2,0888538024,"0 ACTIVE RD CRN JETTY RD, PORT JULIA"
08858731X2,0885873024,"28 RAILWAY TCE NR SECOND ST, PARUNA"
02634310X2,0263431032,"85 MAIN ST , GRENFELL"
07415701X2,0741572201,"OPP  55 MULGRAVE ST IN CENTRE ISLAND, GIN GIN"
07326103X2,0732612037,"61 GAWAIN RD NR TORRE ST, BRACKEN RIDGE"
07385212X2,0738522039,"390 BRUNSWICK ST NR BERWICK ST, FORTITUDE VALLEY"
07335815X2,0733582611,"65 JAMES ST NR ARTHUR ST, FORTITUDE VALLEY"
07325254X2,0732528358,"634 WICKHAM ST NR KNAPP ST, FORTITUDE VALLEY"
07325286X2,0732528260,"62 DOGGETT ST NR COMMERCIAL RD, NEWSTEAD"
07326216X2,0732629548,"29 ALEXANDRA RD NR REEVE ST, ASCOT"
07386803X2,0738684918,"119 RACECOURSE RD NR BEATRICE TCE, ASCOT"
07386806X2,0738684916,"15 RACECOURSE RD NR KINGSFORD SMTHB, HAMILTON"
07386804X2,0738684921,"20 RACECOURSE RD NR ROSSITER PDE, HAMILTON"
07386000X2,0738604231,"76 MAIN BEACH RD NR SCHOOL RD, PINKENBA"
07326213X2,0732622944,"117 SANDGATE RD NR PEDDER ST, ALBION"
07326617X2,0732664302,"47 HENCHMAN ST NR NUNDAH ST, NUNDAH"
07326606X2,0732669600,"216 SHAW RD NR VALE ST, WAVELL HEIGHTS"
07326616X2,0732664873,"315 MELTON RD NR OLIVIA ST, NORTHGATE"
07326622X2,0732662722,"750 NUDGEE RD CNR COOPER RD, NORTHGATE"
08895690Y7,NONE,"123 MICA RD STORE, ATTJRE"
07326618X2,0732663511,"113 RIDGE ST , NORTHGATE"
07326704X2,0732676502,"1022 NUDGEE RD CNR APPROACH RD, BANYO"
07326701X2,0732670488,"21 RAILWAY ST QR NUDGEE, NUDGEE"
07326700X2,0732675139,"88 O'QUINN ST NR FORTITUDE ST, NUDGEE BEACH"
07326603X2,0732664619,"8 JEFFERIS ST NR SANDGATE RD, VIRGINIA"
07326913X2,0732697037,"160 BARRETT ST NR MCKEERING ST, BRACKEN RIDGE"
07326911X2,0732697291,"353 BEACONSFIELD TCE NR EIGHTEENTH AV, BRIGHTON"
07386907X2,0738692792,"15 NORTH RD NR BUS STOP 58, BRIGHTON"
08902420Y2,0890242045,"35 SHENTON ST CARAVAN PARK, MENZIES"
07326912X2,0732697073,"119 BRIGHTON RD NR FIFTH AVE, SANDGATE"
07386902X2,0738690850,"2 FOURTH AVE CNR BRIGHTON RD, SANDGATE"
07386903X1,0738692934,"8 LAGOON ST IBIS CENTRAL, SANDGATE"
07326523X2,0732653985,"396 BEAMS RD NR HANDFORD RD, TAIGUM"
07328440X2,0732846544,"150 MAINE RD NR DUFFIELD RD, CLONTARF"
07328414X2,0732847291,"11 BALMORAL ST CNR WINDSOR ST, MARGATE"
02948120X2,0294814325,"SHP 22 41 SHEPHERDS DRV CHERRYBROOK VILLAG, CHERRYBROOK"
07406011X2,0740601168,"34 REGENT ST O/S POST OFFICE, COEN"
07406010X2,0740601130,"34 REGENT ST O/S POST OFFICE, COEN"
08868821X2,0886882124,"10 NORTH TCE CNR SPENCER ST, TUMBY BAY"
08867620X2,0886762024,"1 HALL ST CNR TOD HWY, CUMMINS"
08984123X2,0898413388,"259 YORK ST , ALBANY"
02964655X2,0296462818,"2 KERR PDE NEAR AUBURN RD, AUBURN"
02964637X2,0297495526,"2 KERR PDE NEAR AUBURN RD, AUBURN"
02974951X2,0297492065,"6 NORTHUMBERLAND RD CNR RAWSON ST, AUBURN"
02495310X7,0249531165,"96 WOODFORD ST , MINMI"
07406683X2,0740668900,"19 VICTORIA ST NR DALRYMPLE ST, CARDWELL"
07406682X2,0740668605,"186 VICTORIA ST NR SHERIDAN ST, CARDWELL"
07495900X1,0749590354,"51 RISLEY PDE NEAR RECEPTION, CAPE HILLSBOROUGH"
08826110X2,0882613165,"511 NTH EAST RD CNR BLACKS RD, HILLCREST"
03598626X2,0359867462,"1 HENRY WILSON DRV O/S CHISHOLM TAFE, ROSEBUD"
03558641X2,0355684376,"4256 PRINCES HWY CNR WRIOTHESLEY ST, YAMBUK"
03596860X2,0359686084,"445 BELGRAVE-GEMBROOK RD , EMERALD"
03965446X2,0396544545,"55 COLLINS ST , MELBOURNE"
03965037X2,0396506358,"92 ELIZABETH ST , MELBOURNE"
02445640X2,0244564103,"45 CORNFIELD PDE CNR ALMA AVE, FISHERMANS PARADISE"
02923249X2,0292326539,"JCDBTH 1111 5 MARTIN PL , SYDNEY"
02928354X2,0292837691,"JCDBTH 1009 69 OXFORD ST , SURRY HILLS"
02928013X2,0292802003,"JCDBTH 3035 128 BROADWAY  , CHIPPENDALE"
02956026X2,0295607804,"JCDBTH 5014 14 NORTON ST , LEICHHARDT"
02956915X2,0295698243,"JCDBTH 5022 99 NORTON ST , LEICHHARDT"
08853105X1,0885313729,"SEC 345 16731 KAROONDA - KALPARRIN RD HD BURDETT, MURRAY BRIDGE"
08896214X7,0889621046,"129 PATERSON ST O/S NEWSAGENCY, TENNANT CREEK"
08896212X2,0889621079,"129 PATERSON ST O/S NEWSAGENCY, TENNANT CREEK"
03643122X2,0364311600,"574 STOWPORT RD , STOWPORT"
08858760X2,0885876224,"44 RAILWAY TCE NR NORMAN ST, WUNKAR"
08854123X2,0885412565,"6 ZIEGLER RD NR RAMCO RD, RAMCO HTS"
08852902X2,0885292129,"8 FIRST ST CRN EAST TERRACE, PARHAM"
08855900X2,0885594289,"SEC 84 1140 SEAL BAY RD VISITOR CENTRE, SEAL BAY"
08898733X2,0889873141,"0 MELVILLE BAY RD GOVE AIRPORT, EAST ARNHEM"
07559800X1,0755980052,"42 INLAND DRV ENT JOHN FLYNN HOS, TUGUN"
07559700X2,0755970569,"20 CENTRAL PARK AVE OPP KAMHOLTZ CRT, ASHMORE"
07477013Y2,0747701215,"44 MAIN ST NR POLICE BARRACKS, PALM ISLAND"
07477000Y2,0747701134,"4 CLUMPOINT RD NR REHAB CNTR, PALM ISLAND"
02935810X2,0293581694,"1 BAYSWATER RD , POTTS POINT"
07329404X2,0732943846,"433 RIPLEY RD , RIPLEY"
07544280X2,0754428102,"71 MEMORIAL DRV OS POST OFFICE, EUMUNDI"
03931102X1,0393115596,"80 HARVESTER RD SUNSHINE MARKETPLA, SUNSHINE"
02433417X2,0243342711,"16 FAIRVIEW AVE NR THE ENTRANCE RD, THE ENTRANCE"
02655391X2,0265539981,"1 MANNING RIVER DRV O/S SERVICE STN, CUNDLETOWN"
02493310X2,0249334676,"22 BELMORE RD NR BRISBANE ST, LORN"
02494308X2,0249432965,"6 GLEBE ST NR HEXHAM ST, KAHIBAH"
07328706X2,0732874055,"66 BOUNDARY ST S OF KOKODA ST, BEENLEIGH"
07328725X2,0732872455,"41 CITY RD N OF HANOVER ST, BEENLEIGH"
07328705X2,0732873673,"20 MAIN ST N OF BELLEW ST, BEENLEIGH"
07380705X2,0738077638,"2 NICOLIS CRT N OF BENNELONG CT, BEENLEIGH"
08824203X2,0882423067,"200 BOWER RD NR BARTLEY TCE, SEMAPHORE PARK"
07554622X2,0755462278,"350 CABBAGE TREE POINT RD NR BOAT RAMP, STEIGLITZ"
07492833X2,0749287984,"227 BERSERKER ST NR SHARPLES ST, BERSERKER"
07492831X2,0749285891,"163 LAKES CREEK RD NR DEAN ST, BERSERKER"
07492827X2,0749285237,"192 ELPHINSTONE ST O/S STORE, BERSERKER"
07492725X2,0749276948,"222 MUSGRAVE ST NR RICHMOND ST, BERSERKER"
07492739X2,0749279655,"170 MUSGRAVE ST NR ELPHINSTONE ST, BERSERKER"
07492837X2,0749288873,"394 YAAMBA RD OPP SHEEHY ST, NORMAN GARDENS"
07493565X2,0749356203,"0 BRUCE HWY NR KUNWARARA RDHSE, CANOONA"
07493603X2,0749361550,"251 CARLTON ST NR LANDSBERG ST, KAWANA"
08826101X2,0882611165,"610 REGENCY RD , BROADVIEW"
07320317X2,0732034073,"534 OXLEY AVE , REDCLIFFE"
07492715X2,0749276519,"191 GLADSTONE RD N PORT CURTIS RD, ALLENSTOWN"
07492208X2,0749225665,"44 GLADSTONE RD S OF DERBY ST, ALLENSTOWN"
07492717X2,0749276545,"110 GLADSTONE RD N OF LARNACH ST, ALLENSTOWN"
07492727X2,0749278304,"161 GEORGE ST S OF DENHAM ST, ROCKHAMPTON CITY"
07474329X2,0747438637,"97 PAMELA ST CNR KOOKABURRA ST, TOWNVIEW"
08838814X2,0883888124,"2 ADELAIDE RD CRN CHURCH HILL RD, ECHUNGA"
07547700X2,0754770134,"58 BURNETT ST NR LINDSAY RD, BUDERIM"
03961429X2,0396704985,"440 COLLINS ST , MELBOURNE"
08929210X2,0892925143,"O/S  0 HENDERSON AVE VISITOR CENTRE, ROTTNEST ISLAND"
02926923X2,0292690697,"JCDBTH 1183 544 GEORGE ST O/S QVB, SYDNEY"
02472112X2,0247318960,"192 GREAT WESTERN HWY OPP KINGSWOOD R/ST, KINGSWOOD"
02633581X2,0263358110,"2278 ABERCROMBIE RD CNR DOG ROCKS RD, BLACK SPRINGS"
02457553X2,0245755231,"1826 PUTTY RD OS RIVERSIDE CAFE, COLO"
02457819X2,0245781109,"12 WARNOCK RD NR CASTLEREAGH RD, AGNES BANKS"
02637502X7,0263750223,"15 CLARK ST W OF PLUMB ST, LEADVILLE"
02684367X2,0268436710,"22 GWABEGAR RD S OF WANGMANS RD, KENEBRI"
08982405X2,0898241240,"3 JOURNAL ST NR GT STHN HWY, BROOMEHILL VILLAGE"
03974206X1,0397422390,"615 ARMSTRONG RD , WYNDHAM VALE"
07544630X2,0754463859,"2 SUNCOAST BEACH DRV MT COOLUM SHOPPING, MOUNT COOLUM"
08835231X2,0883522721,"37 BAGOT AVE , MILE END"
08835209X2,0883522309,"116 HENLEY BEACH RD , TORRENSVILLE"
08835205X2,0883522032,"228 RICHMOND RD , MARLESTON"
08835200X2,0883521170,"1 PASSMORE ST , WEST RICHMOND"
08835228X2,0883522054,"52 DAVENPORT TCE , RICHMOND"
08835233X2,0883522765,"39 NEVILLE RD , THEBARTON"
08835210X2,0883522321,"366 HENLEY BEACH RD , LOCKLEYS"
08835214X2,0883522654,"59 MILNER RD , RICHMOND"
07584800X2,0754840419,"RD  2226 GYMPIE WOOLOOGA RD N OF UPPER WIDGEE, WIDGEE"
02963204X2,0296325497,"426 GUILDFORD RD NR THE ESPLANADE, GUILDFORD"
02963115X2,0296317509,"28 BUNGAREE RD NEAR BETHEL STREET, TOONGABBIE"
07549118X2,0754917281,"11 BULCOCK ST NR KNOX AVE, CALOUNDRA"
07534180X2,0753418106,"10 THE ESPLANADE  OS RUMBA RESORT, CALOUNDRA"
07549310X2,0754931102,"695 NICKLIN WAY NR SERV STN, CURRIMUNDI"
07549124X2,0754917463,"56 COOLUM ST NR MELLUM CRT, DICKY BEACH"
07549121X2,0754917376,"34 THE ESPLANADE  OS KINGS EDGE, KINGS BEACH"
02971206X2,0297125466,"191 FIRST AVE NR RAMSAY RD, FIVE DOCK"
02932700X2,0293271023,"3 KNOX ST NR GOLDMAN LN, DOUBLE BAY"
02936231X2,0293624169,"0 KNOX ST CNR NEW SOUTH HEAD, DOUBLE BAY"
03522204X2,0352221857,"221 YARRA ST , SOUTH GEELONG"
08868317X2,0886833463,"18 LEWIS ST OPP WASHINGTON ST, PORT LINCOLN"
08868309X2,0886833450,"23 LIVERPOOL ST OS WOOLWORTHS ENTR, PORT LINCOLN"
08895697Y7,0889569887,"11 MIDDLE ST , AMPLTWTJA"
02472168X2,0247214705,"OS BNK  219 HENRY ST CNR STATION ST, PENRITH"
03982612X2,0398263106,"657 CHAPEL ST , SOUTH YARRA"
02657218X2,0265721676,"106 NEW ENGLAND HWY OPP PARK, SINGLETON"
07492649X2,0749262089,"299 RICHARDSON RD ROCKHAMPTON PRINTI, KAWANA"
08843108X2,0884314909,"81 ST BERNARDS RD , MAGILL"
02432906X2,0243293173,"24 KINARRA AVE O/S WYOMING S/VLGE, WYOMING"
02974347X2,0297437196,"151 WELLINGTON RD NR SHAW LANE, SEFTON"
02993833X2,0299384583,"50 KOOLOORA AVE , FRESHWATER"
03966321X2,0396636583,"23 CARDIGAN ST RMIT BLDG 94, CARLTON"
08832701X1,0883272450,"108 COMMERCIAL RD SEAFORD SHOPPING C, SEAFORD"
03547420X2,0354742501,"105 HARMONY WAY , HARCOURT"
02684790X2,0268479190,"0 COONAMBLE ST NR OXLEY HWY, COLLIE"
02687470X7,0268747536,"0 AUBREY ST E OF SNAKEGULLY RD, FORDS BRIDGE"
02665751X2,0266575107,"11 MULDIVA RD NR TYRINGHAM RD, BOSTOBRICK"
02665740X2,0266574110,"1396 CORAMBA RD TELEPHONE EXCHANGE, MEGAN"
02665780X2,0266578161,"8475 ARMIDALE RD NR SHOP, TYRINGHAM"
02656480X2,0265648924,"720 MISSABOTTI RD COMMUNITY HALL, MISSABOTTI"
02672323X7,0267232309,"737 OLD MILL RD W OF STANNIFER RD, STANNIFER"
02673460X2,0267346200,"2729 TORRINGTON RD S OF SHERRATT RD, TORRINGTON"
02675420X2,0267542110,"49 BOOLOOROO ST CNR NORTH ST, ASHLEY"
02675461X2,0267546114,"0 TERRY HIE HIE RD S OF MISSION RD, TERRY HIE HIE"
02672990X2,0267299088,"16 WARIALDA RD NR HOTEL, COOLATAI"
02673752X1,0267375259,"0 MINGOOLA SCHOOL RD NR BRUXNER HWY, MNGOOLA"
02674378X2,0267437816,"47 NOMBI ST OS POST OFFICE, MULLALEY"
02682881X2,0268288479,"0 NARRABRI ST CNR WILKIE ST, CUMBORAH"
07406650X2,0740665758,"PORT/N 115 115 MURRAY FALLS RD O/S COUNCIL BLDG, MURRAY UPPER"
07554910X2,0755491728,"14 DUNRAVEN DRV NR WAVERLEY DRV, PIMPAMA"
07495694X2,0749569283,"78206 BRUCE HWY WAVERLEY CK REST, ST LAWRENCE"
07495661X2,0749566105,"64 WESTCOTT AVE NR CAMPWINBEACH RD, CAMPWIN BEACH"
07495922X2,0749592400,"584 MACKAY EUNGELLA RD OS GENERAL STORE, PLEYSTOWE"
07495883X2,0749588209,"6 ROSELLA ST W OF REPULSE ESP, ST HELENS BEACH"
07493455X2,0749345525,"57 DALMA RIDGELANDS RD S OF SCHOOL, RIDGELANDS"
07493730X2,0749373101,"39 BANKSIA RD CNR ACACIA ST, STANAGE"
07468600X2,0746861253,"5106 MT LINDESAY RD NR STANTHORPE ST, LSTN"
07469671X2,0746967101,"32 MAIN RD E OF GARRETT RD, MERINGANDAN"
07469157X2,0746915702,"12 FRANCIS ST NR CHURCH ST, ACLAND"
07469160X2,0746916204,"2198 TOOWOOMBA CECIL PLAINS RD NR SOUTHBROOK RD, BIDDESTON"
07478402X2,0747840114,"8285 DALBEG RD O/S DALBEG INN, DALBEG"
07477072X2,0747707342,"100 ESPLANADE ST FISHERMANS LANDING, BALGAL BEACH"
07477772X2,0747777308,"65 EDDLESTON DRV W OF CORDELIA SCH, CORDELIA"
07553604X2,0755368196,"5 HILL ST NR EDEN AVE, COOLANGATTA"
07552610X2,0755261529,"2 HYTHE ST O/S MIAMI SLSC, MIAMI"
07546261X2,0754626101,"1304 MT SYLVIA RD O/S POST OFFICE, MOUNT SYLVIA"
07546550X2,0754655102,"103 IPSWICH ST NR GEORGE ST, GRANDCHESTER"
07554113X2,0755411854,"117 BRISBANE ST O/S POST OFFICE, BEAUDESERT"
08821239X2,0882125343,"163 CURRIE ST NR ELIZABETH ST, ADELAIDE"
08898563X1,NONE,"14 VERBENA ST NAGANDJI -BA HSTL, NIGHTCLIFF"
08832210X2,0883226627,"17 MAIN SOUTH RD NR HUTCHINSON AVE, REYNELLA"
07405120X2,0740516873,"1 APLIN ST CNR ABBOTT ST, CAIRNS CTY"
07497802X2,0749784198,"12 ASPLAND ST OPP MUIRHEAD ST, CLINTON"
07546251X2,0754625370,"55 RAILWAY ST S OF NORTH ST, GATTON"
07546212X2,0754621237,"94 RAILWAY ST S OF COCHRANE ST, GATTON"
07463604X2,0746363780,"44 PLATZ ST OPP CROSBY ST, DARLING HEIGHTS"
07463011X2,0746301228,"43 BRISBANE ST NR LYNCH ST, DRAYTON"
07463306X2,0746332534,"42 HOLBERTON ST OPP WELCOMBE AVE, ROCKVILLE"
07469810X2,0746981153,"34 TOOWOOMBA RD S OF CURNOW ST, CROWS NEST"
07467118X2,0746711720,"83 MARSHALL ST E OF HERBERT ST, GOONDIWINDI"
07466225X2,0746622302,"37 ARTHUR ST CNR DRURY ST, DALBY"
07466282X2,0746621037,"0 BLIGH ST E OF MORETON ST, DALBY"
07466260X2,0746626206,"38 CONDAMINE ST W OF ROCHE ST, DALBY"
07466224X2,0746622291,"70 NICHOLSON ST E OF MORETON ST, DALBY"
07462720X2,0746272007,"3 TULLY ST N OF MURILLA ST, MILES"
07462611X2,0746261426,"3 HUTTON ST N OF FIRST AVE, INJUNE"
07465544X2,0746551198,"69 WATSON ST S OF BEDFORD ST, CUNNAMULLA"
07478621X2,0747862417,"35 GEORGE ST E OF HERBERT ST, BOWEN"
07478313X2,0747835539,"94 EDWARDS ST W OF BURKE ST, AYR"
07478310X2,0747835381,"65 QUEEN ST S OF PARKER ST, AYR"
07477249X2,0747726505,"93 EYRE ST E OF BURKE ST, NORTH WARD"
07477222X2,0747723902,"0 PUTT ST CNR RAILWAY AVE, RAILWAY ESTATE"
07477240X7,0747724868,"25 ALLEN ST E OF TULLY ST, SOUTH TOWNSVILLE"
07477235X2,0747725193,"314 STURT ST S OF BLACKWOOD ST, TOWNSVILLE CITY"
07477157X2,0747715821,"103 HAROLD ST W OF SIDNEY ST, WEST END"
07477821X7,0747782366,"340 STUART DRV N OF ORPHEUS ST, WULGURU"
07477930X2,0747799091,"2 SHEFFIELD ST W OF MOONEY ST, GULLIVER"
07477211X2,0747723274,"0 KINGS RD S OF BAYSWATER RD, HYDE PARK"
07477948X2,0747798121,"6 WATER ST S OF ROSS RIVER RD, MUNDINGBURRA"
07477304X2,0747733153,"480 ROSS RIVER RD S OF ALICE ST, CRANBROOK"
07478774X2,0747877036,"19 GILL ST W OF DEANE ST, CHT TWRS CTY"
08907103X1,0890716180,"193 HARBOUR RD PINE GRV HOLIDAY P, CHADWICK"
03598860Y2,0359886193,"124 BASS MEADOWS BLV , ST ANDREWS BEACH"
07495512X2,0749555408,"2 BANKSIA AVE OS PRIM SCHL, ANDERGROVE"
07495501X2,0749554027,"46 MULHERIN DRV NR C/PRK AMENITIES, MACKAY HARBOUR"
07495516X2,0749556047,"50 OAK ST CNR CENTRAL DRV, ANDERGROVE"
07495515X2,0749556532,"360 SLADE POINT RD OS MINI MART, SLADE POINT"
07492205X2,0749223927,"123 EAST ST NR WILLIAM ST, ROCKHAMPTON CITY"
07478520X2,0747852105,"1 COLLINSVILLE RD , BOWEN"
03972546X2,0397259681,"1 PEMBROKE RD CNR CAMBRIDGE RD, MOOROOLBARK"
07382202X1,0738222458,"18 NAPIER ST QR BIRKDALE, BIRKDALE"
02636249X2,0263620172,"222 MITCHELL HWY POST OFFICE LANE, ORANGE"
02472206X2,0247225137,"55 RILEY ST ADJ HOYTS STEPS, PENRITH"
07477785X2,0747778504,"110 JOHN DORY ST O/S PH EXCHANGE, TAYLORS BEACH"
08856301X2,0885630191,"56 MURRAY ST E OF YOUNG ST, TANUNDA"
03939704X2,0393971317,"68 KOROROIT CREEK RD , WILLIAMSTOWN NORTH"
07463408X2,0746343473,"141 HOLBERTON ST OP RUSSELL ST, NEWTOWN"
07463510X2,0746353502,"738 RUTHVEN ST NEAR SOUTH ST, SOUTH TOOWOOMBA"
02439910X2,0243991141,"67 SCENIC DRV O/S UNITED S/STN, BUDGEWOI"
08835216X2,0883522898,"79 MARION RD WESTERN YOUTH CENT, COWANDILLA"
02666202X1,0266628452,"164 CANTERBURY ST CASINO RSM SHOPPIN, CASINO"
07320400X2,0732040509,"312 DECEPTION BAY RD BAY RES VILLAGE, DECEPTION BAY"
08839620X2,0883964581,"257 MONTAGUE RD CNR ROOPENA ST, INGLE FARM"
07416807X2,0741689300,"28 RODNEY ST NR BLAKE ST, PROSTON"
08838701X1,0883872845,"246 LONSDALE RD HALLETT COVE SC, HALLETT COVE"
02686350X2,0268635456,"31 BOGAN ST ADJACENT TO COLES, PARKES"
07465880Y2,0746588120,"22 ST MARY ST , ISISFORD"
07465630X2,0746563065,"0 MARYBOROUGH ST , WINDORAH"
07465631X2,0746563118,"0 MARYBOROUGH ST , WINDORAH"
07498243X2,0749824251,"117 CLERMONT ST W OF OPAL ST, EMERALD"
03577752X2,0357775564,"3186 MT BULLER RD OS GENERAL STORE, MIRIMBAH"
07472406X2,0747241280,"14 PLUME ST OPP TRANSIT CENTRE, SOUTH TOWNSVILLE"
08948108X1,0894812793,"554 WELLINGTON ST BUS PORT ENTRY, PERTH"
08948109X1,0894815236,"554 WELLINGTON ST BUS PORT LOUNGE, PERTH"
02969960X2,0296998257,"2 GEORGE ST NR CLEVELAND ST, REDFERN"
02665115X2,0266512718,"211 HARBOUR DRV CNR CURACOA ST, COFFS HARBOUR"
02665741X2,0266574140,"707 BRIGGSVALE RD FIELD STUDIES CENT, CASCADE"
03954443X2,0395447702,"352 CLAYTON RD NR CENTRE RD, CLAYTON"
02636830X2,0263683500,"26 SELWYN ST , BARRY"
02633723X2,0263372409,"17 ROCKLEY ST , GEORGES PLAINS"
03982713X2,0398278700,"619 CHAPEL ST NR CRN TOORAK RD, SOUTH YARRA"
07328702X2,0732872619,"115 FRYAR RD OS SCHOOL, EAGLEBY"
07403541X2,0740355691,"154 HARTLEY ST CNR KIDSTON ST, BUNGALOW"
07477771X2,0747777204,"91 MILL RD OS MACKNADE HOTEL, MACKNADE"
03956805X1,0395685080,"0 NEERIM RD CRN MURRUMBEENA RD, MURRUMBEENA"
02931409X2,0293145015,"0 HIGH ST CHILDREN HOSP AE, RANDWICK"
02931421X2,0293146385,"0 HIGH ST OS CHILDREN HOSP, RANDWICK"
08916904X1,0891692783,"214 COOLIBAH DRV IVANHOE VILLAGE, KUNUNURRA"
07553205X2,0755322473,"41 NERANG ST SOUTHPORT EXCHABGE, SOUTHPORT"
07382114X2,0738216428,"60 MIDDLE ST CLEVELAND SANDS HO, CLEVELAND"
08953520X1,0895352471,"330 PINJARRA RD MANDURAH FORUM, MANDURAH"
02486211X2,0248621348,"LOT 3 0 STATION ST RAILWAY STATION, BOWRAL"
07335726X2,0733579260,"192 GYMPIE RD CNR BROUGHTON RD, KEDRON"
02467709X2,0246772544,"PLATFM 1 0 STATION ST RAILWAY STATION, PICTON"
02468309X2,0246831225,"PLATFM 2 0 GEORGE ST RAILWAY STATION, TAHMOOR"
02945609X2,0294564424,"PLATFM 2 1007 PACIFIC HWY BEROWRA RLWY STN, BEROWRA"
02664720Y2,0266472192,"0 KEVIN MARTIN DRV ADJ LAND COUNCIL, MALABUGILMAH"
02664346X2,0266433047,"0 GWYDIR HWY RANGERS HOUSE, GIBRALTAR RANGE"
02662209X1,0266221835,"156 BRUXNER HWY LISMORE LAKE CV PK, LOFTVILLE"
02662100X1,0266212092,"156 BRUXNER HWY LISMORE LAKE CV PK, LOFTVILLE"
02662115X2,0266219260,"302 KEEN ST CNR JOHN ST, GIRARDS HILL"
02656223X2,0265626676,"210 RIVER ST CNR OLD FERRY RD, GREENHILL"
02475363X2,0247536549,"PLATFM 2 5 RAILWAY PDE WARRIMOO RLWY STN, WARRIMOO"
02475310X2,0247531157,"PLATFM 2 1 BURKE RD LINDEN RLWY STN, LINDEN"
02983208X2,0298321210,"PLATFM 4 0 NORTH PDE MT DRUITT RLWY STN, MOUNT DRUITT"
02422686X2,0242262864,"PLATFM 1 0 CROWN ST RAILWAY STATION, WOLLONGONG"
03956214X2,0395624827,"PLATFM 2 40 LIGHTWOOD RD SDOWN PK RLWY STN, SPRINGVALE"
03964201X1,0396420473,"PLATFM 2 91 SPENCER ST SOUTHERN CROSS RWS, DOCKLANDS"
03943800X2,0394384267,"0 STATION ST DIAMOND CREEK RWS, DIAMOND CREEK"
07337901X2,0733794327,"PLATFM 1 1 RUTHVEN ST QR CORINDA RWS, CORINDA"
07497410X2,0749741108,"4979 GLADSTONE-MONTO RD O/S UBOBO STATION, BOYNE VALLEY"
07557651X2,0755765984,"5 FOURTEENTH AVE CNR 1276 G C HWY, PALM BEACH"
08872511X2,0887257454,"28 TUMUT DRV , MT GAMBIER"
02664320X2,0266431393,"58 VICTORIA ST NR PRINCE ST, GRAFTON"
08638000X1,0863801183,"29 STATION ST SUBI SQUARE, SUBIACO"
02438506X2,0243852008,"11 CHURCH ST OS POLICE STATION, TERRIGAL"
07472910X1,0747291832,"88 MINEHANE ST MAGNETIC GATEWAY H, STUART"
03525813X2,0352581945,"78 BELLARINE HWY BEACON RESORT, QUEENSCLIFF"
02468301X2,0246831224,"11 OAKS ST NR WESTBOURNE AVE, THIRLMERE"
02629000X2,0262867906,"101 MAWSON DRV OS POST OFFICE, MAWSON"
02624203X2,0262427521,"4 PAUL COE CRS BLK 1 SECT 96, NGUNNAWAL"
02628104X2,0262813920,"29 BENTHAM ST SHOPPING CENTRE, YARRALUMLA"
02622622X2,0262262121,"93 MEEHAN ST NR COMUR ST, YASS"
02447113X2,0244711501,"645 BEACH RD NR SURFBEACH AVE, SURF BEACH"
02445413X2,0244541367,"278 GREEN ST POST OFFICE, ULLADULLA"
02429401X1,0242941632,"38 RAILWAY CRS RAILWAY STN, STANWELL PARK"
02422643X2,0242265346,"73 KEMBLA ST CNR BURELLI ST, WOLLONGONG"
02649670X2,0264967110,"7 TOWAMBA ST O/S TOWAMBA SCHOOL, TOWAMBA"
03572201X2,0357221404,"61 APPIN ST OS TAVERN, WANGARATTA"
08835925X2,0883595746,"126 HENDERSON AVE , POORAKA"
03974215X2,0397426675,"1 STATION ST , WERRIBEE"
07406691X2,0740669334,"709 TULLY HULL RD E OF COLLINS RD, LOWER TULLY"
08844301X2,0884435964,"69 FROGMORE RD , KIDMAN PARK"
03964516X2,0396451520,"40 BAY ST CNR ROUSE ST, PORT MELBOURNE"
03556219X2,0355623071,"209 MERRI ST WARRNAMBOOL RAILWA, WARRNAMBOOL"
07547831X1,0754526479,"34 LADY MUSGRAVE RD MOOLOOLABA TAFE, MOUNTAIN CREEK"
02623139X2,0262317654,"2 PRIMMER CRT , KAMBAH"
03598611X2,0359864100,"40 ILLAROO ST NR CNR TAWARRI AVE, CAPEL SND"
02975700X1,0297571305,"561 POLDING ST STOCKLAND SHOPPING, PRAIRIEWOOD"
08902710X2,0890271000,"1 MISTLETOE PL KAMBALDA PLAZA, KAMBALDA WEST"
07474581Y2,0747458136,"0 GOODEEDAWA RD CNR SHARP-NR POOL, DOOMADGEE"
07557242X2,0755729216,"2221 GOLD COAST HWY O/S POST OFFICE, MERMAID BEACH"
07557534X2,0755753604,"85 MARKERI ST CNR SUNSHINE BLVDE, MERMAID WATERS"
07340822X2,0734082556,"25 WELSBY PDE BONGAREE C/VAN PRK, BRIBIE ISLAND"
07546513X2,0754651060,"141 PATRICK ST NR POST OFFICE, LAIDLEY"
07469792X2,0746979201,"8599 NEW ENGLAND HWY NR HAMPTON RD, HAMPTON"
07469511X2,0746951301,"12 ALFRED ST NR FLORENCE ST, MILLMERRAN"
07469512X2,0746951237,"22 SIMMONS ST NR COMMENS ST, MILLMERRAN"
07469610X2,0746961106,"49 ETON ST NR LUCY ST, CAMBOOYA"
07467111X2,0746712502,"3 DE LACY ST NR DEVONS C/VAN PK, GOONDIWINDI"
07465540X1,0746554329,"6 WILSON         ST  NOCCUNDRA HOTEL, NOCKATUNGA"
07474331X2,0747438257,"84 BRETT AVE CNR WRIGHT RD, HEALY"
07474906X2,0747491537,"105 DARLING CRS CNR ABEL SMITH PDE, SUNSET"
07474315X2,0747439424,"32 MARIAN ST CNR MULLEN, THE GAP"
07474900X2,0747491120,"41 MILNE BAY RD CNR MARKHAM VLY RD, SOLDIERS HILL"
07474923X2,0747491671,"20 PAMELA ST NR STANLEY ST, THE GAP"
03979634X2,0397966287,"PLATFM  1 SHRIVES RD NARRE WARREN RWS, NARRE WARREN"
03979628X2,0397961063,"PLATFM  67 GLOUCESTER AVE BERWICK RLWY STN, BERWICK"
03979210X2,0397934504,"LVL 1 46 FOSTER ST RLWY STN MAIN ENT, DANDENONG"
03599650X2,0359965003,"15 STATION ST CRANBOURNE RWS, CRANBOURNE"
08868310X2,0886833451,"33 LONDON ST NR STEVENSON ST, PORT LINCOLN"
08864501X2,0886450232,"11 GOWRIE AVE OPP GOWRIE HOTEL, WHYALLA PLAYFORD"
08895680Y7,0889568543,"4 JUGADAI RD COMMUNITY CENTRE, HAASTS BLUFF"
08895681Y7,0889568553,"11 ZIMRAN ST HAASTS BLUFF COMM, HAASTS BLUFF"
02656693X2,0265669327,"634 SHERWOOD RD OS TOWN HALL, SHERWOOD"
02656741X2,0265674401,"5 MAIN ST OPP FITZGERALD ST, SMITHTOWN"
02656312X2,0265631843,"50 LACHLAN ST NR NICHOLSON ST, SOUTH KEMPSEY"
02658580X2,0265858378,"10 BRIL BRIL RD S COMMUNITY HALL, ROLLANDS PLAINS"
02655984X2,0265598408,"86 BOLD ST OS HAVEN PLAZA, LAURIETON"
02655992X2,0265599187,"78 BOLD ST CNR SEYMOUR ST, LAURIETON"
02927929X2,0292792245,"JCDBTH 1019 333 GEORGE ST O/S BANK NZ HOUSE, SYDNEY"
02927928X2,0292792243,"JCDBTH 1019 333 GEORGE ST O/S BANK NZ HOUSE, SYDNEY"
08822402X2,0882240563,"68 GRENFELL ST , ADELAIDE"
08994307X2,0899430528,"22 NORTH WEST COASTAL HWY NANUTARRA R/HOUSE, NANUTARRA"
08916112X2,0891611208,"12 BAKER ST WYNDHAM C/VAN PARK, WYNDHAM"
03989803X2,0398989515,"1 MAIN ST BOX HILL CENTRAL, BOX HILL"
03989801X2,0398985161,"1 MAIN ST BOX HILL CENTRAL, BOX HILL"
07465126X2,0746512414,"91 ASH ST WANPA-RDA MATILDA, BARCALDINE"
07335008X2,0733504356,"5 BANFIELD ST , CHERMSIDE"
07406080Y2,0740608115,"13 THIRD ST OPP BROADWAY ST, BLOOMFIELD"
07544364X2,0754437780,"174 ALEXANDRA PDE MANDOLIN, ALEXANDRA HEADLAND"
07477212X2,0747723320,"0 LITTLE ST S OF PRIMROSE ST, BELGIAN GARDENS"
07477916X2,0747798215,"52 LOVE LA E OF CHINA ST, MUNDINGBURRA"
03566372X2,0356637212,"0 LEES RD CNR BLACK AVE, VENUS BAY"
03645200X2,0364522019,"149 NELSON ST , SMITHTON"
07322149X2,0732211257,"280 ADELAIDE ST NR CREEK ST, BRISBANE CITY"
07322117X2,0732215226,"232 ALBERT ST CNR BURNETT LANE, BRISBANE CITY"
07322135X2,0732213720,"144 CHARLOTTE ST NR EDWARD ST, BRISBANE CITY"
07322150X2,0732211187,"35 CREEK ST NR ELIZABETH ST, BRISBANE CITY"
07322932X2,0732292784,"2 GEORGE ST QUT B & U BLK, BRISBANE CITY"
07322002X1,0732200415,"LVL A 91 QUEEN ST MYER CTR NR 7/11, BRISBANE CITY"
07321121X2,0732114570,"350 UPPER ROMA ST OS CLOUD 9 B'PCKRS, BRISBANE CITY"
07557680X2,0755768972,"263 CHRISTINE AVE OPP SILVABANK DRV, VARSITY LAKES"
07557628X2,0755767856,"155 NINETEENTH AVE NR BUS STOP, ELANORA"
07557536X2,0755753891,"49 CYPRESS DRV NR ALASKA AVE, BROADBEACH WATERS"
07467128X2,0746713023,"20 HUNGERFORD ST O/S TOURIST PARK, GOONDIWINDI"
07469260X2,0746926115,"10 MUNRO ST NR MCDOUGALL ST, COOYAR"
07463617X2,0746363881,"300 WEST ST O/S WESTRIDGE S/C, KEARNEYS SPRING"
07463952X2,0746393519,"241 BRIDGE ST NR BRIM ST, NEWTOWN"
07465990X2,0746599056,"ACUTE PHYC 154 WEST ST TOOWOOMBA HOSP, SOUTH TOOWOOMBA"
07463965X2,0746393590,"102 HILL ST O/S SHOPS, NEWTOWN"
07463942X2,0746393552,"10 MIRLE ST NR GOSTWYCK ST, NEWTOWN"
08943915X1,0894396168,"LOT 188 0 GILMORE AVE KWINANA BUS STN, KWINANA"
08943914X1,0894396612,"LOT 188 0 GILMORE AVE KWINANA BUS STN, KWINANA"
02625745X2,0262574169,"20 ALLARA ST NR CASINO CANBERRA, CANBERRA"
02668750X1,0266875589,"35 SKENNARS HEAD RD I/S LEISURE PARK, SKENNARS HEAD"
02665426X2,0266542785,"0 ARRAWARRA RD OPP THIRD AVE, ARRAWARRA HEADLAND"
02677222X2,0267721387,"162 BEARDY ST OS COURT HOUSE, ARMIDALE"
02676217X2,0267620312,"66 DURI RD OUTSIDE, SOUTH TAMWORTH"
03935928X2,0393592645,"83 KING ST NR BARRY RD, DALLAS"
03936733X2,0393674904,"221 MAIN RD OS PARK, ST ALBANS"
02493000X2,0249300000,"2 WILLIAM ST OPP LARGS HOTEL, LARGS"
02495719X2,0249579068,"282 TURTON RD NEWCASTLE HARNESS, NEW LAMBTON"
02497302X2,0249731569,"52 FISHERY POINT RD NR HILLCREST RD, MIRRABOOKA"
02963811X2,0296386854,"20 BENAUD PL O/S COLES, TELOPEA"
02963613X2,0296367343,"43 OLD PROSPECT RD , SOUTH WENTWORTHVILLE"
02989625X2,0298964869,"0 FULTON AVE CRN DARCY RD, WENTWORTHVILLE"
08938334X2,0893834612,"16 GIBBON ST NR WELLINGTON ST, MOSMAN PARK"
08938439X2,0893843599,"117 MARINE PDE OPP OVERTON GDNS, COTTESLOE"
08938507X2,0893850271,"149 MARINE PDE NR ERIC ST, COTTESLOE"
08938515X2,0893856283,"569 STIRLING HWY NR JARRAD ST, COTTESLOE"
08938510X2,0893853084,"1 STUART ST NR STIRLING HWY, MOSMAN PARK"
02974352X2,0297438357,"PLATFM 2 1 PARK RD REGENTS PARK RWS, REGENTS PARK"
02921211X2,0292125070,"1 LIVERPOOL ST MUSEUM RLWY STN, SYDNEY"
02988718X2,0298872232,"297 LANE COVE RD O/S MCDONALDS, MACQUARIE PARK"
02981626X2,0298162894,"80 TENNYSON RD CNR MORRISON RD, TENNYSON POINT"
02936924X2,0293891435,"414 BRONTE RD NR MURRAY ST, BRONTE"
02493301X1,0249337598,"15 MITCHELL DRV NR PAVILION S/C, EAST MAITLAND"
02674213X2,0267421098,"310 CONADILLY ST O/S TELEPHONE EXCH, GUNNEDAH"
02956420X2,0295641983,"80 WARDELL RD CNR FRAZER ST, MARRICKVILLE"
02963705X2,0296375297,"0 RAILWAY PDE GRANVILLE RLWY STN, GRANVILLE"
07335501X2,0733554999,"135 DAWSON PDE NR BLAKER RD, KEPERRA"
07387808X2,0738783581,"611 MOGGILL RD NR MOORDALE, CHAPEL HILL"
07335712X2,0733578455,"404 LUTWYCHE RD NR FULLER ST, WINDSOR"
07335723X2,0733577988,"112 STAFFORD RD NR RICHMOND ST, GORDON PARK"
07342511X2,0734251203,"26 WILLIAMS ST O/S POST OFFICE, DAYBORO"
07416506X2,0741654400,"71 LYONS ST NR POST OFFICE, MUNDUBBERA"
07416104X2,0741611105,"38 CAPPER ST O/S POST OFFICE, GAYNDAH"
07494673X2,0749467247,"244 SHUTE HARBOUR RD CNR ST MARTINS RD, CANNONVALE"
07549750X2,0754975062,"2 SPINNAKER DRV , SANDSTONE POINT"
07544460X2,0754446617,"121 BUNDILLA BLV NR COOTAMUNDRA DVE, MOUNTAIN CREEK"
03966246X2,0396621502,"5 BOWEN ST RMIT BLDG 3, MELBOURNE"
07478910X2,0747891220,"1073 RIVERWAY DRV , RASMUSSEN"
02956430X2,0295642116,"130 STANMORE RD NR MERCHANT ST, STANMORE"
02603541X2,0260354201,"38 MILTHORPE ST ADJ POST OFFICE, OAKLANDS"
02692108X2,0269211298,"30 HAMPDEN AVE , WAGGA WAGGA"
02692296X2,0269229697,"30 OLYMPIC HWY CNR RYAN ST, URANQUINTY"
02693172X1,0269317906,"87 BAYLIS ST IN MARKET PLACE, WAGGA WAGGA SOUTH"
02667660X2,0266766200,"22 FAWCETT ST CNR RIVERSIDE DVE, TUMBULGUM"
07340911X2,0734091264,"JETTY  176 THE ESPLANADE  LOT 2 OPP, KARRAGARRA ISLAND"
08826844X2,0882686654,"282 HANSON RD NR FIRST ST, WINGFIELD"
07320503X1,0732055989,"295 GYMPIE RD STRATHPINE CENTRE, STRATHPINE"
02676420X2,0267642201,"69 NUNDLE ST NR SHOP, WOOLOMIN"
03513417X2,0351346100,"29 MCDONALD ST , MORWELL"
02442314X2,0244236579,"0 EGANS LA ADJ JELLYBEAN PARK, NOWRA"
02444655X2,0244465101,"1 PARKES CRS CRN QUAY RD, CALLALA BEACH"
07329400X1,0732941809,"512 WARWICK RD VILLAGE S/C, YAMANTO"
02447405X2,0244744809,"50 SYDNEY ST NR TOMAKIN RD, BATEMANS BAY"
02445715X2,0244571442,"635 MURRAMURRANG RD OS CARAVAN PK, KIOLOA"
07403307X2,0740337259,"2 RIGG ST NR DES CHALMERS DR, WOREE"
07463910X2,0746393515,"27 BELL ST E OF BANK LANE, TOOWOOMBA CITY"
02936129X2,0293610356,"OPP  102 BURTON ST NR FORBES ST, DARLINGHURST"
07339605X2,0733966037,"713 ESPLANADE  O/S LOTA TAKEAWAY, LOTA"
07328216X2,0732821702,"207 BRISBANE RD CNR STAFFORD ST, BOOVAL"
07328122X2,0732811384,"69 GLEBE ST NR COOLIBAH ST, SILKSTONE"
07328166X2,0732814520,"2 SIEMONS ST NR TOONGARRA RD, ONE MILE"
07328154X2,0732811291,"63 BLACKSTONE RD NR QUEEN ST, EASTERN HEIGHTS"
07328204X1,0732828032,"51 JUNCTION RD KARALEE VLGE S/C, CHUWAR"
07547606X2,0754760172,"59 PERWILLOWEN RD O/S BURNSIDE STORE, BURNSIDE"
08839606X1,0883963645,"219 MONTAGUE RD , INGLE FARM"
08839502X1,0883958732,"219 MONTAGUE RD , INGLE FARM"
08838902X2,0883894201,"13 TOWNSEND ST NR GENERAL STORE, MT PLEASANT"
08864860X2,0886486024,"21 RAILWAY TCE O/S POST OFFICE, QUORN"
08886200X2,0888621565,"10 WALLACE ST O/S POST OFFICE, BALAKLAVA"
08886700X2,0888671024,"32 EDWARD ST O/S POST OFFICE, PORT WAKEFIELD"
08883800X2,0888382344,"64 MAIN COAST RD O/S GENERAL STORE, PINE POINT"
07469211X2,0746921109,"6 PROGRESS ST NR MYALL ST, QUINALOW"
08884860X2,0888486024,"7 MAIN ST OS OLD POST OFFICE, MARRABEL"
03636310X2,0363631104,"21 PIONEER DRV OUTSIDE EXCHANGE, MOLE CREEK"
02649611X1,0264961618,"LOT 158 0 ASLINGS BEACH RD , EDEN"
03936314X2,0393635934,"2 REID ST NR BALLARAT RD, ARDEER"
03542851X1,0354285157,"53 STATION ST RAILWAY STATION, CLARKEFIELD"
07497493X2,0749749208,"CAR PARK 384 CAPT COOK DRV OS CAPT COOK C/VAN, SEVENTEEN SEVENTY"
07497472X2,0749747569,"NEAR KIOS 641 CAPTAIN COOK DRV OS 1770 CAMP GRNDS, SEVENTEEN SEVENTY"
08823202X2,0882321974,"BLDG  46 KINTORE AVE SCHULZ UNI OF, ADELAIDE"
07415306X1,0741531742,"273 BOURBONG ST ADMIN AREA, BUNDABERG"
07415305X1,0741531259,"273 BOURBONG ST PILLAR TRIAGE AREA, BUNDABERG"
07340873X2,0734087702,"10 MARINE PDE NR BOAT RAMP, BELLARA"
07340876X2,0734087201,"150 SYLVAN BEACH ESP NR BORONIA DVE, BELLARA"
07462743X7,0746274366,"11 LAWTON ST NR POST OFFICE, WANDOAN"
07466534X2,0746653120,"13 FRY ST NR POST OFFICE, TARA"
08895679Y7,0889567632,"0 JAMESON COMM NR CHAIRMANS HOUSE, NGNJRA-GLS"
08895674Y2,0889567381,"0 TJUKURLA COMM NORTH AREA, GBSN DSRT S"
08895676Y8,0889567376,"0 WANNAN COMM NEAR HEALTH CLINIC, GBSN DSRT S"
08895672Y2,0889567324,"0 WARAKURNA COMM WEST AREA, GBSN DSRT S"
08895675Y8,0889567351,"0 WARAKURNA ROADHOUSE  , GBSN DSRT S"
08826300X2,0882631032,"901 GRAND JUNCTION RD VALLEY VIEW S/C, VALLEY VIEW"
08834400X2,0883442051,"69 LANSDOWNE TCE LEVI PARK C/VAN PK, VALE PARK"
08828100X2,0882810956,"85 JOHN ST OPP PARABANKS S/C, SALISBURY"
08839618X2,0883963603,"414 MILNE RD O/S SHOPS, REDWOOD PARK"
08835305X1,0883537856,"303 GRANGE RD FINDON S/C, FINDON"
08823501X2,0882351146,"183 FREDERICK RD FREDERICK S/C, GRANGE"
08839810X2,0883983943,"40 CAMERON ST C/VAN & TOURIST PK, MT BARKER"
08884620X2,0888462024,"101 MAIN ST NR THE CFA BRIGADE, BRINKWORTH"
08919378X2,0891937581,"67 DAKAS ST NR NIGHTINGALE DRV, CABLE BEACH"
08919361X7,0891936292,"67 DAKAS ST NR NIGHTINGALE DRV, CABLE BEACH"
03639510X2,0363951104,"1975 LILYDALE RD O/S POST OFFICE, LILYDALE"
03639610X2,0363961102,"840 FRANKFORD RD O/S PAST OFFICE, GLENGARRY"
03638340X2,0363834102,"174 CHARLES ST OPP POST OFFICE, BEAUTY POINT"
03635311X2,0363532207,"28 MAIN ST O/S POST OFFICE, RINGAROOMA"
03635604X2,0363561110,"83 MAIN ST O/S POST OFFICE, BRIDPORT"
03639901X2,0363993302,"39365 TASMAN HWY O/S POST OFFICE, NUNAMARA"
03637610X2,0363761102,"48 CECILIA ST O/S POST OFFICE, ST HELENS"
03647170X2,0364717105,"8 INNES ST OS STRAHAN HLDY PK, STRAHAN"
02926422X2,0292648379,"100 MARKET ST OS WESTFIELDS, SYDNEY"
02677700X2,0267770901,"68 TOPS RD O/S NOWENDOC SHOP, NOWENDOC"
02672209X2,0267223121,"97 OTHO ST O/S POST OFFICE, INVERELL"
07559906X2,0755991143,"68 DUTTON ST NR STAPYLTON ST, COOLANGATTA"
07553608X2,0755368398,"19 TWEED TCE NR BOUNDARY ST, COOLANGATTA"
08943913X1,0894396450,"4 CHISHAM AVE KWINANA MKTPLACE, KWINANA"
08895605X8,0889560817,"0 STUART HWY STUART WELL RD HSE, TJUKURLA"
03515570X2,0351557200,"2077 PRINCES HWY NR GENERAL STORE, NOWA NOWA"
08930914X2,0894081017,"11 MOOLANDA BLV , KINGSLEY"
02954517X2,0295453166,"16 BOYLE ST , SUTHERLAND"
02954502X2,0295453157,"16 BOYLE ST , SUTHERLAND"
02638561X2,0263856219,"963 FROGMORE RD CNR BALLY HOOLEY, FROGMORE"
02686412X2,0268641128,"0 HENRY PARKES WAY NR BUS STOP, BOGAN GATE"
03527829X2,0352785698,"15 STATION ST OS NORTH SHORE RWS, NORLANE"
08903713Y2,NONE,"12 TJUNTJUNTJARA COMM ADJ MEETING PLACE, PLUMRIDGE LAKES"
08902102X2,0890216529,"27 KURRAWANG COMM 17 KM SW KALGOOLIE, MOUNT BURGES"
08903711Y2,NONE,"43 TJUNTJUNTJARA COMM ADJ MEETING PLACE, PLUMRIDGE LAKES"
08919152Y2,0891915292,"10 GILLARONG COMM 20KM SE FITZROY, FITZROY CROSSING"
08917690Y2,0891769042,"53 KUNAWARTJI  WELL 33, GBSN DSRT N"
08919248Y7,0891924971,"56 ONE ARM POINT LENNARD GR COMM 200KM NE  BROOME, DAMPIER PENINSULA"
08916880Y2,0891688949,"110 BALGO BOTTOM CAMP COMM 220KM S HALLS CRK, TNMI"
08919244Y7,0891924939,"150 ONE ARM POINT OFFICE COMM 200KM NE  BROOME, DAMPIER PENINSULA"
08919241Y7,0891924901,"153 ONE ARM POINT AH-CHOO GR COMM 200KM NE  BROOME, DAMPIER PENINSULA"
08919240Y7,0891924900,"156 ONE ARM POINT WIGGAN GRP COMM 200KM NE  BROOME, DAMPIER PENINSULA"
08916889Y2,0891688904,"210 BALGO TOP CAMP COMM 220KM S HALLS CRK, TNMI"
08996370Y2,0899637169,"5 PIA WADJARI COMM 177 KM NNW YALGOO, SOUTH MURCHISON"
08996110Y1,0899611759,"LOCN 7065 6 WANDANOOKA COMM 18KM N MULLEWA, MULLEWA"
08993610Y1,0899361073,"15 WARRIBANNO CHIMNEY RD BARRELL WELLS COMM, AJANA"
08956270X1,0895627714,"84 EXMOUTH DRV RAIL STATION, BUTLER"
03633155X2,0363317131,"30 GORGE RD OUTSIDE PARK, TREVALLYN"
08834109X2,0883418364,"403 VICTORIA RD , TAPEROO"
07493363X2,0749336701,"150 SCENIC HWY , LAMMERMOOR"
07477140X2,0747714406,"200 FLINDERS ST FLINDERS ST EAST, TOWNSVILLE CITY"
07384428X2,0738444823,"194 GLADSTONE RD NR WAHCUMBA ST, HIGHGATE HILL"
07559107X2,0755916294,"29 MUSGRAVE AVE NR TURPIN RD, LABRADOR"
07494571X2,0749457258,"14 GLOUCESTER AVE NR BOAT RAMP, HIDEAWAY BAY"
08973420X2,0897344177,"21 RAILWAY PDE O/S GENERAL STORE, ALLANSON"
03988200X2,0398820191,"PLATFM 3 13 SEFTON PL EAST CAM' RLWY STN, CAMBERWELL"
03515401X2,0351540148,"6933 BONANG HWY OS SCHOOL, GOONGERAH"
02634508X2,0263450805,"172 WAUGOOLA RD , WYANGALA"
03515530X2,0351553109,"0 CHURCH ST CNR CARPENTER, LAKES ENTRANCE"
03515710X2,0351571200,"149 MAIN RD NR GENERAL STORE, LINDENOW"
03514600X2,0351460601,"48 LAKE ST O/S SUPERMARKET, LOCH SPORT"
03514700X2,0351472120,"98 JOHNSON ST BESIDE P O, MAFFRA"
03515482X2,0351548308,"21 MARINE PDE OS C/VAN PARK, MARLO"
03518700X2,0351871374,"60 MCLOUGHLINS BEACH RD , MCLOUGHLINS BEACH"
03514511X2,0351451300,"44 MAIN ST NR HASTINGS ST, NEWRY"
03515910X2,0351591201,"1 BOTANY ST OPP POST OFFICE, OMEO"
07494669X2,0749466502,"352 SHUTE HARBOUR RD O/S NIGHT CLUB, AIRLIE BEACH"
07495881X2,0749588101,"5381 BRUCE HWY O/S POST OFFICE, CALEN"
07492834X2,0749288073,"419 RICHARDSON RD OPP MCNEVIN ST, NORMAN GARDENS"
07492645X2,0749265892,"512 YAAMBA RD NR FARM ST, NORMAN GARDENS"
07492822X2,0749281845,"145 THOZET RD NR ROCKONIA, KOONGAL"
07492825X2,0749283055,"240 DEAN ST NR HIGH ST, BERSERKER"
07492829X2,0749285673,"125 ELPHINSTONE ST O/S NEWSAGENTS, BERSERKER"
07499221X2,0749924093,"98 DAWSON HWY O/S BILOELA C/V PK, BILOELA"
07493430X2,0749343140,"64817 BRUCE HWY NR ROYAL OAK HOTEL, YAAMBA"
07493573X2,0749357185,"6 ALICE ST O/S POST OFFICE, DUARINGA"
07497207X2,0749726493,"2 FRIEND ST NR SUTTON ST, BARNEY POINT"
07492103X2,0749213786,"37 MAIN ST O/S PARK AVE MALL, PARK AVENUE"
07492839X2,0749289566,"100 MAIN ST NR ALEXANDRA ST, PARK AVENUE"
07478850Y2,0747885548,"RDHSE  0 GREGORY DEVELOPMENTAL RD BLUE WATER SPRINGS, BASALT"
07478760Y2,0747876601,"LOT 31 0 FLINDERS HWY OUTSIDE HOTEL, BALFES CREEK"
07478291X2,0747829493,"LOT 6 29285 BRUCE HWY OS GREENACRES RH, HORSESHOE LAGOON"
07477910X1,0747795878,"100 ANGUS SMITH DRV EMERG ENT GRND FLR, DOUGLAS"
07472505X1,0747255159,"100 ANGUS SMITH DRV HOSP ENTRY NR SHPS, DOUGLAS"
07478316X2,0747835527,"42 ROSS ST NR GIBSON ST, AYR"
07478621X9,0747861855,"PARK  18540 BRUCE HWY OS BOWEN VLGE C/V, BOWEN"
07474150Y2,0747415190,"37 SAVAGE ST O/S PH EXCHANGE, PRAIRIE"
07474200X2,0747420694,"51 MCILWRAITH ST O/S OASIS C/VAN PK, CLONCURRY"
07478512X2,0747851604,"PARK  66 GOLF LINKS RD O/S QUEENS BCH C/V, BOWEN"
07478210X7,0747820105,"7 WALLACE RD O/S STORE, INKERMAN"
02432902X2,0243291164,"46 NARARA VALLEY DRV OS NARARA RLWY STN, NARARA"
03968703X2,0396898631,"PLATFM 1 23 PENTLAND PDE SEDDON RLWY STN, SEDDON"
03931513X2,0393159202,"0 RAILWAY ST ALTONA RLWY STN, ALTONA"
07385604X2,0738561479,"205 NEWMARKET RD QR WILSTON RWS, WILSTON"
07477252X2,0747726654,"S/VILL  31 EYRE ST OS NRTH WARD, NORTH WARD"
02602051X2,0260205210,"685 WOOMARGAMA WAY , WOOMARGAMA"
02498300X1,0249831470,"35 WILLIAM ST MARKET PLACE, RAYMOND TERRACE"
03987906X2,0398797102,"2 RAILWAY PL , RINGWOOD"
03639860X2,0363986276,"1101 NILE RD NEAR COX ST, NILE"
03599670X1,0359967514,"140 SLADEN ST NEAR RECEPTION, CRANBOURNE"
03948280X2,0394825005,"84 ARTHUR ST , FAIRFIELD"
07469110X7,0746911184,"77 CAMPBELL ST , OAKEY"
07559916X2,0755991374,"34 COOLANGATTA RD KIRRAMA COURT, COOLANGATTA"
02926745X2,0292675874,"447 KENT ST INTERPRO HOUSE, SYDNEY"
08938720X2,0893871799,"117 BIRKDALE ST NR CAMBRIDGE ST, FLOREAT"
08938405X2,0893843099,"49 MONUMENT ST ADJ ST LEONARDS, MOSMAN PARK"
08938406X2,0893843233,"7 CHAMBERLAIN ST NR ERIC ST, COTTESLOE"
08944609X2,0894467688,"22 MURIEL AVE NR THRALL ST, INNALOO"
08924409X2,0892441102,"88 ROSEWOOD AVE NR BIRCHWOOD AVE, WOODLANDS"
08934108X2,0893413053,"3 DORIC ST NR WEAPONESS RD, SCARBOROUGH"
08924513X2,0892451992,"172 ST BRIGIDS TCE NR FULFORD ST, SCARBOROUGH"
08924619X2,0892464481,"22 PADBURY CRCLE NR DRAKES WALK, SORRENTO"
08930008X2,0893002123,"88 BLUE MOUNTAIN DRV CNR MANYARRA TURN, JOONDALUP"
08930101X2,0893012187,"35 REID PRM NTHEND CENTRAL WLK, JOONDALUP"
08930518X2,0893052063,"51 BALTIMORE PDE ADJ JENOLAN WAY, MERRIWA"
08920600X2,0892061834,"66 BALLADONG LOOP OPP NUMBER 67, CARRAMAR"
08937024X2,0893702653,"163 NINTH AVE NR BEAUFORT ST, INGLEWOOD"
08927431X2,0892744860,"4 JANE BROOK DRV NR TALBOT RD, JANE BROOK"
08927441X2,0892745601,"9 SAINT BRIGIDS PL NR GT NORTHERN HWY, MIDLAND"
08935404X2,0893543900,"70 VELLGROVE AVE NR TORRIDON AVE, PARKWOOD"
08935403X2,0893542818,"15 TRIBUTE ST NR MONOTA AVE, SHELLEY"
08931303X2,0893131354,"59 LEY ST NR MANNING RD, COMO"
08931333X7,0893131328,"86 LOCKHART ST NR HENLEY ST, COMO"
08931328X7,0893131378,"13 BRADSHAW CRS NR WELWYN AVE, MANNING"
08931706X2,0893299763,"230 LEACH HWY NR MARSHALL RD, MYAREE"
08933620X2,0893367459,"29 COLLIE ST CNR 17 SOUTH TCE, FREMANTLE"
08933614X2,0893365749,"41 WILLIAM ST OPP 10 WILLIAM ST, FREMANTLE"
08941710X2,0894174283,"14 ANNOIS WAY NR PARKWAY RD, BIBRA LAKE"
08941707X2,0894171602,"31 MOORHEN DRV CNR SWALLOW DVE, YANGEBUP"
08943708X2,0894371187,"1048 ROCKINGHAM RD NR WATTLEUP RD, WATTLEUP"
08959420X2,0895942541,"176 CURRIE ST OPP 179, WARNBRO"
08952312X2,0895231821,"LOT 243 0 EIGHTY RD NR POSTANS CRT, BALDIVIS"
08957700X2,0895771018,"1 EDWARD RD O/S CARAVAN PARK, GUILDERTON"
08952530X7,0895252230,"4 WELLARD ST NR RICHARDSON, SERPENTINE"
08953730X2,0895373003,"16 DAMPIER DRV SHOPPING CENTRE, GOLDEN BAY"
07404103X2,0740412358,"1 GROVE ST NR LAKE ST, CAIRNS NORTH"
08965519X2,0896551201,"20 WEDGE ST NR ROBERTSON RD, LEDGE POINT"
08965516X2,0896551200,"2 HOPKINS ST NR GINGIN RD, LANCELIN"
08828101X2,0882816442,"53 NORTHBRI AVE MANOR FARM S/C, SALISBURY EAST"
02676070X1,0267607548,"42 SHAND CCT TAMWORTH AIRPORT, TAMWORTH"
03948935X2,0394896013,"388 HIGH ST , NORTHCOTE"
08808704X2,0880876256,"97 BLENDE ST NR BROMIDE ST, BROKEN HILL"
08808800X1,0880883289,"150 RAKOW ST IN CARAVAN PARK, BROKEN HILL"
08808819X2,0880882773,"343 THOMAS ST NR OXIDE ST, BROKEN HILL"
02668514X2,0266851600,"11 THE TERRACE  NR FINGAL ST, BRUNSWICK HEADS"
02878600X2,0287861553,"0 ROONY AVE O/S ABBOTSBURY SC, ABBOTSBURY"
07323609X1,0732364091,"200 ADELAIDE ST ANZAC SQUARE, BRISBANE CITY"
03518301X2,0351832599,"0 BAY ST CNR TARRAVILLE RD, PORT ALBERT"
03514510X2,0351451200,"2 TRARALGON-MAFFRA RD O/S GENERAL STORE, TINAMBA"
03562850X2,0356285200,"565 MAIN - JINDIVICK RD OS OLD PO, JINDIVICK"
03562810X2,0356281200,"121 MAIN RD OS POST OFFICE, NEERIM SOUTH"
03565920X2,0356592200,"10 POOWONG-RANCEBY RD NR POST OFFICE, POOWONG"
03562207X2,0356223505,"68 SMITH ST OS POST OFFICE, WARRAGUL"
03568700X2,0356871245,"3640 MEENIYAN PROMONTORY RD OS STORE, YANAKIE"
03599751X2,0359975851,"23 WESTERNPORT RD , LANG LANG"
03965409X2,0396542054,"9 COLLINS ST , MELBOURNE"
03943705X2,0394379843,"520 PLENTY RD CNR DEVELOPMENT RD, MILL PARK"
07406030X2,0740603026,"285 SHIPTONS FLAT RD OS LIONS DEN MOTEL, ROSSVILLE"
02928118X7,0292819089,"LVL 2 2 DARLING DRV HARBOURSIDE SC, SYDNEY"
02928138X7,0292812273,"LVL 1 2 DARLING DRV HARBOURSIDE SC, SYDNEY"
07382403X1,0738245896,"51 CAMBRIDGE DRV ALEXANDRA HILLS SC, ALEXANDRA HILLS"
07382400X1,0738240037,"51 CAMBRIDGE DRV ALEXANDRA HILLS SC, ALEXANDRA HILLS"
07415915X2,0741594332,"54 ROWLANDS RD THE OAKS CARAVAN *, BURNETT HEADS"
07415339X2,0741533948,"271 BOURBONG ST BUNDABERG HOSPITAL, BUNDABERG"
07415601X2,0741563102,"84 HEUSSMAN ST NR FLORA ST, MT PERRY"
07548640X2,0754864100,"45 EMPEROR ST TIN CAN BAY MARINA, TIN CAN BAY"
07548368X2,0754836084,"2 EEL CREEK RD NR WOOLOOGA RD, GYMPIE"
07335015X2,0733501120,"25 FARNELL ST NR VIEW ST, CHERMSIDE"
07559605X2,0755020695,"142 PAPPAS WAY O/S SHOPS, CARRARA"
02655921X2,0265592465,"16 DIAMOND DRV NR EMERALD DRV, DIAMOND BEACH"
07322158X2,0732215942,"270 ANN ST CNR EDWARD ST, BRISBANE CITY"
07322921X2,0732298220,"270 ANN ST CNR EDWARD ST, BRISBANE CITY"
02926716X2,0292678998,"271 ELIZABETH ST HYDE PARK INN, SYDNEY"
03567880X2,0356788201,"1514 BASS HWY , GRANTVILLE"
07547691X1,0754769469,"90 SIPPY DOWNS DRV OS SCIENCE BLDG, SIPPY DOWNS"
08919101Y2,0891917003,"13 KUPUNGARRI STORE COMM 170KM N FITZROY, KING LEOPOLD RANGES"
02637220X2,0263724451,"42 SYDNEY RD NR DEPOT RD, MUDGEE"
03982225X1,0398228554,"762 TOORAK RD STOCKLAND TOORONGA, GLEN IRIS"
02633611X2,0263361700,"124 OBERON ST MALACHI GILMORE HA, OBERON"
02462614X1,0246268359,"154 RIVERSIDE DRV NR SAMUEL PLC, AIRDS"
02602119X2,0260214654,"569 DEAN ST E OF KIEWA ST, ALBURY"
02604115X2,0260412480,"591 DEAN ST W OF KIEWA ST, ALBURY"
02602122X2,0260215109,"432 TOWNSEND ST NR HUME ST, ALBURY"
03523767X2,0352376301,"1 GREAT OCEAN RD NR TELFORD ST, MARENGO"
07552200X2,0755220489,"50 WOODLAND DRV CNR OLD COACH RD, REEDY CREEK"
08855651X2,0885565082,"195 PORT RD CNR OLD COACH RD, ALDINGA"
08855660X2,0885566165,"1 BUTTERWORTH RD CNR ESPLANADE, ALDINGA BEACH"
08883510X2,0888351224,"14 MAIN ST S OF SECOND ST, ARTHURTON"
02668511X2,0266851302,"6 OLD PACIFIC HIGHWAY ST NR FAWCETT ST, BRUNSWICK HEADS"
02668583X2,0266858873,"10 BAY ST OPP BEACH MOTEL, BYRON BAY"
02668561X9,0266855578,"20 BAY ST OPP FLETCHER ST, BYRON BAY"
02658551X2,0265855501,"923 OCEAN DRV CNR GRAHAM ST, BONNY HILLS"
02672371X2,0267237452,"18 BENDEMEER ST NR COURT ST, BUNDARRA"
02674341X2,0267434508,"90 MERTON ST NR BRENT ST, BOGGABRI"
02991803X2,0299189232,"67 OLD BARRENJOEY RD OS COMMUNITY CNTR, AVALON BEACH"
02493204X2,0249327032,"2 BECKETT ST NR CESSNOCK RD, GILLIESTON HEIGHTS"
02495809X2,0249583787,"436 LAKE RD NR PRINCESS ST, ARGENTON"
03528400X2,0352841300,"2153 BALLAN RD OS GENERAL STORE, ANAKIE"
02697620X2,0269762257,"79 QUEEN ST OS POLICE STN, BARMEDMAN"
02628203X2,0262823426,"16 HUGHES PL HUGHES S/C, HUGHES"
02629001X2,0262861384,"6 FARR PL OS CHIROPRACTOR, ISAACS"
02422701X2,0242273179,"203 CROWN ST WEND CROWN ST MALL, WOLLONGONG"
02422635X2,0242267063,"203 CROWN ST WEND CROWN ST MALL, WOLLONGONG"
03974039X2,0397401200,"1 CALDER HWY , DIGGERS REST"
07463402X1,0746346673,"100 ANZAC AVE CLIFFORD GARDENS S, NEWTOWN"
07557036X2,0755703907,"12 ELKHORN AVE CNR SURF PDS BLVD, SURFERS PARADISE"
07553811X2,0755382930,"29 ENDERLY AVE CNR SURF PDS BLVD, SURFERS PARADISE"
07472402X2,0747243349,"28 LANDSBOROUGH ST JADE APARTMENTS, NORTH WARD"
03522907X2,0352761200,"690 BALLARAT RD NR RIVER ST, BATESFORD"
07405760X2,0740576382,"1 FACULTY CL CNR MCGREGOR, SMITHFIELD"
07405564X2,0740556094,"33 POOLWOOD RD O/S SHOPPING CNTR, KEWARRA BEACH"
07553310X2,0755331124,"711 BEECHMOUNT RD OS STORE, LOWER BEECHMONT"
08949704X2,0893991459,"29 COMMERCE AVE ARMADALE BUS, ARMADALE"
02668021X1,0266802348,"84 RAJAH RD OCEAN VILLAGE SHOP, OCEAN SHORES"
07546736X2,0754673304,"2692 CUNNINGHAM HWY AMBERLEY CARAVAN P, WILLOWBANK"
08931038X2,0893101222,"6 ROBSON WAY NR SOUTH ST, MURDOCH"
08933556X2,0893357309,"58 ROCKINGHAM RD CNR STARLING ST, HAMILTON HILL"
02960705X2,0296075405,"72 ST JOHNS RD NR KHANCOBAN ST, HECKENBERG"
02970803X2,0297081632,"4 AUGUSTA ST NR PRINGLE AVE, BANKSTOWN"
02971205X2,0297121239,"375 GREAT NORTH RD NR CORANTO ST, WAREEMBA"
02971207X2,0297125635,"545 GREAT NORTH RD NR ALTONA ST, ABBOTSFORD"
02974335X2,0297436391,"1 HOSPITAL RD OUTSIDE HOSPITAL, CONCORD WEST"
02974633X2,0297468418,"11 BERESFORD RD NR DUKE ST, STRATHFIELD"
02635510X2,0263551004,"41 WOLGEN RD CNR SKELLY RD, LIDSDALE"
02635210X2,0263521621,"1119 GREAT WESTERN HWY O/S RED ROOSTER, LITHGOW"
02635285X2,0263521571,"73 METHVEN ST NR RIFLE PDE, LITHGOW"
02636810X2,0263681001,"21 TRUNKEY ST OPP HOTEL, NEWBRIDGE"
02633797X2,0263372300,"5 YOUNG ST CNR LAGOON RD, THE LAGOON"
02636884X2,0263688401,"31 CROUCH ST NR HOTEL, NEVILLE"
02456800X2,0245682100,"2 WHARF ST CNR WOLLOMBI RD, ST ALBANS"
02951606X2,0295164320,"35 LIBERTY ST NR CAMBRIDGE ST, ENMORE"
02956003X2,0295601039,"45 MIDDLETON ST NR STANMORE ST, PETERSHAM"
02457361X2,0245736208,"412 BOUNDARY RD NR NEICH RD, MARAYLYA"
02477340X2,0247734101,"3075 THE NORTHERN RD O/S SERVICE STN, LUDDENHAM"
02962300X1,0296232607,"213 FORRESTER RD LEAGUES CLUB FOYER, NORTH ST MARYS"
03966316X2,0396635893,"PLATFM 3 373 SWANSTON ST MELB CENTRAL RWS, MELBOURNE"
03966317X2,0396635948,"PLATFM 1 373 SWANSTON ST MELB CENTRAL RWS, MELBOURNE"
03966318X2,0396635991,"373 SWANSTON ST MELB CENTRAL RWS, MELBOURNE"
03966251X2,0396621903,"373 SWANSTON ST MELB CENTRAL RWS, MELBOURNE"
07337916X2,0733798584,"385 SHERWOOD RD ROCKLEA MARKETS, ROCKLEA"
08864204X1,0886426738,"6 NATIONAL ONE HWY WEST OF ETSA RD, PORT AUGUSTA"
03596243X2,0359624922,"251 MAROONDAH HWY OS  WALK SHOP, HEALESVILLE"
08919260X1,0891926098,"1 MURRAY RD PALM GROVE C/PARK, CABLE BEACH"
02654372X2,0265437109,"LOT 2 0 GLENBAWN RD GLENBAWN DAM, GLENBAWN"
08919152X9,0891915254,"4 FORREST RD O/S ROADHOUSE, FITZROY CROSSING"
08919150X9,0891915253,"4 FORREST RD O/S ROADHOUSE, FITZROY CROSSING"
08994303Y2,0899430500,"9 SCOTT ST CNR GREGORY ST, GASCOYNE JUNCTION"
02982016X1,0298208307,"10 FELDSPAR RD EAGLE VALE MARKETP, EAGLE VALE"
02462504X1,0246254051,"1 HURLEY ST OS COUNCIL LIBRARY, CAMPBELLTOWN"
02462816X2,0246285497,"198 QUEEN ST LITHGOW ST MALL, CAMPBELLTOWN"
02462818X2,0246284191,"25 O'SULLIVAN RD NR RUDD RD, LEUMEAH"
02464701X2,0246472244,"24 CURRANS HILL DRV NR HODGES PL, CURRANS HILL"
02465400X2,0246545241,"145 BURRAGORANG RD NR SPRING CREEK RD, MOUNT HUNTER"
07498590X1,0749859094,"12 LEICHHARDT DRV MIDDLEMOUNT S/C, MIDDLEMOUNT"
07498574X2,0749857373,"13 CENTENARY DRV IN CNTRCTRS CAMP, MIDDLEMOUNT"
07415335X2,0741533944,"50 TOTTEN ST NR FE WALKER ST, KEPNOCK"
07498543X2,0749854337,"25 RICHARDSON ST O/S GENERAL STORE, the GEMFIELDS"
07498540Y2,0749854448,"10 OLD REWARD RD NR RUBYVALE RD, the GEMFIELDS"
07498513X2,0749851148,"4 DUNNING RD RAILWAY RESERVE RD, ALPHA"
07546303X2,0754630324,"200 MULLER PARK RD MOOGERAH DAM, MOOGERAH"
08957310X2,0895731305,"100 ORCHARD RD NR GOVERNMENT RD, WOOROLOO"
08957360X2,0895736307,"47 BORONIA AVE NR ZAMIA TCE, WUNDOWIE"
08909115X2,0890918623,"58 LIONEL ST NR DART ST, SOUTH KALGOORLIE"
08903131Y2,0890313014,"34 BRITANNIA RD OS HOTEL, KOOKYNIE"
08909307X2,0890932950,"234 BURT ST ADJ DE BAUN ST, BOULDER"
08909308X2,0890931305,"116 BURT ST NR BROOKMAN, BOULDER"
08909310X2,0890931687,"68 BURT ST NR LANE ST, BOULDER"
02473902X2,0247398293,"5 ROSS ST NR PARK ST, GLENBROOK"
07416204X2,0741624171,"69 HALY ST OPP NORMAN ST, KINGAROY"
07385214X2,0738522498,"259 BRUNSWICK ST CNR WICKHAM ST, FORTITUDE VALLEY"
07384453X2,0738446728,"153 HARDGRAVE RD NR MITCHELL ST, WEST END"
07384631X2,0738465650,"39 HOOGLEY ST NR ORLEIGH ST, WEST END"
07384434X2,0738445165,"86 VULTURE ST NR BOUNDARY ST, WEST END"
07384411X2,0738442341,"89 VULTURE ST NR BOUNDARY ST, WEST END"
07384462X2,0738448680,"18 KENT ST QR DUTTON PK PLT2, DUTTON PARK"
07389102X2,0738915186,"13 QUARRY ST QR PARK ROAD, DUTTON PARK"
07339300X2,0733931148,"71 FLEURS ST NR ABINGDON ST, WOOLLOONGABBA"
07339153X2,0733914652,"55 IPSWICH RD NR WILTON ST, WOOLLOONGABBA"
07339107X2,0733914679,"137 LOGAN RD NR QUALTROUGH ST, WOOLLOONGABBA"
07339114X2,0733914792,"221 LOGAN RD NR TOOHEY ST, WOOLLOONGABBA"
07339124X2,0733916074,"112 PARK RD NR MERTON ST, WOOLLOONGABBA"
07339134X2,0733916824,"22 QUALTROUGH ST NR IPSWICH RD, WOOLLOONGABBA"
07339154X2,0733914703,"837 STANLEY ST NR JURGENS ST, WOOLLOONGABBA"
07389107X2,0738917452,"10 TOTTENHAM ST NR IPSWICH RD, WOOLLOONGABBA"
07339103X2,0733910919,"10 TOTTENHAM ST NR IPSWICH RD, WOOLLOONGABBA"
07389206X2,0738921510,"3 BOWER ST NR WATERTON ST, ANNERLEY"
07389225X2,0738922262,"9 CRACKNELL RD NR IPSWICH RD, ANNERLEY"
07339131X2,0733916619,"311 IPSWICH RD NR PALMERSTON ST, ANNERLEY"
07384828X2,0738487051,"427 IPSWICH RD NR ANNERLEY RD, ANNERLEY"
07384829X2,0738489473,"510 IPSWICH RD OS WOOLWORTHS, ANNERLEY"
07384818X2,0738489320,"586 IPSWICH RD NR CHESTER RD, ANNERLEY"
07339169X2,0733914696,"1 TAMAR ST NR ANNERLEY RD, ANNERLEY"
07389223X2,0738923784,"451 FAIRFIELD RD NR COWPER ST, YERONGA"
07384820X2,0738489977,"98 SCHOOL RD NR PARK RD, YERONGA"
07389203X2,0738921320,"47 BEAUDESERT RD NR COLEBROOK AVE, MOOROOKA"
07384830X2,0738487483,"201 BEAUDESERT RD OPP MAYFIELD RD, MOOROOKA"
07384805X2,0738487179,"291 BEAUDESERT RD NR KEATS ST, MOOROOKA"
07384807X2,0738487425,"54 HAMILTON RD NR PIERS ST, MOOROOKA"
07389224X2,0738922112,"14 MAYFIELD RD NR BEAUDESERT RD, MOOROOKA"
07327724X2,0732773622,"11 BALE ST NR MARSHALL RD, ROCKLEA"
08933118X2,0893374872,"10 DODD ST , HAMILTON HILL"
07415104X2,0741513588,"77 BOUNDARY ST NR MCCRAKEN ST, WALKERVALE"
07415201X2,0741528781,"54 BOUNDARY ST CNR WALKER ST, WALKERVALE"
07415312X2,0741533571,"100 BAROLIN ST NR LAMB ST, WALKERVALE"
07415305X2,0741533492,"278 GOODWOOD RD NR WYLLIE ST, THABEBAN"
07415343X2,0741534091,"45 SVENSSON RD NR GLASGOW ST, SVENSSON HEIGHTS"
07415325X2,0741533934,"97 BRANYAN ST NR SVENSSON ST, SVENSSON HEIGHTS"
07415918X2,0741599281,"1146 GIN GIN RD NR SHARON RD, SHARON"
07415300X2,0741532100,"55 TAKALVAN ST NR WALKER ST, MILLBANK"
07415334X2,0741533943,"31 PAYNE ST NR WARRELL ST, MILLBANK"
03969013X2,0396901078,"87 DUNDAS PL O/S POST OFFICE, ALBERT PARK"
03964514X2,0396451255,"15 CENTRE AVE O/S POST OFFICE, PORT MELBOURNE"
03957810X2,0395784581,"144 MCKINNON RD O/S LIBRARY, MCKINNON"
03976306X2,0397637065,"14 DARRYL ST O/S POST OFFICE, SCORESBY"
03977202X2,0397721109,"1 THE STRAND  O/S POST OFFICE, CHELSEA"
03977204X2,0397720286,"222 STATION ST O/S EDITHVALE RWS, EDITHVALE"
03977617X2,0397769584,"PLATFM  36 WELLS RD KANANOOK RWLY STN, SEAFORD"
03978613X2,0397866499,"55 LYREBIRD DRV O/S MILK BAR, CARRUM DOWNS"
03527801X2,0352787999,"39 ALKIRA AVE , NORLANE"
03524312X2,0352436644,"171 HIGH ST O/S POST OFFICE, BELMONT"
03522213X2,0352222120,"6 TANNER ST , BREAKWATER"
03524800X2,0352485376,"56 WATSONS RD , NEWCOMB"
03524806X2,0352487309,"201 COPPARDS RD O/S MILKBAR, MOOLAP"
03525907X2,0352592900,"49 NEWCOMBE ST , PORTARLINGTON"
03951012X2,0395103157,"30 PORTER ST PRAHRAN RWLY STN, PRAHRAN"
03952708X1,0395276280,"209 CARLISLE ST BALACLAVA RWS, BALACLAVA"
03959609X2,0395968671,"PLATFM  155 MARTIN ST GARDENVALE RWS, GARDENVALE"
03958705X2,0395876836,"PLATFM 2 0 STATION ST ASPENDALE RLWY STN, ASPENDALE"
03958703X1,0395878204,"505 MAIN ST MORDIALLOC RWS, MORDIALLOC"
03548219X2,0354822688,"232 OGILVIE AVE O/S POST OFFICE, ECHUCA"
03548710X2,0354871202,"31 MAIN ST NR POST OFFICE, GUNBOWER"
03545670X2,0354567409,"21 FINDLAY ST O/S POST OFFICE, LEITCHVILLE"
03543610X2,0354361407,"35 INGLEWOOD ST O/S POST OFFICE, RAYWOOD"
03637631X2,0363763904,"PARK  10 CHIMNEY HEIGHTS RD O/S HILLCREST C/V, STIEGLITZ"
03625703X7,0364911205,"672 BEULAH RD NR CNR DAVEYS RD, BEULAH"
03647312X2,0364731406,"12 AGNES ST O/S POST OFFICE, ROSEBERY"
03645813X2,0364581205,"11 CHURCH ST O/S POST OFFICE, STANLEY"
02664626X2,0266462408,"25 YAMBA ST NR COLDSTREAM ST, YAMBA"
03933300X1,0393337969,"0 HOTHLYN DRV RAIL STATION, CRAIGIEBURN"
07498314X2,0749831303,"87 TROPIC ST NEAR BEATTY ST, CLERMONT"
07554500X2,0755450824,"139 LONG RD , TAMBORINE MOUNTAIN"
07494201X1,0749425619,"32 BEACONSFIELD RD IN ANDERGROVE PARK, ANDERGROVE"
07495031X2,0749503905,"87249 BRUCE HWY B/HIND TRUCK STOP, ILBILBIE"
07495480X2,0749548308,"1 ROSEWOOD DRV NR AMPOL PAC/FAIR, RURAL VIEW"
07493362X2,0749336307,"7 ESPLANADE DRV OS GENERAL STORE, CAUSEWAY LAKE"
07492712X2,0749276465,"20 SOUTH ST NR BOLSOVER ST, DEPOT HILL"
07492703X2,0749276184,"133 MUSGRAVE ST NR CHARLES ST, BERSERKER"
07497219X2,0749726659,"1 MELLEFONT ST CNR BARRY ST, WEST GLADSTONE"
07497809X2,0749784185,"15 SHAW ST O/S SHOPPING CNTR, NEW AUCKLAND"
07497909X2,0749793731,"6 ROBERTS ST , SOUTH GLADSTONE"
07497805X1,0749787630,"281 J HICKEY AVE AIRPORT VLGE S/C, CLINTON"
08833703X2,0883373121,"411 PAYNEHAM RD NEAR, FELIXSTOW"
08833731X2,0883376654,"186 MARIAN RD NR GLYNBURN RD, GLYNDE"
08994858X2,0899485010,"0 GNARALOO RD QUOBBA STATION, MACLEOD"
07542602X2,0754260202,"2 KING ST NR KILCOY RD, SOMERSET DAM"
08958171X2,0895817294,"7 EROS PL CNR ORESTES ST, SAN REMO"
08953811X2,0895381051,"1 GREVILLA ST NR WILLIAMS RD, DWELLINGUP"
08958121X2,0895812140,"73 MANDURAH TCE OS TOURIST CENTRE, MANDURAH"
08958200X2,0895829158,"10 SMART ST SCHOLL ST END, MANDURAH"
08958153X2,0895815495,"10 SMART ST SCHOLL ST END, MANDURAH"
08958158X2,0895815100,"33 MANDURAH TCE NR TUCKEY ST, MANDURAH"
08958232X2,0895823638,"52 WILDERNESS DRV NR ALLENDALE CRS, DAWESVILLE"
08953518X2,0895351088,"137 PINJARRA RD CNR RANDELL ST, MANDURAH"
08953550X2,0895355335,"15 THIRD AVE CNR WATTLE  AVE, MANDURAH"
08958231X2,0895823752,"25 PARK RIDGE DRV NR OLD COAST RD, BOUVARD"
08953530X2,0895353660,"60 WYEREE ST CNR PARK RD, MANDURAH"
08953444X2,0895344001,"8 ROD CRT PT BOUVARD CAR PK, WANNANUP"
08972635X2,0897263103,"13605 SOUTH WEST HWY OPP LOT 8, ROELANDS"
08904950X2,0890495020,"41 DOOLETTE ST OS EXCHANGE, BULLFINCH"
08904710X2,0890471106,"3 WHITE ST NR SHADBOLT ST, MUKINBUDIN"
08918461X2,0891846091,"36 SECOND AVE NR THIRD ST, ONSLOW"
08918522X2,0891853366,"50 COLLAWANYAH RD OPP ARKNEY RD, KARRATHA"
08918536X2,0891853700,"13 SEARIPPLE RD NR WELCOME RD, KARRATHA"
08918527X2,0891851500,"20 WELCOME RD KARRATHA S/CENTRE, KARRATHA"
08918526X2,0891851400,"20 WELCOME RD KARRATHA S/CENTRE, KARRATHA"
08918513X2,0891853805,"65 TAMBREY DRV NR TAMBREY DRV, NICKOL"
08918210X2,0891821000,"10 MUNDUMIA WAY OS CARAVAN PARK, ROEBOURNE"
08957411X2,0895741511,"4625 GREAT EASTERN HWY O/S TAVERN, BAKERS HILL"
08966620X2,0896662030,"63 ROCHE ST NR POST OFFICE, KALANNIE"
08965450X7,0896545024,"29 DENTON ST O/S POST OFFICE, PIAWANING"
08966102X2,0896611100,"47 JOHNSTON ST NR MYERS ST, DALWALLINU"
08965213X2,0896521200,"15 INDIAN OCEAN DRV OPP DOUST ST, JURIEN BAY"
08965272X2,0896527389,"10 CADIZ ST ADJ ALVA WAY, CERVANTES"
08965271X2,0896527040,"3 CATALONIA ST CNR ARAGON ST, CERVANTES"
08965111X2,0896511102,"91 GARDINER ST NR DARGAI ST, MOORA"
08965490X7,0896548024,"11281 GREAT NORTHERN HWY OS ROADHOUSEE, NEW NORCIA"
08965500X2,0896550013,"6 HARRIS ST OS ROADHOUSE, REGANS FORD"
08965190X2,0896519030,"6 BINDOON-MOORA RD CNR LANIGAN ST, MOGUMBER"
08968500X2,0896851245,"59 MONGER ST OS POST OFFICE, BENCUBBIN"
08968410X2,0896841238,"25 RAILWAY ST NR NINGHAM RD, KOORDA"
08992800X2,0899281249,"55 MIDLANDS RD OPP POST OFFICE, MINGENEW"
08992720X2,0899272006,"33 MORETON TCE NR PT LEANDER DVE, DONGARA"
08992722X2,0899272024,"51 PT LEANDER DRV ADJ LEITCH ST, PORT DENISON"
08992600X2,0899261030,"1 EVANS RD OS POST OFFICE, WALKAWAY"
08996412X2,0899641106,"3 WHITFIELD PL NR FRASER ST, BEACHLANDS"
08992330X7,0899232657,"427 CHAPMAN RD NR HOSKEN ST, BLUFF POINT"
08996431X2,0899643121,"24 CHAPMAN RD NR DURLACHER ST, GERALDTON"
08996421X2,0899642069,"214 MARINE TCE NR FITZGERALD ST, GERALDTON"
08996310X2,0899631069,"79 AUSTIN ST NR VICTORIA ST, CUE"
07409146X2,0740914523,"27 MAUNDS RD OPP FIRST AVE, ATHERTON"
02629004X2,0262862845,"70 HODGSON CRS PEARCE SHOPPING CE, PEARCE"
07412404X1,0741249107,"119 ELIZABETH ST URANGAN CENTRAL SH, URANGAN"
02429713X1,0242977520,"0 PIPER DRV RWS SHELLHARBOUR J, DUNMORE"
08868020X2,0886802024,"7 BURTON TCE O/S POST OFFICE, WUDINNA"
02664540X2,0266454047,"1 SCULLIN ST NR JUBILEE ST, TOWNSEND"
02664541X2,0266454356,"LOT 434 0 CAMERON ST TOURIST INFO CNTR, GULMARRAD"
02498423X2,0249810719,"0 GOVERNMENT RD NR SHOAL BAY RD, SHOAL BAY"
02983504X2,0298352304,"36 BUCKWELL DRV NEAR LANEWAY, HASSALL GROVE"
07415902X2,0741598188,"2 PARK DRV NR LEGOON DRV, MOOREPARK BEACH"
07547660X2,0754766027,"1 SCHOLARS DRV OS CHANCELLR PK SC, SIPPY DOWNS"
03931514X2,0393157157,"1 SOUTH AVE , ALTONA MEADOWS"
03577210X2,0357721037,"89 GRANT ST , ALEXANDRA"
02625755X2,0262575233,"78 WATTLE ST OS LYNEHAM SHOPS, LYNEHAM"
02635303X2,0263531573,"156 MAIN ST CNR STATION ST, LITHGOW"
02921208X2,0292125004,"1 EDDY AVE ADJ BELMORE PARK, HAYMARKET"
02928170X2,0292814009,"MAIN  1 EDDY AVE CENTRAL WEST ENTRY, HAYMARKET"
02928165X2,0292813684,"MAIN  1 EDDY AVE CENTRAL WEST ENTRY, HAYMARKET"
02928126X2,0292813494,"MAIN  1 EDDY AVE CENTRAL WEST ENTRY, HAYMARKET"
02928108X7,0292817778,"MAIN  1 EDDY AVE CENTRAL WEST ENTRY, HAYMARKET"
02928111X7,0292817782,"PLATFM 24 1 EDDY AVE CENTRAL CONCSE NR, HAYMARKET"
02494018X2,0249654183,"8 BEAUMONT ST O/S RWS NR HUDSON, HAMILTON"
03965042X1,0396508698,"235 FLINDERS LA REAR OF BUILDING, MELBOURNE"
03946402X2,0394641131,"363 HIGH ST CNR TRAMOO ST, LALOR"
07542411X2,0754241204,"30 HIGHLAND ST OUTSIDE HOSPITAL, ESK"
07465632X7,0746563229,"69 ADELAIDE ST CNR BURT ST, BIRDSVILLE"
08865811X2,0886581494,"21 SECOND ST ADJ TO POLICE STN, ORROROO"
07465640Y2,0746564827,"704 SHEPHERD ST NR SKINNER ST, ADAVALE"
02437701X2,0243771110,"4666 WISEMANS FERRY RD OPP SHOP, SPENCER"
03935046X2,0393501845,"38 MASHOOBRA ST , COBURG NORTH"
08837905X2,0883791051,"296 GREENHILL RD , GLENSIDE"
03942903X2,0394291316,"27 SWAN ST RSW NR BOOKING OFF, RICHMOND"
03942905X2,0394291492,"27 SWAN ST RWS NR BOOKING OFF, RICHMOND"
02972516X2,0297275026,"12 PHELPS ST NR BARTLEY ST, CANLEY VALE"
02964406X2,0296444741,"172 ROSE ST NR BUIST ST, SEFTON"
02635201X2,0263521491,"29 BELL RD OAKY PARK, OKY PK"
02948229X2,0294822157,"1 FLORENCE ST , HORNSBY"
02495698X2,0249569357,"39 HELEN ST O/S VILLAGE S/C, CARDIFF SOUTH"
02494033X2,0249654158,"8 FOWLER ST , HAMILTON SOUTH"
02494000X2,0249654140,"186 LAWSON ST ALEXANDER ST, HAMILTON SOUTH"
02496728X2,0249673365,"281 MAITLAND RD , MAYFIELD WEST"
02492624X2,0249263076,"582 HUNTER ST OS POST OFFICE, NEWCASTLE WEST"
02602104X1,0260215309,"201 EAST ST BASE HOSPITAL, EAST ALBURY"
03874604X1,0387465368,"533 HIGH ST WOODGROVE S/C, MELTON WEST"
07406976X2,0740697576,"51 CIRCULAR WAY E OF MAHOGANY AVE, TRUNDING"
07404148X2,0740414338,"179 ESPLANADE  OS HOSPITAL, CAIRNS NORTH"
07404162X2,0740416209,"2 KERWIN ST NR LAKE ST, CAIRNS NORTH"
07463924X2,0746393547,"351 RUTHVEN ST CNR RUSSELL STREET, TOOWOOMBA CITY"
08896454X2,0889645567,"STN  0 BARKLY HWY AVON DOWNS POLICE, RANKEN"
08932809X2,0893285038,"40 EAST PDE IN RAIL TERMINAL, PERTH"
02625354X1,0262538765,"33 HIBBERSON ST NR BIG W, GUNGAHLIN"
02649231X1,0264923394,"1614 TATHRA RD HOSPITAL, BEGA"
08972104X2,0897215505,"12 BOURKE ST NR STUART, BUNBURY"
08979185X2,0897916015,"64 BEACH RD CNR JARRAH ST, BUNBURY"
08979172X2,0897914013,"131 VICTORIA ST CNR PRINSEP ST, BUNBURY"
08979110X2,0897914710,"20 VICTORIA ST ELIOT ST, BUNBURY"
08979118X2,0897916024,"18 BUSHELL ST HANDS AVE, CAREY PARK"
08979115X2,0897916020,"10 MONDAK PL CNR GWINDA ST, CAREY PARK"
08979518X2,0897959023,"LOT 113 0 MOSEDALE AVE NR OCEAN DRV, USHER"
08979519X2,0897957600,"44 STALLARD PL CNR PARADE RD, WITHERS"
08979509X2,0897957500,"13 WESTWOOD ST NR JACARANDA CRS, WITHERS"
08973350X2,0897335101,"38 STATION ST OPP HOTEL, YARLOOP"
08972913X7,0897291707,"102 UDUC RD NR YOUNG ST, HARVEY"
08972530X7,0897252205,"151 LUCY VICTORIA AVE , AUSTRALIND"
08979700X2,0897970590,"2 TRAVERS DRV CNR PARIS RD, AUSTRALIND"
08973150X2,0897315109,"20 SOUTH WESTERN HWY O/S COMM HALL, BOYANUP"
08976510X2,0897651003,"40 BRIDGE ST NR ABLE ST, BOYUP BROOK"
08976412X2,0897641174,"26 SOUTH WEST HWY VILLAGE GREEN PARK, BALINGUP"
08976430X7,0897643197,"26 BLACKWOOD RD CNR STANIFER ST, GREENBUSHES"
08977672X2,0897767248,"51 WHEATLEY ST , NORTHCLIFFE"
08975730X2,0897573169,"5 MITCHELL DRV OPP PAPPADAKIS ST, PREVELLY"
02928124X1,0292810695,"1 EDDY AVE CENTRAL EAST ARCH, HAYMARKET"
02928147X2,0292810698,"1 EDDY AVE CENTRAL EAST ARCH, HAYMARKET"
02928146X2,0292810697,"1 EDDY AVE CENTRAL EAST ARCH, HAYMARKET"
02928143X2,0292810690,"1 EDDY AVE CENTRAL EAST ARCH, HAYMARKET"
02629108X2,0262917618,"38 HALLEY ST CHISHOLM SHOPPING, CHISHOLM"
02665363X2,0266564823,"94 SOLITARY ISLANDS WAY AQUALUNA SAPPHIRE, KORORA"
08988382X2,0898838165,"39 BANNISTER RD , BODDINGTON"
08994122X2,0899412885,"20 CLEAVER ST HOSPITAL ENTRANCE, CARNARVON"
08994851X1,0899485109,"44 ROBINSON ST OS PEOPLES CVAN/PK, CORAL BAY"
08992010X2,0899201053,"6973 CHAPMAN VALLEY RD O/S POST OFFICE, YUNA"
08993500X2,0899351145,"22 PORT ST ADJ FIRE STATION, GREGORY"
08993432X2,0899343051,"11 GLANCE ST O/S POST OFFICE, HORROCKS"
08993410X2,0899341000,"208 HAMPTON ST O/S POST OFFICE, NORTHAMPTON"
08993411X2,0899341100,"230 HAMPTON RD O/S NATIONAL BANK, NORTHAMPTON"
08993702X2,0899372105,"10 PORTER ST O/S SHOP CENTRE, KALBARRI"
08993709X2,0899371078,"4 WOODS ST NR GREY ST, KALBARRI"
08997111X2,0899711001,"32 WINFIELD ST CNR PRATER ST, MORAWA"
08996280X7,0899628053,"17 GIBBONS ST ADJ WEEKS ST, YALGOO"
08996341X2,0899634100,"51 HEPBURN ST CNR RICHARDSON ST, MOUNT MAGNET"
08996342X2,0899634561,"17 NAUGHTON ST CNR HEPBURN ST, MOUNT MAGNET"
08996418X2,0899641775,"50 SANFORD ST NR DURLACHER ST, GERALDTON"
08995519X2,0899551003,"2 ENEABBA DRV NR JOHNSON ST, ENEABBA"
08995110X2,0899511319,"14 MACPHERSON ST OS  POST OFFICE, CARNAMAH"
08995210X2,0899521001,"14 MAIN ST NR COMMERCIAL ST, COOROW"
08995304X2,0899531055,"43 THOMAS ST O/S CARAVAN PARK, LEEMAN"
08992311X7,0899231730,"62 LAWLEY ST CNR GREEN ST, SPALDING"
08996460X2,0899646712,"154 UTAKARRA RD NR PLYMOUTH RD, UTAKARRA"
08996430X2,0899643054,"25 CAPTAINS CRS CNR ANCHOR WAY, WEST END"
08993610X2,0899361022,"22 NORTHWEST COASTAL ST O/S HALL, BINNU"
07553842X2,0755389102,"4 CAVILL AVE H JACKS, SURFERS PARADISE"
03562920X2,0356292301,"33 NAR NAR GOON-LONGWARRY RD OS POST OFFICE, GARFIELD"
03642701X1,0364270206,"13 AIRPORT RD DEVONPORT AIRPORT, WESLEY VALE"
07404506X2,0740452704,"113 BRUCE HWY OS PICCONES S/C, EDMONTON"
08864105X1,0886413680,"71 HOSPITAL RD MAIN FOYER, PORT AUGUSTA"
08864231X2,0886422909,"76 STIRLING RD NR HOSPITAL RD, PORT AUGUSTA"
02629904X1,0262994023,"139 MONARO ST RIVERSIDE PLAZA, QUEANBEYAN"
07477030X2,0747703105,"20 HERVEY ST E OF FANNING ST, RAVENSWOOD"
02975401X1,0297541726,"GRND FLR 54 SMART ST NEETA CITY S/C, FAIRFIELD"
02972800X1,0297289021,"GRND FLR 54 SMART ST NEETA CITY S/C, FAIRFIELD"
02972507X1,0297256941,"54 SMART ST NEETA CITY SHOPPIN, FAIRFIELD"
07384827X2,0738489437,"1117 IPSWICH RD NR UNWIN ST, MOOROOKA"
07461550X1,0746155026,"SHP 13 66 HIGHFIELDS RD HIGHFIELDS SHOPPIN, HIGHFIELDS"
03958301X1,0395838510,"400 BAY RD SOUTHLAND RWS, CHELTENHAM"
08885452X2,0888545024,"45 MAIN ST OS POST OFFICE, WAROOKA"
02928191X2,0292817753,"PAID  1 EDDY AVE CENTRAL DEVNSH ENT, HAYMARKET"
07474685X2,0747468466,"LOT 1 0 NELIA BUNDA RD CORELLA CRK ACCOM, NELIA"
07474252X2,0747425119,"0 KAJABBI NORMANTON RD N E OF BELL ST, THREE RIVERS"
02662830X1,0266283871,"89 MAIN ST ALSTONVILLE PLAZA, ALSTONVILLE"
02662800X1,0266280502,"89 MAIN ST ALSTONVILLE PLAZA, ALSTONVILLE"
07383110X2,0738316151,"410 ANN ST NR CLARK LANE, BRISBANE CITY"
07384814X2,0738488255,"88 HYDE RD NR KINGSLEY PDE, YERONGA"
07328703X1,0732874342,"112 LOGAN RIVER RD TEYS BROS FACTORY, HOLMVIEW"
07412326X2,0741234199,"65 WALKER ST NR FERRY LA, MARYBOROUGH"
07547800X2,0754780136,"130 BRISBANE RD NR PANGARINDA, MOOLOOLABA"
07547801X2,0754780158,"162 BRISBANE RD NR AKERINGA PL, MOOLOOLABA"
07544927X7,0754492997,"90 NOOSA PDE NR QUAMBY PL, NOOSA HEADS"
07544615X2,0754461802,"1469 DAVID LOW WAY NR GOONGILLA ST, YAROOMBA"
07549353X2,0754935843,"349 NICKLIN WAY NR THUNDERBIRD DV, BOKARINA"
07463500X1,0746356703,"140 SOUTH ST SOUTHTOWN SC, CENTENARY HEIGHTS"
02960106X2,0296015409,"80 BOUNDARY RD CNR MARY CRES, LIVERPOOL"
02960113X2,0296010468,"129 GEORGE ST CNR ELIZABETH ST, LIVERPOOL"
02465800X2,0246580104,"67 HARRINGTON ST NR MACATHUR RD, ELDERSLIE"
02625904X2,0262596834,"4 DALEY CRS ADJ SHOPPING CTE, FRASER"
02629701X2,0262971078,"189 CRAWFORD ST NEAR SALVOS STORE, QUEANBEYAN"
02629912X2,0262994392,"30 ROSS RD CRN VELACIA PLC, QUEANBEYAN"
02629916X2,0262994379,"31 MACQUOID ST NR ATKINSON ST, QUEANBEYAN"
02629104X2,0262910832,"18 CASTLETON CRS CRN JEFFERIES ST, GOWRIE"
03942808X1,0394281378,"34 ERIN ST FOYER EPWORTH, RICHMOND"
08895679Y1,NONE,"0 JAMESON COMM NEW COUNCIL OFFICE, NGNJRA-GLS"
07335802X2,0733581155,"51 CHESTER ST CNR ARTHUR ST, TNRFFE"
07325214X2,0732521436,"121 KENNIGO ST NR WATER ST, SPRING HILL"
07325221X2,0732528920,"309 HARCOURT ST CNR COMMERCIAL RD, TNRFFE"
07335812X2,0733582277,"12 MACQUARIE ST NR KINGSHOLME ST, TNRFFE"
07339739X2,0733976653,"811 LOGAN RD NR BIRDWOOD RD, HOLLAND PARK WEST"
07339726X2,0733974645,"920 LOGAN RD NR HAROLD ST, HOLLAND PARK WEST"
07339715X2,0733972039,"959 LOGAN RD NR YULETIDE ST, HOLLAND PARK WEST"
07339102X2,0733910713,"126 WELLINGTON RD NR TOOHEY PLACE, EAST BRISBANE"
07320918X2,0732093832,"72 QUEENS RD O/S CHURCH, SLACKS CREEK"
07339600X2,0733960219,"204 PRESTON RD NR WONDALL RD, MANLY WEST"
07334112X2,0733416419,"194 PARFREY RD O/S SHOPPING CNTR, ROCHEDALE SOUTH"
07334926X2,0733494823,"1644 LOGAN RD NR WISHART RD, MT GRAVATT"
07559606X2,0755021825,"9 PAPPAS WAY O/S HUNGRY JACKS, Highland Park"
07553392X2,0755339725,"267 NINETEENTH AVE NR AVOCADO ST, ELANORA"
07553227X2,0755324819,"167 MUSGRAVE AVE O/S KEITH HUNT PK, LABRADOR"
08972106X2,0897216499,"53 TIMPERLEY RD BUNBURY GLADE CARA, SOUTH BUNBURY"
02980801X1,0298082360,"109 BLAXLAND RD LG LVL NR INFODESK, RYDE"
02962304X1,0296235819,"10 CHARLES HACKETT DRV O/S TARGET, ST MARYS"
03979306X1,0397931060,"122 THOMAS ST COMMUNTY HEALTH, DANDENONG"
03942946X2,0394293102,"404 BURNLEY ST BURNLEY PO, RICHMOND"
02465506X2,0246551009,"135 ARGYLE ST NR OXLEY ST, CAMDEN"
07548365X2,0754836078,"24 GEORDIE RD O/S VISITOR INFO, MONKLAND"
03931511X2,0393153043,"0 SUNSHINE RD RSW CNR ASHLEY ST, TOTTENHAM"
03974124X2,0397412254,"11 WEDGE ST , WERRIBEE"
02658611X2,0265861039,"230 HIGH ST TIMBERTOWN RETREAT, WAUCHOPE"
02628400X2,0262843910,"16 GEORGE ST , OAKS ESTATE"
02635306X1,0263531386,"69 BENT ST LITHGOW VALLEY PLA, PTRY EST"
03980106X2,0398012613,"96 COLEMAN RD OS SHOPS, WANTIRNA SOUTH"
03972542X2,0397257327,"480 DORSET RD , CROYDON SOUTH"
07404173X2,0740417051,"116 MULGRAVE RD CNR CLARE ST, PARRAMATTA PARK"
07403304X2,0740335239,"25 BEATRICE ST NR LAVENDER, MOOROOBOOL"
07404147X2,0740414532,"51 MINNIE ST CNR DRAPER ST, PARRAMATTA PARK"
07404107X2,0740411304,"17 HOARE ST OS B/BALL COURT, MANUNDA"
08868431X1,0886843741,"954 LINCOLN HWY PT LINCOLN CRVN PK, NORTH SHIELDS"
08897548X7,0889754596,"58 STUART HWY MATARANKA STORE, MATARANKA"
03638270X2,0363827220,"5098 BRIDPORT RD , PIPERS RIVER"
08832300X1,0883239116,"48 FIELD ST MCLAREN VALE LAKES, MCLAREN VALE"
08927440X2,0892744976,"7 O'CONNOR RD STRATTON PARK SHOP, STRATTON"
07381809X1,0738181792,"1 COLLINGWOOD DRV NR WESTPAC, REDBANK"
07552503X2,0755250564,"49 SECOND AVE CNR PHILIPPINE PDE, PALM BEACH"
07463503X2,0746353370,"154 DRAYTON RD , Harristown"
07403115X2,0740316117,"157 MULGRAVE RD N OF BUCHAN ST, BUNGALOW"
07477141X2,0747714692,"16 KINGS RD O/S CARAVAN PARK, WEST END"
07326310X2,0732634920,"59 ALBANY CREEK RD ASPLEY HYPERMARKET, ASPLEY"
03626582X2,0362658129,"102 LEWISHAM SCENIC DRV , LWSHAM"
07549971X2,0754997621,"67 BULCOCK ST CNR OTRANTO AV, CALOUNDRA"
07544906X2,0754490712,"140 GYMPIE TCE O/S LIONS PARK, NOOSAVILLE"
07549141X2,0754917152,"36 BURGESS ST NR KINGS BCH TAVRN, KINGS BEACH"
08967411X2,0896741241,"65 FEDERATION ST , BALLIDU"
07492100X2,0749213781,"180 NORTH ST NR FLYNN ST, WANDAL"
07498761X2,0749876013,"9 MAYFAIR DRV , EMERALD"
02655516X2,0265558873,"21 BOUNDARY ST , FORSTER"
07320813X2,0732084320,"6 ALLAMANDA DRV DAISY HILL RD SC, DAISY HILL"
07380602X2,0738065379,"2 BELBORA RD NR BRYANTS  RD, SHAILER PARK"
07403306X2,0740337039,"183 TOOGOOD RD CNR FAIRVIEW ST, BAYVIEW HEIGHTS"
07404102X2,0740411430,"123 ESPLANADE  NR FLORENCE ST, CAIRNS CTY"
07472802X2,0747283461,"29 ANNE ST OP FLEMMING, AITKENVALE"
07477312X2,0747737868,"64 HUDSON ST NR THURINGOWA DRV, KIRWAN"
07477927X2,0747799019,"87 BOWEN RD NEAR INGLIS, ROSSLEA"
07406670X2,0740667805,"11 EURAMO RD OPP HOTEL, EURAMO"
07389227X2,0738922748,"10 LYON ST CNR IPSWICH RD, MOOROOKA"
07406760X2,0740676104,"70 BRUCE HWY O/S HOTEL, MIRRWNI"
02665102X2,0266511560,"1 HARBOUR DRV WEST END, COFFS HARBOUR"
02665100X2,0266511389,"110 HARBOUR DRV EAST END, COFFS HARBOUR"
02472148X2,0247213794,"461 HIGH ST , PENRITH"
03968925X2,0396894419,"73 GAMON ST , YARRAVILLE"
02422604X2,0242262417,"139 CROWN ST CROWN ST MALL, WOLLONGONG"
07384466X2,0738449087,"22 ERNEST ST CNR GREY ST, SOUTH BRISBANE"
07384467X2,0738449182,"23 ERNEST ST CNR GREY ST, SOUTH BRISBANE"
08832302X2,0883238154,"139 MAIN RD , MCLAREN VALE"
03970609X2,0397069840,"28 PALM PLZ MALL, DANDENONG"
07477272X2,0747727019,"398 FLINDERS ST NEAR STANLEY ST, TOWNSVILLE CITY"
02433350X2,0243335186,"93 THE ENTRANCE RD WATERFRONT RESORT, THE ENTRANCE"
07405363X2,0740536783,"33 ALFRED ST N OF COCHRANE S, MANUNDA"
07548470X2,0754847309,"4 THOMAS ST NR BOOKER ST, WOOLOOGA"
02980927X2,0298097125,"5 CHURCH ST NR BLAXLAND RD, RYDE"
07405431X2,0740543984,"532 MULGRAVE RD NR BARR ST, EARLVILLE"
03626790X2,0362679102,"35 BEACH RD OS CARAVAN PARK, SNUG"
02665833X2,0266583836,"353 HOGBIN DRV SCU MAIN ENTRANCE, COFFS HARBOUR"
02665832X2,0266583746,"LVL 1 353 HOGBIN DRV SCU LIBRARY BK E, COFFS HARBOUR"
03960249X2,0396024338,"307 KING ST NR LA TROBE ST, MELBOURNE"
07463070X2,0746307305,"29 OLD HOMEBUSH RD NR GOWRIE/LILYVALE, GOWRIE JUNCTION"
07463081X2,0746308874,"2 PLAZA CRCLE O/S SHOPS, HIGHFIELDS"
07462724X2,0746272035,"134 MURILLA ST NR CENTENARY AVE, MILES"
07462311X2,0746231291,"141 ALICE ST NR CAMBRIDGE ST, MITCHELL"
07462312X2,0746231569,"7 CAROLINE ST NR OXFORD ST, MITCHELL"
07466640X2,0746664100,"3 ACACIA AVE NR TOOLOOM ST, LEGUME"
07466561X2,0746656102,"10 SARA ST NR PAYNE ST, MEANDARRA"
07465641Y2,0746564884,"0 COOPER DEVELOPMENT RD CNR NEAL ST, EROMANGA"
07469930X2,0746993278,"5 GOWRIE ST O/S VILLAGE GREEN, KINGSTHORPE"
08884300X2,0888430024,"31 MAIN NORTH RD GENERAL STORE, WATERVALE"
03938014X2,0393805254,"295 ALBERT ST BRUNSWICK RWLY STN, BRUNSWICK"
07409826X2,0740982767,"133 ALCHERA DRV N OF QUAID ST, MOSSMAN"
07409810Y1,0740981867,"0 MOSSMAN GORGE RD OPP ABLUTION BLK, MSSMN GRGE"
07409430X2,0740943109,"6875 MULLIGAN HWY O/S HOTEL, MT CARBINE"
07409410X2,0740941108,"16 MAIN ST S OF LITTLE ST, MT MOLLOY"
07406320X2,0740632105,"22 BRUCE HWY N OF BOMBALA ST, MOURILYAN"
07409310X2,0740931205,"55 MARSTERSON ST NEAR POST OFFICE, MUTCHILBA"
07403620X2,0740362206,"143 PROGRESS RD S OF BURNETT ST, WHITE ROCK"
07409870X2,0740987505,"EE RD  1 OLEANDER DRV CNR MOSSMAN DAINTR, WNGA BH"
07409872X2,0740987572,"59 WONGA BEACH RD E OF OASIS DRV, WNGA BH"
07547171X2,0754717059,"11 SOUTH COOLUM RD PAYPHONE, COOLUM BEACH"
08952704X2,0895271727,"2 GOVERNOR RD SITE 66, EAST ROCKINGHAM"
07416313X2,0741631207,"28 FITZROY ST O/S POST OFFICE, NANANGO"
08919173Y7,0891917121,"LOCN 88 3 GANINYI COMM 135KM SE FITZROY, MUELLER RANGES"
07558050X1,0755805924,"1 PITCAIRN WAY PACIFIC PINES SHOP, PACIFIC PINES"
08918218X2,0891821940,"47 ROE ST O/S PARK, ROEBOURNE"
08907113X2,0890714503,"57 GOLDFIELDS RD , CASTLETOWN"
03642408X2,0364244566,"20 VALLEY RD TECHNICAL COLLEGE, DEVONPORT"
08885534X2,0888553334,"91 CORNY POINT RD CORNY POINT STORE, CORNY POINT"
07301280X1,0730128134,"65 GARDENS POINT RD QUT NR WALKBRIDGE, BRISBANE CITY"
07406021X2,0740602144,"7724 MULLIGAN HWY CNR FOYSTER DRV, LAKELAND"
08927433X2,0892745590,"15 SPRING PARK RD NR OLD GRT N HWY, MIDLAND"
02931383X2,0293136375,"OUTSID WALL 330 ANZAC PDE UNSW SQUARE HOUSE, KENSINGTON"
02932613X2,0296631287,"OUTSID WALL 330 ANZAC PDE UNSW RED CNTR BLDG, KENSINGTON"
02931302X7,0293137020,"TOPSTE WALL 330 ANZAC PDE UNSW BASSER STEPS, KENSINGTON"
02931331X2,0293136423,"INSIDE HLWY 330 ANZAC PDE UNSW MATHEWS BLDG, KENSINGTON"
02966240X2,0296628543,"OUTSID WALL 330 ANZAC PDE UNSW LIBRARY BLDG, KENSINGTON"
02602405X2,0260241673,"227 LAWRENCE ST CNR WATSON ST, WDNGA"
07389204X2,0738921334,"14 DENHAM TCE NR TOOHEY RD, TARRAGINDI"
07334312X2,0733434348,"20 AMINYA ST OPP CRESTHAVEN DRV, MANSFIELD"
07334902X2,0733495855,"62 CLAUSEN ST NR BAKEWELL ST, MT GRAVATT"
07334303X2,0733432765,"1420 LOGAN RD NR SELBOURNE ST, MT GRAVATT"
07334914X2,0733496599,"92 BROADWATER RD NR DYKES ST, MOUNT GRAVATT EAST"
07384906X2,0738493341,"2000 LOGAN RD NR MTGRVT CAPALABA, UPPER MT GRAVATT"
07334906X2,0733490902,"2242 LOGAN RD NR NEWNHAM RD, UPPER MT GRAVATT"
07334911X2,0733495460,"141 LUMLEY ST OPP WATFORD ST, UPPER MT GRAVATT"
07334109X2,0733419790,"1 BELMORE DRV NR UNDERWOOD RD, ROCHEDALE SOUTH"
07334108X2,0733416673,"475 UNDERWOOD RD NR CENTRE PL, ROCHEDALE SOUTH"
07380027X2,0738003763,"76 PARKLANDS DRV OPP WILTON CRS, BORONIA HEIGHTS"
07380305X2,0738033103,"426 PARK RIDGE RD OS CLAREMONT RES, PARK RIDGE"
07320844X2,0732089123,"392 KINGSTON RD NR BALDARCH ST, SLACKS CREEK"
02432349X2,0243234256,"9 MANN ST GOSFORD POLICE STA, GOSFORD"
07469220X2,0746922100,"1 STATION ST NR SHORT ST, JONDARYAN"
08958214X2,0895821493,"20 OCEANIC DRV ADJ BEACH ACCESS, DAWESVILLE"
07463944X2,0746393549,"18 KENILWORTH ST NR JELLICOE ST, NORTH TOOWOOMBA"
08852002X2,0885202024,"LOT 411 0 PORT WAKEFIELD RD O/S SERV STN, LOWER LIGHT"
07472415X2,0747242318,"159 FLINDERS ST W OF WICKHAM ST, TOWNSVILLE CITY"
02931807X2,0293180451,"CNCRSE  0 LAWSON ST REDFERN RLWY STN, REDFERN"
03974309X2,0397438200,"294 HIGH ST , MELTON"
07554692X2,0755469601,"4778 MT LINDESAY HWY OS SERVICE STATION, NORTH MACLEAN"
08875721X2,0887572097,"17 BECKER TCE , TINTINARA"
02935708X2,0293577535,"1 ELIZABETH BAY RD FITZROY GARDENS, ELIZABETH BAY"
02935827X2,0293584290,"70 ELIZABETH BAY RD OS NR ITHACA RD, ELIZABETH BAY"
02433424X2,0243341443,"570 THE ENTRANCE RD CNR BATEAU BAY RD, BATEAU BAY"
07474171X2,0747417328,"20 FLINDERS HWY EAST OF HILL ST, TORRENS CREEK"
08996410X2,0899641085,"198 CHAPMAN RD NR MARK ST, BERESFORD"
02962401X1,0296246583,"180 CAROLINE CHISHOLM DRV WINSTON HILLS MALL, WINSTON HILLS"
02688211X2,0268822565,"36 TALBRAGAR ST E OF MACQUARIE ST, DUBBO"
03515500X2,0351550304,"5374 GELANTIPY RD SERVICE STATION, WULGULMERANG EAST"
07557308X2,0755734624,"160 MAUDSLAND RD COOMERA LODGE HOTE, OXENFORD"
07544606X9,0754460603,"16 ELIZABETH ST , KENILWORTH"
07478556X2,0747855109,"37 THIRD AVE , SCOTTVILLE"
02478237X2,0247827974,"144 KATOOMBA ST O/S TELSTRA EXCH, KATOOMBA"
07387024X2,0738704395,"LOT 382 0 CAMPBELL RD NR STEELE BUILDIG, ST LUCIA"
07387015X1,0738707053,"LOT 382 0 CAMPBELL RD NR ABEL SMITH, ST LUCIA"
07387110X1,0738710736,"LOT 382 0 CAMPBELL RD NR ABEL SMITH, ST LUCIA"
02462815X2,0246286456,"1 ALLMAN ST NR QUEEN ST, CAMPBELLTOWN"
02462814X2,0246282709,"3 HODDLE AVE OS SHOPS, BRADBURY"
02628700X1,0262875628,"1437 COTTER RD CAMP COTTER MOUTH, STROMLO"
02447383X2,0244738984,"211 HECTOR MCWILLIAMS DRV O/S CARAVAN PARK, TUROSS HEAD"
02442302Y1,0244236764,"0 GRASSY GULLY RD COOLENDEL CAMPUS, BUANGLA"
02444341X2,0244434720,"97 ISLAND POINT RD CNR STGEORGES BASI, ST GEORGES BASIN"
02447370X2,0244737036,"4 BATE ST O/S POST OFFICE, CENTRAL TILBA"
02649613X2,0264961501,"0 BOYD TOWN PK RD OS SEAHORSE INN, BOYDTOWN"
03930403X2,0393041005,"21 GEUM ST , HADFIELD"
03935934X2,0393599806,"40 NORTH ST OS SHOPS, HADFIELD"
03938788X2,0393874784,"168 ARNOLD ST , PRINCES HILL"
03938341X2,0393832750,"554 MORELAND RD NR HOPETOUN AVE, PASCOE VALE SOUTH"
03938361X2,0393832041,"359 MORELAND RD , COBURG"
03972916X2,0397297668,"348 MOUNTAIN HWY WANTIRNA SHOP CNTR, WANTIRNA"
03946720X2,0394673875,"1033 PLENTY RD , KINGSBURY"
07552721X1,0755272816,"7 CAYUGA RD NERANG MALL, NERANG"
07554510X2,0755451103,"101 ALPINE TCE ST BERNARDS HOTEL, TAMBORINE MOUNTAIN"
07463972X2,0746393501,"115 JAMES ST CNR GEDDES ST, EAST TOOWOOMBA"
07463830X1,0746383219,"192 JAMES ST RED EDGE CTR, SOUTH TOOWOOMBA"
07463913X2,0746393521,"69 MARY ST NR BRIDGE ST, EAST TOOWOOMBA"
02444653X2,0244465985,"123 MYOLA RD OFFICE, MYOLA"
02436505X1,0243654429,"620 TERRIGAL DRV CHEMIST WAREHOUSE, ERINA"
07320925X2,0732098460,"6 DREWS RD OPP BAROKEE DRV, LOGANHOLME"
07380303X2,0738034106,"23 JULIE ST OS KENSINGTON FAIR, CRESTMEAD"
07380304X2,0738035987,"502 BROWNS PLAINS RD OS SERVICE STATION, MARSDEN"
07320029X2,0732008827,"769 BROWNS PLAINS RD NR CHAMBERS FLT RD, MARSDEN"
07329902X2,0732997403,"57 CHAMBERS FLAT RD NR TAMARIND ST, MARSDEN"
07380306X2,0738034741,"58 MACARTHY RD NR THIRD AVE, MARSDEN"
07320021X2,0732007621,"74 CHAMBERS FLAT RD NR TAMARIND ST, WATERFORD WEST"
07339723X2,0733974160,"377 CAVENDISH RD NR KANUMBRA ST, COORPAROO"
07339717X2,0733972087,"321 CHATSWORTH RD NR EVA ST, COORPAROO"
07384711X2,0738471823,"285 OLD CLEVELAND RD NR AMELIA ST, COORPAROO"
07339800X2,0733981413,"86 BENNETTS RD NR JACKSON ST, CAMP HILL"
07339812X2,0733983957,"17 SAMUEL ST NR THOMAS ST, CAMP HILL"
07339820X2,0733985820,"1396 CREEK RD NR ZAHEL ST, CARINA"
07339821X2,0733984127,"721 OLD CLEVELAND RD NR RENTON ST, CARINA"
07339817X2,0733985723,"881 OLD CLEVELAND RD NR GALLIPOLI RD, CARINA"
07384306X2,0738431912,"840 CREEK RD NR BENDENA TCE, CARINA HEIGHTS"
07339829X2,0733981857,"131 WINSTANLEY ST NR GALLIPOLI RD, CARINA HEIGHTS"
07384308X2,0738431123,"1055 CREEK RD OS SERVICE STN, CARINDALE"
07324515X2,0732452635,"145 REDLAND BAY RD NR COOLONG ST, CAPALABA"
07324504X2,0732452613,"143 MT COTTON RD NR LARBONYA CRS, CAPALABA"
07324514X2,0732456408,"36 REDLAND BAY RD BUS INTERCHANGE, CAPALABA"
07324513X2,0732452624,"58 WENTWORTH DRV OPP CUNNINGHAM, CAPALABA"
07382215X2,0738221265,"0 RAILWAY PDE QR THORNESIDE, THORNESIDE"
07382214X2,0738229257,"207 THORNESIDE RD NR BAYSIDE CRT, THORNESIDE"
07382115X2,0738210508,"98 WELLINGTON ST QR ORMISTON, ORMISTON"
07382213X2,0738222534,"29 HARRIS ST QR WELLINGTON PT, WELLINGTON POINT"
07382205X2,0738222145,"2 RESERVE ESP NR MAIN ST, WELLINGTON POINT"
02982101X2,0298214750,"133 MEMORIAL AVE NR MURPHY AVE, LIVERPOOL"
02960710X2,0296089423,"2 WROXHAM ST OS PRESTONS SC, PRESTONS"
02982257X2,0298225179,"1 DRUMMOND ST NR HART LANE, WARWICK FARM"
02462819X2,0246284104,"98 THE PARKWAY  BRADBURY SC, BRADBURY"
02625709X2,0262571499,"8 MACPHERSON ST CNR BLUEBELL ST, O'CONNOR"
02686208X2,0268622165,"27 CHURCH ST NR CLARINDA ST, PARKES"
02686211X2,0268622432,"78 CLARINDA ST NR EAST ST, PARKES"
02686216X2,0268625518,"195 CLARINDA ST NR WELCOME ST, PARKES"
02995508X2,0299554724,"CNCRSE  15 BLUE ST NTH SYD RLWY STN, NORTH SYDNEY"
02995504X2,0299554493,"CNCRSE  15 BLUE ST NTH SYD RLWY STN, NORTH SYDNEY"
02995501X2,0299554172,"PLATFM 3 15 BLUE ST NTH SYD RLWY STN, NORTH SYDNEY"
02995505X2,0299554530,"PLATFM 1 15 BLUE ST NTH SYD RLWY STN, NORTH SYDNEY"
02936553X2,0293657971,"2 LAMROCK AVE CNR CAMPBELL PDE, BONDI BEACH"
02665421X2,0266542100,"52 SOLITARY ISLANDS WAY OPP KNOX ST, WOOLGOOLGA"
07552417X2,0755249136,"115 DRYDOCK RD AT BOAT RAMP, TWEED HEADS SOUTH"
02963401X2,0296343509,"5 OLD CASTLE HILL RD NR CASTLE ST, CASTLE HILL"
02963400X2,0296342076,"5 OLD CASTLE HILL RD NR CASTLE ST, CASTLE HILL"
02447209X2,0244729328,"1 CLYDE ST NR BOATSHED RESTR, BATEMANS BAY"
02447219X2,0244728216,"24 WHARF RD OS EASTS CVAN PK, BATEMANS BAY"
02425701X1,0242571293,"209 PRINCES HWY ALBION PARK RWS, ALBION PARK RAIL"
02425714X2,0242571141,"LOT 107 0 STANDFORD DRV OAK FLATS RWS, OAK FLATS"
07389002X2,0738901293,"PLTFRM 2 0 MURARRIE RD QR MURRARIE, MURARRIE"
03517601X1,0351766053,"FLYNN  10 VILLAGE AVE LATROBE HOSPITAL, TRARALGON"
02685920X2,0268592201,"57 NAMINA ST OS POST OFFICE, EUGOWRA"
03533313X2,0353334525,"501 MAIN RD NR LAL LAL ST, GOLDEN POINT"
08895302X1,0889531635,"68 PALM CCT OFFICE HEAVITREE, RSS"
03629812X2,0362981360,"7514 HUON HWY , STRATHBLANE"
03644340X2,0364434182,"19332 BASS HWY ADJ SERVICE STN, ROCKY CAPE"
02494860X1,0249486596,"46 WILSONS RD LAKE MACQ FAIR, MOUNT HUTTON"
03577424X2,0357742386,"501 JERUSALEM CK RD JERUSALEM CK STORE, EILDON"
02484610X2,0248461130,"0 GEORGE ST CRN RED HILL RD, MAJORS CREEK"
02638460X2,0263846200,"2471 MURRINGO GAP RD NR BOREHAM ST, MURRINGO"
03642910X2,0364291284,"3048 CASTRA RD OPP 3029, NIETTA"
03626100X2,0362612075,"41 BENJAMIN TCE O/S SHOP, NEW NORFOLK"
02495231X2,0249523565,"104 LAMBTON RD OS MCDONALDS, BROADMEADOW"
07553210X2,0755323237,"32 NORTH ST , SOUTHPORT"
08863328X2,0886332774,"25 EDWARD ST , PORT PIRIE SOUTH"
02676500X2,0267657254,"3 HILLVUE RD NR BRUCE ST, SOUTH TAMWORTH"
07381218X2,0738128753,"64 RACEVIEW ST PAYPHONE, RACEVIEW"
08876200X1,0887620673,"26 ROBERTSON ST PAYPHONE, NARACOORTE"
07320005X1,0732002024,"2 ARMSTRONG RD LOGAN HOSPITAL, MEADOWBROOK"
07557219X1,0755725386,"14 BOND UNIVRSITY DRV BOND UNI TAVERN, ROBINA"
07549600X1,0754960295,"2 CHURCH ST RD QR BEERBURRUM, BEERBURRUM"
08958680X1,0895868521,"114 ALLNUTT ST MANDURAH RAIL, MANDURAH"
08958290X2,0895829861,"114 ALLNUTT ST MANDURAH RAIL, MANDURAH"
07498352X2,0749835299,"1022 GREGORY DEVELOPMENTAL RD BELYANDO CROSSING, LLANRTH"
08864804Y2,0886484670,"STN  0 COPLEY RD BALCANOONA RANGERS, GMN RNGS"
08895332X1,0889530642,"18 RENNER ST , EAST SIDE"
02699315X2,0269931059,"521 KEBLE ST CNR WILLIAM ST, HAY"
03544318X2,0354438344,"2 SWAN ST , NORTH BENDIGO"
03538103X2,0353811875,"36 MCLACHLAN ST PO NR FIREBRACE ST, HORSHAM"
03533400X2,0353340200,"322 BUNGAREE-WALLACE RD OUTSIDE STORE, BUNGAREE"
03552670X2,0355267245,"1665 BRIDGEWATER BAY RD OS BRIDGWATER CAFE, CAPE BRIDGEWATER"
03979305X1,0397932419,"135 DAVID ST EMERGENCY AREA, DANDENONG"
03979112X1,0397912606,"135 DAVID ST NEAR RECEPTION, DANDENONG"
03979113X1,0397914712,"20 MATIPO ST KITCHEN AREA, DOVETON"
03562681X2,0356268332,"1016 BRANDY CREEK RD OS HALL, ROKEBY"
03577214X2,0357721291,"0 FRASER PARK RD LAKE EILDON NAT PK, DVLS RVR"
03547213X2,0354722599,"158 BARKER ST NR MOSTYN ST, CASTLEMAINE"
03535470X2,0353547581,"7344 MORTLAKE-ARARAT RD NEAR RWS, MAROONA"
03556650X2,0355665101,"SERVO  2227 TIMBOON-NULLAWARRE RD CNR GREAT OCEAN RD, NULLAWARRE"
03503051X2,0350305304,"3563 MURRAY VALLEY HWY O/S CARAVAN PK, WOOD WOOD"
03579761X2,0357976200,"4355 GOULBURN VALLEY HWY OS GENRAL STORE, MOLESWORTH"
07548232X2,0754821291,"90 MYALL ST NR PINE ST, GYMPIE"
07494830X1,0749483854,"8 GALBRAITH PARK DRV PAYPHONE CENTRO WH, CANNONVALE"
03956837X2,0395680645,"31 CHESTER ST , OAKLEIGH"
03974700X2,0397470481,"18 MORRIS ST NR RICHARD RD, MELTON SOUTH"
03978300X2,0397696029,"42 BEACH ST , FRANKSTON"
03978700X2,0397696027,"2 THOMPSON ST , FRANKSTON"
03544880X2,0354488498,"617 MIDLAND HWY , HUNTLY"
03558513X2,0355851473,"131 ELIZABETH ST , EDENHOPE"
07328149X2,0732813237,"68 GRANGE RD , EASTERN HEIGHTS"
08994817X2,0899481311,"81 KNIGHT TCE SHARK BAY SERV STN, DENHAM"
07412316X2,0741234067,"362 ALICE ST , MARYBOROUGH"
03527816X2,0352787244,"187 MELBOURNE RD NORTH GEELONG EXCH, RIPPLESIDE"
03981611X2,0398163430,"317 DONCASTER RD CNR CENTRE WAY, BALWYN"
03984804X2,0398481549,"576 DONCASTER RD CNR ROSE ST, DONCASTER"
03984801X2,0398481497,"710 DONCASTER RD O/S CHEMIST, DONCASTER"
03984201X2,0398421290,"956 DONCASTER RD CNR DEVON DRV, DONCASTER EAST"
03984807X2,0398487321,"1 JACKSON CRT O/S BENDIGO BANK, DONCASTER EAST"
03984402X2,0398443550,"166 YARRA ST CNR WEBB ST, WARRANDYTE"
03987604X2,0398761073,"600 PARK RD CNR HOPETOUN RD, PARK ORCHARDS"
03981945X2,0398199980,"9 EVANSDALE RD RAILWAY STATION, HAWTHORN"
03981931X2,0398192655,"177 POWER ST , HAWTHORN"
03989923X2,0398990287,"554 STATION ST , BOX HILL"
03989000X2,0398900990,"878 WHITEHORSE RD , BOX HILL"
03989922X2,0398990286,"862 CANTERBURY RD , BOX HILL SOUTH"
03989917X2,0398990281,"169 MIDDLEBOROUGH RD NCNR MIRABELLA CR, BOX HILL SOUTH"
03989929X2,0398996857,"949 STATION ST CNR WOODHOUSE GR, BOX HILL NORTH"
03989907X2,0398990263,"56 THAMES ST CNR STATION ST, BOX HILL NORTH"
03987703X2,0398772385,"113 CANTERBURY RD , BLACKBURN"
02922309X2,0292231443,"16 O'CONNELL ST , SYDNEY"
07559247X2,0755924029,"22 ORCHID AVE OS PROMENADE APT, SURFERS PARADISE"
07493710X2,0749371209,"3 PHEASANT CREEK RD CNR LEICHHARDT HWY, WOWAN"
07335509X2,0733556366,"12 TROUTS RD NR MIDSON ST, EVERTON PARK"
07335520X2,0733555888,"6 GROVELY TCE NR BLACKWOOD ST, MITCHELTON"
07335401X2,0733541237,"609 STAFFORD RD NR KIDGELL ST, STAFFORD"
07335407X2,0733544598,"223 BLAKER RD QR GROVELY, KEPERRA"
07335620X2,0733565565,"189 KELVIN GROVE RD NR SCHOOL ST, KELVIN GROVE"
07336927X2,0733697948,"2 WINDSOR RD NR MUSGRAVE RD, RED HILL"
07335631X2,0733569444,"208 ASHGROVE AVE NR ENOGGERA RD, ASHGROVE"
07336609X2,0733667304,"31 HARRY ST NR STEWART RD, ASHGROVE"
07351100X2,0735111140,"70 ILLOWRA ST CNR WATERWORKS, THE GAP"
07330006X2,0733002419,"161 PAYNE RD OPP PARKVIEW DRV, THE GAP"
07336904X2,0733692728,"16 BAROONA RD NR MILTON RD, MILTON"
07321735X1,0733694378,"37 RAILWAY TCE QR MILTON, MILTON"
07336910X2,0733693952,"169 LATROBE TCE NR COLLINGWOOD ST, PADDINGTON"
07336932X2,0733699673,"18 NASH ST NR ELIZABETH ST, PADDINGTON"
07336906X2,0733692884,"198 BOUNDARY RD NR RAINWORTH RD, BARDON"
07387011X2,0738700164,"68 LANG PDE NR FORTITUDE ST, AUCHENFLOWER"
07387044X2,0738700403,"PLATFM  9 SHERWOOD RD QR TOOWONG, TOOWONG"
07337100X2,0733710291,"65 SYLVAN RD NR EARLE LANE, TOOWONG"
07387019X2,0738700742,"19 RAILWAY AVE QR INDOOROOPILLY, INDOOROOPILLY"
07388001X2,0738801643,"145 GRIFFITH RD NR INTREPID CRT, NWPT"
07320307X2,0732035019,"50 NORTH QYS NR FIFTH AVE, SCARBOROUGH"
07328418X2,0732848448,"300 ANZAC AVE NR BOARDMAN RD, KIPPA-RING"
07335725X2,0733573831,"172 LUTWYCHE RD NR TAYLOR ST, WINDSOR"
07385703X2,0738571950,"81 SWAN TCE NR NEWMARKET RD, WINDSOR"
07326217X2,0732621788,"105 ADAMSON ST NR HUDSON RD, WOOLOOWIN"
07335919X2,0733598246,"257 GYMPIE RD NR SADLIER ST, KEDRON"
07335908X2,0733598424,"139 KITCHENER RD NR BOHLAND ST, KEDRON"
07335918X2,0733596581,"1080 GYMPIE RD OS CHERMSIDE MPL, CHERMSIDE"
07326311X2,0732635166,"1325 GYMPIE RD NR ROBINSON RD W, ASPLEY"
07326321X2,0732634633,"1434 GYMPIE RD NR GAYFORD ST, ASPLEY"
07326324X2,0732633100,"1441 GYMPIE RD NR ZILLMERE RD, ASPLEY"
07386504X2,0738653498,"200 ABERDEEN PDE QR BOONDALL, BOONDALL"
07326506X2,0732652619,"11 PEACOCK ST QR BOONDALL NTH, BOONDALL"
07326526X2,0732657987,"52 ROSCOMMON RD NR SANDGATE RD, BOONDALL"
07326317X2,0732637289,"7 BALCARA AVE NR BEAMS RD, CARSELDINE"
07386300X2,0738630267,"0 BEAMS RD QR CARSELDINE, CARSELDINE"
07386505X2,0738653428,"369 BILSEN RD QR SUNSHINE, GEEBUNG"
07326528X2,0732656348,"426 ZILLMERE RD NR HANDFORD RD, ZILLMERE"
07326401X2,0732642306,"630 KEONG RD OS ALDI SC, ALBANY CREEK"
07335621X2,0733565599,"161 ABUKLEA ST NR WILSTON RD, NEWMARKET"
07335301X2,0733531320,"97 FLOCKTON ST NR TROUTS RD, EVERTON PARK"
07327909X2,0732792087,"7 PENONG ST NR WESTLAKE DRV, WESTLAKE"
02605600X2,0260561232,"196 HIGH ST ADJ POST OFFICE, WDNGA"
02694720X2,0269472654,"72 FITZROY ST OS AMBULANCE STN, TUMUT"
03987710X2,0398773096,"398 MIDDLEBOROUGH RD , BLACKBURN"
08922119X2,0892212748,"PLATFM 2 450 WELLINGTON ST HORSESHOE BDG ENTR, PERTH"
02687221X7,0268722310,"47 OXLEY ST BOURKE EXCHANGE, BOURKE"
07544322X2,0754431610,"10 DENNA ST MAROOCHY WTRS SC, MAROOCHYDORE"
08919102Y2,0891917981,"13 IMINTJI STORE COMM 115KM N FITZROY, KING LEOPOLD RANGES"
08924908X2,0892495474,"73 HONEYWELL BLV , MIRRABOOKA"
02676604X1,0267663493,"31 DEAN ST TAMWORTH HOSPITAL, NORTH TAMWORTH"
02676603X1,0267663282,"31 DEAN ST TAMWORTH HOSPITAL, NORTH TAMWORTH"
07322929X2,0732299159,"54 ADELAIDE ST OS CITY HALL NRBUS, BRISBANE CITY"
07322918X2,0732298502,"88 ADELAIDE ST NR KGS BUS STN ENT, BRISBANE CITY"
07322143X2,0732212137,"117 ADELAIDE ST OS BRIS ARCADE, BRISBANE CITY"
07322138X2,0732212569,"149 ADELAIDE ST OS QUEENS PLAZA, BRISBANE CITY"
07322146X2,0732211289,"280 ADELAIDE ST NR HUTTON LANE, BRISBANE CITY"
07322927X2,0732299415,"123 ALBERT ST NR ELIZABETH ST, BRISBANE CITY"
07321017X2,0732102181,"221 ALBERT ST NR QUEEN ST MALL, BRISBANE CITY"
07322144X2,0732212128,"179 ANN ST NR EDWARD ST, BRISBANE CITY"
07322119X2,0732214706,"10 EAGLE ST NR MARY ST, BRISBANE CITY"
07322112X2,0732214383,"111 ELIZABETH ST NR ALBERT ST, BRISBANE CITY"
07323616X2,0732361641,"111 ELIZABETH ST NR ALBERT ST, BRISBANE CITY"
07323606X2,0732363683,"1 TANK ST CNR 414 GEORGE ST, BRISBANE CITY"
07323604X2,0732115254,"20 MAKERSTON ST NR ROMA ST, BRISBANE CITY"
07383103X2,0738311218,"488 QUEEN ST NR ADELAIDE ST, BRISBANE CITY"
07323602X2,0732364691,"58 ROMA ST NR TURBOT ST, BRISBANE CITY"
07322956X2,0732297903,"171 ROMA ST OS TRANSIT CENTRE, BRISBANE CITY"
07321112X2,0732114886,"171 ROMA ST OS TRANSIT CENTRE, BRISBANE CITY"
07322173X2,0732115145,"171 ROMA ST OS TRANSIT CENTRE, BRISBANE CITY"
02633220X2,0263321147,"87 RANKIN ST CNR HYWAY, BATHURST"
02633700X2,0263370201,"65 LLOYD ST NR AKSTONE RD, BURRAGA"
02675624X2,0267562109,"25 WILSON ST OS POST OFFICE, COLLARENEBRI"
02697290X2,0269729101,"14 CONDOBOLIN ST NR CARGELLIGO ST, TULLIBIGEAL"
02694491X2,0269449110,"0 BRUNGLE RD CNR BRAY ST, BRUNGLE"
02694216X2,0269421854,"92 COOPER ST OS POST OFFICE, COOTAMUNDRA"
03623101X2,0362787912,"49 AUGUSTA RD NR CALVARY HOSP, LENAH VALLEY"
07382308X1,0738235614,"38 MORETON BAY RD CAPALABA CENTRAL, CAPALABA"
08984105X2,0898413305,"61 FRENCHMANS BAY RD TRUDYS CABIN, MT ELPHNSTNE"
03623438X2,0362245724,"91 MACQUARIE ST , HOBART"
07409140X7,0740914574,"14 COOK ST ATHERTON SQUARE, ATHERTON"
03983600X2,0398360314,"143 MALING RD , CANTERBURY"
07334103X1,0733415201,"549 UNDERWOOD RD ROCHEDALE SHOPPING, ROCHEDALE SOUTH"
07334105X2,0733413320,"694 ROCHEDALE RD ROCHEDALE STATE SC, ROCHEDALE"
07493910X2,0749391624,"45 FARNBOROUGH RD OS BEACHSIDE C/PRK, YEPPOON"
03949929X2,0394995808,"239 BANKSIA ST , IVANHOE"
07553805X2,0755382391,"29 CAVILL AVE NR SURFERS PARADIS, SURFERS PARADISE"
07553993X2,0755399673,"29 CAVILL AVE NR SURFERS PARADIS, SURFERS PARADISE"
07553216X2,0755323748,"2 SCARBOROUGH ST NR QUEEN ST, SOUTHPORT"
07552841X2,0755284260,"371 MARINE PDE CNR FRANK ST, LABRADOR"
03956102X2,0395615200,"365 SPRINGVALE RD , GLEN WAVERLEY"
03955540X2,0395551090,"310 HIGHETT RD , HIGHETT"
03955509X2,0395552290,"310 HIGHETT RD , HIGHETT"
03955517X2,0395558102,"7 WICKHAM RD , HAMPTON EAST"
03955516X2,0395558037,"257 BAY RD , CHELTENHAM"
03958430X2,0395841788,"1224 NEPEAN HWY CHELTENHAM POLICE, CHELTENHAM"
03955510X2,0395553390,"417 SOUTH RD , BENTLEIGH"
03958439X2,0395843499,"92 CHARMAN RD , MENTONE"
03955519X2,0395558520,"13 CHAPEL RD , MOORABBIN"
03958450X2,0395844800,"176 WEATHERALL RD , CHELTENHAM"
07548650X2,0754865321,"1702 TIN CAN BAY RD O/S GENERAL STORE, GOOMBOORIAN"
03626370X1,0362637564,"11 COVE HILL RD COVE HILL FAIR, BRIDGEWATER"
02629930X2,0262994382,"4 GILMORE PL , QUEANBEYAN"
02439309X2,0243933361,"50 GOROKAN DRV , LAKE HAVEN"
02655106X2,0265510083,"24 PULTENEY ST , TAREE"
07371102X1,0737116596,"441 ALGESTER RD , PARKINSON"
02684310X2,0268431600,"34 NARREN ST OPP WELLINGTON ST, BARADINE"
07478304X2,0747832419,"117 MACKENZIE ST NR WILMINGTON ST, AYR"
08808820X2,0880882791,"74 GYPSUM ST NR WILLS ST, BROKEN HILL"
03975206X2,0397525387,"0 STATION ACCESS RD RLWY STN CAR PARK, BELGRAVE"
07328431X2,0732846155,"26 ASHMOLE RD NR ANZAC AVE, REDCLIFFE"
07477860X2,0747786101,"39 REEF ST NR LAGOON CRES, SAUNDERS BEACH"
07327500X1,0732752128,"SHP 10 1150 BEAUDESERT RD ACACIA MARKETPLACE, ACACIA RIDGE"
07406891X2,0740689147,"21 WEBB RD OPP REID RD, WONGALING BEACH"
08838104X2,0883811298,"46 EASTON RD CNR CHANDLERS HILL, HAPPY VALLEY"
03987702X2,0398772241,"128 CANTERBURY RD CNR ORCHARD GRV, BLACKBURN SOUTH"
03987808X2,0398783219,"3 BRENTFORD SQ CNR CANTERBURY RD, FOREST HILL"
03987812X2,0398783815,"CHASE  42 MAHONEYS RD O/S FOREST HILL, FOREST HILL"
03987815X2,0398785491,"403 SPRINGVALE RD CNR PARKMORE RD, FOREST HILL"
03987824X2,0398789321,"49 LUCKIE ST , NUNAWADING"
03987811X2,0398783520,"101 MT PLEASANT RD CNR LORIKEET ST, NUNAWADING"
03987408X2,0398745501,"234 MITCHAM RD , MITCHAM"
03987445X2,0398743138,"33 QUARRY RD CNR MCKEON RD, MITCHAM"
03987009X2,0398706599,"52 WANTIRNA RD CNR KIRK ST, RINGWOOD"
03987023X2,0398708539,"50 RAILWAY AVE , RINGWOOD EAST"
03987002X2,0398703543,"80 RAILWAY AVE , RINGWOOD EAST"
03981705X2,0398173597,"257 COTHAM RD NEAR CECIL ST, KEW"
02962300X2,0296230578,"6 SAINSBURY ST NR MAMRE RD, ST MARYS"
07474593X2,0747459336,"2 COL KITCHING DRV OS KARUMBA PNT CV, KARUMBA"
02997503X2,0299756483,"25 RALSTON AVE O/S BELROSE SHOPS, BELROSE"
02688219X2,0268823432,"174 DARLING ST CNR BISHOP STREET, DUBBO"
02924703X2,0292476842,"10 SPRING ST PAYPHONE, SYDNEY"
07326625X2,0732664184,"140 MELTON ST NR YORK ST, NUNDAH"
07327805X2,0732782131,"158 GRACEVILLE AVE NR GAMBLE ST, GRACEVILLE"
07337928X2,0733798273,"3 BAYFORD ST NR 1112 OXLEY RD, OXLEY"
07337906X2,0733796577,"137 OXLEY STATION RD OPP PREMIER ST, OXLEY"
07327802X2,0732780379,"581 HONOUR AVE QR SHERWOOD, SHERWOOD"
07337926X2,0733798384,"645 SHERWOOD RD NR OXLEY RD, SHERWOOD"
07337514X2,0733754755,"67 CARDIFF RD NR ASHRIDGE RD, DARRA"
07327121X2,0732711407,"PLATFM 2 1 AKENSIDE ST QR WACOL, WACOL"
07327112X2,0732714115,"298 WILRUNA ST QR GAILES, WACOL"
07387909X2,0738796592,"48 WIRRAWAY PDE NR PARTRIDGE ST, INALA"
03578101X2,0357810352,"55 SYDNEY ST S OF UNION ST, KILMORE"
03534351X2,0353435200,"2079 SUNRAYSIA HWY O/S SHOP, WAUBRA"
03556233X2,0355623164,"924 RAGLAN PDE NR WILLIAM ST, WARRNAMBOOL"
07557317X2,0755731824,"31 DREAMWORLD PKWY NR YAUN ST, COOMERA"
07555601X2,0755560738,"1 HARGRAVES RD NR RESERVE RD, UPPER COOMERA"
07557330X2,0755733898,"26 MICHIGAN RD NR CALIFORNIA DVE, OXENFORD"
07557350X2,0755735938,"100 OLD PACIFIC HWY OS SHOPS, OXENFORD"
07559881X2,0755988106,"107 WARE DRV CNR GALLEON WAY, CURRUMBIN WATERS"
07559370X2,0755937091,"10 CASSIA DRV NR MATTOCKS RD, VARSITY LAKES"
07546240X2,0754624094,"134 WOODLANDS RD S OF DAVEY ROAD, GATTON"
08864530X2,0886450946,"32 VISCOUNT SLIM AVE CNR GEORGE ST, WHYALLA NORRIE"
08867256X2,0886725698,"0 SEVENTEEN MILE RD CNR GOUGH, COOBER PEDY"
08857570X2,0885757072,"11091 PRINCES HWY NR GENERAL STORE, SALT CREEK"
08856420X2,0885642217,"6 JUBILEE AVE OPP NINNES GROVE, ANGASTON"
08897925X2,0889792885,"13 TASMAN CRS POST OFFICE, JABIRU"
02668081X2,0266808405,"1 LAWSON ST FIRST SUN HOLIDAY, BYRON BAY"
07320839X2,0732083622,"135 MAYES AVE NR JOHN CRT, KINGSTON"
07409953X2,0740995588,"3 MACROSSAN ST CNR WHARF ST, PORT DOUGLAS"
07409373X2,0740937304,"13 THONGON ST N OF COONDOO ST, KURANDA"
07553132X2,0755313410,"36 RAILWAY ST I/S TRANSIT CENTRE, SOUTHPORT"
07495500X2,0749555413,"265 HARBOUR RD NR CARAVAN PARK, MACKAY HARBOUR"
07544500X1,0754450617,"0 CHEVALLUM RD QR PALMWOODS, PALMWOODS"
07544501X2,0754450726,"5 MARGARET ST NR MAIN ST, PALMWOODS"
07544563X2,0754456219,"152 BURNETT ST NR HIGHLAND PL, BUDERIM"
07545250X2,0754525923,"34 RIVER ESP NR HANCOCK ST, MOOLOOLABA"
02498122X2,0249812165,"48 AUSTRAL ST OS SEABREEZE S/C, NELSON BAY"
02981627X2,0298164906,"2 MANNING RD NEAR VICTORIA RD, GLADESVILLE"
03989918X2,0398990282,"1 WOODHOUSE GR , BOX HILL NORTH"
07406000X2,0740607165,"LOT 8 0 ESPLANADE  FORESHORE, IRN RNGE"
07466126X2,0746611784,"55 PALMERIN ST NR FITZROY ST, WARWICK"
07462316X2,0746231419,"87 MARY ST NR DUBLIN ST, MITCHELL"
08903938X7,0890393445,"22 AMBER VILLAGE  CARAVAN PARK, EUCLA"
08903935X2,0890393481,"22 EYRE HWY HOTEL, MADURA"
08919245Y1,0891924724,"3 JULGNUNN COMM 170 NE BROOME, DAMPIER PENINSULA"
08994120X2,0899412003,"25 CAMEL LA O/S CIVIC CENTRE, CARNARVON"
08994132X2,0899413625,"25 CAMEL LA O/S CIVIC CENTRE, CARNARVON"
08996419X2,0899641875,"2 IRENE ST CNR PARINGA ST, MT TARCOOLA"
07383100X2,0738310351,"193 WICKHAM TCE OPP BERRY ST, BRISBANE CITY"
07383903X2,0738398738,"17 GREGORY TCE NR COLLEGE RD, SPRING HILL"
07383902X2,0738398527,"136 WICKHAM TCE OS WICKHAM TCE CPK, SPRING HILL"
07335803X2,0733581320,"52 MARK ST NR MOUNTFORD RD, NEW FARM"
07335837X2,0733585036,"97 MERTHYR RD OS MERTHYR VILLAGE, NEW FARM"
07335835X2,0733584794,"97 MERTHYR RD OS MERTHYR VILLAGE, NEW FARM"
07325205X2,0732522139,"40 FLORENCE ST NR VERNON TCE, TNRFFE"
07325255X2,0732528254,"10 CAMPBELL ST NR MARKWELL ST, BOWEN HILLS"
07325230X2,0732528703,"8 FOLKESTONE ST OS PERRY PARK, BOWEN HILLS"
07385215X2,0738523706,"230 BRUNSWICK ST OS VALLEY METRO, FORTITUDE VALLEY"
07325713X2,0732574273,"230 BRUNSWICK ST OS VALLEY METRO, FORTITUDE VALLEY"
07325708X1,0732573491,"PLATFM 1 240 BRUNSWICK ST QR BRUNSWICK STN, FORTITUDE VALLEY"
07321610X2,0732161971,"PLATFM 3 240 BRUNSWICK ST QR BRUNSWICK STN, FORTITUDE VALLEY"
07385209X2,0738521478,"270 BRUNSWICK ST NR MCWHIRTERS, FORTITUDE VALLEY"
07325284X2,0732520928,"273 BRUNSWICK ST NR POLICE BEAT, FORTITUDE VALLEY"
07385217X2,0738522089,"315 BRUNSWICK ST NR ANN ST, FORTITUDE VALLEY"
07334514X2,0733451162,"351 BEENLEIGH RD NR JACKSON RD, SUNNYBANK"
07384444X2,0738446226,"96 GREY ST NR MELBOURNE ST, SOUTH BRISBANE"
02692115X2,0269211595,"49 FITZMAURICE ST OS COURT HOUSE, WAGGA WAGGA SOUTH"
08862561X1,0886256124,"0 EYRE HWY NUNDROO R/HOUSE, COORABIE"
08862550X1,0886255137,"41 MATSON TCE OS GENERAL STORE, VENUS BAY"
02982303X2,0298237361,"163 MEADOWS RD OS SHOPS, MT PRITCHARD"
02645839X2,0264583232,"141 MAYBE ST OS POST OFFICE, BOMBALA"
02656608X2,0265660583,"LOT 7303 0 RESERVE RD IN CAR PARK, CRESCENT HEAD"
02442103X2,0244214309,"41 MEROO ST OPP BOMADERRY RWS, BOMADERRY"
02603303X2,0260331716,"34 QUEEN ST OPP POLICE STN, COROWA"
08839000X2,0883901692,"1 CRESCENT DRV NR LOBETHAL RD, NORTON SUMMIT"
08884400X2,0888445024,"15 GUILDFORD ST CRN AUGUST ST, BLYTH"
08977100X2,0897712097,"80 ROSE ST JAYCEE PARK, MANJIMUP"
08927704X1,0892776502,"2 SUGARBIRD LADY RD T2 ENTRY, PERTH AIRPORT"
02971821X2,0297188423,"192 BEAMISH ST ANZAC MALL NTH, CAMPSIE"
02971809X2,0297181269,"192 BEAMISH ST ANZAC MALL NTH, CAMPSIE"
02971814X2,0297184417,"196 BEAMISH ST ANZAC MALL STH, CAMPSIE"
02978925X2,0297892987,"196 BEAMISH ST ANZAC MALL STH, CAMPSIE"
02997104X2,0299718576,"22 HOWARD AVE OS DEE WHY PLAZA, DEE WHY"
02966941X2,0296696010,"19 EVANS AVE OS EASTLAKES SC, EASTLAKES"
02675352X2,0267535305,"34 BISHOP ST OUTSIDE EXCHANGE, BOOMI"
02692051X2,0269205508,"73 GREEN ST TELEPHONE EXCHANGE, LOCKHART"
03572810X2,0357281009,"84 FORD ST OS EXCHANGE, BEECHWORTH"
07322165X2,0732212319,"70 ADELAIDE ST O/S CITY HALL, BRISBANE CITY"
07323614X2,0732115129,"PLATFM 4 171 ROMA ST QR ROMA STATION, BRISBANE CITY"
07323609X2,0732115132,"PLATFM 6 171 ROMA ST QR ROMA STATION, BRISBANE CITY"
07323612X2,0732115091,"PLATFM 8 171 ROMA ST QR ROMA STATION, BRISBANE CITY"
07328411X2,0732847473,"63 KATE ST NR GEORGINA, WOODY POINT"
07320311X2,0732036302,"196 PRINCE EDWARD PDE CNR GRIFFITH RD, SCARBOROUGH"
07387005X2,0738700117,"406 MILTON RD OPP MUNRO ST, AUCHENFLOWER"
08885370X2,0888537024,"11 MAIN ST EXCHANGE, PORT VINCENT"
08855207X2,0885522498,"55 OCEAN ST ADJ EXCHANGE, VICTOR HARBOR"
08964116X2,0896411403,"27 POOL ST O/S EXCHANGE, YORK"
08964212X2,0896421201,"4 CORBERDING RD ADJ STUMPYS R/HSE, BROOKTON"
03987917X1,0398794274,"0 HEATHERDALE RD HEATHERDALE RAIL, RINGWOOD"
02960801X1,0296083160,"0 SOLDIERS PDE EDMONDSON PARK RWS, EDMONDSON PARK"
02675224X7,0267522329,"407 FROME ST NR CARROLL AVE, MOREE"
08936203X2,0893621710,"1061 ALBANY HWY CNR BOUNDARY RD, ST JAMES"
02496601X2,0249664832,"35 ANDERSON DRV OS GENERAL STORE, TARRO"
02477743X2,0247774109,"255 SEVENTH AVE N/R FIRE BRIGADE, LLANDILO"
03598920X2,0359892200,"141 SHOREHAM RD CNR PT LEO RD, RD HLL S"
08927427X2,0892745478,"30 HOOLEY RD NR FERGUSON ST, MIDVALE"
07409821X2,0740982010,"42 MARINE PDE S OF PACIFIC ST, NEWELL"
02475111X2,0247516024,"4 GREEN PDE , VALLEY HEIGHTS"
07549290X1,0754929073,"2 MOOLOOLAH RD QR MOOLOOLAH, MOOLOOLAH VALLEY"
02628105X2,0262814109,"38 CURTIN PL OS POST OFFICE, CURTIN"
02645650X2,0264565008,"2 BRIERLY ST NR CAMPELL ST, DALGETY"
02422617X2,0242265071,"41 CAMPBELL ST NR KEMBLA ST, WOLLONGONG"
02602890X2,0260289301,"4561 KIEWA VALLEY HWY ADJ GENERAL STORE, DEDRNG"
08863621X2,0886362590,"2 RAILWAY TCE NR BOWMAN ST, CRYSTAL BROOK"
08862070X2,0886207024,"16 DARKE TCE NR HOWARD TCE, DARKE PEAK"
08885420X2,0888542024,"23 MAIN ST NR RESERVE TERRACE, CURRAMULKA"
07469370X2,0746937106,"4 MAIN ST OUTSIDE SCHOOL, MOUNT TYSON"
07465613X2,0746561348,"3 BULNBULN ST NR BROLGA ST, QUILPIE"
07465621X2,0746562026,"78 JABIRU ST NR CHIPU ST, QUILPIE"
07469630X2,0746963107,"3 TOOTH ST JUBILEE PARK, NOBBY"
07463930X2,0746393577,"114 NORTH ST E OF HUME ST, NORTH TOOWOOMBA"
07462596X2,0746259639,"20 MAYES ST NR NINDIGULLY HTL, THALLON"
07462361X2,0746236118,"22 TRYCONNELL ST NR REDFORD ST, MUNGALLALA"
03642790X2,0364279329,"15 MURRAY ST , EAST DEVONPORT"
02668020X1,0266802879,"17 BEACH AVE , SOUTH GOLDEN BEACH"
02995700X2,0299575602,"149 WEST ST OS CROWS NEST TAFE, CROWS NEST"
02607242X2,0260724207,"0 HORSEFALL RD DARTMOUTH DAM PAYP, DRTMTH"
07552510X1,0755251203,"3 SWAN LA MUDGEERABA MARKETS, MUDGEERABA"
08893203X2,0889325045,"10 PALMERSTON CCT OPP MANSFIELD ST, PALMERSTON"
07544463X2,0754446745,"93 KARAWATHA DRV NR MOLAKAI DRV, MOUNTAIN CREEK"
07544345X2,0754438873,"7 BROADMEADOWS RD CNR ANNE ST, MAROOCHYDORE"
07547900X7,0754790387,"9 FIRST AVE NR MEMORIAL AVE, MAROOCHYDORE"
08972531X9,0897252236,"7 MILLARD ST CNR CRAMPTON AVE, EATON"
07544339X2,0754438473,"27 PICNIC POINT ESP OPP 28 PICNIC PT, MAROOCHYDORE"
07545100X1,0754510342,"42 PRIMARY SCHOOL CRT NR EVANS ST, MAROOCHYDORE"
07544230X7,0754422407,"5 BLACKALL ST NR BARTS ST, WOOMBYE"
07544846X2,0754484273,"326 DAVID LOW WAY OS SUPA IGA, BLI BLI"
07492101X2,0749213784,"316 LOWER DAWSON RD NR WAKEFIELD ST, ALLENSTOWN"
07492757X2,0749274198,"18 ALBERT ST NR DENISION LN, ROCKHAMPTON CITY"
07492200X2,0749222051,"72 EAST ST S OF FITZROY ST, ROCKHAMPTON CITY"
07498233X2,0749823520,"32 EGERTON ST NR ANAKIE ST, EMERALD"
07465764X2,0746576215,"108 SHAMROCK ST OS LIBRARY BLG, BLACKALL"
07465100X8,0746512014,"98 OAK ST OPP BEECH ST, BARCALDINE"
07469620X2,0746962106,"1 UMBIRAM RD NR FISHER RD, WYREEMA"
07474914X2,0747491670,"179 CAMOOWEAL ST S OF ZENA ST, MENZIES"
07478305X2,0747832520,"159 QUEEN ST S OF YOUNG ST, AYR"
07478301X2,0747831291,"159 QUEEN ST S OF YOUNG ST, AYR"
07477405X2,0747740854,"3 INGLONG ST CNR SAMANTHA ST, KELSO"
07474314X2,0747439348,"43 SUNSET DRV CNR ABLE SMITH PDE, SUNSET"
08823221X2,0882326574,"LVL 3 258 NORTH TCE SA UNI PLAYFORD BL, ADELAIDE"
08823223X2,0882326582,"BLDG 59 258 NORTH TCE SA UNI CENT'Y BLD, ADELAIDE"
02656310X2,0265631844,"8 SMITH ST NR BELGRAVE ST, KEMPSEY"
07326806X2,0732684060,"127 LAMINGTON AVE OS DOOMBEN STN, ASCOT"
07544240X2,0754424259,"70 GYMPIE ST NR MOORINDAL ST, TEWANTIN"
07544996X2,0754499748,"11 HILTON TCE NR EARL ST, TEWANTIN"
07544992X2,0754499619,"203 GYMPIE TCE NR THOMAS ST, NOOSAVILLE"
07547402X2,0754740167,"2 RUSSELL ST NR GARDEN GROVE, NOOSAVILLE"
07547454X2,0754745298,"24 LANYANA WAY NR ARCADIA ST, NOOSA HEADS"
08914028X2,0891401329,"1 WAMBIRI ST NR DAYLESFORD CL, SOUTH HEDLAND"
02638621X2,0263862301,"63 ALBURY ST NR SHORT ST, HARDEN"
02603292X2,0260329401,"168 HIGH ST OS HOSPITAL, RTHGLN"
02602715X2,0260271509,"37 HIGH ST OS POST OFFICE, YKNDNDA"
02694410X2,0269441021,"249 SHERIDAN ST OS TOURIST INFO, GUNDAGAI"
02696300X2,0269630476,"14 KIDMAN WAY CNR WATTLE ST, HANWOOD"
02695303X2,0269532565,"6 DRUMMOND ST NR MITCHELL ST, LEETON"
07554520X2,0755452170,"28 MAIN ST , TAMBORINE MOUNTAIN"
02687222X7,0268722232,"1 MORVAN ST NR TARCOON ST, BOURKE"
02684278X2,0268427810,"LOT 0 0 ULAMAMBRI ST , ULAMAMBRI"
02668840X2,0266884100,"3 ALBERT ST NR POST OFFICE, FEDERAL"
02665360X2,0266536399,"48 MOONEE BEACH RD CNR THE CORSO, MOONEE BEACH"
02656815X2,0265681787,"3 BOUNDARY ST NR EAST ST, MACKSVILLE"
08902421Y2,0890242057,"33 SHENTON ST MARMION VILLAGE, MENZIES"
08986342X2,0898634530,"28 ABSOLON ST OPP DAWSON ST, DUMBLEYUNG"
07498741X1,0749874782,"AMNTS  2 CODENWARRA RD CTL HLNDS S/C NR, EMERALD"
07498742X1,0749874970,"SIDE  2 CODENWARRA RD CTL HLNDS S/C NE, EMERALD"
03968717X1,0393620518,"9 CROSS ST WEST FOOTS RWS, FOOTSCRAY"
02958413X2,0295841739,"161 PENSHURST RD CNR HANNANS RD, NARWEE"
02958401X2,0295841672,"161 PENSHURST RD CNR HANNANS RD, NARWEE"
02921136X2,0292113858,"75 ULTIMO RD NR THOMAS ST, HAYMARKET"
02923209X2,0292328727,"100 KING ST NR PITT ST, SYDNEY"
02923208X2,0292328683,"100 KING ST NR PITT ST, SYDNEY"
02980904X2,0298091370,"2 RYEDALE RD OS RAILWAY ENTRY, WEST RYDE"
02980952X2,0298097012,"2 RYEDALE RD OS RAILWAY ENTRY, WEST RYDE"
02985825X2,0298584854,"20 RAILWAY PDE OS RAILWAY ENTRY, EASTWOOD"
02980412X2,0298046412,"20 RAILWAY PDE OS RAILWAY ENTRY, EASTWOOD"
02967119X2,0296714974,"68 MAIN ST OS ARCADE ENTRY, BLACKTOWN"
02962123X2,0296216143,"106 MAIN ST OPP WARRICK LN, BLACKTOWN"
02962113X2,0296214921,"106 MAIN ST OPP WARRICK LN, BLACKTOWN"
07327733X2,0732772561,"170 KESSELS RD CX GRIFFITH UNI, NATHAN"
07559470X1,0755947124,"1 HOSPITAL BLV MAIN ENTRY, SOUTHPORT"
07556310X1,0755631361,"1 HOSPITAL BLV MAIN ENTRY, SOUTHPORT"
07495622X2,0749562309,"36 BROAD ST IN PARK, SARINA"
07495618X2,0749561709,"36 BROAD ST IN PARK, SARINA"
07466593X2,0746652104,"53 CAMPBELL ST NR MCINTYRE ST, BRIGALOW"
08958112X2,0895811454,"54 MCLARTY RD CNR GLENCOE PDE, HALLS HEAD"
02499812X2,0249981407,"51 WOLLOMBI RD , MILLFIELD"
07404145X2,0740414078,"108 SHERIDAN ST S OF ALPIN ST, CAIRNS CTY"
08931701X2,0893305572,"67 NORTH LAKE RD , MYAREE"
03632705X2,0363271351,"39 PITT AVE CNR POMONA RD STH, TREVALLYN"
07403100Y1,0740313828,"LOT 169 0 ESPLANADE  FITZROY ISLAND RES, FITZROY ISLAND"
08855620X2,0885562324,"4 HIGH ST O/S POST OFFICE, WILLUNGA"
08964521X9,0896451202,"1 JENNABERRING RD O/S POST OFFICE, QUAIRADING"
08988361X2,0898836000,"193 CAMPBELL ST O/S EXCHANGE, CUBALLING"
08982311X2,0898231530,"31 ROBINSON RD OPP SHIRE OFFICE, WOODANILLING"
08984472X2,0898447501,"6 BAYONET HEAD RD O/S EXCHANGE, BAYONET HEAD"
08984520X2,0898452030,"25 STATION ST O/S EXCHANGE, YOUNGS SIDING"
08982820X2,0898282000,"44 ELDRIDGE ST O/S ROADHOUSE, ONGERUP"
08982790X2,0898279225,"8639 CHESTER PASS RD STLNG RNGE CVAN PK, AMELUP"
08986460X2,0898646030,"33 SCADDEN ST O/S EXCHANGE, KUKERIN"
08988010X2,0898801243,"59 JOHNSTON ST O/S POST OFFICE, KULIN"
08988911X2,0898891106,"31 JONES ST O/S POST OFFICE, KONDININ"
08986291X2,0898629057,"6 FARRELL ST O/S POST OFFICE, DURANILLIN"
02936536X2,0293655150,"88 BRIGHTON BLV , NORTH BONDI"
02444342X2,0244434288,"2650 PRINCES HWY NR KLADIS ESTATES, WANDANDIAN"
08884720X2,0888472124,"28 TORRENS RD O/S POST OFFICE, RIVERTON"
08889220X2,0888922172,"6 COMMERCIAL ST O/S POST OFFICE, BURRA"
08872308X2,0887231395,"250 PENOLA RD KALGANYI C/VAN PK, MT GAMBIER"
08858111X2,0885811124,"9 GUNN ST O/S POST OFFICE, EUDUNDA"
08858390X2,0885839224,"656 KINGSTON-LOXTON RD O/S POST OFFICE, MROOK S"
08858630X2,0885863269,"8 RAL RAL AVE ON MEDIAN STRIP, RENMARK"
08858350X2,0885835224,"20 RANDELL TCE O/S POST OFFICE, MONASH"
08856220X2,0885622032,"15 DUCKPONDS RD O/S GENERAL STORE, STOCKWELL"
02951602X2,0295161665,"5 BRIDGE RD , STANMORE"
03539190X2,0353919200,"0 NETHERBY-BAKER RD NEAR CFA, NETHERBY"
02692140X1,0269214951,"260 EDWARD ST ADMIN FOYER, WAGGA WAGGA SOUTH"
02983117X2,0298313451,"154 BEST RD , SEVEN HILLS"
02442117X2,0244214301,"3 STEWART PL , NOWRA"
03978924X2,0397899720,"2 ASHLEIGH AVE , FRANKSTON"
03974307X2,0397436502,"25 CENTENARY AVE , MELTON"
07328306X2,0732834364,"184 HORNIBROOK ESP , CLONTARF"
02962601X1,0296266125,"217 RAILWAY TCE SCHOFIELDS RWS, SCHOFIELDS"
02983300X1,0298331564,"75 MAMRE RD ST MARYS RSL CLUB, ST MARYS"
03974422X2,0397441500,"52 MACEDON ST , SUNBURY"
03932605X2,0393261162,"PLATFM 3 15 ROSE ST ESSENDON RLWY STN, ESSENDON"
03509201X2,0350922200,"8 CALDER HWY O/S OUYEN C/V PK, OUYEN"
07557490X2,0755749446,"95 ALEXANDER DRV O/S MEDICAL CNTR, Highland Park"
07557811X2,0755781819,"20 CAYUGA ST OPP ONLSOW ST, NERANG"
07553716X2,0755371673,"15 BRIGHTON ST BAYVIEW GARDENS, BIGGERA WATERS"
07553705X2,0755371637,"15 BRISBANE RD NEAR BRIGHTON ST, BIGGERA WATERS"
07552902X2,0755290455,"2 BURROWS ST CNR MARINE PDE, BIGGERA WATERS"
08896440Y2,NONE,"17 WOGYALA COMM , TBLELDS"
07552002X2,0755204586,"238 THE ESPLANADE  NR SIXTH AVE OPP, MIAMI"
08895689Y7,0889568772,"0 WILLOWRA COMM OPEN CHURCH AREA, WILLOWRA"
03988518X2,0398858799,"1545 HIGH STREET RD O/S GLEN IRIS RWS, GLEN IRIS"
03988824X2,0398881538,"PLATFM  2 WINDSOR AVE JORDANVILLE RWS, MT WAVERLEY"
03988900X2,0398895160,"PLATFM 2 22 TRENT ST BURWOOD RLWY STN, GLEN IRIS"
03988823X2,0398881293,"1 HAMILTON PL OS MT WAVERLEY RWS, MT WAVERLEY"
03988812X2,0398881292,"1 HAMILTON PL OS MT WAVERLEY RWS, MT WAVERLEY"
03956305X2,0395635587,"PLATFM  1148 GLEN HUNTLY RD GLEN HUNTLY RWS, GLEN HUNTLY"
03956826X2,0395682384,"5 PORTMAN ST O/S RLWY STN, OAKLEIGH"
03954422X2,0395440019,"0 RAILWAY AVE HUNTINGDALE RWS, OAKLEIGH"
03954318X2,0395431902,"149 CARINISH RD OPP RLWY STN, CLAYTON"
03954600X1,0395468129,"33 AUTUMN TCE WESTALL RLWY STN, CLAYTON SOUTH"
03954700X1,0395470450,"0 RAYHUR ST WESTALL RLWY STN, CLAYTON SOUTH"
03975201X2,0397523498,"6 ALPINE ST FERNTREE GULLY RWS, FERNTREE GULLY"
02664344X2,0266432770,"LOT 1 0 SPRING ST MCDONALDS RESTAURA, SOUTH GRAFTON"
03977221X2,0397723109,"OPP  324 STATION ST O/S CHELSEA RWS, CHELSEA"
03562200X2,0356223354,"ENTRCE  0 ALFRED ST WARRAGUL RLWY STN, WARRAGUL"
03594300Y1,0359432531,"PLATFM 2 57 STATION ST OFFICER RLWY STN, OFFICER"
03952104X2,0395210193,"PLATFM DOWN 0 HAMPTON ST HAMPTON RLWY STN, HAMPTON"
03959806X2,0395988268,"1 STATION ST OS SANDRINGHAM RWS, SANDRINGHAM"
03958704X2,0395876249,"PLATFM DOWN 31 ALBERT ST MORDIALLOC RWS, MORDIALLOC"
03952823X2,0395285173,"264 GLEN HUNTLY RD IN RWS BOOKING OFF, ELSTERNWICK"
03959302X2,0395931206,"PLATFM DOWN 1 RAILWAY WLK BRIGHTON BEACH RWS, BRIGHTON"
03548220X2,0354825902,"213 STURT ST ECHUCA RLWY STN, ECHUCA"
08996458X2,0899645065,"142 MARINE TCE , GERALDTON"
03522904X1,0352291732,"3 BREAKWATER RD , THOMSON"
03949710X2,0394972245,"0 NORMAN ST IVANHOE RLWY STN, IVANHOE"
02677720X2,0267772098,"48 DERBY ST CNR APSLEY ST, WALCHA"
02677711X2,0267771082,"108 FITZROY ST NR THEE ST, WALCHA"
02677710X2,0267771081,"113 MIDDLE ST CNR NORTH ST, WALCHA"
02672335X2,0267233401,"29 RUBY ST NR OPAL ST, TINGHA"
02672332X2,0267233201,"29 RUBY ST NR OPAL ST, TINGHA"
02673205X2,0267325039,"133 BOURKE ST CNR GREY ST, GLEN INNES"
02676960X2,0267696591,"19 HAVANNAH ST OS CARAVAN PARK, BENDEMEER"
03556140X2,0355614706,"459 RAGLAN PDE NR JAPAN ST, WARRNAMBOOL"
07405350X2,0740535906,"112 HOARE ST , MANUNDA"
07463963X2,0746393566,"277 HUME ST , SOUTH TOOWOOMBA"
07477504X2,0747753255,"72 CHARLOTTE ST , AITKENVALE"
03947007X2,0394702320,"3 MENDIP RD , RESERVOIR"
02963603X2,0296361587,"665 MERRYLANDS RD , GREYSTANES"
07557316X2,0755731184,"2 SIR JOHN OVERALL DRV , HELENSVALE"
02494580X1,0249458734,"1 SINGLETON ST BELMONT CENTRAL PL, BELMONT"
07544721X2,0754472562,"69 HASTINGS ST NOOSA HEADS SURF L, NOOSA HEADS"
02978718X2,0297871454,"52 FIFTH AVE NR SEVENTH AVE, CAMPSIE"
02983500X2,0298351324,"483 LUXFORD RD NR HOPMAN CR, SHALVEY"
07403361X1,0740336920,"6 CHARLOTTE CL NR SHOPS, WOREE"
02497050X1,0249705789,"PLATFM 2 71 DORA ST MORISSET RLWY STN, MORISSET"
07405169X2,0740518397,"29 UPWARD ST CNR DRAPER ST, PARRAMATTA PARK"
02683904X2,0268392000,"93 BATHURST ST BREWARRINA POST OF, BREWARRINA"
08852301X2,0885230571,"49 CHEEK AVE , GAWLER EAST"
02499451X2,0249945008,"17 THE BUCKETTS WAY OS COMMUNITY HALL, STROUD ROAD"
02996017X2,0299603754,"769 MILITARY RD NR AVENUE RD, MOSMAN"
07339503X2,0733955720,"206 RIDING RD NR BARTON RD, BALMORAL"
02936518X2,0293655124,"39 CAMPBELL PDE , NORTH BONDI"
02936551X2,0293655286,"58 HALL ST , BONDI BEACH"
03938358X2,0393831945,"122 MORELAND RD , BRUNSWICK"
03938602X2,0393868172,"630 SYDNEY RD POLICE STATION, BRUNSWICK"
03938310X2,0393831370,"630 SYDNEY RD POLICE STATION, BRUNSWICK"
03938343X2,0393832579,"323 SYDNEY RD , COBURG"
03938423X2,0393841207,"220 ALBION ST , BRUNSWICK"
03938342X2,0393831667,"489 MORELAND RD , PASCOE VALE SOUTH"
03879402X2,0387949621,"101 SEEBECK DRV , NARRE WARREN"
03931179X2,0393118837,"359 BALLARAT RD , BRAYBROOK"
03931178X2,0393119637,"43 PERTH AVE , ALBION"
03931180X2,0393118619,"131 ANDERSON RD , SUNSHINE"
03931181X2,0393119548,"437 BALLARAT RD , SUNSHINE"
03931124X2,0393119873,"62 ADELAIDE ST , ALBION"
07336701X2,0733691523,"1012 SIR SAMUEL GRIFFITH DRV NR LOOKOUT, MOUNT COOT-THA"
07412902X2,0741294563,"25 ROBERTSON ST OPP. UNION ST, TORBANLEA"
07412509X2,0741254322,"208 ELIZABETH ST NR BOUNDARY RD, URANGAN"
07412502X1,0741251628,"20 FRASER ST FRASER LODGE CARA*, TORQUAY"
07412980X1,0741298647,"32 GRANVILLE RD MAAROOM CARAVAN PK, MAAROOM"
07544410X2,0754441559,"99 PACIFIC BLV OS KAWANA SURF CL, BUDDINA"
07544353X2,0754439212,"167 ALEXANDRA PDE O/S SURF CLUB, ALEXANDRA HEADLAND"
08972101X1,0897219437,"LOT 560 0 DETTMAN DRV ECU BLDG 5, COLLEGE GROVE"
07497840X2,0749784116,"83 SUN VALLEY RD NR KIN KORA DRV, KIN KORA"
03514420X2,0351443844,"225 RAGLAN ST NR CNR ASPECT CRT, SALE"
03514423X2,0351441902,"25 MCCOLE ST NR HYLAND CT O/S, SALE"
03514631X2,0351463309,"145 SEVENTH AVE NR TWENTY 7TH ST, PARADISE BEACH"
02996007X2,0299602743,"0 ATHOL WHARF RD ZOO FERRY WHARF, MOSMAN"
02948210X2,0294821084,"PLATFM 4 1 STATION ST HORNSBY RLWY STN, HORNSBY"
02948213X2,0294821158,"1 STATION ST HORNSBY RLWY STN, HORNSBY"
02948212X2,0294821138,"1 STATION ST HORNSBY RLWY STN, HORNSBY"
02986904X2,0298694678,"1 LANGSTON PL OS EPPING RWLY STN, EPPING"
07404154X2,0740415671,"49 SPENCE ST CNR GRAFTON ST, CAIRNS CTY"
07405182X2,0740516920,"199 LYONS ST NR MULGRAVE RD, BUNGALOW"
02645801X1,0264580351,"2584 MCKILLOP RD COMMUNITY HALL, TBBT"
03548229X2,0354822644,"569 HIGH ST , ECHUCA"
07381217X1,0738128894,"2 THE TERRACE  RIVERLINK SHOPPING, NORTH IPSWICH"
07493476X2,0749347683,"4597 CAPRICORN HWY O/S WESTWOOD HOTEL, WESTWOOD"
03633425X1,0363341506,"274 CHARLES ST EMERGENCY DEPT LAU, LAUNCESTON"
03518600X2,0351861201,"1906 TARRA VALLEY RD OS CARAVAN PARK, TARRA VALLEY"
07406970X2,0740697104,"0 JOHN EVANS DRV OS ARPRT TERM, WEIPA AIRPORT"
07406995X2,0740699705,"0 HUNT LA OPPOSITE JETTY, EVANS LANDING"
07349105X1,0734917024,"118 OLD GYMPIE RD LILLY BROOK S/C, KALLANGUR"
07388200X2,0738820345,"245 FRANCIS RD NR BRAY PARK S/C, BRAY PARK"
07320100X1,0732015082,"64 HUNTER ST BRASSALL S/C, BRASSALL"
02483450X2,0248345240,"6 BATHURST ST OS PUB, TUENA"
02694710X1,0269471909,"2 FITZROY ST RIVERGLADE CVAN PK, TUMUT"
02692770X2,0269277891,"40 MATONG (GRONG GRONG RD) ST CNR DEEPWATER RD, MATONG"
08862924X2,0886292124,"0 LUCKY BAY BLV NR SHACK 36, LUCKY BAY"
02432332X2,0243237651,"LVL 4 60 HOLDEN ST HOSPITAL FOYER, GOSFORD"
02432301X2,NONE,"BLDG  60 HOLDEN ST MENTAL HEALTH, GOSFORD"
07404158X2,0740415127,"30 SHIELDS ST CNR LAKE ST OS PUB, CAIRNS CTY"
08972103X2,0897211677,"9 PICTON RD NR BUS SHELTER, EAST BUNBURY"
08825536X2,0882551721,"20 HEYTESBURY RD NR HAMBRIDGE RD, DAVOREN PARK"
07465467X2,0746546157,"11 ARTHUR ST CRN STAR ST, TAMBO"
07462500Y2,0746250924,"28 WILLIAM ST , HEBEL"
07465431X2,0746543138,"32 WILLS ST WAR MEMORIAL, CHARLEVILLE"
07462071X2,0746207039,"18 RAILWAY ST NR RICHARDSON ST, DIRRANBANDI"
02998505X2,0299857748,"2 DANGAR RD CNR BROOKLYN RD, BROOKLYN"
08867258X2,0886725925,"454 HUTCHISON ST CNR MALLIOTIS BLV, COOBER PEDY"
07383114X2,0738312555,"2 ST PAUL'S TCE NR BOUNDARY ST, SPRING HILL"
07383105X2,0738311891,"2 ST PAUL'S TCE NR BOUNDARY ST, SPRING HILL"
02964800X2,0296484051,"0 DARTBROOK RD CNR PARRAMATTA RD, AUBURN"
03939831X2,0393981278,"120 QUEEN ST O/S POST OFFICE, ALTONA"
03575002X2,0357501024,"11 BURKE ST CNR IRELAND ST, BRIGHT"
03575500X2,0357551273,"1 DELANY AVE NR MOUNTBATTEN AVE, BRIGHT"
03547210X2,0354722699,"145 MAIN RD O/S POST OFFICE, CHEWTON"
08965461X7,0896546027,"54 MILING RD NR WATERS ST, YERECOIN"
08966410X2,0896641012,"110 GREAT NORTHERN HWY O/S SERVICE STN, WUBIN"
07493711X2,0749371304,"15 BRYAN ST O/S DULULU HOTEL, DULULU"
02925131X2,0292518166,"0 ARGYLE ST CNR KENT ST, MILLERS POINT"
02925116X2,0292516391,"114 KENT ST NEAR HIGH ST, MILLERS POINT"
02925117X2,0292516500,"87 LOWER FORT ST NR ARGYLE PL, MILLERS POINT"
02925104X2,0292517855,"JCDBTH 1008 0 ALFRED ST OS GATEWAY HOUSE, SYDNEY"
03633905X2,0363393702,"127 TASMAN HWY CNR NAROO ST, WAVERLEY"
02970901X1,0297092613,"1 NORTH TCE S/C CNTR MGT ENTRY, BANKSTOWN"
02634214X2,0263421509,"2 LACHLAN VALLEY WAY NR TOURIST INFO, COWRA"
03595206X2,0359521142,"170 CHURCH ST COWES FORESHORE TP, COWES"
07474841Y1,0747484908,"26 ATNYER ST ALPURRURULAM COMM, ALPURRURULAM"
03539020X2,0353902244,"9 TRAVERNER ST NEAR PHILLIP ST, BEULAH"
03552323X2,0355231232,"342 DUTTON WAY HENTY BAY CVAN PK, BOLWARRA"
08897100Y2,0889710015,"LOT 1864 32 MIALI BRUMBY TRK KALANO COMMUNITY, EMNGLN"
08897101Y2,NONE,"2050 GORGE RD JODETLUK COMMUNITY, LANSDWN"
02983806X2,0298387838,"PLATFM 3&4 0 BOOMERANG PL SEVEN HILLS RWS, SEVEN HILLS"
02962126X2,0296216987,"15 PRINCE ST CNR THIRD AVE, BLACKTOWN"
02422684X2,0242264216,"PLATFM 1 0 STAFFORD ST RAILWAY STN-NTH, WOLLONGONG"
07320511X2,0732052108,"1 STATION ST NR GYMPIE RD, STRATHPINE"
08864848Y2,0886484875,"LOT  176 MINE RD OPP HOTEL, BLINMAN"
08867257X2,0886725899,"LOT  215 OLIVER ST LIONS INFORM BAY, COOBER PEDY"
08895602Y2,0889560819,"LOT  190 SANTA TERESA COMM NTH SIDE O/S, SANTA TERESA"
08897543Y1,0889754269,"LOT  148 BESWICK COMM NIDIKAT WAY, BESWICK"
08897540Y9,0889754638,"LOT  120 NUMBULWAR COMM , NUMBULWAR"
08896413Y2,0889641594,"LOT  191 WALPIRI ST ALI CURUNG COMM, ALI CURUNG"
08898790Y8,0889879004,"295 BURMALA ST ELCHO ISLAND, GALIWINKU"
08897740Y1,0889774056,"LOT  262 BARUNGA COMM OS BARUNGA TOP CMP, BARNGA"
08898798Y9,0889879848,"LOT  244 GADAPU RD MILINGIMBI SCHOOL, MILINGIMBI"
08947828X1,0894782114,"BLDG  200 MILLERS RD T3 LINK, PERTH AIRPORT"
08907540X2,0890754030,"LOT  171 COOLGARDIE-ESPERANCE HWY O/S MOTEL, GIBSON"
08907850X2,0890785015,"LOT  123 MOORE ST O/S POST OFFICE, SALMON GUMS"
08907661X2,0890766046,"LOT  200 PARISH ST O/S TAVERN, CONDINGUP"
08914316X1,0891431653,"LOT  181 ROSEMARY RD PILBARA HOLIDAY PK, BAYNTON"
08916906X2,0891691174,"LOT  181 VICTORIA HWY KUNUNURRA AIRPORT, KUNUNURRA"
08918710X2,0891871000,"LOT  108 MULGA WAY O/S POST OFFICE, WICKHAM"
08916916X1,0891693158,"LOT  302 VICTORIA HWY AHL KUNUNURRA, KUNUNURRA"
08916854Y2,0891685587,"LOT  271 WELMAN RD ADJ WILKINSON ST, HALLS CREEK"
08994304Y2,0899430525,"LOT  158 NORTH WEST COASTAL HWY WINNING POOL, LYNDON"
07388108X2,0738812978,"PLATFM 2&3 21 RAILWAY AVE BRAY PARK RLWY STN, STRATHPINE"
08938826X2,NONE,"513 HAY ST O/S, SUBIACO"
08938118X2,0893812862,"8 SUBIACO SQUARE RD , SUBIACO"
08927716X2,0892775210,"224 BELMONT AVE , CLOVERDALE"
03514550X2,0351455270,"34 MAFFRA-BRIAGOLONG RD , BRIAGOLONG"
03567820X2,0356782200,"61 HADE AVE CNR BASS SCHOOL RD, BASS"
03545523X2,0354552897,"93 GODFREY ST NR STATION ST, BOORT"
03544313X2,0354438288,"11 HIGH ST CNR WATTLE ST, BENDIGO"
08933588X2,0893358956,"16 MINILYA AVE NR WATKINS ST, WHITE GUM VALLEY"
08919240Y2,0891924462,"0 KARRAJI COMM 180KM SSW BROOME, LAGRANGE"
03941984X2,0394192961,"45 VICTORIA PDE NR CAMBRIDGE ST, COLLINGWOOD"
07340950X2,0734095205,"JETTY  4 BRIGHTON RD LOT 3 CAR PARK, MACLEAY ISLAND"
07406972X2,0740697508,"6 COMMERCIAL AVE HERITAGE S/CENTRE, WEIPA"
07409942X1,0740991038,"0 PORT DOUGLAS RD CNR CAPTN CK HWY, PORT DOUGLAS"
07409892X2,0740989153,"2094 CAPE TRIBULATION RD RAINFOREST VILLAGE, DIWAN"
07406800X1,0740680837,"5 MORRIS ST BANYAN PLAZA, TULLY"
07405104X1,0740518416,"1 PIER POINT RD THE PIER, CAIRNS CTY"
07406981X2,0740698156,"0 COMMERCIAL AVE CNR MCNAMARA WY, WEIPA"
07406980X2,0740698134,"0 COMMERCIAL AVE CNR MCNAMARA WY, WEIPA"
07409030X2,0740903841,"26 NAWIE ST O/S POLICE STATION, HORN ISLAND"
07406921X2,0740692274,"6 BLACKALL ST NR DOUGLAS ST, THURSDAY ISLAND"
07406933X2,0740693604,"6 MARA ST UMAGICO COMMUNITY, UMAGICO"
07405702X2,0740577588,"LOT  2 O'BRIEN RD SMITHFIELD STATE H, SMITHFIELD"
07405900X2,0740591071,"147 WILLIAMS ESP CNR CEDAR RD, PALM COVE"
07474595X2,0747459435,"16 WARD ST CNR PALMER ST, KARUMBA"
07406050X2,0740605115,"30 CHAPMAN RD O/S ADMIN BUILDING, KOWANYAMA"
07406052X2,0740605164,"200 KOWANYAMA ST O/S SCHOOL, KOWANYAMA"
07406958X2,0740695795,"11 CHARLES ST O/S SWIMMING POOL, COOKTOWN"
07406952X2,0740695304,"178 CHARLOTTE ST OPP WHARVES, COOKTOWN"
07406021X1,0740602115,"35 MULLIGAN HWY PALMER RIV ROADHSE, LAKELAND"
07409391X2,0740939425,"0 THERWINE ST VISITOR INFO CENTR, KURANDA"
07409379X2,0740937918,"2 KOAH RD NR KENNEDY HWY, KOAH"
07556310X2,0755631129,"440 BRISBANE RD NR ARUNDEL DRV, ARUNDEL"
07412446X2,0741248630,"0 DENMANS CAMP RD CR 201 TOTNESS ST, TORQUAY"
07494197X1,0749419157,"SHOP 40C 12 ST FRANCIS DRV MORANBAH FAIR S/C, MORANBAH"
07494721X2,0749472585,"2396 CRYSTALBROOK RD LIONS CAMP KANGA, CRYSTAL BROOK"
07494151X2,0749415402,"23 GRIFFIN ST , MORANBAH"
07543872X2,0754387745,"OPP 16 0 BRUCE PDE NR 11 BRUCE PDE, GLASS HOUSE MOUNTAINS"
07549135X2,0754918020,"0 ESPLANADE  CLARKES PK OPP6, CALOUNDRA"
07544820X2,0754482537,"0 DAVID LOW WAY NR  2 MAHOGANY DV, MARCUS BEACH"
07549400X2,0754940295,"0 SIMPSON ST OPP 54 SIMPSON, BEERWAH"
07549226X2,0754922602,"0 ESPLANADE  PARK OPP NO 66, GOLDEN BEACH"
07493466X1,0749346643,"55739 BRUCE HWY RAGLAN TAVERN, Raglan"
07472407X1,0747240273,"LOT 674 2 SIR LESLIE THIESS DRV BREAKWATER TERMINA, TOWNSVILLE CITY"
07477151X1,0747715814,"LOT 674 2 SIR LESLIE THIESS DRV BREAKWATER TERMINA, TOWNSVILLE CITY"
08864805X1,0886484885,"LOT 01 101 PARACHILNA GORGE RD ANGORICHINA TOURIS, ALPNA"
08867000Y1,0886707948,"LOT 9 69 STUART HWY CADNEY HOMESTEAD, WNTNA"
08867079Y8,0886707937,"LOT 9 69 STUART HWY CADNEY HOMESTEAD, WNTNA"
08897935Y2,0889790231,"3 BLACK POINT COMM , COBOURG"
08898710Y1,0889871318,"3 BALMA OUTSTATION COMM GAPUWIYAK, EAST ARNHEM"
08898780Y1,0889878067,"3 BURRUM STN REG407, EAST ARNHEM"
08898703Y1,0889879307,"3 BUYMARR STN , EAST ARNHEM"
08898708Y1,0889879475,"3 DHANIYA STN , EAST ARNHEM"
08898793Y1,0889879327,"3 DHURUPUTJPI COMM , EAST ARNHEM"
08898736Y2,0889879159,"3 DJURRANALPI COMM , EAST ARNHEM"
08898713Y2,0889879113,"3 DONYDJI OUTSTATION COMM , EAST ARNHEM"
08898740Y2,0889879160,"3 BANTHULA STN , EAST ARNHEM"
08897549Y2,NONE,"3 BARRAPUNTA STN , EAST ARNHEM"
08898707Y1,0889879470,"3 BARRARATJPI  COMM  PAY PHONE, EAST ARNHEM"
08898701Y1,0889879193,"3 BARRKIRA STN , EAST ARNHEM"
08898725Y2,0889879163,"3 BIRANY BIRANY O/STATION COMM , EAST ARNHEM"
03931498X2,0393147318,"149 SOMERVILLE RD CRN WILLIAMSTOWN, YARRAVILLE"
08834038X2,0883403054,"207 REGENCY RD CNR ALVIS RD, CROYDON PARK"
03982204X2,0398222999,"2 MONARO RD CNR GLENFERRIE RD, KOOYONG"
07412312X2,0741234040,"413 KENT ST CNR ADELAIDE ST, MARYBOROUGH"
07465300X2,0746535107,"10959 BRUXNER HWY OS BONSHAW STORE, BONSHAW"
02923308X2,0292334317,"280 GEORGE ST NR CURTIN PL, SYDNEY"
03598000Y2,0359801200,"1 TANKERTON RD TANKERTON P/O, FRENCH ISLAND"
03514630X2,0351463209,"8 SURF EDGE DRV NR BLUE WATER AVE, GOLDEN BEACH"
03947100X1,0394713518,"2 MURRAY RD I/S WOOLWORTHS ENT, PRESTON"
08876621X2,0887662024,"0 MUSGRAVE AVE O/S CENTENARY PARK, LUCINDALE"
08858300X2,0885830224,"2 HOLMES RD O/S POST OFFICE, KINGSTON ON MURRAY"
08858652X2,0885865779,"112 MURRAY AVE , RENMARK"
08857431X2,0885743107,"2931 RAILWAY TCE OPP POST OFFICE, SHERLOCK"
08858470X2,0885847340,"1667 BOOKPURNONG RD O/S FUEL STATION, LOXTON"
08854126X2,0885412721,"10 SMITH DRV , WAIKERIE"
03931741X2,0393174786,"0 ASHLEY ST NR BALLARAT RD, BRAYBROOK"
03626404X2,0362641586,"40 MARGUERITE ST OS RANELAGH HALL, RANELAGH"
02974514X2,0297452419,"12 TANGARRA ST CNR TAVISTOCK ST, CROYDON PARK"
08825201X2,0882522054,"92 MAIN RD O/S SERVICE STN, HILLBANK"
02682320X2,0268232247,"18 COLIN ST CNR SHAKESPEAR ST, CARINDA"
02683321X7,0268332100,"0 MITCHELL HWY NR WERNER ST, COOLABAH"
02683310X2,0268331000,"8 SYDNEY RD , GIRILAMBONE"
02688611X2,0268861003,"9 MERRYGOEN RD NR BIAMBLE ST, MERRYGOEN"
02682420X2,0268242041,"2 TUCKA TUCKA ST , QUAMBONE"
08809114X2,0880911636,"0 BARRIER HWY BORDER GATE R/HSE, BROKEN HILL"
02692410X1,0269241970,"75 BROADWAY ST RSL CLUB, JUNEE"
07406923X2,0740692451,"50 DOUGLAS ST O/S POST OFFICE, THURSDAY ISLAND"
07406922X2,0740692450,"50 DOUGLAS ST O/S POST OFFICE, THURSDAY ISLAND"
07406914X2,0740691792,"50 DOUGLAS ST O/S POST OFFICE, THURSDAY ISLAND"
07406912X2,0740691508,"50 DOUGLAS ST O/S POST OFFICE, THURSDAY ISLAND"
07546580X2,0754658019,"RD  54 BRIGHTVIEW RD NR STAATZ QUARRY, REGENCY DOWNS"
07468530X2,0746853350,"658 POZIERES RD NR POZIERES SCH RD, POZIERES"
07466610X2,0746661093,"10347 CUNNINGHAM HWY O/S SERV STN, MARYVALE"
07466700X2,0746670294,"106 GRAFTON ST ROSE CITY S/C, WARWICK"
07468520X2,0746852100,"713 GRANITE BELT DRV NR MIDDLETON ST, COTTONVALE"
07468330X2,0746833100,"1347 AMIENS RD NR POST LANE, AMIENS"
07468435X2,0746843332,"55 TENTERFIELD ST NR RAYLEIGH ST, WALLANGARRA"
07466371X2,0746637114,"4 IRVINGDALE RD NR RAILWAY AVE, BOWENVILLE"
07466237X2,0746623509,"56 PATRICK ST AT TAXI RANK, DALBY"
07462820X7,0746282107,"33857 LIECHARDT HWY OS POST OFFICE, GULUGUBA"
08867078X8,NONE,"4 WITJIRA NATIONAL PK DALHOUSIE SPRINGS, OODNADATTA"
08898708Y2,0889879126,"1 GANGAN OUTSTATION COMM , EAST ARNHEM"
08896445Y1,0889644651,"4 KALUMPURLPA STN OUTSIDE HSE 4, TNMI E"
08898727Y2,0889879165,"17 DHALINYBUY COMM REG473, EAST ARNHEM"
08898707Y2,0889879174,"28 BANIYALA COMM , EAST ARNHEM"
08897594Y1,0889759741,"30 MINYERRI COMM ADJ HOUSE 30 & 31, MNYRI"
08897823Y7,0889782498,"1467 WOOLIANA RD O/S WOOLIANNA TOUR, DALY RIVER"
08942108X2,0894211962,"4 BARRACK SQ NR FERRY TERMINAL, PERTH"
08927409X2,0892745287,"93 VICTORIA ST MIDLAND RAIL, MIDLAND"
08925004X2,0892501413,"93 VICTORIA ST MIDLAND RAIL, MIDLAND"
08927401X2,0892745376,"93 VICTORIA ST MIDLAND RAIL, MIDLAND"
08939007X2,0893907109,"1 STREICH AVE KELMSCOTT RAIL, KELMSCOTT"
08949806X1,0894983457,"17 COMMERCE AVE ARMADALE RAIL, ARMADALE"
08949804X1,0894983452,"17 COMMERCE AVE ARMADALE RAIL, ARMADALE"
08947012X1,0894701129,"52 KITCHENER AVE VICTORIA PK RAIL, VICTORIA PARK"
03596432X2,0359643735,"10 UNION RD OS KINDERGARTEN, WANDIN NORTH"
08821116X2,0882116458,"41 HINDLEY ST NR PEEL ST, ADELAIDE"
08988570X2,0898857070,"9197 PINJARRA-WILLIAMS RD QUINDANNING HOTEL, WILLIAMS"
02655912X2,0265591204,"3736 THE BUCKETTS WAY  OS COMMERCIAL HTL, KRAMBACH"
02987511X2,0298752413,"1 HANNAH ST NR WONGALA CRS, BEECROFT"
02987512X2,0298752660,"86 THE ESPLANADE ST OS RAILWAY STATION, THORNLEIGH"
02988723X2,0298872943,"119 NORTH RD OS MIDWAY ARCADE, RYDE"
02989001X2,0298901069,"18 KLEINS RD NEAR BALMORAL RD, NORTHMEAD"
02989701X2,0298972267,"16 DELLWOOD ST OUTSIDE SHOPS, SOUTH GRANVILLE"
02989616X2,0298963519,"116 OAKES RD CNR OLD WINDSOR RD, OLD TOONGABBIE"
08898702Y1,0889879304,"3 BUKUDAL COMM , EAST ARNHEM"
08916861Y2,0891686104,"LOT 9 69 GREAT NORTHERN HWY NR PARK, HALLS CREEK"
03627220X2,0362729437,"3 TOLOSA ST BUS MALL, GLENORCHY"
03626300X2,0362636245,"2 LAURENCE PL CNR OF TOTTENHAM, GAGEBROOK"
02936515X2,0293655118,"158 GLENAYR AVE NEAR O'BRIEN ST, BONDI BEACH"
08898732X1,0889873843,"1 MATTHEW FLINDERS WAY GOVE HOUSE, NHULUNBUY"
02928021X2,0292802335,"JCDBTH 2013 2 MURRAY ST UNDER PYRMONT BRDG, SYDNEY"
07477085X2,0747708518,"52 MOUNT SPEC RD E OF SMITH CRES, PALUMA"
08809133X7,0880913304,"31 BRISCO ST NR POOLE ST, TIBOOBURRA"
02668780X2,0266878452,"6 GEORGE ST CNR TINTENBAR RD, TINTENBAR"
02655310X2,0265531101,"53 BEECHER ST O/S GENERAL STORE, TINONEE"
02604311X2,0260431115,"3 BOTTLEBRUSH ST NR IRONBARK RD, THURGOONA"
02602950X2,0260295200,"1 BONG ST NR FOURCORNERS RD, RAND"
03642507X2,0364251055,"39 REIBY ST IN APEX PARK, ULVERSTONE"
03645700X2,0364571201,"809 COMEBACK RD NR GREEN POINT RD, MARRAWAH"
03596290X2,0359629250,"1721 HEALESVILLE - KINGLAKE RD OS MEMORIAL  HALL, TOOLANGI"
03979202X2,0397913258,"46 FOSTER ST RLWY STN MAIN ENT, DANDENONG"
03598504X2,0359856700,"21 MAINE ST OPP ROMNEY AVE, TOOTGAROOK"
07406822X2,0740682593,"76 BUTLER ST IN TRANSIT CENTRE, TULLY"
02964310X2,0296438501,"3 SOUTH PDE CNR OF AUBURN RD, AUBURN"
02974340X2,0297437181,"32 AMY ST OPP REGENT ST, REGENTS PARK"
03533816X2,0353381484,"1213 HOWITT ST , WENDOUREE"
02974965X2,0297492961,"50 QUEEN ST CNR VALES LN, AUBURN"
08947847X2,0894783054,"GRND FLR 245 HORRIE MILLER DRV T1 INT ARRIVALS, PERTH AIRPORT"
08927706X1,0892773139,"245 HORRIE MILLER DRV T1P VIRGIN CHECKIN, PERTH AIRPORT"
08947722X1,0894774014,"245 HORRIE MILLER DRV T1 INT CHECK-IN, PERTH AIRPORT"
03629834X2,0362983220,"1 LADY BAY RD NEAR JETTY, SOUTHPORT"
03624807X2,0362486309,"2 SOUTH TCE CNR S ARM RD, LAUDERDALE"
03626061X2,0362606280,"2 LENNON RD FERRY TERMINAL, NORTH BRUNY"
03622322X2,0362234735,"6 WASHINGTON ST CNR DARCY ST, SOUTH HOBART"
03622908X2,0362296904,"13 OCEAN ESP OPP PEARSALL AVE, BLACKMANS BAY"
03623458X2,0362345489,"38 WELLINGTON CRT IN WELLINGTON CTRE, HOBART"
03626721X2,0362672103,"449 HOWDEN RD OPP 450, HOWDEN"
03625471X2,0362547306,"2132 TUNNACK RD OPPOSITE 2139, TUNNACK"
03638213X7,0363821308,"11 ANNE ST ADJ SKATEPARK, GEORGE TOWN"
03633133X2,0363317508,"46 ANN ST CNR HIGH ST, EAST LAUNCESTON"
03637223X2,0363722204,"64 ALEXANDER ST OPPOSITE 59, CORNWALL"
03639110X2,0363911400,"122 MARLBOROUGH ST OPP LEWIS, LONGFORD"
03636900X2,0363695204,"155 MAIN RD OPP NO 158, MEANDER"
03639481X2,0363948065,"175 HILLWOOD JETTY RD OPPOSITE 176, HILLWOOD"
03639440X2,0363944706,"286 GRAVELLY BEACH RD OPP 283, GRAVELLY BEACH"
03647120X1,0364712619,"12 DRIFFIELD ST OPP HUNTER ST, QUEENSTOWN"
03643570X2,0364357263,"1001 RIDGLEY HWY CNR CIRCULAR RD, RIDGLEY"
03649218X2,0364921503,"1429 CRADLE MOUNTAIN RD CNR CETHANA RD, MOINA"
03647120Y2,0364712627,"23407 LYELL HWY OPPOSITE 23408, GORMANSTON"
02625310X1,0262531386,"AMENIT  11 KIRINARI ST CANBERRA UNI HUB, BRUCE"
02637386X2,0263738601,"3506 HILL END RD NR HARGRAVES PUB, HARGRAVES"
02435114X2,0243512189,"2 ANZAC RD ADJ SUBWAY, TUGGERAH"
02668221X2,0266822283,"114 RIVER ST NR CEDAR ST, WOODBURN"
02664691X2,0266469257,"3 YAMBA RD BOATHARBOUR MARINA, YAMBA"
02664650X2,0266465060,"92 WOODY HEAD RD BUNDJALUNG NAT PK, WOODY HEAD"
02664660X2,0266466000,"29 CHARLES ST ILUKA TOURIST PK, ILUKA"
02495405X2,0249544832,"387 LAKE RD OPPOSITE GODFREYS, GLENDALE"
02963726X2,0296379143,"0 ALFRED ST CNR PARRAMATTA RD, GRANVILLE"
02958053X2,0295801730,"296 FOREST RD NEAR DIMENT WAY, HURSTVILLE"
02958003X2,0295806183,"296 FOREST RD NEAR DIMENT WAY, HURSTVILLE"
02936801X2,0293680194,"JCDBTH 3013 2 BAYSWATER RD NR DARLINGHURST RD, POTTS POINT"
02935656X2,0293563250,"JCDBTH 3033 65 WILLIAM ST CNR RILEY ST SW, DARLINGHURST"
02936016X2,0293606476,"JCDBTH 3061 60 OXFORD ST , DARLINGHURST"
03595216X2,0359521461,"219 SMITHS BEACH RD NR MARLIN ST, SMITHS BEACH"
08863451X2,0886345297,"14 HIGH ST , PORT GERMEIN"
08863304X2,0886332701,"186 BALMORAL RD NR ROBINSON ST, RISDON PARK"
08863670X2,0886367024,"3 ELLIS ST POST OFFICE, REDHILL"
08866800X2,0886684025,"68 HIGH ST , WIRRABARA"
08863430X2,0886343024,"11202 AUGUSTA HWY ADJ HOTEL, WARNERTOWN"
08866621X2,0886662168,"9 MAIN NORTH RD , MELROSE"
08863520X2,0886352024,"7 BAY ST POST OFFICE, PORT BROUGHTON"
08863318X2,0886331847,"1 ALEXANDER ST CNR ELLEN ST, PORT PIRIE"
08866751X2,0886675099,"14 MAIN NORTH RD OS POST OFFICE, WILMINGTON"
08882308X2,0888233769,"19 CHARLES TCE CNR MAY ST, WALLAROO"
08882520X2,0888252024,"18 RYAN ST O/S POST OFFICE, MOONTA"
08884520X2,0888452024,"10 GOYDER HWY , SPALDING"
08882522X2,0888252539,"2 MINNIE TCE FORESHORE KIOSK, PORT HUGHES"
03969987X2,0396997480,"88 MORAY ST NR MARKET ST, SOUTHBANK"
03954623X2,0395464637,"0 ROYAL AVE NR WINDSOR AVE, SPRINGVALE"
03954615X2,0395464184,"0 LIGHTWOOD RD OPP LAWN RD, SPRINGVALE"
03954641X2,0395469185,"29 ST JAMES AVE CNR ALBERT AVE, SPRINGVALE"
03598510X2,0359857077,"1807 POINT NEPEAN RD CNR TRUEMANS RD, TOOTGAROOK"
07465402X2,0746540348,"8736 DIAMANTINA DEVELOPMENTAL RD COOLADDI ROADHOUSE, COOLADDI"
02637511X2,0263751305,"209 BOLARO ST NR CARAVAN PARK, DUNEDOO"
02682200X2,0268221298,"25 ABERFORD ST , COONAMBLE"
02688810X2,0268881000,"54 RAILWAY ST NR POST OFFICE, EUMUNGERIE"
02664927X7,0266492743,"96 PACIFIC ST NR NEWSAGENT, CORINDI BEACH"
02665151X2,0266512838,"354 HARBOUR DRV CNR CAMPERDOWN ST, COFFS HARBOUR"
02665781X2,0266578163,"39 MOUNT ST , DUNDURRABIN"
02444157X2,0244415947,"9 CURRAMBENE ST NR 62 OWEN ST, HUSKISSON"
08896217X7,0889621326,"59 STANDLEY ST NR BROWN ST, TENNANT CREEK"
03622314X2,0362234102,"108 QUEEN ST CNR REGENT ST, SANDY BAY"
03633910X2,0363391302,"242 ST LEONARDS RD NR CELERY TOP DVE, ST LEONARDS"
03643131X2,0364312300,"17 WELLINGTON ST CNR HOPKINSON ST, SOUTH BURNIE"
02979234X2,0297923671,"24 MCLAURIN AVE NR BROE AVE, EAST HILLS"
02426818X2,0242681492,"PLTFRM  0 RAILWAY PDE RAILWAY STATION, THIRROUL"
07339118X1,NONE,"M/HLTH B19 199 IPSWICH RD PRINCESS ALEXANDRA, WOOLLOONGABBA"
02427213X2,0242721124,"282 CORDEAUX RD NR MT KEMBLA HOTEL, MT KEMBLA"
02428545X2,0242851778,"2 CARTERS LA O/S STORE, TOWRADGI"
03514820X2,0351482200,"7 TEMPLE ST , HEYFIELD"
03567870X2,0356787300,"3537 BASS HWY , KILCUNDA"
03576410X2,0357641201,"55 HALLS RD , GOORAMBAT"
03586460X2,0358646200,"2 KATUNGA N RD CNR CARTER ST E, KATUNGA"
03503053X2,0350305500,"779 LOCKHART RD , GOODNIGHT"
08937075X2,0893702572,"445 GUILDFORD RD CNR LEAKE ST, BAYSWATER"
02493880X2,0249388102,"795 GRESFORD RD NR SHOP, VACY"
02969948X2,0296993156,"JCDBTH 3067 932 BOURKE ST CNR ELIZABTH ST SE, ZETLAND"
08883421X2,0888342120,"2 MAIN ST CNR VICTORIA TCE, PORT VICTORIA"
02926718X2,0292671921,"94 LIVERPOOL ST NR GEORGE ST, SYDNEY"
07463960X2,0746393571,"0 CAMPBELL ST NR 87 HENDERSON, NEWTOWN"
02948703X2,0294873165,"5 RAILWAY AVE NR ILLOURA AVE, WAHROONGA"
03960247X2,0396024094,"355 LONSDALE ST NEAR ELIZABETH ST, MELBOURNE"
07328724X2,0732872320,"78 FRYAR RD NR ANTHONY ST, EAGLEBY"
07339616X2,0733968619,"99 WHITES RD OPP CAMELLIA CRES, MANLY WEST"
07554621X2,0755462100,"1226 STAPYLTON JACOBS WELL RD O/S COMMUNITY CTE, WOONGOOLBA"
02949803X2,0294982032,"50 KOOLA AVE CNR READING AVE, EAST KILLARA"
02952206X1,0295222405,"284 BELGRAVE ESP NR MURRUMIDGEE AVE, SYLVANIA WATERS"
02952403X2,0295249923,"PLATFM 2 347 THE KINGSWAY  CARINGBAH RLWY STN, CARINGBAH"
02950204X2,0295023121,"629 HOMER ST NR MARCELLA ST, KINGSGROVE"
03512703X2,0351272984,"10 LLOYD ST O/S RAILWAY STN, MOE"
02962107X2,0296211633,"PLATFM 7 1 MAIN ST BLACKTOWN RLWY STN, BLACKTOWN"
08972011X2,0897201108,"21 CORONATION DRV O/S STORE, BINNINGUP"
03622338X2,0362238904,"30 ELIZABETH ST , HOBART"
03622327X2,0362236809,"168 COLLINS ST , HOBART"
02625908X2,0262592098,"10 MELBA CCT MELBA SHOPS, MELBA"
03960217X2,0396021038,"668 BOURKE ST NR SPENCER ST, MELBOURNE"
07477060X2,0747706118,"4545 FLINDERS HWY O/S ROADHOUSE, REID RIVER"
03638151X2,0363815302,"24 CHURCH ST CNR HIGH ST, ROSS"
07328903X2,0732890109,"1850 MT GLORIOUS RD O/S CAFE, MOUNT GLORIOUS"
07328904X2,0732891006,"11 MAIN ST NR FITZGERALD DVE, SAMFORD VILLAGE"
07328900X2,0732891101,"40 MAIN ST OPP STATION ST, SAMFORD VILLAGE"
07320403X2,0732045917,"0 ANZAC AVE NR 93 DUFFIELD RD, KALLANGUR"
07388802X2,0738882037,"0 PROGRESS RD NR 189 STATION RD, BURPENGARY"
07388804X2,0738882347,"121 STATION RD OS LIBRARY BLG, BURPENGARY"
07349101X2,0734913697,"14 NORTH LAKES DRV , N LKES"
07549522X2,0754954674,"297 KING ST NR MERINO ST, CABOOLTURE"
07549836X2,0754983723,"92 GRANT RD OPPOSITE KYLIE ST, CBLTRE S"
07549941X2,0754994835,"0 MARKET DRV NR 62 MORAYFIELD R, CBLTRE S"
07549511X2,0754958616,"72 MORAYFIELD RD O/S SHOPS, CBLTRE S"
07549881X2,0754988301,"0 FREEMAN RD NR 109 ESPLANADE, TOORBUL"
07549760X2,0754976149,"1224 CABOOLTURE-BRIBIE ISLAND RD NR REGINA AVE, NINGI"
07549660X2,0754966505,"1118 D'AGUILAR HWY OS S/STATION, WAMURAN"
07549490X2,0754949540,"28 COOCHIN ST , PEACHESTER"
07549482X2,0754948715,"1 MALENY ST O/S MEDICAL CENTRE, LANDSBOROUGH"
07549126X2,0754917481,"130 BEERBURRUM RD AROONA S/C, AROONA"
07543820X2,0754382356,"32 BUDERIM ST , BATTERY HILL"
07549143X2,0754917548,"24 BOWMAN RD NR LANDSBOROUGH PD, CALOUNDRA"
07549139X2,0754918937,"0 CANBERRA TCE NR 1 BULCOCK ST, CALOUNDRA"
07549123X2,0754917445,"20 WEST TCE WAROONA GARDENS, CALOUNDRA"
07549112X2,0754912747,"9 CALOUNDRA RD O/S INFO CENTRE, CALOUNDRA WEST"
07549105X2,0754917339,"1 BEERBURRUM ST NR HENZELL ST, DICKY BEACH"
07549250X2,0754925014,"11 PIERCE AVE , LITTLE MOUNTAIN"
07549437X2,0754943417,"0 MAPLE ST CNR 20 TEAK ST, MALENY"
07549434X2,0754943418,"10 MOUNTAIN VIEW RD NR M LNDSBRGH RD, MALENY"
07549470X2,0754947120,"4 JONES ST OS IGA SHOP, MOOLOOLAH VALLEY"
07544503X2,0754450584,"89 PALMWOODS-MONTVILLE RD NR SKATE PARK, PALMWOODS"
07547671X2,0754767239,"0 NORTH BUDERIM BLV NR 1 LAKESHORE AVE, BUDERIM"
07544550X2,0754455160,"1 PITTARDS RD NR JONES RD, BUDERIM"
07544461X2,0754446701,"77 AMARINA AVE NR ADMIRALS CRT, MOOLOOLABA"
07544484X2,0754448472,"77 MOOLOOLABA ESP NR BRISBANE RD, MOOLOOLABA"
07547804X2,0754780213,"4 PARKYN PDE INSIDE PARKLAND, MOOLOOLABA"
07547802X2,0754780180,"25 POINSETTIA AVE EMERALD WOODS S/C, MOOLOOLABA"
07544842X2,0754484219,"46 DAVID LOW WAY OS WATERFRONT HOTL, MAROOCHYDORE"
07549513X7,0754951536,"0 CRESTWOOD AVE 42 CRESTHAVEN DRV, MORAYFIELD"
07549902X2,0754990353,"55 BELLMERE RD NR PIGGOT RD, BELLMERE"
07549900X2,0754990350,"12 AERODROME RD NR LEAR JET DRV, CABOOLTURE"
07549835X2,0754983717,"0 BEACHMERE RD CNR 2 ANN-MAREE DV, CABOOLTURE"
07549584X2,0754958620,"24 HASKING ST NR ANNE ST, CABOOLTURE"
07549838X2,0754983732,"198 KING ST O/S SWIMMING CNTRE, CABOOLTURE"
07497473X2,0749747645,"1 ROUNDHILL RD NR CPTN CK DRV, AGNES WATER"
07497241X2,0749726587,"0 SEA VIEW ESP NR CONNOR ST, CURTIS ISLAND"
07493567X2,0749356209,"67 DEMPSEY ST NR BRIGALOW ST, OGMORE"
07499580X2,0749958305,"39 RAMSAY ST NR WINSTON ST, THANGOOL"
07549640X2,0754964504,"2036 D'AGUILAR HWY OS D'AGUILAR HOTEL, D'AGUILAR"
07549730X2,0754973118,"90 BELLBIRD RD NR CURRAWONG, JIMNA"
07469880X2,0746988106,"31 KANN ST NR BOUNDARY ST, HADEN"
07469390X2,0746939106,"54 WARE ST NR MARCH ST, BROOKSTEAD"
07466590X2,0746659120,"46741 LEICHHARDT HWY NR SURAT DEVEL RD, THE GUMS"
07467710X2,0746771104,"15 MAIN ST NR SCHOOL ST, NORTH TALWOOD"
08897512Y1,0889759821,"3 WADA WADALLA COMM , MCARTH"
08897595Y7,0889759908,"3 WADA WARRA COMM , MCARTH"
08897543Y2,0889754618,"3 COSTELLO OUTSTATION COMM , NGUKURR"
08897509Y1,0889759753,"3 MUMATHUMBURU COMM , PLLW ISLS"
08896448Y1,0889644729,"3 NGAPAGUNPA COMM , TNMI E"
08896443Y1,0889644625,"3 BLUE BUSH OUTSTATION COMM , TNMI E"
08897506Y1,0889750979,"3 GILWI COMM OUTSTATION, TIMBER CREEK"
08896414Y1,0889641973,"3 JUNKAJI GREENWOOD COMM OFF STUART HWY, WRMNGU"
08896416Y2,NONE,"3 JARRA JARRA COMM , WRMNGU"
08896410Y1,0889641517,"3 KALINJARRI COMM , WRMNGU"
08896413Y1,0889641931,"3 NGURRAY MINI OUTSTATION COMM , WRMNGU"
08897549Y1,0889754975,"3 NULAWAN OUTSTATION COMM , WILTON"
08897588Y2,0889758796,"3 DEVIL SPRINGS COMM GOOLMINYINI, BORROLOOLA"
08896453Y2,0889645587,"2 CONNELLS LAGOON COMM , NICHOLSON"
08896447Y1,NONE,"2 KURNTURLPARA COMM 130KM E-NE TENNANT, TBLELDS"
02997520X2,0299756794,"59 THE CENTRE  NEAR DARLEY ST, FORESTVILLE"
02997510X2,0299753802,"8 STARKEY ST NEAR THE CENTRE  E, FORESTVILLE"
07477081X2,0747708145,"45653 BRUCE HWY O/S FROSTY MANGO, COOLBIE"
08947206X2,0894725728,"277 GREAT EASTERN HWY CNR GRIFFITHS ST, BURSWOOD"
03566470X2,0356647300,"95 WHITELAW ST OS PUBLIC HALL, MEENIYAN"
03577874X2,0357787270,"2390 MAROONDAH HWY OS HOTEL, MAINDAMPLE"
03544960X2,0354496300,"715 CALDER HWY POST OFFICE, MAIDEN GULLY"
03543520X2,0354352200,"39 ADAMS ST O/S GENERAL ST, MARONG"
03582503X2,0358252037,"32 MORRELL ST , MOOROOPNA"
07495641X2,0749564120,"181 HAY POINT RD O/S CARAVAN PARK, ALLIGATOR CREEK"
02982270X2,0298224578,"0 CONGRESSIONAL DRV OPP MONTECLAIR AVE, LIVERPOOL"
02931021X2,0293101158,"44 O'RIORDAN ST CNR COLLINS ST, ALEXANDRIA"
02928143X7,0292996891,"JCDBTH 2019 31 WHEAT RD O/S IMAX THEATRE, SYDNEY"
03937005X2,0393701838,"OPP 44 0 NAPIER CRS OS GLENBERVIE RWS, ESSENDON"
07554400X1,0755440146,"3582 LAMINGTON NATIONAL PARK RD O/S GIFT SHOP, O'RLLY"
07546361X2,0754636120,"0 MAROON DAM RD OS EDUCATION CENTR, MAROON"
08867230Y2,0886723841,"0 KEMPE RD CAMP 10KM N C PEDY, COOBER PEDY"
08868204X2,0886824909,"12 SHAEN ST CRN ANGAS ST, PORT LINCOLN"
08868541X2,0886854124,"STORE  0 FLINDERS HWY OS THE OLD HOTEL, WANGARY"
08864529X2,0886459518,"30 MORAN ST NR MURRAY ST, WHYALLA NORRIE"
08862680X2,0886268024,"11 HAY TCE POST OFFICE, WIRRULLA"
08868720X2,0886872024,"14 MAURICE ST NR PRICE ST, COULTA"
08868180X2,0886818024,"0 BARNS ST NEAR BOYLAN ST, WARRAMBOO"
08864515X2,0886450654,"27 JENKINS AVE CNR MURN CRES, WHYALLA NORRIE"
08862660X2,0886266937,"1 SOUTH TCE CNR MAIN ST, HASLAM"
08862652X2,0886265097,"21 BAIRD BAY RD , BAIRD BAY"
08896444Y2,0889644694,"2 GULUNGURU COMM VIA ALROY DOWNS, TBLELDS"
08895305Y2,0889538912,"1 BASSO RD MT NANCY TOWN CAMP, STUAT"
08895600Y2,0889562926,"1 PURARA ST STORE, AMATA"
08896920Y2,0889692086,"215 ELLIOT NORTH CAMP (225) COMM GURUNGU COMMUNITY, ELLIOTT"
08896903Y2,0889692095,"165 ELLIOT SOUTH CAMP (224) COMM GURUNGU COMMUNITY, ELLIOTT"
08897591Y2,0889759918,"118 MINYERRI COMM , MNYRI"
08896901X1,0889692043,"116 STUART HWY O/S ELLIOT STORE, ELLIOTT"
08896904X2,0889692024,"110 STUART HWY POST OFFICE, ELLIOTT"
08897596Y1,NONE,"90 ROBINSON RIVER COMM INSIDE STORE, RBNSN RVR"
08895308Y2,0889531988,"81 NTJALKA CCT INARLENGE COMM, ALICE SPRINGS"
08897501Y2,0889750731,"33 YARRALIN COMM NR STORE, Timber Creek"
08897502Y2,0889750749,"23 PIGEON HOLE COMM , PGN HLE"
08896410Y7,0889641972,"17 ALAKENH ST ALI CURUNG COMM, ALI CURUNG"
08896419Y2,0889641607,"10 KALARRA RD ALI CURUNG COMM, ALI CURUNG"
08896440Y1,0889644564,"TENNAN T CR 5 BARKLY HWY BARKLY WAYSIDE INN, TBLELDS"
03973002X2,0397301300,"0 SYMONDS ST OPP IRVINE CRES, YARRA GLEN"
03596470X2,0359647265,"0 HEALESVILLE-KOO WEE RUP RD CNR WARBUTON HWY, WOORI YALLOCK"
07463940X2,0746393565,"49 ROME ST CNR CLAIRMONT ST, NEWTOWN"
02960104X2,0296014177,"0 BRADSHAW AVE CNR SWAIN ST, MOOREBANK"
02960112X2,0296010675,"0 SAPPHO RD CNR HUME HWY, WARWICK FARM"
02960401X2,0296040978,"52 HIGH ST CNR JOHN ST, CABRAMATTA WEST"
02960500X2,0296051637,"0 EUCALYPTUS DRV OPP PARLIAMENT RD, MACQUARIE FIELDS"
02961805X2,0296187038,"15 ROSEWOOD DRV OPP EUCALYPTUS DRV, MACQUARIE FIELDS"
02958019X2,0295806121,"2 MORTS RD MORTDALE RLWY STN, MORTDALE"
02958415X2,0295841742,"1020 FOREST RD OPPOSITE TAFFS AVE, LUGARNO"
02958709X2,0295877206,"0 ETHEL ST CNR WILLISON RD, CARLTON"
02695594X2,0269559401,"6 OXLEY RD OS WAMOON PBLC/SCH, LEETON"
02695920X2,0269592076,"16335 NEWELL HWY O/S SERVICE STN, GILLENBAH"
03596698X2,0359669459,"397 WOODS POINT RD WARBURTON E P/S, EAST WARBURTON"
03977215X2,0397722032,"0 VINCENT ST CNR EDITHVALE RD, EDITHVALE"
03598142X2,0359814066,"0 BEACH ST NR POINT NEPEAN RD, DROMANA"
03952809X2,0395282019,"376 GLENHUNTLY RD CRN CARRE ST, ELSTERNWICK"
07336917X2,0733668979,"477 WATERWORKS RD NR COOPERS CAMP RD, ASHGROVE"
02493307X2,0249334298,"226 HIGH ST O/S CENTRELINK, MAITLAND"
08898135X2,0889816660,"47 SMITH ST NR KNUCKEY ST, DARWIN"
03647110X2,0364711109,"2 STICHT ST CNR ORR ST OS PO, QUEENSTOWN"
02463000X2,0246309241,"1105 ARGYLE ST , WILTON"
02482221X2,0248222130,"84 LANSDOWNE ST NR HILL ST, GOULBURN"
02622772X7,0262277291,"32 FAGAN DRV ADJ TO CAFE, BOOKHAM"
02645212X2,0264523098,"119 SHARP ST OS VISITORS CTR, COOMA"
02958422X2,0295842762,"CNCRSE  191 BELMORE RD RIVERWOOD RWS, RIVERWOOD"
02938702X2,0293873932,"205 OXFORD ST CNR BRONTE RD, BONDI JUNCTION"
02938701X2,0293871544,"205 OXFORD ST CNR BRONTE RD, BONDI JUNCTION"
02936938X2,0293695329,"400 OXFORD ST CNR NEWLAND ST, BONDI JUNCTION"
02938709X2,0293872684,"400 OXFORD ST CNR NEWLAND ST, BONDI JUNCTION"
02444830X2,0244483190,"1 PISCATOR AVE , CURRARONG"
02447402X2,0244744434,"5 CHURCH ST NR 55 VULCAN ST, MORUYA"
02447382X2,0244738593,"38 EVANS RD OS SHOPS, TUROSS HEAD"
02447408X2,0244743364,"77 VULCAN ST NR CAMPBELL ST, MORUYA"
02423400X2,0242341100,"71 PACIFIC AVE O/S SURF CLUB, GERRINGONG"
02602425X2,0260247315,"BLDG 319 0 RUSSELL RD GAZA RIDGE BARRACK, BANDNA"
02602930X2,0260293241,"2 URANA RD O/S POST OFFICE, BURRUMBUTTOCK"
02692857X2,0269285707,"14 KYEAMBA ST CNR HOTEL, MANGOPLAH"
02969967X2,0296999889,"434 RILEY ST CNR DEVONSHIRE ST, SURRY HILLS"
02935702X2,0293571521,"50 SIR JOHN YOUNG CRS OPP THE DOMAIN, WOOLLOOMOOLOO"
02936816X2,0293680463,"30 SPRINGFIELD AVE CNR EARL PL, POTTS POINT"
02936805X2,0293680237,"34 DARLINGHURST RD CNR ROSLYN ST, POTTS POINT"
02935817X2,0293581640,"36 DARLINGHURST RD NEAR ROSLYN ST, POTTS POINT"
03933503X7,0393354256,"75 MATTHEWS AVE OPP TRAM STOP 57, AIRPORT WEST"
03939830X2,0393980085,"72 HUDSONS RD NR HOPE ST, SPOTSWOOD"
03939106X2,0393914711,"204 HUDSONS RD NR STEPHENSON ST, SPOTSWOOD"
02666210X2,0266621921,"RM WIFI 105 CENTRE ST , CASINO"
07382104X2,0738210564,"366 BLOOMFIELD ST , CLEVELAND"
08837613X2,0883766619,"60 JETTY RD , GLENELG"
08897546Y2,0889754631,"0 ROPER HWY RITTARANGU COMM, WILTON"
02692240X2,0269224010,"44 ZIEGLER AVE CNR STILLMAN ST, KOORINGAL"
02929913X2,0292993304,"42 MARGARET ST OPP CNR YORK ST, SYDNEY"
08984118X2,0898413611,"125 YORK ST NR STIRLING TCE, ALBANY"
03534281X2,0353428603,"39 BROOKE ST POST OFFICE, SMYTHESDALE"
08931465X2,0893379509,"38 YORK ST OPP 55 YORK ST, BEACONSFIELD"
02926741X2,0292674007,"145 ELIZABETH (EAST SIDE) ST HYDE PARK BUS STP, SYDNEY"
02929914X2,0292993343,"37 YORK ST OPP IN BUS SHELTER, SYDNEY"
07559912X2,0755991276,"0 BOUNDARY ST TWIN TOWNS PARK, TWEED HEADS"
02442101X2,0244215709,"176 ILLAROO RD NR MCMAHONS RD, NOWRA NORTH"
08833702X2,0883373109,"32 ARTHUR ST NR ROSELLA ST, PAYNEHAM"
07478620X2,0747862304,"2 HORSESHOE BAY RD OS CARAVAN PARK, BOWEN"
02923235X2,0292327538,"3 ELIZABETH ST CNR HUNTER ST, SYDNEY"
03524560X1,0352456372,"27 SUGARGUM DRV WAURN PONDS R/S, WAURN PONDS"
02423301X2,0242331507,"47 SHOALHAVEN ST CNR TERRALONG ST, KIAMA"
03954605X2,0395463019,"1 VIRGINIA ST CNR SPRINGVALE RD, SPRINGVALE"
03566320X2,0356632200,"3 LOOP RD WALKERVILLE KIOSK, WLKRVLE N"
03585903X2,0358590300,"68 MANGAN ST NR ST JAMES ST, TONGALA"
08828703X1,0882870676,"51 GOODMAN RD CNR RICHARDSON RD, ELIZABETH SOUTH"
07337203X2,0733728861,"282 RITCHIE RD NR KRAFT RD, PALLARA"
03988833X2,0398888843,"3 ANDREW ST NR HIGHBURY RD, MT WAVERLEY"
02435814X2,0243581180,"93 ANITA AVE CNR ADELINE AVE, LAKE MUNMORAH"
07412603X2,0741266100,"19 QUEEN ST NR PITT ST, CORDALBA"
03972801X2,0397281931,"1284 MT DANDENONG TOURIST RD ON RIDGE RD, KALORAMA"
03975507X2,0397552904,"252 MT DANDENONG TOURIST RD NR SHERBROOKE RD, FERNY CREEK"
03975404X2,0397547419,"121 BELGRAVE-GEMBROOK RD NR CHARLES ST, SELBY"
03975100X2,0397511290,"1363 MOUNT DANDENONG TOURIST RD NR HELEN RD, MOUNT DANDENONG"
08866640X2,0886664244,"WAY  0 MAIN RD NR NUKUNA YARTA, MURRAY TOWN"
08929222X2,0892925189,"0 KINGSTOWN RD KINGSTON BARRACKS, ROTTNEST ISLAND"
02434429X2,0243442958,"99 MT ETTALONG RD , UMINA BEACH"
02665562X2,0266556302,"25 MORGO ST NR BOWRA ST, URUNGA"
02926907X2,0292690670,"555 GEORGE ST CNR LIVERPOOL ST, SYDNEY"
02936827X2,0293680261,"191 OXFORD ST , DARLINGHURST"
07404130X2,0740413676,"226 LAKE ST O/S TENNIS COURT, CAIRNS NORTH"
07492711X2,0749276384,"412 CAMPBELL ST , DEPOT HILL"
02834713X2,0283472569,"1156 MARINE PDE CNR MONS AVE, MAROUBRA"
03972603X2,0397266010,"70 EXETER RD , CROYDON NORTH"
02677712X2,0267771083,"66 FITZROY ST , WALCHA"
08984106X1,0898413922,"59 SANFORD RD , CENTENNIAL PARK"
02486810X2,0248681091,"17 CLARENCE ST PAYLESS CAR PARK, MOSS VALE"
03939609X2,0396894993,"PLATFM 2 0 CANTERBURY ST YARRAVILLE RWS, YARRAVILLE"
02634102X2,0263411134,"84 BRISBANE ST NR POST OFFICE, COWRA"
07499736X2,0749973409,"184 DAWSON HWY O/S BHP SPQ, MOURA"
08867000X1,0886707028,"1 STUART HWY MARLA ROADHOUSE, MARLA"
08867001X1,0886707023,"1 STUART HWY MARLA ROADHOUSE, MARLA"
08867071X8,0886707120,"1 STUART HWY MARLA ROADHOUSE, MARLA"
02931032X2,0293103547,"JCDBTH 3059 516 ELIZABETH ST CNR CLEVERLAND ST, REDFERN"
02936925X1,0293694712,"157 OXFORD ST ADJ BRONKA ARCADE, BONDI JUNCTION"
02938714X1,0293871698,"157 OXFORD ST ADJ BRONKA ARCADE, BONDI JUNCTION"
07339006X2,0733904546,"60 HEMMANT TINGALPA RD , HEMMANT"
02956721X2,0295677349,"87 RAILWAY ST NR WALZ STREET, ROCKDALE"
08898714Y2,0889879123,"0 LAKE EVELLA COMM WHARF CAMP, GAPUWIYAK"
08898703Y2,0889879143,"0 LAKE EVELLA COMM , GAPUWIYAK"
02629203X2,0262926778,"131 ELLERSTON AVE OS IGA, ISABELLA PLAINS"
03515484X2,0351548409,"0 BANKSIA BLUFF RD NR RANGERS HUT, CPE CONRAN"
03972802X2,0397283678,"115 CANTERBURY RD , KILSYTH"
02925138X2,0292516683,"1 BRIDGE ST CNR GEORGE ST, SYDNEY"
02496230X1,0249623289,"PLTF 1 36 GRAHAM ST BROADMEADOW R/S, BROADMEADOW"
03937419X2,0393741201,"279 NAPIER ST NR KERNAN ST, STRATHMORE"
03624416X2,0362444754,"16 BLIGH ST BUS STOP AT MALL, ROSNY PARK"
02964306X2,0296435917,"35 AUBURN RD , AUBURN"
08867109X2,0886710601,"2 PIONEER DRV O/S CVAN PARK, ROXBY DOWNS"
02602407X2,0260241720,"30 ATHOL ST CNR PHILLIPS ST, WDNGA"
03941962X2,0394199526,"255 SMITH ST CNR ST DAVID ST, FITZROY"
02493426X2,0249342754,"PLTFM 1 88 CHURCH ST MAITLAND RLWY STN, MAITLAND"
03968982X2,0396897379,"198 GORDON ST OS, FOOTSCRAY"
08896442Y2,0889644590,"5 MARLINJA COMM , NEWCASTLE WATERS"
02438501X2,0243851273,"17 FORRESTERS BEACH RD CNR ENTRANCE RD, FORRESTERS BEACH"
02955053X2,0295506871,"92 KING ST CNR GEORGINA ST, NEWTOWN"
08828105X2,0882811450,"25 HAUGHAN DRV NR ILLAWARRA ST, SALISBURY NORTH"
08919110X1,0891911903,"67 CLARENDON ST HOSPITAL RECEPTION, DERBY"
02932602X2,0293261124,"56 MONCUR ST O/S POST OFFICE, WOOLLAHRA"
03954647X2,0395469799,"895 SPRINGVALE RD OS SHOPS, MULGRAVE"
02956703X1,0295679407,"CNCRSE  102 RAILWAY ST RLWY STN ROCKDALE, ROCKDALE"
07493310X7,0749331620,"55 JOHNSON RD OPP LAWRENCE CRES, GRACEMERE"
02935844X2,0293581681,"185 OXFORD ST , DARLINGHURST"
03535204X1,0353527340,"91 WESTERN HWY O/S RAILWAY STN, ARARAT"
07477831X2,0747783245,"6 UNIVERSITY RD OS WALKABOUT CV PK, WULGURU"
03931479X2,0393145818,"478 GEELONG RD OS, BROOKLYN"
03567206X2,0356724613,"75 WATT ST COURT HOUS, WONTHAGGI"
02696442X2,0269644607,"6 COOLAH ST CNR JONDARYN AVE, GRIFFITH"
03967117X2,0396713210,"339 SWANSTON ST OPP STATE LIBRARY, MELBOURNE"
02925110X2,0292517747,"1 ALFRED ST NEAR LOFTUS ST, SYDNEY"
02921240X2,0292127359,"681 GEORGE ST NEAR HAY ST, HAYMARKET"
02682822X2,0268282015,"36 FOX ST , WALGETT"
03527514X2,0352755032,"22 HENDY ST , CORIO"
08895672Y1,0889567019,"0 UMUWA COMM ADJ ADMIN BLDG, NGRTJRA HMLD"
02979604X2,0297961219,"184 COOPER RD CNR COOPER LANE, YAGOONA"
02495320X7,0249531276,"96 NORTHVILLE DRV OS SHOPS, BARNSLEY"
02983400X2,0298341126,"188 SWALLOW DRV OPP, ERSKINE PARK"
02602990X2,0260299009,"7 BILLABONG ST OS CO-OP, WALBUNDRIE"
03974906X1,0397494076,"250 HEATHS RD WOOLWORTHS ENTRY, HOPPERS CROSSING"
02637214X2,0263721632,"142 CHURCH ST , MUDGEE"
02979911X2,0297992998,"76 JOHN ST NR CROYDON RD, CROYDON"
02686530X2,0268653201,"LOT 15 29 GOOBANG ST , ALECTOWN"
07549450X2,0754945207,"11 FRIZZO CONNECTION RD , GLENVIEW"
03642863X2,0364286300,"32 SHEARWATER BLV OS SHOPS, SHEARWATER"
03974970X2,0397492511,"23 OLD GEELONG RD O/S NEWSAGENCY, HOPPERS CROSSING"
08837300X2,0883732113,"83 GLEN OSMOND RD BEFORE MARKEY ST, EASTWOOD"
08837911X2,0883792038,"213 GLEN OSMOND RD BFR FEDERICK ST, FREWVILLE"
07382206X2,0738222043,"677 OLD CLEVELAND RD NR ALLENBY RD, WELLINGTON POINT"
07339813X2,0733984105,"61 SCRUB RD CNR O/CLEVELAND RD, CARINDALE"
07557634X2,0755767865,"7 WEST BURLEIGH RD BURLEIGH HEADS STA, BURLEIGH HEADS"
02954312X2,0295430471,"0 OLD ILLAWARRA RD CNR BRADMAN RD, MENAI"
02954405X2,0295441264,"2 SWAN ST WOOLOOWARE RWS, WOOLOOWARE"
02954416X2,0295447286,"57 PRINCES HWY CNR CLARE ST, SYLVANIA"
02954803X2,0295481279,"0 PRINCES HWY ENGADINE RLWY STN, ENGADINE"
02955920X2,0295593922,"0 KROOMBIT ST NR NEW CANTRBRY RD, DULWICH HILL"
02955013X2,0295500398,"0 FLOOD ST CNR MARION ST, LEICHHARDT"
02955014X2,0295500425,"0 NEVILLE ST CNR ADDISON RD, MARRICKVILLE"
02473118X2,0247318460,"97 OXFORD ST NR BARRY ST, CAMBRIDGE PARK"
02473117X2,0247321029,"97 OXFORD ST NR BARRY ST, CAMBRIDGE PARK"
02422645X2,0242265072,"84 CLIFF RD NR HARBOUR ST, WOLLONGONG"
02422619X2,0242264801,"80 ROWLAND ST NR CRANA PLACE, WOLLONGONG"
08909311X2,0890932011,"140 HART KERSPIEN DRV AIRPORT TERMINAL, BROADWOOD"
08919253X1,0891925726,"32 ROBINSON ST HOSP RECEPTION, BROOME"
08962800X2,0896287000,"18 RAILWAY RD , CALINGIRI"
08972633X2,0897263001,"27 RUSSELL RD O/S POST OFFICE, BUREKUP"
03627239X2,0362729320,"44 DEVINES RD OPPOSITE 25, GLENORCHY"
03626740X2,0362674504,"2937 CHANNEL HWY OPP SERV STN, KETTERING"
03626600X2,0362660227,"2 GEORGE ST CNR N HUON RD, JUDBURY"
03625440X2,0362544143,"70 JERICHO RD O/S EXCHANGE, JERICHO"
03633132X2,0363317408,"55 CIMITIERE ST NR TAMAR, LAUNCESTON"
03633113X2,0363314075,"55 FREDERICK ST CNR MARGARET ST, LAUNCESTON"
03635980X2,0363598487,"527 KILLIECRANKIE RD NEAR FIRE SHED, KILLIECRANKIE"
03645614X2,0364561295,"606 IRISHTOWN RD , IRISHTOWN"
03642612X2,0364261396,"55 BRADSHAW ST OS SCHOOL, LATROBE"
02684681X2,0268468241,"38 MOLONG ST NR HOTEL, STUART TOWN"
03647180X2,0364718009,"25 ESPLANADE PL OS SHOP, STRAHAN"
02874601X2,0287460631,"0 OLYMPIC BLV OPP ANZ STADIUM, SYDNEY OLYMPIC PARK"
02936544X2,0293655129,"1 JACQUES AVE BONDI POST OFFICE, BONDI BEACH"
02636750X2,0263674017,"10 MID WESTERN HWY NR ROYAL HOTEL, MANDURAMA"
02637350X2,0263735210,"1364 WOLLAR RD NR LINBURN LANE, COOYAL"
02634213X2,0263421321,"24 KENDAL ST O/S ELDERS INSURCE, COWRA"
03954469X2,0395440291,"15 BROWNS RD NR CNR IONA ST, CLAYTON"
02929006X2,0292903491,"379 KENT ST ROOM WIFI, SYDNEY"
02928169X2,0292813796,"70 DIXON ST CHINATOWN PLAZA, HAYMARKET"
02445417X2,0244541406,"1 CAMDEN ST NR PRINCES HWY, ULLADULLA"
08896449Y1,0889644596,"9047 STUART HWY RENNER SPRINGS, PAMYU"
08896448X1,0889644509,"9047 STUART HWY RENNER SPRINGS, PAMYU"
08907107X2,0890715133,"LOT 430 0 GOLDFIELDS RD NR NORSEMAN RD, CASTLETOWN"
07412790X1,0741279164,"LOT 1 0 POSTAN ST FRASER IS RETREAT, FRASER ISLAND"
02966034X2,0296605056,"44 GLEBE POINT RD O/S GLEBE SCHOOL, GLEBE"
02955212X2,0295522246,"44 GLEBE POINT RD O/S GLEBE SCHOOL, GLEBE"
02963611X2,0296368210,"124 PENDLE WAY , PENDLE HILL"
08826207X2,0882627953,"4 DUNSTAN RD CNR STREIFF RD, WINGFIELD"
03647172X2,0364717201,"24 ESPLANADE PL OS CRUISEBOAT TERM, STRAHAN"
02442130X2,0244214225,"0 MEROO ST BOMADERRY RLWY STN, BOMADERRY"
02495084X2,0249508510,"635 MAIN RD , EDGEWORTH"
02925136X2,0292513418,"172 GEORGE ST CNR ALFRED ST, SYDNEY"
02923105X2,0292316863,"135 PHILLIP ST CNR MARTIN PLACE, SYDNEY"
02603730X2,0260373241,"5798 RIVER RD O/S DORA DORA HTL, TALMALMO"
07474611X2,0747461210,"13 HERBERT ST , BEDOURIE"
03572511X2,0357251553,"120 MAIN ST CNR MACKAY ST, ELDORADO"
03628612X2,0362861294,"602 GORDON RIVER RD CNR KENMORE RD, GLENORA"
07557609X1,0755764883,"155 NINETEENTH AVE 19TH AVENUE S/C, ELANORA"
02488440X2,0248844200,"901 PENROSE RD OPP RAILWAY STN, PENROSE"
02665611X2,0266561520,"107 FIDDAMAN RD , EMERALD BEACH"
02656740X2,0265674301,"3 ASHTON ST CNR BARNARD ST, SMITHTOWN"
02834711X2,0283472536,"182 MARINE PDE OS CNR BAY HOTEL, MAROUBRA"
02428524X2,0242851450,"1 KEMBLA ST CRN BALGOWNIE RD, BALGOWNIE"
08838411X2,0883848926,"2 WARSAW CRS O/S IGA S/MARKET, HACKHAM WEST"
08838213X2,0883823032,"107 GLYNVILLE DRV OPP VET CENTRE, HACKHAM WEST"
03515801X2,0351580204,"0 FAIRHAVEN DRV IN RESERVE, MALLACOOTA"
07498234X2,0749823566,"41 HOSPITAL RD NR BRIEF ST, EMERALD"
08827202X2,0882720309,"127 ROSE TCE NR HAMILTON BLV, WAYVILLE"
07328703X2,0732873135,"9 JAMES ST O/S SHOP CTR OPP, BEENLEIGH"
02926111X2,0292612793,"JCDBTH 1058 40 PARK ST NR PITT ST, SYDNEY"
02928015X2,0292802005,"JCDBTH 3036 184 BROADWAY  O/S, ULTIMO"
02924714X2,0292479781,"JCDBTH 1131 0 CIRCULAR QY OPP AMATIL BLDG, SYDNEY"
02923314X2,0292335309,"JCDBTH 1115 60 MARTIN PL OUTSIDE, SYDNEY"
02923315X2,0292335313,"JCDBTH 1114 65 MARTIN PL OUTSIDE, SYDNEY"
02923215X2,0292326305,"JCDBTH 1120 182 PITT ST OS EMPORIO, SYDNEY"
02925260X2,0292321714,"JCDBTH 1195 20 MARTIN PL , SYDNEY"
02936118X7,0293614492,"JCDBTH 3050 470 CROWN ST ADJ CLOCK HOTEL, SURRY HILLS"
03568000X1,0356808517,"2 RING RD O/S GENERAL STORE, TIDAL RIVER"
03568402X2,0356841301,"0 BEACH PDE NR CNR SURFERS WLK, SANDY POINT"
03562100X2,0351651192,"0 MT BAW BAW TOURIST RD OPPOSITE 3518, TANJIL BREN"
08883760X2,0888376244,"20 GARDNER ST , PRICE"
08883730X2,0888373024,"17 FIRST ST E OF FOURTH ST, ARDROSSAN"
02444301X2,0244430408,"42 NAVAL PDE CNR KING GEORGE ST, EROWAL BAY"
08864801X2,0886480024,"0 HAWKER-WILPENA RD VISITORS CTE/KIOSK, FLNDRS RNGS"
08864800X7,0886480068,"0 HAWKER-WILPENA RD VISITORS CTE/KIOSK, FLNDRS RNGS"
08864800X2,0886480003,"0 HAWKER-WILPENA RD VISITORS CTE/KIOSK, FLNDRS RNGS"
08864802X2,0886480098,"0 WILPENA RD NR WILPENA RESORT, FLNDRS RNGS"
08897508X1,0889750780,"78 VICTORIA HWY FRONT WALL T/C HTL, TIMBER CREEK"
02974327X2,0297436372,"219 CONCORD RD CNR DAVIDSON AVE, NORTH STRATHFIELD"
02964407X2,0296446599,"27 CHESTER HILL RD NR PROCTOR PDE, CHESTER HILL"
02457800X2,0245781298,"376 WINDSOR ST NR CHAPEL ST, RICHMOND"
03523731X2,0352373153,"2 GREAT OCEAN RD CRN LVRS HL/COBDEN, LAVERS HILL"
03575205X2,0357521237,"10 SWINBURNE ST , MYRTLEFORD"
03545002X2,0354503382,"169 BOUNDARY ST O/S RAIL STATION, KERANG"
03548452X2,0354845301,"484 ECHUCA - NANNEELLA RD O/S GENERAL STORE, NANNEELLA"
03545790X2,0354579309,"1921 MURRAY VALLEY HWY POST OFFICE, LAKE CHARM"
03542320X2,0354232200,"67 MOLLISON ST , MALMSBURY"
03586602X2,0358662300,"31 ELIZABETH ST CNR NORTH ST, NATHALIA"
03534470X2,0353447200,"59 SUSSEX ST POST OFFICE, LINTON"
03538610X2,0353861000,"27 MAIN ST OS GOROKE HALL, GOROKE"
03534320X2,0353432309,"424 SUNRAYSIA HWY O/S GENERAL STORE, LEARMONTH"
03536890X2,0353689301,"67 MAIN ST POST OFFICE, GORDON"
03535620X2,0353562200,"93 MAIN ST CNR CUBITT ST, GREAT WESTERN"
03535020X2,0353502200,"2117 GLENELG HWY , LAKE BOLAC"
03538209X2,0353825600,"42 DOOEN RD O/S SHOPS, HORSHAM"
03557910X2,0355791200,"8 HIGH ST POST OFFICE, MERINO"
03558810X2,0355881200,"25 BLAIR ST OPP POST OFFICE, HARROW"
03502930X2,0350293239,"3478 CALDER HWY HATTAH STORE, HATTAH"
03502282X2,0350228764,"124 DEAKIN AVE NR TENTH STREET, MILDURA"
03503510X2,0350351200,"25 WATTLE ST , MANANGATANG"
03502101X2,0350213776,"443 WALNUT AVE NR 15TH ST, MILDURA"
03502138X2,0350214601,"84 LEMON AVE CNR NINTH ST, MILDURA"
03508160X2,0350816200,"0 BOREE ST CNR SUNRAYSIA HWY, LASCELLES"
03502300X1,0350236527,"435 CURETON AVE RIVERBEACH C/V PK, MILDURA"
02496021X2,0249602142,"0 RICHARDSON RD CANTEEN ENTRANCE, CALLAGHAN"
07546235X2,0754623053,"291 EASTERN DRV O/S GATTON C/V PK, GATTON"
08895680Y8,0889568872,"1 KARRINYARRA COMM OUTSTATION, CHLLA WL"
08895697Y2,0889569614,"RD  2 CORKWOOD BORE COMM 7KM E ALONG GRDNS, BURT PLN"
08895686Y7,NONE,"2 PUTULU COMM MT THEO REHAB, CHLLA WL"
08895402Y2,0889546082,"3 TUPIL COMM , AMATA"
08895612Y1,NONE,"3 ANGATJA COMM MURPUTJA HOMELANDS, ANGTJA HMLD"
08895675Y7,0889567532,"3 KANPI COMM , ANGTJA HMLD"
08895692Y8,0889569672,"RD  3 BLACKTANK BORE COMM 20KM E ALONG GRDNS, BURT PLN"
08895690Y8,0889569642,"3 ARTEKERRE COMM HARRYS CREEK, BURT PLN"
08895681Y9,0889568793,"3 PULARDI COMM DESERT BORE, CHLLA WL"
08895581Y2,0889558080,"3 WATINUMA COMM 45KM WEST OF UMUWA, FREGON"
08895691Y7,0889569824,"4 MULGA BORE COMM OUTSTATION, ANMTJRE"
08895661Y1,0889566348,"5 ARKARNEN WELL OUTSTATION COMM , ANATYE"
08895671Y2,0889567310,"EAST SIDE 5 AREYONGA COMM , AREYONGA"
08895696Y8,0889569817,"7 ATARRINGINGA COMM SANDOVER HWY, ANMTJRE"
08895699Y7,0889569896,"8 BOUNDARY BORE COMM , ANMTJRE"
08895618Y1,0889569913,"15 ALYUEN COMM AYLUEN  TRACK, ANMTJRE"
08896412Y2,0889641587,"25 IMANGARA COMM , DAVENPORT"
08896411Y2,0889641509,"122 CANTEEN CREEK COMM OPP STORE, CANTEEN CREEK"
08895696Y2,0889569483,"6990 PLENTY HWY THE GEMTREE CV/PRK, ANMTJRE"
08966421X2,0896642041,"17 NELSON ST O/S POST OFFICE, BUNTINE"
02478801X2,0247881000,"40 GREAT WESTERN HWY CNR STATION ST, MEDLOW BATH"
07478041X2,0747804215,"0 ALLIGATOR CREEK RD MT ELLIOT NP TOILE, MT ELLT"
08826905X2,0882692009,"66 WALKERVILLE TCE ADJ, GILBERTON"
02499762X9,0249976287,"2600 THE LAKES WAY OS STORE, BUNGWAHL"
02428547X2,0242851805,"1 BELLAMBI LA BELLAMBI R/S, BELLAMBI"
02457806X2,0245782965,"24 LAURENCE ST , HOBARTVILLE"
02442302X2,0244232735,"0 JUNCTION ST OP 142JUNCTION ST, NOWRA"
02649532X2,0264953194,"21 SAPPHIRE COAST DRV NR KALINDA ST, MERIMBULA"
02649412X2,0264941160,"2 FRANCIS HOLLIS DRV OS SHOP, TATHRA"
02979301X2,0297938392,"ENTRY 2 68 ELDRIDGE RD BANKSTOWN HOSPITAL, BANKSTOWN"
02625332X1,0262534963,"BLDG 8 11 KIRINARI ST CANBERRA UNI LIBR, BRUCE"
02437001X2,0243771692,"0 COLMER RD GREENMANS CVAN PK, MARLOW"
07326607X2,0732669077,"176 RIDGE ST NORTHGATE RAILWAY, NORTHGATE"
07326007X1,0732665359,"176 RIDGE ST NORTHGATE RAILWAY, NORTHGATE"
02938907X2,0293894208,"1 SPRING ST NEAR DENISON ST, BONDI JUNCTION"
02963341X2,0296335810,"62 HILLTOP RD NEAR, MERRYLANDS"
02625507X2,0262548859,"15 SCULLIN PL NR ROSS SMITH CRS, SCULLIN"
02692111X2,0269211410,"0 DOCKER ST NR GORMLY AVE, WAGGA WAGGA SOUTH"
07387020X2,0738702448,"30 SHERWOOD RD , TOOWONG"
02637209X2,0263723817,"127 GLADSTONE ST NR  COX ST, MUDGEE"
02637211X2,0263721232,"68 HORATIO ST NR TENNIS COURTS, MUDGEE"
02637202X2,0263721509,"1 WINBOURNE ST OS RETIREMENT UNT, MUDGEE"
02665422X2,0266542301,"60 MULLAWAY DRV CNR PRIMROSE AVE, MULLAWAY"
02675223X7,0267522254,"390 FROME ST NR ADELAIDE ST, MOREE"
03536701X2,0353677136,"LOT 1 0 STATION ST BACCHUS MARSH RWS, MADDINGLEY"
03972613X2,0397265957,"80 GREENSLOPES DRV CNR HULL RD, MOOROOLBARK"
02637711X2,0263771104,"3814 BLACK STUMP WAY NR SALEYARDS, COOLAH"
02687441X2,NONE,"49 POST OFFICE RD , WEILMORINGLE"
02687473Y2,0268747619,"10 BELALIE ST STH OF POLICE STN, ENNGONIA"
02687475X2,0268747724,"0 BOURKE-MILPARINKA RD O/S POST OFFICE, WANAARING"
02684215X2,0268421565,"13 NEWELL HWY OS TOURIST INFO, COONABARABRAN"
02439907X1,0243991607,"LOT 7075 2 WEEMALA ST BUDGEWOI HOLIDAY, BUDGEWOI"
02664941X2,0266494110,"3783 ARMIDALE RD OPP CHURCH ST, NYMBOIDA"
02664973X2,0266497585,"5 SANDON RD O/S COMMUNITY HALL, MINNIE WATER"
02664450X2,0266445201,"16 RIVER ST BAILEY PARK, ULMARRA"
02664671X2,0266467109,"92 OCEAN RD OPP GENERAL STORE, BROOMS HEAD"
02664670X2,0266467108,"92 OCEAN RD OPP GENERAL STORE, BROOMS HEAD"
02666450X2,0266645100,"60 SANDILANDS ST CNR YABBRA ST, MALLANGANEE"
02666530X2,0266653100,"15242 CLARENCE WAY O/S POST OFFICE, OLD BONALBO"
02666171X2,0266617100,"33 NANDABAH ST NR COMMERCIAL HTL, RAPPVILLE"
02666208X2,0266621387,"21 NORTH ST CNR HOTHAM ST, CASINO"
02668259X2,0266825086,"LOT 7037 21 PARK ST DP757624, EVANS HEAD"
02668256X2,0266825081,"57 WOODBURN ST CNR WATTLE ST, EVANS HEAD"
02663640X2,0266364200,"3162 SUMMERLAND WAY O/S COMMUNITY HALL, GREVILLIA"
02668800X2,0266884200,"432 EUREKA RD OS EUREKA SCHOOL, EUREKA"
02662208X2,0266221784,"54 CONWAY ST O/S TAFE, LISMORE"
02668913X2,0266891869,"29 SIBLEY ST NIMBIN C/VAN PARK, NIMBIN"
02667710X2,0266771100,"22 CRABBES CREEK RD NR POST OFFICE, CRABBES CREEK"
02667910X2,0266791200,"1292 NUMINBAH RD CNR SATINWOOD PL, CHILLINGHAM"
02667207X2,0266726327,"140 MCLEOD ST O/S POST OFFICE, CONDONG"
02667930X2,0266793200,"LOT 1 17 COOLMAN ST TELEPHONE EXCHANGE, TYALGUM"
02665113X2,0266512713,"118 BERYL ST NR GALLIPOLI RD, COFFS HARBOUR"
02665440X2,0266544200,"27 GALE ST O/S POST OFFICE, CORAMBA"
02665820X7,0266581318,"5 TOORMINA RD OPP BANGALEE CRES, TOORMINA"
02665820X1,0266582466,"5 TOORMINA RD S/C FRONT ENTRY, TOORMINA"
02665515X2,0266551201,"1 TYSON ST CNR BELLINGEN RD, FERNMOUNT"
02665551X2,0266555153,"0 GIINAGAY WAY CNR FITZROY ST, URUNGA"
02655518X2,0265558812,"LOT 1 10 TAREE ST TAFE OLD CAMPUS, TUNCURRY"
02655100X2,0265510972,"474 WINGHAM RD CNR HARGREAVES DR, TAREE"
02656670X1,0265667249,"LOT 231 279 GREGORY ST ROCKS S/C, SOUTH WEST ROCKS"
02656680X2,0265668251,"0 REMENBRANCE WAY NR GREAT NORTH RD, FREDERICKTON"
02656211X2,0265626498,"0 BELGRAVE ST O/S POST OFFICE, KEMPSEY"
02658500X2,0265850201,"0 MORSE LA NR PACIFIC HWY, TELEGRAPH POINT"
02655982X2,0265598330,"107 SIRIUS DRV OS LAKEWOOD STORE, LAKEWOOD"
07552407X2,0755242531,"34 LLOYD ST NR DRY DOCK RD, TWEED HEADS SOUTH"
02493421X1,0249342721,"62 VICTORIA ST VICTORIA ST RWS, EAST MAITLAND"
02496713X2,0249675471,"90 HANBURY ST NR 280 MAITLAND RD, MAYFIELD"
02495704X1,0249579263,"1 LOOKOUT RD ROYAL N CENTRE, NEW LAMBTON HEIGHTS"
02496736X2,0249675965,"0 RICHARDSON RD FOYER HUNTER BDG, CALLAGHAN"
02496011X2,0249609872,"0 RING RD O/S MATHS, CALLAGHAN"
02498425X2,0249813621,"15 GOWRIE AVE OPP MISTRAL CLOSE, NELSON BAY"
02496510X1,0249651871,"1 WILLIAMTOWN DRV NEWCASTLE AIRPORT, WILLIAMTOWN"
02673320X2,0267332100,"0 MOREDUN RD OPP SHOP, BEN LOMOND"
02675211X2,0267521521,"35 ALICE ST MOREE HOSP LHS ENT, MOREE"
02675433X2,0267543303,"2 BINGERANG ST O/S POST OFFICE, GARAH"
02675450X2,0267545201,"4 BUCKIE RD NR SHOP, CROPPA CREEK"
02677771X2,0267777584,"CHURCH RD 11610 OXLEY HWY NR YARROWITCH, YARROWITCH"
02677890X2,0267789110,"4319 KINGSTOWN RD CNR BOX FOREST RD, KINGSTOWN"
02672104X2,0267210337,"58 WARATAH ST IN PARK, INVERELL"
02674412X2,0267441205,"7 GORAN ST NR POST OFFICE, CURLEWIS"
02679612X2,0267961231,"LOT 10 1 WATERLOO ST CRN KAMILAROI HWY, BURREN JUNCTION"
03596240X2,0359624330,"322 DON RD HOLIDAY PARK, BADGER CREEK"
07557106X2,0755710184,"3 MACARTHUR PDE O/S SOUTHPORT SLSC, MAIN BEACH"
02422600X2,0242261971,"1 RAILWAY STATION SQ OS RAILWAY STATION, WOLLONGONG"
02422683X2,0242269291,"1 STATION ST RAILWAY STATION, WOLLONGONG"
02422685X2,0242262247,"0 STATION ST RAILWAY STATION, WOLLONGONG"
07498292X2,0749829109,"38 MAIN ST E OF EAST ST, BLUFF"
08988592X2,0898859030,"24 SCOTT ST O/S STORE, HIGHBURY"
02694532X2,0269453256,"479 COOLAC RD NEAR HOTEL, COOLAC"
02692714X2,0269271408,"18 DRUMMOND ST CNR LAWRENCE ST, BOREE CREEK"
02684507X2,0268452654,"97 CAVES RD WELLINGTON CAVES, APSLEY"
02667407X2,0266742227,"60 MARINE PDE , KINGSCLIFF"
02426820X2,0242681042,"119 MORRISON AVE RAILWAY STATION, WOMBARRA"
07553824X1,0755381227,"FOYER  25 LAYCOCK ST , SURFERS PARADISE"
02676030X2,0267603101,"12 PARK AVE NR NEW ENGLAND HWY, MOONBI"
02676400X2,0267640110,"2433 WATSONS CREEK RD NR TILMUNDA RD, WTSNS CK"
02674740X2,0267474005,"24 YARRAMAN ST O/S POST OFFICE, BLACKVILLE"
02674747X7,0267474702,"0 CAROONA MISSION RD WALLHOLLOW VILLAGE, CAROONA"
02674747X2,0267474701,"2 MOOKI RD OPPOSITE SHOP, CAROONA"
02674610X2,0267461201,"0 LODER ST ROSE LEE PARK, QUIRINDI"
02682960X2,0268296275,"1 ADAM ST O/S HOTEL, GOODOOGA"
03598985X2,0359898202,"67 BYRNES RD NR CLIFF RD, SHOREHAM"
03629302X2,0362931104,"3959 BRUNY ISLAND MAIN RD OS BRUNY HOTEL, ALONNAH"
03588431X2,0358843235,"29 COBB HWY OS SERVICE STN, MATHOURA"
08836902X1,0883692763,"177 FOSTERS RD NORTHGATE VILLAGE, NORTHGATE"
08867270X2,0886727063,"275 OPAL CREEK BLV DUKE BOTTLEHSE MTL, ANDAMOOKA"
08867272X2,0886727295,"1 DODGY DRV ADJ MARKETPLACE, ANDAMOOKA"
08873870X2,0887387224,"55 BAY RD NR SEWARTS RD, ALLENDALE EAST"
08855370X2,0885537024,"9 RYBERG RD CNR FALIE CT, AMERICAN RIVER"
08894821X2,0889480184,"40 ALAWA CRS CNR STEDCOMBE, ALAWA"
08894823X2,0889480225,"1 BOUGAINVILLA ST , NIGHTCLIFF"
08894526X2,0889450509,"1 WAGAMAN PL WAGAMAN S/C, WAGAMAN"
08894518X2,0889450256,"16 MALAK PL MALAK SHOPS, MALAK"
08894529X2,0889450524,"7 WULAGI PL WULAGI SHOP CNTR, WULAGI"
08898134X2,0889816647,"3 PARAP RD NR STUART HWY, PARAP"
08898124X2,0889816482,"38 PARAP RD PARAP SHOPS, PARAP"
08894124X2,0889412763,"38 PARAP RD PARAP SHOPS, PARAP"
08898106X2,0889810985,"33 STUART HWY NR WEDD ST, STUART PARK"
08894119X2,0889411276,"4 SHIERS ST DWYER PARK, THE NARROWS"
08898125X2,0889816524,"347 STUART HWY WINNELLIE SHOP CNT, THE NARROWS"
08897905X8,0889790043,"180 KAKADU HWY GAGUDJA JABIRU LGE, KAKADU"
08897901X1,0889790124,"180 KAKADU HWY GAGUDJA JABIRU LGE, KAKADU"
08897902X8,0889790103,"180 KAKADU HWY GAGUDJA JABIRU LGE, KAKADU"
08897972Y2,0889797874,"21 WARRK RD COUNCIL OFFICE, RAMINGINING"
08894740X2,0889474869,"30 LAGOON RD KNUCKEY LAGOON COM, KNUCKEY LAGOON"
08898304X2,0889831489,"30 VIRGINIA RD OS BOOMERANG C, VRGNIA"
08898850X2,0889885293,"600 ARNHEM HWY ADJ AMPOL SERV STN, HUMPTY DOO"
08898801X1,0889834439,"20 HENNING RD COOLALINGA SHOPS, COOLALNGA"
08897233X1,0889723097,"8 KIRKPATRICK ST CORROBOREE HSTL, KTHRNE S"
08895213X2,0889521143,"93 GAP RD , THE GAP"
08895214X2,0889521147,"93 GAP RD , THE GAP"
08898300X1,0889832549,"420 STUART HWY COOLALINGA CVAN PK, COOLALNGA"
08902080X1,0890208031,"124 COOLGARDIE-ESPERANCE HWY OS ROADHOUSE, WIDGIEMOOLTHA"
08943005X2,0894305816,"9 OCEAN RD , SOUTH FREMANTLE"
08909330Y2,0890933951,"355 GOLDFIELDS HWY O/S CAMP ZONE 6, SOUTH BOULDER"
08903930X2,0890393475,"22 EYRE HWY ROADHOUSE, BALLADONIA"
08903933X7,0890393491,"22 EYRE HWY ROADHOUSE, BALLADONIA"
08903933X2,0890393478,"22 EYRE HWY CAIGUNA ROADHOUSE, CAIGUNA"
08904650X2,0890465009,"28 RAILWAY AVE OS EXCHANGE, NUNGARIN"
08916874Y2,0891687306,"9 GOORBIDIGUM RD OUTSIDE PARK, BAINES"
08918711X2,0891871100,"34 BARTLEY CRT , POINT SAMSON"
08914022X2,0891402496,"9 COTTIER DRV O/S YMCA, SOUTH HEDLAND"
08919372X2,0891937070,"1 FREDRICK ST MALLINGBAR COMM, BROOME"
08919178Y7,0891917144,"3 DJUGERARI COMM 90KM S FITZRO, ST GEORGE RANGES"
08919148Y2,0891914680,"24 WANGKATJUNGKA COMM 115KM SE FITZROY, ST GEORGE RANGES"
08919149Y2,0891914756,"57 WANGKATJUNGKA COMM 115KM SE FITZROY, ST GEORGE RANGES"
08916875Y2,0891687320,"22 GREAT NORTHERN HWY TURKEY CREEK R/HSE, WARMUN"
08918912X2,0891891308,"1 STADIUM RD WINDAWARRA LODGE, TOM PRICE"
08919155Y7,0891915894,"3 PARAKUPAN COMM 2KM S FITZROY, FITZROY CROSSING"
08916783Y2,0891678973,"8 JANYIMA RD OUTSIDE STORE, BAINES"
08957707X2,0895771027,"30 MCCORMICK ST NR HUDSTON ST, SEABIRD"
08953762X2,0895376100,"39 LLOYD AVE NR ANGUS PL, RAVENSWOOD"
08953780X2,0895378175,"678 PINJARRA RD O/S GULL ROADHOUSE, BARRAGUP"
08958100X1,0895819037,"25 MEADOW SPRINGS DRV INSIDE O/S NEWMART, MEADOW SPRINGS"
08965517X2,0896551627,"708 OCEAN FARM DRV COMM HALL VERANDAH, NILGEN"
08968110X2,0896811099,"45 RAILWAY TCE OS EXCHANGE, WYALKATCHEM"
08965217X2,0896521869,"110 ROBERTS ST CNR BASHFORD ST, JURIEN BAY"
08965420X7,0896541000,"18228 GT NORTHERN HWY O/S POST OFFICE, MILING"
08973321X2,0897332968,"1 CULLINGA ST CNR CORNUCOPIA ST, HAMEL"
08973310X2,0897331100,"79 SOUTH WEST HWY NR HOTEL CARPARK, WAROONA"
08972621X9,0897261101,"36 OMMANEY RD CNR RIDLEY ST, BRUNSWICK JUNCTION"
08972548X2,0897254743,"14755 SOUTH WEST HWY WATERLOO CVAN /PK, PICTON EAST"
08979500X1,0897958973,"40 HASTIES RD COMMUNITY HALL, GELORUP"
08972600X7,0897260445,"14 VITTORIA RD CNR LAWRENCE ST, GLEN IRIS"
08973160X2,0897316289,"49 STH WESTERN HWY NR UPPER CAPEL RD, KIRUP"
08975510X2,0897551134,"399 BUSSELL HWY OS  POST OFFICE, CARBUNUP RIVER"
08975722X2,0897572802,"124 BUSSELL HWY CNR FEARN AVEWY, MARGARET RIVER"
08975850X2,0897585530,"12425 BUSSELL HWY CNR BROCKMAN HWY, KARRIDALE"
08985140X2,0898514000,"61 HASSELL AVE O/S POST OFFICE, KENDENUP"
08984611X2,0898461260,"43738 HASSELL HWY O/S STORE, MANYPEAKS"
08983832X2,0898383217,"25 VEAL ST , HOPETOUN"
08988821X9,0898881076,"28 WOGOLIN ST NR CAMPBELL ST, WICKEPIN"
02966534X2,0296658061,"266 COOGEE BAY RD NR ARDEN ST, COOGEE"
02966531X2,0296658146,"OPP ENT 155 DOLPHIN ST NR ARDEN ST, COOGEE"
02966103X2,0296615790,"1070 ANZAC PDE CNR BEAUCHAMP RD, MAROUBRA"
02662516X2,0266251335,"422 BALLINA RD , LISMORE HEIGHTS"
02951915X2,0295193348,"25 SWANSON ST NR BINNING ST, ERSKINEVILLE"
07412405X2,0741241339,"351 CHARLTON ESPLANADE  NR QUEENS RD, SCARNESS"
07412434X2,0741242140,"319 CHARLTON ESPLANADE ESP W OF ZEPHYR ST, SCARNESS"
02633600X2,0263360075,"2 DUCKMALOI RD NR TARANA RD, OBERON"
02634522X2,0263452210,"32 ALBERT ST NR CAMBRIA, REIDS FLAT"
02633721X2,0263372309,"9 VALE RD NR BRIDGE ST, PERTHVILLE"
02633793X2,0263379301,"2 BUDDEN ST CNR HILL ST, ROCKLEY"
02635560X2,0263556319,"16 BATHURST RD , RYDAL"
02635551X2,0263555103,"59 WILLIWA ST , PORTLAND"
02439913X2,0243991351,"49 LIAMENA AVE CNR MCCREA BLVD, SAN REMO"
02665819X2,0266581317,"40 FIRST AVE CNR SECOND AVE, SAWTELL"
02658130X1,0265813210,"31 WRIGHTS RD IN BASE HOSPITAL, PORT MACQUARIE"
02658412X9,0265841576,"1 BURRAWAN ST NR OWEN ST, PORT MACQUARIE"
02658415X2,0265841565,"82 LAKE RD OS PRIVATE HOSP, PORT MACQUARIE"
02658418X7,0265841675,"10 LORD ST NR WILLIAM ST, PORT MACQUARIE"
02603240X2,0260324140,"1988 BULL PLAIN RD ADJ RENNIE HOTEL, RENNIE"
02693151X2,0269315913,"1 EUGENE AVE CNR BENEDICT AVE, SAN ISIDORE"
02692964X2,0269296410,"1 EDGEHILL ST OS TELEPHONE EXCH, PLEASANT HILLS"
02688660X2,0268866100,"OPP  3 DUNEDOO RD NR DUNEDOO RD, ELONG ELONG"
02957017X2,0295703149,"0 JUNCTION ST CNR 493 FOREST RD, PENSHURST"
02656710X2,0265671203,"37 ARMIDALE RD OPP POST OFFICE, WILLAWARRIN"
02956008X2,0295601839,"89 OLD CANTERBURY RD NR TOOTHILL ST, LEWISHAM"
02956414X2,0295641458,"0 GEORGE ST CNR LIVINGSTONE ST, MARRICKVILLE"
02956440X2,0295642684,"27 CRYSTAL ST PETERSHAM TAFE, PETERSHAM"
02956700X2,0295672281,"PLATFM 1 191 TURRELLA ST TURRELLA RLWY STN, TURRELLA"
02956909X2,0295695083,"0 FLOOD ST CNR ALLEN ST, LEICHHARDT"
02956914X2,0295697103,"286 NORTON ST CNR WILLIAM ST, LEICHHARDT"
02955911X2,0295592922,"0 ST JAMES AVE NR HOMER ST, EARLWOOD"
02955913X2,0295593099,"13 HAMPDEN ST NR DUNTROON, HURLSTONE PARK"
02955347X2,0295538275,"0 RAILWAY PDE ALLAWAH RWS, ALLAWAH"
02955909X2,0295592188,"398 ILLAWARRA RD , MARRICKVILLE"
02955527X2,0295558734,"756 DARLING ST NR DENISON ST, ROZELLE"
02955406X2,0295543097,"PLATFM 2 0 KING GEORGES RD BEVERLY HILLS RWS, BEVERLY HILLS"
03518400X2,0351841201,"6588 SOUTH GIPPSLAND HWY , HEDLEY"
03575920X2,0357592500,"215 GREAT ALPINE RD NR GEN STORE 30M, HARRIETVILLE"
03547340X2,0354734459,"10 TEMPLETON ST POST OFFICE, GUILDFORD"
03544209X2,0354422132,"321 HIGH ST , GOLDEN SQUARE"
03543220X2,0354322290,"42 RAILWAY PL O/S POST OFFICE, GOORNONG"
08826422X2,0882646965,"999 LOWER NORTH EAST RD NR VALERIE AVE, HIGHBURY"
08927105X2,0892718799,"180 GRAND PRM CNR GRAVEN ST, BEDFORD"
03596880X2,0359688652,"44 MCBRIDE ST , COCKATOO"
03952808X2,0395281819,"0 HAWTHORN RD NR CNR MAPLE ST, CAULFIELD SOUTH"
08998013X2,0899801099,"821 MAIN ST SERVICE STATION, MEEKATHARRA"
02945603X2,0294565193,"199 BAY RD , BEROWRA WATERS"
03972534X2,0397254954,"99 LINCOLN RD NR CRN MOUNT VIEW, CROYDON"
07463950X2,0746393525,"1 O'QUINN ST W OF WEST ST, Harristown"
08945807X2,0894586212,"30 DUMOND ST NR STRATFORD PL, BENTLEY"
07340970X2,0734097152,"1 BALLOW ST NR LLEWELLYN ST, AMITY PT"
03544610X2,0354468802,"91 VICTORIA ST , EAGLEHAWK"
08929802X2,0892989052,"5 HARDEY RD NR GRT EASTERN HWY, GLEN FORREST"
02963404X1,NONE,"CNCRSE  309 OLD NORTHERN RD CASTLE HILL RWS, CASTLE HILL"
02989413X1,NONE,"ENTRY  2 GLENHOPE RD CHERRYBROOK RWS, CHERRYBROOK"
02965901X1,NONE,"CONCSE  25 NORWEST BLV NORWEST RLWY STN, BAULKHAM HILLS"
02968004X1,NONE,"1 CARRINGTON RD SHOWGROUND RLY STN, CASTLE HILL"
02962501X2,0296257543,"58 DIXON ST NR JANET ST, MOUNT DRUITT"
03577622X2,0357762179,"2793 MANSFIELD-WHITFIELD RD NR BUS SHELTER, TOLMIE"
08835232X2,0883528054,"2 WAINHOUSE ST CNR HENLEY BCH RD, TORRENSVILLE"
08838903X2,0883896024,"51 MAIN ST O/S POST OFFICE, LOBETHAL"
08856822X2,0885682224,"2 MILLER ST OPP POST OFFICE, SPRINGTON"
08853730X2,0885373024,"52 BRIDGE RD OS POST OFFICE, LANGHORNE CREEK"
08857080X2,0885708109,"5081 ANGAS VALLEY RD FERRY CROSSING, WALKER FLAT"
08856913X2,0885691259,"120 RIVER LA , PT MNNM"
08853122X2,0885310253,"129 SWANPORT RD CRN HILL ST, MURRAY BRIDGE"
08855880X2,0885588224,"1714 INMAN VALLEY RD , INMAN VALLEY"
08857330X2,0885733024,"3169 DUKES HWY CRN OLD DUKES HWY, COOMANDOOK"
08857400X2,0885740024,"141 ALEXANDRINA DRV UNITING CHURCH HAL, NARRUNG"
08853540X2,0885354001,"19 WILLIAMS ST , MYPOLONGA"
08853400X2,0885344024,"56 FERRIES MCDONALD RD , MONARTO SOUTH"
08853110X2,0885310202,"115 OLD PRINCES HWY SHOWGROUNDS, MURRAY BRIDGE"
08857010X2,0885701024,"4064 HUNTER RD ADJ GENERAL STORE, NILDOTTIE"
08857270X2,0885727221,"26 MASON ST CARAVAN PARK, WELLINGTON"
08855431X2,0885543240,"19 GOOLWA RD O/S CARAVAN PARK, MIDDLETON"
08853121X2,0885310361,"7 MURRAY CODS DRV O/S RIVERSCAPE, MURRAY BRIDGE"
08855960X2,0885596024,"35 COOK ST O/S POST OFFICE, PARNDANA"
07466300X2,0746630702,"18447 MOONIE HWY WESTMAR STORE, WESTMAR"
07462760X2,0746276184,"15 STURT ST NR COATES RD, DRILLHAM"
07462230X2,0746223906,"5 RIGGERS RD NR NR WARREGO HWY, ROMA"
07462761X2,0746276102,"31 GLYNN AVE CNR CKERKE ST, DULACCA"
07462770X2,0746277130,"17 WAMBO ST NR KENNEDY ST, CONDAMINE"
03937618X2,0393761902,"117 WELLINGTON ST , FLEMINGTON"
03516560X2,0351656233,"98 MAIN ST O/S GENERAL STORE, WALHALLA"
03572980X2,0357298200,"447 KING VALLEY RD O/S STORE, CHESHUNT"
08984012X2,0898401151,"13 NOCKOLDS ST O/S EXCHANGE, WALPOLE"
08996455X2,0899645539,"68 MARINE TCE CNR DURLACHER, GERALDTON"
08996461X2,0899646715,"60 RIFLE RANGE RD O/S MEDICAL SERV, RANGEWAY"
08997311X2,0899731009,"31 FOWLER ST OPP HESFORD ST, PERENJORI"
08996351X2,0899635800,"18 HACK ST NR OROYA ST, SANDSTONE"
08998123Y2,0899812124,"3 KUTKABUBBA COMM 30KM N WILUNA, WILUNA"
08994211X2,0899425923,"22 NORTH WEST COASTAL HWY O/S ROADHOUSE, MINILYA"
03629833X2,0362983105,"SITE  840 COCKLE CREEK RD BOLTONS GREEN CAMP, RECHERCHE"
02645766X1,0264576163,"0 MOWAMBA PL THREDBO VERANDAH, THEDBO"
07465121X2,0746512417,"1 BOX ST NR ASH ST, BARCALDINE"
02633771X2,0263377102,"3819 SOFALA RD , WATTLE FLAT"
02668342X2,0266834637,"59 RICHMOND ST OS ROYAL HOTEL, WARDELL"
02655330X2,0265533049,"369 SALTWATER RD CNR PACIFIC ST, WALLABI POINT"
07559901X2,0755991020,"41 RECREATION ST CNR STEEP ST, TWEED HEADS"
02654360X2,0265436209,"2510 ROUCHEL RD O/S SCHOOL, UPPER ROUCHEL"
02497507X2,0249751924,"21 MARKET ST NR DAVID ST, WANGI WANGI"
02672915X2,0267291516,"O/S  63 ALLAN CUNNINGHAM RD WARIALDA RAIL HTL, WARIALDA"
02678271X2,0267827201,"21 COBBADAH ST NR HALL ST, UPPER HORTON"
02457252X2,0245725207,"752 RICHMOND RD , BERKSHIRE PARK"
02456770X2,0245677209,"1259 BELLS LINE OF RD NR WARKS HILL RD, KURRAJONG HEIGHTS"
02962502X2,0296253584,"65 WELWYN RD NR RUNCORN OS PARK, HEBERSHAM"
02983811X2,0298383072,"87 HAMILTON ST BUS SHELTER NEAR, RIVERSTONE"
02983201X2,0298323858,"26 GOLDING DRV NR GRAYSON ST, GLENDENNING"
02962504X2,0296250309,"77 MT DRUITT RD NR BERRY ST, MOUNT DRUITT"
02983822X2,0298383082,"95 RAILWAY TCE O/S SHOPS, SCHOFIELDS"
02427604X2,0242746793,"2 NORTHCLIFFE DRV NR SHELLHARBOUR RD, PORT KEMBLA"
02694325X2,0269432500,"22 KING ST OS POST OFFICE, WALLENDBEEN"
07477906X2,0747790954,"188 CHARTERS TOWERS RD CNR  CLAYTON ST, HERMIT PARK"
07465312X2,0746531406,"13 GREENUP ST NR MALONE ST, TEXAS"
07468522X2,0746852302,"17 MCCOSKER DRV NR POST OFFICE, DALVEEN"
07467500X2,0746751209,"34 TALOOM ST , YELARBON"
07468340X2,0746834207,"27156 NEW ENGLAND HWY OS CARAVAN PARK, GLEN APLIN"
07468108X2,0746811691,"6 WALLANGARRA RD CRN OMARA TCE, STANTHORPE"
07465310X2,0746531405,"27 HIGH ST NR AVON ST, TEXAS"
07468410X2,0746841105,"28208 NEW ENGLAND HWY NR CURR RD, BALLANDEAN"
07469161X2,0746910109,"69 OSHEA AVE NR SHORT ST, SOUTHBROOK"
07468523X2,0746852564,"357 GRANITE BELT DRV CNR AMIENS RD, THULIMBAH"
03645652X2,0364565102,"2165 TROWUTTA RD , TROWUTTA"
03645642X2,0364564105,"1400 SOUTH RD OS POST OFFICE, LILEAH"
02982607X2,0298261897,"1467 ELIZABETH DRV O/S PETROL STATION, KEMPS CREEK"
03968976X2,0396895105,"323 BARKLY ST NR VICTORIA ST, FOOTSCRAY"
03968919X2,0396893865,"393 BARKLY ST PP IN GORDON ST, FOOTSCRAY"
02983305X2,0298331882,"0 RAILWAY ST WERRINGTON R/S, WERRINGTON"
08882730X2,0888273200,"2 NORTH TCE CNR WEST TCE, KULPARA"
08885372X2,0888537224,"13 MARINE PDE C/VAN PARK, PORT VINCENT"
08885441X2,0888544032,"16 WILLYAMA DRV OPP CARAVAN PARK, MARION BAY"
02989609X2,0298964580,"OPPOSI  37 BEST RD NR HARWOOD ST, SEVEN HILLS"
02983313X2,0298331990,"10 MYRTLE RD CNR SUNFLOWER DR, CLAREMONT MEADOWS"
02966528X2,0296658281,"103 BROOK ST CNR COOGEE BAY RD, COOGEE"
02945604X2,0294563109,"999 PACIFIC HWY CNR BEROWRA PDE, BEROWRA"
02498290X2,0249829351,"37 FERODALE RD O/S SHOPS, MEDOWIE"
02472145X2,0247215271,"11 WOODRIFF ST CNR HIGH ST, PENRITH"
02974629X2,0297463695,"1 PLAZA RD SYDNEY MARKETS, HOMEBUSH WEST"
02966912X2,0296691280,"972 BOTANY RD MASCOT PO, MASCOT"
03958441X2,0395843799,"0 STATION ST MENTONE RWS FR/CRT, MENTONE"
08894543X1,0889459449,"0 BAMBATJ RD LORRAINE BRENNAN, TIWI"
08885240X2,0888524124,"6 WEAVER ST , STANSBURY"
07387912X2,0738797059,"758 BLUNDER RD , DURACK"
02988803X2,0298883298,"150 COXS RD OUTSIDE CARPARK, NORTH RYDE"
08994958X2,0899494694,"6 MAIDSTONE CRS REAR POTSHOT B/PKR, EXMOUTH"
03623103X2,0362788701,"245 LENAH VALLEY RD CNR GIRRABONG RD, LENAH VALLEY"
03624401X2,0362441202,"53 MONTAGU BAY RD CNR RIAWENA RD, MONTAGU BAY"
03626720X2,0362672408,"1701 CHANNEL HWY OS TELSTRA EXCHNGE, MARGATE"
03625302X2,0362535203,"4051 ARTHUR HWY NR SOMMERS BAY RD, MURDUNNA"
03625981X2,0362598157,"10366 HIGHLAND LAKES RD CNR JILLETT RD, BRNDM"
03623106X2,0362788621,"18 CREEK RD , NEW TOWN"
03627213X2,0362728619,"142 MAIN RD NR CRN AMY ST, MOONAH"
03623110X2,0362789086,"65 BELLEVUE PDE , NEW TOWN"
03623105X2,0362787645,"10 NEW TOWN RD CNR AUGUSTA RD, NEW TOWN"
03627801X2,0362782371,"105 MAIN RD NR HOPKINS ST, MOONAH"
03628820X2,0362882328,"8 KALLISTA ST CNR JUNEE RD, MAYDENA"
03627208X2,0362728019,"517 MAIN RD CNR MORRISS AVE, MONTROSE"
03633106X2,0363312835,"71 WELLINGTON ST NR ELIZABETH ST, LAUNCESTON"
03638221X9,0363821186,"6 GUNN PDE CNR LOW HEAD RD, LOW HEAD"
03632618X2,0363267334,"338 INVERMAY RD OS EXCHANGE, MOWBRAY"
02623001X1,0262303517,"47 BIDGES RD CAPITAL HOLIDAY PK, SUTTON"
02633223X1,0263321548,"SHOP 1N 40 WILLIAM ST AMARDA BATHURST SC, BATHURST"
03963937X2,0396392563,"257 SWANSTON ST , MELBOURNE"
08897211X2,0889721165,"22 KATHERINE TCE NR GILES ST, KTHRNE S"
08895349X2,0889531559,"58 HEAD ST O/S SHOPPING CENT, BRTLNG"
08897236X1,0889723127,"185 GILES ST WOMEN MEDICAL HSTL, KATHERINE"
02447810X2,0244781009,"1 WHARF ST , NELLIGEN"
08893207X1,0889327315,"15 TEMPLE TCE OASIS SHOPPING VIL, PALMERSTON"
08893201X1,0889327319,"15 TEMPLE TCE OASIS SHOPPING VIL, PALMERSTON"
03599570X2,0359957264,"1125 THOMPSONS RD MERINDA PK RWS, CRANBOURNE NORTH"
03528900X2,0352890201,"1 THE BOULEVARD  NR GREAT OCEAN RD, WYE RIVER"
02982416X2,0298240195,"146 MACQUARIE ST LIVERPOOL MALL, LIVERPOOL"
02658422X2,0265842325,"59 CLARENCE ST , PORT MACQUARIE"
02496709X2,0249675709,"130 UNIVERSITY DRV OPP 49 UNI DRV, CALLAGHAN"
08836222X2,0883623261,"110 THE PARADE  , NORWOOD"
08865910X2,0886591024,"1 BARRIER HWY O/S SERVICE STN, TEROWIE"
08865125X2,0886512764,"109 VICTORIA ST NR TORR ST, PETERBOROUGH"
08864861X2,0886486124,"18 ARDEN VALE RD , QUORN"
08865120X2,0886512018,"155 QUEEN ST , PETERBOROUGH"
08856450X2,0885645024,"22 MAIN ST ADJ PRIMARY SCHOOL, CAMBRAI"
08858667X2,0885866654,"25 MURTHO ST NR SIXTEENTH ST, RENMARK"
08857020X2,0885702209,"1 NILDOTTIE RD OPP ANZAC AVE, SWAN REACH"
08852821X2,0885282224,"61 MURRAY ST , STOCKPORT"
08856432X2,0885643386,"70 MURRAY ST , ANGASTON"
08858101X2,0885810594,"4 NORTH TCE NR MAIN ST, MOUNT MARY"
08852850X2,0885285226,"56 GILBERT ST , TARLEE"
08858380X2,0885838224,"1 DOWNER AVE CNR WILSON PDE, LYRUP"
08856480X2,0885648224,"8 STOTT HWY NR KEYNETON RD, KEYNETON"
08852540X2,0885254124,"31 ANNIE TCE O/S POST OFFICE, WASLEYS"
08859530X2,0885953166,"292 EIGHTH ST , RENMARK NORTH"
03947116X1,0394719752,"889 HIGH ST RESERVOIR RSW, RESERVOIR"
07381813X1,0738187317,"31 SPRINGFIELD LAKES BLV NR SUMMIT DRV, SPRINGFIELD LAKES"
08897923Y1,0889792407,"1 PATONGA STN , KAKADU"
02952906X2,0295295074,"29 CLAREVILLE AVE CNR RUSSELL AVE, SANDRINGHAM"
03938800X2,0393880480,"25 DAWSON ST RMIT BLDG 514 FOYE, BRUNSWICK"
07404161X2,0740416845,"0 FLORENCE ST CNR 98 MCLEOD ST, CAIRNS CTY"
03954304X1,0395433983,"0 CARINISH RD CLAYTON RWS, CLAYTON"
08898762Y2,0889876096,"8 MILYAKBURRA COMM BICKERTON ISLAND, MILYAKBURRA"
03930802X1,0393081374,"340 CRAIGIEBURN RD NR JAMAICA BLUE, CRAIGIEBURN"
02955032X2,0295503613,"0 HOLT ST NR KING ST, NEWTOWN"
08825825X2,0882585854,"0 AYFIELD RD NR BRIDGE RD, PARA HILLS WEST"
03643713X2,0364371400,"1 DIAL RD NR SOUTH RD, PENGUIN"
03626630X2,0362663208,"3417 HUON HWY , FRANKLIN"
03627226X2,0362729873,"19 CLYDESDALE AVE , GLENORCHY"
03628630X2,0362863237,"27 FRANKLIN PL , HAMILTON"
03629710X2,0362971103,"10 CHURCH ST OS POST OFFICE, GEEVESTON"
03638390X2,0363839106,"1760 GREENS BEACH RD O/S TENNIS COURT, GREENS BEACH"
03649110X2,0364911703,"1447 CLAUDE RD OS WILDERNESS VLGE, GOWRIE PARK"
07552404X2,0755241200,"19 SEXTON HILL DRV CNR TIERNEY TCE, BANORA POINT"
03979633X2,0397966223,"16 FUCHSIA CRT NR CRN NORFOLK DRV, NARRE WARREN"
08821235X2,0882126054,"361 KING WILLIAM ST NR CNR STURT ST, ADELAIDE"
08897231X2,0889723617,"14 GILES ST NR CNR FIRST ST, KATHERINE"
08975541X2,0897554300,"20 MONAGHANS WAY NR CAVES RD, ABBEY"
02982015X1,0298202439,"10 BROOKFIELD RD MINTO MARKETPLACE, MINTO"
03966319X2,0396636150,"196 RUSSELL ST NR LT BOURKE ST NE, MELBOURNE"
03562215X2,0356223510,"74 QUEEN ST , WARRAGUL"
03965402X2,0396541255,"95 BOURKE ST NR EXHIBITION ST, MELBOURNE"
07403920X2,0740392081,"1 GAMBURRA DRV CNR MARY PARKER DR, REDLYNCH"
02433443X2,0243345318,"349 THE ENTRANCE ROAD  , LONG JETTY"
02966235X2,0296627320,"112 ANZAC PDE , KENSINGTON"
08948107X2,0894814162,"RM  178 ST GEORGES TCE WIFI, PERTH"
08959225X2,0895922845,"17 ROCKINGHAM BEACH RD OPP CHURCHILL PARK, ROCKINGHAM"
08994920X2,0899492316,"2 ROSS ST OS SHOPPING CENTRE, EXMOUTH"
03973500X2,0397355653,"266 MAIN ST POST OFFICE, LILYDALE"
03542201X2,0354223027,"117 MOLLISON ST POST OFFICE, KYNETON"
08984430X2,0898443300,"46458 SOUTH COAST HWY NR CHESTER PASS RD, KING RIVER"
07467624X2,0746762186,"33570 NEWELL HWY ELANBE C/VAN PARK, BOGGABILLA"
07477160X2,0747716734,"26 MARINERS DRV BREAKWATER MARINA, TOWNSVILLE CITY"
02981807X2,0298181264,"95 CURTIS RD , BALMAIN"
03989940X2,0398993604,"1 CHURCHILL ST O&#X2F;S RAIL STAT, MONT ALBERT"
03978602X2,0397862119,"116 NEPEAN HWY OUTSIDE, SEAFORD"
02982239X2,0298224698,"0 ELIZABETH DRV ADJ 1-3 CARBONI ST, LIVERPOOL"
03577871X2,0357787235,"4 PHILLIP ST OUTSIDE, BONNIE DOON"
03626304X2,0362637104,"3 LYELL HWY OUTSIDE, GRANTON"
02975438X2,0297234905,"193 RAILWAY PDE NR ARTHUR ST, CABRAMATTA"
07339008X2,0733904150,"1245 LYTTON RD NR POPPY ST, HEMMANT"
07382103X1,0738211381,"0 HARBOURVIEW CRT QR CLEVELAND, CLEVELAND"
02656991X2,0265699200,"1 MAIN ST NR EUNGAI CREEK RD, EUNGAI CREEK"
03515510X2,0351552808,"661 ESPLANADE  OPP 661, LAKES ENTRANCE"
03514880X2,0351488780,"14 JAMIESON-LICOLA RD O/S POST OFFICE, LICOLA"
03515527X2,0351552720,"12 MIDDLE ST CNR PRINCES HWY, LAKES ENTRANCE"
03515531X2,0351553403,"1 ROWE ST ENTRCE C/V PARK, LAKES ENTRANCE"
03515711X2,0351571555,"636 LINDENOW-GLENALADALE RD NR GENERAL STORE, LINDENOW SOUTH"
03515513X2,0351551729,"0 ESPLANADE  OPP 271, LAKES ENTRANCE"
03515215X2,0351521506,"63 PRINCES HWY SERVICE RD , LUCKNOW"
03566209X2,0356624103,"0 MICHAEL PL OPP POST OFFICE, LEONGATHA"
03566420X2,0356642200,"HWY  1 KOALA DRV CRN STH GIPPSLAND, KOONWARRA"
03565801X2,0356581287,"1 RADOVICK ST CNR COMMERCIAL RD, KORUMBURRA"
03548620X2,0354862201,"7 LOCKINGTON RD NR ARCHIBALD ST, LOCKINGTON"
03542920X2,0354292213,"68 MAIN RD , LANCEFIELD"
08938943X2,0893898630,"83 WARATAH AVE , DALKEITH"
02981811X2,0298181920,"276 DARLING ST LOYALTY SQUARE, BALMAIN"
03930401X1,0393041200,"0 HARTINGTON ST GLENROY RWS, GLENROY"
02967300X2,0296734629,"30 DAY ST NR CARPENTER ST, COLYTON"
02426205X2,0242621352,"9 PRINCES HWY CNR WEROWI ST, DAPTO"
02428508X1,0242851469,"PLATFM 2 126 MURRAY RD CORRIMAL RLWY STN, CORRIMAL"
03956304X2,0395633304,"PLATFM 1 6 HAUGHTON RD OAKLEIGH RLWY STN, OAKLEIGH"
02667951X2,0266795513,"153 MT WARNING RD MT WARNING R/F PRK, MOUNT WARNING"
02494302X2,0249431254,"273 CHARLESTOWN RD CNR WILLIS ST, CHARLESTOWN"
02673760X2,0267376600,"7717 BRUXNER HWY CNR ALLISON ST, DRAKE VLGE"
02423410X2,0242341843,"18 BELINDA ST OS RAILWAY STATION, GERRINGONG"
02695305X2,0269532721,"114 WADE AVE OS HOSPITAL, LEETON"
03588460X2,0358846697,"5310 CONARGO RD OS CONARGO HOTEL, CONARGO"
03935013X2,0393502245,"169 DERBY ST , PASCOE VALE"
02926904X2,0292690661,"580 GEORGE ST NR WILMONT ST, SYDNEY"
08938514X2,0893855736,"23 BAY VIEW TCE O/S CLAREMONT QRTR, CLAREMONT"
07544882X2,0754488195,"15 MUDJIMBA ESP NR MUDJIMBA BCH RD, MUDJIMBA"
03983611X2,0398366097,"445 WHITEHORSE RD CNR IRAMOO ST, BALWYN"
03969980X2,0396995290,"31 BEACONSFIELD PDE , ALBERT PARK"
02974421X2,0297447491,"0 CLARENCE ST CNR BURWOOD RD, BURWOOD"
02931029X2,0293102664,"61 MCEVOY ST NEAR GEORGE ST, WATERLOO"
02989710X2,0298973158,"153 MERRYLANDS RD CNR PITT ST, MERRYLANDS"
03982609X2,0398262517,"199 TOORAK RD , SOUTH YARRA"
03937627X2,0393769321,"318 RACECOURSE RD , FLEMINGTON"
03937637X2,0393761873,"39 DOVER ST , FLEMINGTON"
07383905X2,0738399237,"108 KELVIN GROVE RD , KELVIN GROVE"
08833800X2,0883381904,"373 GLEN OSMOND RD NEAR QUEENS LA, GLEN OSMOND"
02936903X2,0293897025,"138 BONDI RD NEAR ANGLESEA ST, BONDI"
02936934X2,0293694974,"128 MACPHERSON ST NEAR YANKO AVE, BRONTE"
02938704X2,0293878119,"153 BRONTE RD OS POLICE STATION, WAVERLY"
03534132X2,0353413283,"403 WARRENHEIP ST O/S POST OFFICE, BUNINYONG"
07405524X2,0740552918,"411 KAMERUNGA RD O/S HOTEL, REDLYNCH"
02975433X2,0297230294,"204 BIRDWOOD RD CNR GEORGES CRS, GEORGES HALL"
02982006X2,0298202067,"91 BALLANTRAE DRV OS SHOPPING CENTRE, ST ANDREWS"
02982238X2,0298224696,"34 STOCKTON AVE OS MOOREBANK SHOPS, MOOREBANK"
02982251X2,0298224723,"1 REMEMBERANCE AVE RAILWAY STN PLTFM, WARWICK FARM"
02975606X2,NONE,"DETOX  376 PRAIRIE VALE RD FAIRFIELD HOSPITAL, PRAIRIEWOOD"
02982907X2,0298291210,"PLATFM 2 0 INGLEBURN RD INGLEBURN RAILWAY, INGLEBURN"
02982924X2,0298292456,"47 STANLEY ST CNR MEMORIAL AVE, INGLEBURN"
02974350X2,0297438264,"196 WALDRON RD OS HOTEL, CHESTER HILL"
02985822X2,0298584496,"294 NORTH RD NR BALACLAVA RD, EASTWOOD"
02987101X2,0298716965,"312 NORTH ROCKS RD NEAR PEMBURY AVE, NORTH ROCKS"
02931422X2,0293146432,"62 FRENCHMANS RD OPP ROSCREA AVE, RANDWICK"
08867520Y2,0886752424,"19 RAILWAY TCE CRN SHORT ST, COPLEY"
08867591X2,0886759925,"20 SOUTH TCE OPP TRADING POST, INNAMINCKA"
08867590X2,0886759906,"20 SOUTH TCE OPP TRADING POST, INNAMINCKA"
08867061Y2,0886706029,"LOT  56 FIFTH ST , OODNADATTA"
08897591X7,0889759995,"11 STUART ST ADJ DALY WATERS HO, DALY WATERS"
08897102Y2,0889710836,"65 BICENTENNIAL RD WARLPIRI TOWN CAMP, KATHERINE EAST"
08903795X2,0890379400,"3 MAINSBRIDGE ST NR LINK RD, LEINSTER"
08903712Y2,NONE,"4 GREAT CENTRAL RD TJUKAYIRLA R/HOUSE, LAKE WELLS"
08902402X2,0890242120,"5 GIMLET ST ORA BANDA INNE, ORA BANDA"
08902170X2,0890217512,"6 FORREST ST KALGOORLIE RAIL, KALGOORLIE"
08903793X2,0890379402,"6 MAINSBRIDGE ST IS SHOPPING CENTRE, LEINSTER"
08902102Y2,0890217680,"51 NHALPA DRV NINGA MIA COMMNTY, PRKSTN"
08907660X2,0890766110,"251 WHARTON ST ORLEANS CARVAN CPK, CONDINGUP"
08903710Y2,NONE,"500 SERPENTINE LAKES RD IIKURLKA ROADHOUSE, BEADELL"
08917600X2,NONE,"5 EIGHTY MILE BEACH RD 80 MILE BEACH C/P, EIGHTY MILE BEACH"
08917659X2,NONE,"5 EIGHTY MILE BEACH RD 80 MILE BEACH C/P, EIGHTY MILE BEACH"
08917651X1,NONE,"5 EIGHTY MILE BEACH RD 80 MILE BEACH C/P, EIGHTY MILE BEACH"
08919113X7,0891911588,"41 HEYTESBURY ST CNR 21 KUNAMARRA, DERBY"
08918800X2,0891881356,"901 DORADEEN RD NR MINE RD, TOM PRICE"
08962503X2,0896251209,"1 GABBEDY ST NR GRT EASTERN HWY, MECKERING"
08965170X2,0896517000,"4 GEORGE ST OPP MARAH ST, WATHEROO"
08984010X2,0898401000,"1 REST POINT RD I/S C/VAN PARK, BRK"
08982810X2,0898281040,"7 MOIR ST NR JOHN ST, BORDEN"
08984080X2,0898408000,"8 PEACEFUL BAY RD O/S SHOP, PEACEFUL BAY"
08982520X7,0898251022,"37 NORRISH ST OPP CROWDEN ST, TAMBELLUP"
08988050X2,0898805105,"114 WAVE ROCK ST I/S CVAN PK, HYDEN"
02963713X2,0296379309,"24 ALLEN ST NR HARRIS ST, HARRIS PARK"
08867112X2,0886710981,"4 BURGOYNE ST O/S UNIT 16, ROXBY DOWNS"
08867107X2,0886710403,"14 BURGOYNE ST O/S ROXBY VILLAGE, ROXBY DOWNS"
08867129X1,0886710112,"68 BURGOYNE ST CVAN PARK ENTRY, ROXBY DOWNS"
08867119X2,0886710305,"12 RICHARDSON PL O/S SHOP CENTRE, ROXBY DOWNS"
02486800X2,0248681032,"7390 ILLAWARRA HWY SUTTON FOREST INN, SUTTON FOREST"
03979105X2,0397917059,"30 WELLER ST CNR HEMMINGS ST, DANDENONG"
03514422X2,0351444502,"29 PETTIT DRV RAILWAY STATION, SALE"
03565940X2,0356594344,"12 SMITH RD CNR VICTORIA, LOCH"
03577780X2,0357778244,"12 BRIDGE ST , WOODS POINT"
08828716X2,0882871914,"0 MOUNTBATTEN SQ O/S MC DONALDS, ELIZABETH"
08828715X2,0882871518,"0 MOUNTBATTEN SQ O/S MC DONALDS, ELIZABETH"
08828002X2,0882807073,"0 BLACK TOP RD OPP BLK SMITHS INN, ONE TREE HILL"
08828904X2,0882890355,"0 SUNNYBROOK DRV O/S GLDN GRV H/C, WYNN VALE"
08852208X2,0885224854,"0 COWAN ST OPP HOTEL, GAWLER"
08852207X2,0885224396,"0 MURRAY ST O/S COLES, GAWLER"
08852213X2,0885221309,"0 TWENTY THIRD RD O/S GAWLER RWS, GAWLER SOUTH"
08838609X2,0883862424,"0 PROW DRV O/S CLINIC, SEAFORD MEADOWS"
08838606X2,0883863485,"0 GRAND BLV O/S LUNCH BAR, SEAFORD RISE"
08838603X2,0883861032,"2 VERNON CRS , MASLIN BEACH"
08829812X2,0882983309,"0 BROOKSIDE RD O/S CRVN PK OFFICE, FLAGSTAFF HILL"
08832212X2,0883228309,"0 REGENCY RD OPP MC DONALDS, HAPPY VALLEY"
08838407X2,0883844596,"0 ALEXANDER KELLY DRV NOARLUNGA CENTRE, NOARLUNGA CENTRE"
08838404X1,0883846143,"0 BURGESS DRV NOARLUNGA INTRCHNG, NOARLUNGA CENTRE"
08838405X1,0883841521,"0 BURGESS DRV NOARLUNGA INTRCHNG, NOARLUNGA CENTRE"
08838401X1,0883844098,"0 HANNAH RD OS NOARLUNGA HOUSE, NOARLUNGA CENTRE"
08855631X2,0885563156,"0 NORMAN RD NR SURFCB CAR PARK, ALDINGA BEACH"
08859830X2,0885983196,"0 ESSINGTON-LEWIS DRV RAPID BY CAMP GRND, RAPID BAY"
08859840X2,0885984024,"1 FINNISS VALE DRV O/S CARAVAN PARK, SECOND VALLEY"
08855201X1,0885525804,"19 BAY RD O/S CABIN PRK, VICTOR HARBOR"
08855205X2,0885522232,"2 FLINDERS PDE O/S  DSCVRY CNTR, VICTOR HARBOR"
08855371X2,0885537047,"44 TANGARA DRV O/S OYSTER FRM SHP, AMERICAN RIVER"
02922341X2,0292233352,"99 ELIZABETH ST CNR KING ST, SYDNEY"
08898710Y2,0889704944,"0 DHAMBALIYA (BREMER) IS GUTJANGAN COMMUNTY, EAST ARNHEM"
02447610X2,0244761327,"48 PRINCES HWY EASTS VAN VILLAGE, NAROOMA"
07477305X2,0747733637,"5 NEPTUNE RD , KIRWAN"
02961002X2,0296104404,"5 ANDERSON ST CNR 6 HAIG ST, MT PRITCHARD"
02982516X2,0298253182,"LOT 12 1 THE BOULEVARDE  HOLSWORTHY RWS, HOLSWORTHY"
02973100X1,0297312701,"LOT 12 1 THE BOULEVARDE  HOLSWORTHY RWS, HOLSWORTHY"
02975700X2,0297572054,"LVL 2 376 PRAIRIE VALE RD FAIRFIELD HOSPITAL, PRAIRIEWOOD"
02971612X2,0297990542,"0 NORTON ST CNR PROSPECT RD, SUMMER HILL"
02974636X2,0297462475,"SUBWAY  0 EVERTON RD STRATHFIELD RWS, STRATHFIELD"
03938754X2,0393874237,"611 NICHOLSON ST , CARLTON NORTH"
02876503X2,0287651032,"0 CABARITA RD CABARITA WHARF, CABARITA"
02971815X1,0297189413,"575 CANTERBURY RD CANTERBURY HOSPITL, CAMPSIE"
02971813X1,0297189407,"575 CANTERBURY RD CANTERBURY HOSPITL, CAMPSIE"
02997403X2,0299741027,"1141 BARRENJOEY RD PITTWATER RESERVE, PALM BEACH"
02997301X2,0299732405,"0 GRANDVIEW DRV ADJ 223 PLATEAU RD, BILG PLAT"
02997401Y2,0299741002,"LOT 8 9 ROSS SMITH PDE NR WHARF SHELTER, GREAT MACKEREL BEACH"
02941113X2,0294114898,"43 JOHNSON ST CNR ORCHARD RD, CHATSWOOD"
02996014X2,0299603573,"22 BRADY ST NR MILITARY RD, MOSMAN"
02992313X2,0299231674,"1 ENNIS RD UNDERPASS RWS, MILSONS POINT"
02943901X1,0294392381,"PLATFM 2 3 HERBERT ST ST LEONARDS RWS, ST LEONARDS"
02943900X1,0294391724,"PLATFM 3 3 HERBERT ST ST LEONARDS RWS, ST LEONARDS"
02946026X2,0294606154,"CNCRSE  3 HERBERT ST ST LEONARDS RWS, ST LEONARDS"
02946025X2,0294606153,"CNCRSE  3 HERBERT ST ST LEONARDS RWS, ST LEONARDS"
02988912X1,0298893463,"CNR  140 HERRING RD MACQUARIE UNI STN, MACQUARIE PARK"
02985819X2,0298584237,"9 DENISTONE RD RYDE HOSP OUTPAT'S, DENISTONE"
02986816X2,0298683163,"31 CHELTENHAM RD CHELTENHAM RWS, CHELTENHAM"
02998803X2,0299883134,"0 AULUBA RD NR KISSING PT RD, SOUTH TURRAMURRA"
02998301X2,0299830519,"1 WILLIAM ST O/S RAILWAY STN, TURRAMURRA"
02998901X2,0299898076,"2 ROMSEY ST CNR PACIFIC HWY, WAITARA"
02945606X2,0294563698,"E/SIDE LOT 466 BEROWRA WATERS RD FERRY WHARF EAST, BEROWRA WATERS"
02998500X2,0299859090,"90 PACIFIC HWY OPP KOWAN RD, MOONEY MOONEY"
02998001X2,0299806016,"74 RAILWAY ST PENNANT HILLS RWS, PENNANT HILLS"
02986818X2,0298685297,"PLATFM 1 35 LANGSTON PL EPPING RLWY STN, EPPING"
02955926X2,0295594766,"0 CRINAN ST CANTERBURY RD, HURLSTONE PARK"
02968755X2,0296870725,"0 ARGYLE ST ENTRY EASTRN CONC, PARRAMATTA"
02968754X2,0296870538,"0 ARGYLE ST ENTRY EASTRN CONC, PARRAMATTA"
02968308X2,0296832032,"0 THOMAS ST CNR MACARTHUR ST, PARRAMATTA"
02963014X2,0296307743,"2 CAMPBELL ST CNR WINDSOR RD, NORTHMEAD"
02968226X2,0296821164,"0 ST ANN ST CNR BURFORD ST, MERRYLANDS"
02989702X2,0298972352,"0 BERRY ST CLYDE RWS CNCRSE, CLYDE"
02968752X2,0296870937,"0 ARGYLE ST ENTRY WESTRN CONC, PARRAMATTA"
02968751X2,0296870781,"0 ARGYLE ST ENTRY WESTRN CONC, PARRAMATTA"
02989203X2,0298922509,"0 MILITARY RD OS RLWY STN ENTRY, GUILDFORD"
02989208X2,0298922564,"PLATFM 1 0 RAILWAY ST YENNORA RLWY STN, YENNORA"
02962908X1,NONE,"ENTRCE  0 GURAGURA ST KELLYVILLE STN, KELLYVILLE"
03942941X2,0394292837,"415 CHURCH ST NR SWAN ST, RICHMOND"
08898763Y2,0889876795,"12 MAMARIKA RD COUNCIL OFFICES, UMBAKUMBA"
08839803X2,0883982120,"31 OLD PRINCES HWY NR CLEGGETT RD, LITTLEHAMPTON"
08855940X2,0885594274,"4417 SOUTH COAST RD , VIVONNE BAY"
02439701X2,0243967932,"35 CANTON BEACH RD CNR HARGRAVES ST, TOUKLEY"
07549713X2,0754971255,"53 MARY ST NR WILLIAM ST, KILCOY"
02977111X2,0297712498,"162 PICNIC POINT RD ADJ 2 DORIS ST, PICNIC POINT"
02972501X2,0297290487,"2 BOYD ST NEAR, CABRAMATTA WEST"
02972406X2,0297260284,"107 JOHN ST NEAR, CABRAMATTA"
02972437X2,0297247825,"237 CANLEY VALE RD NEAR DERBY ST, CANLEY HEIGHTS"
02972504X2,0297251272,"338 HAMILTON RD NEAR, FAIRFIELD WEST"
02961001X2,0296102443,"39 MELBOURNE RD NEAR, ST JOHNS PARK"
08826811X2,0882684654,"53 LIBERTY GR , WOODVILLE GARDENS"
02931418X2,0293146249,"538 ANZAC PDE NEAR WALLACE ST, KINGSFORD"
08834010X2,0883402956,"8 ROYCE AVE , CROYDON PARK"
03979812X2,0397981902,"18 ISAAC RD CNR CURRAWONG ST, KEYSBOROUGH"
07404152X2,0740415689,"0 ESPLANADE  NR SHIELDS ST, CAIRNS CTY"
07403133X2,0740319679,"0 ESPLANADE  NR SHIELDS ST, CAIRNS CTY"
07405172X2,0740517896,"0 ESPLANADE  OPP 93 NR APLIN ST, CAIRNS CTY"
07404110X2,0740414215,"0 ESPLANADE  OPP 93 NR APLIN ST, CAIRNS CTY"
07405173X2,0740518092,"0 ESPLANADE  OUTSIDE NIGHT MARKET, CAIRNS CTY"
07405154X2,0740517148,"0 ESPLANADE  OUTSIDE NIGHT MARKET, CAIRNS CTY"
02432901X1,0243293249,"950 PACIFIC HWY LISAROW R/S, LISAROW"
03974502X2,0397452400,"810 DONNYBROOK RD NR DONNYBROOK R/S, DONNYBROOK"
07382201X2,0738222132,"382 MAIN RD NR WATERLOO ST, WELLINGTON POINT"
07553360X2,0755336117,"3175 NERANG MURWILLUMBAH RD O/S TWO PINES CAFE, NATURAL BRIDGE"
07495033X2,0749503859,"3 SEAVIEW DRV , ILBILBIE"
07465710X2,0746571102,"91 MANUKA ST NR CHIRNSIDE ST, WINTON"
07325709X1,0732570425,"PLATFM 3 2 JAMIESON ST QR RAILWAY, BOWEN HILLS"
02974936X2,0297492726,"157 WOODBURN RD OS STATION, BERALA"
08809113X2,0880911806,"14109 SILVER CITY HWY COOMBAH ROADHOUSE, SCOTIA"
02604106X2,0260412437,"652 DEAN ST , ALBURY"
02603621X2,0260362109,"110 ALBURY ST , HOLBROOK"
02603585X2,0260358510,"651 FEDERATION WAY OS HOTEL, COREEN"
02602300X2,0260231006,"486 DEAN ST , ALBURY"
02602509X2,0260253114,"342 UNION RD CNR PARKLAND CRES, LAVINGTON"
02602109X2,0260212632,"629 JONES ST OS SHOPS, ALBURY"
02694951X2,0269495281,"49 LAMPE ST SHOPPING CENTRE, TALBINGO"
03577340X2,0357734201,"6595 MAROONDAH HWY OS YARK GEN STORE, YARCK"
03544307X2,0354438623,"499 NAPIER ST NR PLUMRIDGE ST, WHITE HILLS"
02468402X2,0246841303,"29 REMEMBRANCE DRWY , YANDERRA"
02665831X1,0266583480,"5 TOORMINA RD S/C EAST AMENITIES, TOORMINA"
08827218X2,0882723165,"372 GOODWOOD RD AFTER LITTLE ST, CUMBERLAND PARK"
02668030X2,0266803338,"78 RAJAH RD O/S TAVERN, OCEAN SHORES"
03939711X2,0393972070,"76 RAILWAY CRS NR FORSTER ST, WILLIAMSTOWN"
02970805X2,0297083676,"0 FRANK ST CNR WATTLE ST, GREENACRE"
02972432X2,0297267602,"PLATFM 1 69 CHRISTINA RD LEIGHTONFIELD RWS, VILLAWOOD"
02972513X2,0297256260,"PLATFM 2 0 RAILWAY PDE CABRAMATTA RWS, CABRAMATTA"
02972523X2,0297257682,"2 JOHN ST NR CABRAMATTA RD W, CABRAMATTA"
02972514X2,0297256279,"0 SHORTLAND ST CNR LANSDOWNE RD, CANLEY VALE"
02964211X2,0296427651,"341 WATERLOO RD O/S SCHOOL, GREENACRE"
02971501X2,0297157328,"0 DEANE ST CNR BURWOOD RD, BURWOOD"
02971808X2,0297180590,"19 WONGA ST OPP WAIORA ST, CANTERBURY"
02971811X2,0297182306,"73 FIRST AVE NR CLARENCE ST, CAMPSIE"
02974010X2,0297404103,"91 CANARYS RD NR KING GEORGES RD, ROSELANDS"
02974026X2,0297404196,"0 ONEATA ST CNR HALDON, LAKEMBA"
02974007X2,0297404274,"0 ONEATA ST CNR HALDON, LAKEMBA"
02966521X2,0296659399,"376 ARDEN ST NR MALABAR RD, SOUTH COOGEE"
02969964X2,0296999209,"134 PITT ST NR ALBERT ST, REDFERN"
02966801X2,0296689195,"20 TORRES ST NR CAPT COOK DVE, KURNELL"
02963703X2,0296375145,"27 SHERWOOD RD OPP TODD ST, MERRYLANDS WEST"
02968101X2,0296812232,"342 BLAXCELL ST NR GUILFORD RD, SOUTH GRANVILLE"
02963735X2,0296375234,"20 MCFARLANE ST NR FINNS LANE, MERRYLANDS"
02965302X2,0296532764,"348 GALSTON RD NR ARCADIA RD, GALSTON"
02965201X2,0296522410,"3261 OLD NORTHERN RD NR SHORT ST, FOREST GLEN"
02965200X2,0296522411,"938 OLD NORTHERN RD NR POST OFFICE RD, GLENORIE"
02965102X2,0296513503,"642 OLD NORTHERN RD O/S POST OFFICE, DURAL DELIVERY CENTRE"
02925254X2,0292528208,"JCDBTH 1130 0 CIRCULAR QY OPP WHARF 2 ENTRY, SYDNEY"
02928331X2,0292831442,"118 ELIZABETH ST O/S ST JAMES RWS, SYDNEY"
02926147X2,0292615853,"JCDBTH 2032 1 ZOLNER CCT BELOW PIER ST O/P, SYDNEY"
02926148X2,0292615942,"JCDBTH 2033 1 ZOLNER CCT BELOW PIER ST O/P, SYDNEY"
02925262X2,0292529429,"39 ARGYLE ST CNR HARRINGTON ST, THE ROCKS"
02427520X1,0242752709,"103 OLD PORT RD RAILWAY STATION, PORT KEMBLA"
08895674Y7,0889567521,"9 NYAPARI ST , ANGTJA"
08895684Y7,0889568598,"LOT  59 MT LIEBIG COMM OS 2 EGGLEY ST, MOUNT LIEBIG"
08895682Y7,0889568554,"LOT  96 MT LIEBIG COMM OS STORE, MOUNT LIEBIG"
02977300X2,0297730476,"101 VILLIERS RD CNR, PADSTOW HEIGHTS"
02975913X2,0297597700,"41 LEYLANDS PDE OUTSIDE, BELMORE"
02974205X2,0297425973,"18 BURWOOD RD NEAR, BELFIELD"
02636266X2,0263620165,"30 GLENROI AVE CNR CHURCHILL AVE, ORANGE"
02636251X2,0263620444,"107 DALTON ST O/S, ORANGE"
02689660X2,0268966602,"26 UABBA ST NEAR MURRIN ST, EUABALONG WEST"
02963008X2,0296308654,"029630  1 IRON ST CNR DUNLOP ST, NORTH PARRAMATTA"
02968104X2,0296813276,"225 FOWLER RD NEAR, GUILDFORD WEST"
02963900X2,0296392756,"1 CAROLINE CHISHOLM DRV NEAR, WINSTON HILLS"
02963339X2,0296334476,"81 HARRIS ST NEAR ALICE ST, HARRIS PARK"
02963301X2,0296334987,"5 REES ST NEAR, MAYS HILL"
02968733X2,0296872278,"65 MARSDEN ST NEAR, PARRAMATTA"
02963002X2,0296302564,"396 CHURCH ST NEAR, PARRAMATTA"
02989117X2,NONE,"39 GEORGE ST NEAR, PARRAMATTA"
02963333X2,0296335498,"3 PITT ST NEAR, PARRAMATTA"
02989202X2,0298922474,"291 GUILDFORD RD NEAR, GUILDFORD"
07389902X1,0738992702,"1909 CREEK RD KMART PLAZA, CANNON HILL"
08924612X2,0892464457,"467 NORTH BEACH RD OS KARRINYUP RESRT, GWELUP"
02432325X2,0243236281,"127 MAIDENS BRUSH RD CNR WARRAWILLA RD, WYOMING"
02439204X2,0243922121,"7 STANLEY ST CNR WAHROONGA RD, WYONGAH"
02664970X2,0266497541,"89 CARRABOI ST CNR HARGRAVES LN, WOOLI"
03518302X2,0351832549,"98 TURNBULL ST CNR BANK ST, ALBERTON"
03628813X2,0362881204,"934 ELLENDALE RD NR GENERAL STORE, ELLENDALE"
02495918X2,0249591334,"0 TUCKER CL FASSIFERN RLWY STN, FASSIFERN"
07388106X2,0738813294,"0 NICOL WAY NR NO 1 TURNER DRV, BRENDALE"
02928162X7,0292818604,"841 GEORGE ST NEAR HARRIS ST, HAYMARKET"
02923214X2,0292676294,"80 CASTLEREAGH ST OS ST JAMES ARCADE, SYDNEY"
02497602X2,0249761010,"51 MARINE PDE NR SHOP, NORDS WHARF"
03954629X2,0395465091,"1 AVONDALE ST CNR LEWIS ST, SPRINGVALE"
08823917X2,0882391760,"98 CONNELL ST CNR TYNTE ST, NORTH ADELAIDE"
03972001X2,0397207870,"17 CANTERBURY RD CANTERBURY GARDENS, BAYSWATER NORTH"
02677520X2,0267752053,"171 INVERGOWRIE RD N OF TABULUM RD, INVERGOWRIE"
03957600X2,0395760918,"LVL 2 49 STATION ST MALVERN RLWY STN, MALVERN"
03502303X2,0350235604,"114 TWELFTH ST CNR DEAKIN AVE, MILDURA"
02633781X2,0263378201,"47 TAMBAROORA ST POST OFFICE, HILL END"
02684674X2,0268467400,"H/P  0 FASHIONS MOUNT RD LAKE BURRENDONG, MUMBIL"
02434428X2,0243442834,"39 BRISBANE WATER DRV O/S RWS, KOOLEWONG"
02664661X2,0266466008,"45 RIVERVIEW ST CNR DUKE ST, ILUKA"
02664664X2,0266466469,"38 CHARLES ST NR POST OFFICE, ILUKA"
02656771X2,0265677596,"51 STRAIGHT ST NR MASON ST, HAT HEAD"
02658553X2,0265855807,"7 KYWONG ST NR OCEAN DR, LAKE CATHIE"
02655650X2,0265565100,"48 JOHN RIVER RD NR THOMAS ST, JOHNS RIVER"
02499754X2,0249975695,"0 MUSTONS RD CNR RIDGEWAY CLOSE, KARUAH"
02677811X2,0267781110,"93 BRACKIN ST NR BRERETON ST, HILLGROVE"
02956425X2,0295642042,"0 VICTORIA RD NR MARRICKVILLE RD, MARRICKVILLE"
02699320X2,0269932004,"LOT 14 431 MOAMA ST , HAY SOUTH"
02694540X2,0269454241,"0 JUGIONG RD NEAR RIVERSIDE DRV, JUGIONG"
03523590X2,0352359300,"34 MAIN RD OPP HOTEL, BEECH FOREST"
03523880X2,0352388200,"57 NEW STATION ST NR YARIMA RD, CRESSY"
03513419X2,0351344873,"24 VARY ST OPP MONASH ST, MORWELL"
03542601X2,0354262302,"690 MT MACEDON RD , MT MACEDON"
03543650X2,0354365203,"0 BENDIGO-PYRAMID RD NR JOFFRE ST, MITIAMO"
03535480X2,0353548291,"72 HIGH ST OS TELSTRA EXCHNGE, ELMHURST"
03534530X2,0353453001,"102 BAILEY ST O/S POST OFFICE, CLUNES"
03534150X2,0353415564,"5266 MIDLAND HWY CNR PEARSONS RD, ELAINE"
03533329X2,0353334523,"407 HUMFFRAY ST NR LAWLESS PL, BROWN HILL"
03552813X2,0355281200,"82 GREENHAM ST NR GEN STORE & PO, DARTMOOR"
03557860X2,0355786200,"46 BROWN ST OPP GARAGE, BRANXHOLME"
03557820X2,0355782200,"40 FLEECE RD NR STORE, CONDAH"
03557870X2,0355787221,"5787 PEARSES RD , BYADUK"
03558610X2,0355861200,"62 WALLACE ST OS APSLEY HALL, APSLY"
03556512X2,0355651301,"3 BROWNS RD NR ZIEGLER PDE, ALLANSFORD"
03558330X2,0355833210,"3527 CASTERTON-NARACOORTE RD O/S PO, DERGHOLM"
03559311X2,0355931102,"194 MANIFOLD ST NR POST OFFICE, CAMPERDOWN"
03558310X2,0355831520,"3578 CASTERTON-EDENHOPE RD CNR MOOREE RD, CHETWYND"
03559981X2,0355998200,"19 BROWN ST NR POST OFFICE, CARAMUT"
03557720X2,0355772200,"91 PARKER ST , DUNKELD"
03558107X2,0355812344,"29 HENTY ST POST OFFICE, CASTERTON"
03502742X2,0350274300,"39 TAPIO AVE NR NEILPO ST, DARETON"
03502741X2,0350274965,"39 TAPIO AVE NR NEILPO ST, DARETON"
03502420X2,0350242100,"412 DAIRTNUNK AVE NR GENERAL STORE, CARDROSS"
03507700X2,0350772200,"35 MAIN ST , CULGOA"
07406321X2,0740632138,"0 ETTY BAY RD O/S CVAN PK KIOSK, ETTY BAY"
08895334X1,0889538750,"78 LARAPINTA DRV AYIPARINYA HOSTEL, ARALUEN"
08895328X1,0889538345,"78 LARAPINTA DRV AYIPARINYA HOSTEL, ARALUEN"
08918917X2,0891891804,"1 CENTRAL RD VISITORS CENTRE, TOM PRICE"
07385206X1,0738526473,"40 BOWEN BRIDGE RD H FLR MENTAL HEALT, HERSTON"
07321613X1,0732161847,"GRND LVL 40 BOWEN BRIDGE RD RBH MENTAL HEALTH, HERSTON"
07321614X1,0732161851,"LVL I 40 BOWEN BRIDGE RD RBH MNTL HLTH FLI, HERSTON"
07325263X1,NONE,"40 BOWEN BRIDGE RD RBH HADS UNIT, HERSTON"
07338202X1,0733820763,"LOT 1 0 HENRY HESTER DRV BP STAPYLTON, STAPYLTON"
07384448X2,0738446314,"0 THE ARBOUR  BEACH NR ERNEST ST, SOUTH BRISBANE"
07416700X2,0741675118,"19 QUEEN ST , ABERCORN"
07497227X2,0749726924,"98 BRYAN JORDAN DRV NEW MARINA, CALLEMONDAH"
07497204X2,0749726369,"72 BRYAN JORDAN DRV FERRY TERMINAL, CALLEMONDAH"
08897593X8,0889759706,"27010 CARPENTARIA HWY CAPE CRAWFORD RHSE, MCARTH"
08897590X8,0889759967,"27010 CARPENTARIA HWY CAPE CRAWFORD RHSE, MCARTH"
08897502Y1,0889750712,"19405 VICTORIA HWY VIC RIVER INN, GRGORY"
08897501Y1,0889750701,"19405 VICTORIA HWY VIC RIVER INN, GRGORY"
08897591X8,0889759879,"13729 STUART HWY DUNMARRA RHSE, BIRDUM"
08897599X1,0889759921,"13729 STUART HWY DUNMARRA RHSE, BIRDUM"
08895304Y2,0889534385,"LOT  9893 KARNTE CAMP  , ARMBRA"
08894813X1,0889483792,"LOT  9485 DICK WARD DRV WOOLWORTHS ENTRY, COCONUT GROVE"
08898520X1,0889852783,"LOT  9485 DICK WARD DRV EAST ENTRANCE, COCONUT GROVE"
08897815Y1,0889781014,"7932 DALY RIVER RD DALY RIVER INN, NAUIYU"
03527828X2,0352788609,"70 72 0 THORBURN ST CRN HUGHES BTWN, BELL PARK"
08949721X2,0894972144,"681 ALBANY HWY O/S YULE-DU AMGAS, BEDFORDALE"
08952470X2,0895247253,"3 PALERMO COVE SURF CLUB, SECRET HARBOUR"
02688504X2,0268854587,"170 MYALL ST DUBBO BASE HOSP, DUBBO"
02688403X1,0268840362,"170 MYALL ST DUBBO BASE HOSP, DUBBO"
03956803X2,0395682491,"200 MURRUMBEENA RD , MURRUMBEENA"
03972709X2,0397272250,"32 BRICE AVE CNR STATION ST, MOOROOLBARK"
03975103X2,0397511548,"1510 MOUNT DANDENONG TOURIST RD NR RIDGE RD, MOUNT DANDENONG"
03978706X2,0397875502,"63 MT ELIZA WAY CNR DAVIES AVE, MT ELIZA"
03597700X2,0359770062,"10 MAIN ST OS POLICE STATION, MORNINGTON"
03961443X2,0396145737,"37 QUEEN ST NR FLINDERS LANE, MELBOURNE"
07493574X2,0749357108,"20 EDWARD ST O/S DUARINGA HOTEL, DUARINGA"
08897813X1,0889781012,"3360 OOLLOO RD DOUGLAS DALY PARK, DOUGLAS-DALY"
08895631X1,0889563481,"BLDG  0 ULURU RD CULTURAL CTE INFO, YULARA"
07409481Y2,0740948394,"59991 BURKE DEVELOPMENTAL RD CNR CHILLAGOR RD, ALMADEN"
02638213X2,0263825561,"239 BOOROWA ST CNR CLARKE ST, YOUNG"
08826926X2,0882693721,"104 WALKERVILLE TCE , WALKERVILLE"
08935412X2,0893542874,"477 RIVERTON DRV NR MIDWAY ST, RIVERTON"
07406032X7,0740603285,"2 TELEGRAPH RD NR MORTON STATION, WENLOCK"
02955411X2,0295543591,"264 KINGSGROVE RD NR PATERSON AVE, KINGSGROVE"
02974923X2,0297492082,"26 AUBURN RD OPP MARY ST, AUBURN"
07382900X1,0738290427,"152 BROADWATER TCE OPP STRADBROKE ST, REDLAND BAY"
02964307X2,0296437863,"67 RAWSON ST , AUBURN"
02974915X2,0297492053,"32 RAWSON ST O/S AUBURN RWS, AUBURN"
03958503X2,0395858753,"250 CENTRE DANDENONG RD DFO MOORABBIN, MENTONE"
03941650X2,0394163969,"0 STANTON ST COLLINGWOOD R/S, ABBOTSFORD"
08895302Y2,0889538326,"LOT  6911 OONCHIUNPA RD LLPIYE LLPIYE T C, SADADEEN"
03639471X2,0363947204,"LOT  1 KAYENA RD CNR ROWELLA RD, KAYENA"
02929005X2,0292903361,"83 CLARENCE ST OPP YORK LANE, SYDNEY"
02955201X2,0295521912,"94 UNION ST CNR MURRAY ST, PYRMONT"
08826302X2,0882632632,"2 WARREN RD O/S PARA VISTA S/C, PARA VISTA"
08917614X2,0891761177,"17 FRANCIS ST NEAR HOTEL, MARBLE BAR"
03623457X2,0362342320,"64 HILL ST CRN WARWICK ST, WEST HOBART"
03625731X2,0362573362,"4 CHARLES ST CNR ESPLANADE W, TRIABUNNA"
03628931X2,0362893134,"1 BRONTE AVE CNR SECOND AVE, WAYATINAH"
03637613X2,0363761460,"4 CECILIA ST NR CIRCASSIAN ST, ST HELENS"
03635421X2,0363542107,"2 MAIN ST O/S POST OFFICE, WINNALEAH"
03642509X2,0364251211,"39 TREVOR ST NR LOVETT ST, ULVERSTONE"
03642515X2,0364251966,"34 MAUD ST CNR JOSEPHINE ST, WEST ULVERSTONE"
03642720X2,0364272097,"35 MERSEY MAIN RD OS PARK, SPREYTON"
03647161X2,0364716205,"117 MAIN ST , ZEEHAN"
07406990X2,0740699407,"0 CENTRAL AVE ACCOM REC HALL, ROCKY POINT"
07406324X2,0740632309,"0 MOURILYAN HARBOUR RD NR MAIN WHARF, MOURILYAN HARBOUR"
07406971X2,0740697506,"0 PENINSULA DEVELOPMENTAL RD NR SHPLDER JETTY, MISSION RIVER"
07495050Y2,0749505076,"LOT 1 0 SUTTOR DEVELOPMENTAL RD I/S SERVICE STATION, NEBO"
08865059X7,0886505989,"LOT  3 RAILWAY TCE MANNA HILL HOTEL, MANNA HILL"
08867521Y2,0886752470,"LOT  488 IGA WARTA COMM CRN GAMMON RNG RD, NEPABUNNA"
08867103X2,0886710024,"LOT  704 OLYMPIC WAY AIRPORT, OLYMPIC DAM"
08867210Y8,0886721032,"LOT  1323 GLENDAMBO ACCESS RD O/S ROADHOUSE, GLENDAMBO"
08867210Y1,0886721054,"LOT  1329 GLENDAMBO ACCESS RD ADJ HOTEL, GLENDAMBO"
08867251X1,0886725812,"1603 HUTCHISON ST STUART RANGE PARK, COOBER PEDY"
08867524X2,0886752024,"LOT  305 BLACK OAK DRV TOWN CENTRE, LEIGH CREEK"
08867523X2,0886752078,"LOT  305 BLACK OAK DRV TOWN CENTRE, LEIGH CREEK"
08895303Y2,0889538327,"LOT  5189 IRRETYE CRT HIDDEN VALLEY CAMP, SADADEEN"
08898115X2,0889816327,"LOT  5187 FANNIE BAY PL , FANNIE BAY"
08895553X2,0889555074,"NT POR  4004 ROGER VALE DRV QANTAS CHECKIN, CNLLN"
08895552X2,0889555066,"NT POR  4004 ROGER VALE DRV VIRGIN CHECK IN, CNLLN"
08895556X2,0889555396,"NT POR  4004 ROGER VALE DRV ADJ BISTRO & BAR, CNLLN"
08895694X9,0889569521,"LOT  3706 WOODFORDE RD RED CENTRE FARM, ANMTJRE"
08895674Y1,0889567113,"NT POR  3293 LURITJA RD KINGS CREEK STN, PETERMANN"
08895628Y1,0889562863,"NT POR  3293 LURITJA RD KINGS CREEK STN, PETERMANN"
08895600X7,0889560836,"LOT  2869 STUART HWY KULGERA HOTEL, GHAN"
08897810X2,0889781152,"LOT  2801 WOOLIANA RD OS WOOLIANA SCHOOL, DALY RIVER"
08893216X2,0889324379,"LOT  2441 KAFCALOUDES CRS , PALMERSTON"
08897111X1,0889711213,"LOT  2400 KATHERINE TCE ADJ TOURIST INFO, KATHERINE"
08897593Y1,0889759864,"2150 KING ASH BAY RD ABLUTION BLOCK, MCARTH"
08894101X2,0889410207,"LOT  1784 CORONATION DRV NR WESTRALIA ST, STUART PARK"
08894515X2,0889450124,"FLR 4 105 ROCKLANDS DRV ROYAL DARWIN HOSPI, TIWI"
08896442Y1,0889644619,"LOT  2 LIKKAPARTA COMM  REG721, WRMNGU"
08895695X8,0889569475,"LOT  3 STUART HWY TI TREE ROADHOUSE, TI TREE"
08895619Y1,0889569919,"LOT  3 STUART HWY TI TREE ROADHOUSE, TI TREE"
08897830Y1,0889783608,"LOT  606 KERINAUIA HWY BATHURST ISLAND AP, WURRUMIYANGA"
08897831Y1,0889783942,"LOT  552 MUNKARA ST ADJACENT, WURRUMIYANGA"
08897541Y9,0889754627,"LOT  446 RALNGARRA ST , NGUKURR"
08897930X1,0889793714,"LOT  973 JABIRU DRV CARAVAN PARK, JABIRU"
08895699Y8,0889569883,"LOT  705 CAMEL CAMP COMM UTOPIA HOMESTEAD, SANDOVER"
08897545Y2,0889754629,"LOT  414 MUNDOOLOOLOO ST TOP TOWN, NGUKURR"
08898764X7,0889876901,"LOT  1478 BOUGAINVILLEA DRV ALYANGULA P/OFFICE, ALYANGULA"
08898763X7,0889876900,"LOT  1478 BOUGAINVILLEA DRV ALYANGULA P/OFFICE, ALYANGULA"
08898765X7,0889876902,"LOT  1478 BOUGAINVILLEA DRV ALYANGULA P/OFFICE, ALYANGULA"
08897912Y1,0889790409,"POR  1646 DHIPIRRINJURA STATION  CP4181, EAST ARNHEM"
08895640Y8,NONE,"LOT  368 YUENDUMU COMM GENERAL STORE, YUENDUMU"
08948103X2,0894810826,"LOT  896 FRASER AVE KINGS PARK INFO, KINGS PARK"
08925802X2,0892586329,"LOT  1884 HAYMAN RD CURTIN BUS STN, BENTLEY"
08902200X1,0890223795,"LOT  3921 PICCADILLY ST SURGICAL WARD, PICCADILLY"
08916825X2,0891682100,"LOT  3000 MELALEUCA DRV NR CASUARINA WAY, KUNUNURRA"
08916703Y2,0891678139,"LOT  2929 BRUMBY PLAINS COMM  7KM W MISTAKE CRK, BUCHNAN"
08919370X2,0891937578,"LOT  2789 CABLE BEACH RD CAR PARK, CABLE BEACH"
08919247Y7,0891924967,"LOT  2 BEAGLE BAY COMM 115KM NNE BROOME, DAMPIER PENINSULA"
08919242Y7,0891924925,"LOT  2 BEAGLE BAY OFFICE COMM 115KM NNE BROOME, DAMPIER PENINSULA"
08919143Y2,0891914657,"LOT  2 GIBB RIVER STATION RD NGALLAGUNDA COMMUN, GIBB"
08917512X2,0891751806,"LOT  571 GREAT NORTHERN HWY NEWMAN AIRPORT, NEWMAN"
08917315X2,0891731172,"LOT  452 SUTHERLAND ST OPP YACHT CLUB, PORT HEDLAND"
07472407X2,0747245375,"34 PALMER ST WEST OF PLUME ST, SOUTH TOWNSVILLE"
02635213X2,0263521177,"115 MAIN ST COOK ST PLAZA, LITHGOW"
02687471X7,0268747403,"0 BLOXHAM ST OPP WEELONG RD, LOUTH"
02433441X2,0243342740,"2 THELMA ST CNR WATKINS ST, LONG JETTY"
02662102X2,0266212921,"112 BALLINA RD O/S NETBALL CLUB, LISMORE"
02662222X2,0266224324,"19 ZADOC ST OS CINEMA, LISMORE"
02654630X2,0265463100,"1 MITCHELL ST NR HUNTER RD, MOONAN FLAT"
02496726X2,0249673298,"52 HAVELOCK ST NR DURHAM, MAYFIELD"
07465454X2,0746545392,"2 CAVANAGH ST AUGATHELLA MOTEL, AUGATHELLA"
08843105X2,0884314321,"8 STUART RD , DULWICH"
02633770X2,0263377010,"23 DENISON ST OS MEMORIAL HALL, SOFALA"
02683731X2,0268373860,"HOTEL  6 GRAHAM ST CNR HARTWOOD O/S, NYMAGEE"
08808822X2,0880885321,"0 BURKE ST CNR LAYARD ST, SILVERTON"
02667790X2,0266779298,"201 STOKERS SIDING RD CNR SMITHS CRK RD, STOKERS SIDING"
02668101X2,0266815042,"86 TAMAR ST BUS STOP, BALLINA"
02655117X2,0265512684,"53 ALBERT ST OS  TAREE CENTRAL, TAREE"
02656900X2,0265690609,"4 OCEAN A AVE CNR BANKSIA ST, STUARTS POINT"
02655105X2,0265510052,"97 EDINBURGH DRV CNR GRESHAM ST, TAREE"
02655474X2,0265547565,"84 SOUTH ST NR MANNING ST, TUNCURRY"
02657203X2,0265722454,"21 WENTWORTH AVE OS ORANA PARK, SINGLETON HEIGHTS"
02492607X2,0249264298,"136 HUNTER ST O/S CHEMIST W/HSE, NEWCASTLE"
02497250X2,0249763247,"8 ORANA RD O/S SHOPS, GWANDALAN"
02498249X2,0249824536,"48 PRESIDENT WILSON WLK OP TILLIGERRY PLZA, TANILBA BAY"
02495321X9,0249531143,"13 GEORGE BOOTH DRV CNR FOURTH, SEAHAMPTON"
02672511X2,0267251501,"1189 NULLAMANNA RD NR COOMERAH  LN, NULLAMANNA"
03978930X2,0397891523,"355 MCCLELLAND DRV LOG CABIN PARK, LANGWARRIN"
07340983X2,0734098176,"1 GALEEN ST NR CNR ENDEAVOUR, POINT LOOKOUT"
08892711X1,0889277136,"24 BRADSHAW TCE CAS SQ NR BUS XCH, CASUARINA"
03635701X2,0363572184,"51 CHAFFEY ST OS EXCHANGE, GLADSTONE"
03639441X2,0363944708,"108 WEST TAMAR HWY , EXETER"
03635422X2,0363542304,"72 TASMAN HWY NR  GENERAL STORE, DERBY"
02931429X2,0293146618,"RM WIFI 122 AVOCA ST , RANDWICK"
07335518X2,0733555920,"11 DALLAS PDE NR TULLY ST, KEPERRA"
07335633X2,0733569555,"7 HERSTON RD NR KELVIN GROVE RD, KELVIN GROVE"
07383119X2,0738319148,"47 MUSK AVE NR CARRAWAY ST, KELVIN GROVE"
07383107X2,0738312685,"21 MUSGRAVE RD NR NORMANBY HOTEL, RED HILL"
07336607X2,0733662399,"62 FRASERS RD NR MIRRABOOKA RD, ASHGROVE"
07336608X2,0733664046,"139 WATERWORKS RD NR BOON ST, ASHGROVE"
07336918X2,0733696122,"92 FERNBERG RD NR ELLENA ST, PADDINGTON"
07336926X2,0733697814,"202 GIVEN TCE NR 7  GUTHRIE, PADDINGTON"
07336912X2,0733694266,"13 STUARTHOLME RD NR BOUNDARY RD, BARDON"
07387027X2,0738707031,"52 JEPHSON ST OPP MARYVALE ST, TOOWONG"
07387110X2,0738710536,"0 DURHAM ST CNR 207 SIR FRED S, ST LUCIA"
07387012X2,0738700169,"243 HAWKEN DRV NR BOOMERANG RDW, ST LUCIA"
07387006X2,0738700142,"24 ALLWOOD ST NR CLARENCE RD, INDOOROOPILLY"
07337105X2,0733711348,"166 CLARENCE RD CNR 16 LAMBERT RD, INDOOROOPILLY"
07337102X2,0733710419,"64 GOLDSBROUGH RD CNR 30 HILLSDON, TARINGA"
07387008X2,0738700153,"144 INDOOROOPILLY RD NR GAILEY RD, TARINGA"
07337400X2,0733741060,"546 BROOKFIELD RD NR BOSCOMBE RD, BROOKFIELD"
07387814X2,0738783720,"51 FIG TREE POCKET RD CNR HENRY ST, CHAPEL HILL"
07387821X2,0738783770,"4 WONGABEL ST NR MARSHALL LANE, KENMORE"
07320203X2,0732026315,"540 MT CROSBY RD CNR HAWKESBURY RD, ANSTEAD"
07327902X2,0732792104,"95 DANDENONG RD NR 5 SIROCCO ST, JAMBOREE HEIGHTS"
07337902X2,0733796022,"0 DONALDSON ST CNR 636 OXLEY RD, CORINDA"
07327114X2,0732712037,"RD  2 DOREEN CRS NR 11 SOUTHAMPTON, ELLEN GROVE"
07337232X2,0733728878,"14 MAGNOLIA ST NR ARCHERFIED RD, INALA"
07337211X1,0733725134,"125 BIOTA ST NR BALSA ST OS SHP, INALA"
07337234X2,0733728496,"35 CROCUS ST NR 157 EUGENIA ST, INALA"
07559602X2,0755961078,"209 DUGANDAN ST NR MERLOO ST, NERANG"
07416805X2,0741684100,"8 BOONARA ST NR BURNETT HWY, GOOMERI"
07412329X2,0741234205,"15 ODESSA ST NR MIRAMONT ST, GRANVILLE"
07412320X2,0741234090,"0 GYMPIE RD NR 2 OLEANDER ST, TINANA"
07542612X2,0754261204,"24 RAILWAY ST NR SHOPS, LOWOOD"
03629301X2,0362931103,"710 ADVENTURE BAY RD SHOP ADVENTURE BAY, ADVENTURE BAY"
03933722X2,0393379706,"32 RIVIERA RD , AVONDALE HEIGHTS"
03957813X2,0395787108,"553 NORTH RD NR CNR ULUPNA ST, ORMOND"
03517403X1,0351742090,"HOSPTL  10 VILLAGE AVE OLD FRONT RECEPTN, TRARALGON"
03517602X1,0351765416,"HOSPTL  10 VILLAGE AVE NEW RCPTN NR EMERG, TRARALGON"
03594107X2,0359412020,"6 HENRY ST , PAKENHAM"
03966334X2,0396633690,"286 SWANSTON ST CNR ALBERT COATES, MELBOURNE"
03572208X2,0357221504,"0 BURKE ST NR CRN VINCENT ST, WANGARATTA"
02635511X2,0263551237,"66 MAIN ST , WALLERAWANG"
02989404X2,0298946279,"80 GLENHAVEN RD OS GLENHAVEN COURT, GLENHAVEN"
03645812X2,0364581200,"1 WHARF RD CARAVAN PARK, STANLEY"
03935030X2,0393504504,"87 MURRAY RD , COBURG NORTH"
08914001X2,0891402994,"LOT  944 GREAT NORTHERN HWY OS INNE, PORT HEDLAND"
08916003Y2,0891611008,"LOT  1344 GUDA GUDA COMM 9KM S WYNDHAM, WYNDHAM"
08919155Y2,0891915107,"LOT  318 FORREST RD JUNJUWA COMMUNITY, FITZROY CROSSING"
08919154Y2,0891915106,"LOT  318 FORREST RD JUNJUWA COMMUNITY, FITZROY CROSSING"
08984013X2,0898401174,"LOT  2365 SOUTH COAST HWY O/S LODGE, NORNALUP"
08986113X2,0898611455,"LOT  1845 TUDOR ST NR TUDHOE ST, WAGIN"
08985324X2,0898532101,"LOT  1 SPENCER RD CRAFT SHOP, NARRIKUP"
08983220X7,0898321043,"LOT  1 LOWER BLACKWOOD RD NR HAGGERTYS, MURADUP"
08984811X2,0898482299,"LOT  1112 HORSLEY RD OPP NORTH ST, DENMARK"
08984111X2,0898412555,"LOT  1214 FLINDERS PDE FORESHORE PARK, MIDDLETON BEACH"
08994830X2,0899483890,"LOT  3 NANGA RD NANGA BAY RESORT, NANGA"
08996342X1,0899634232,"LOT  599 HEPBURN ST ROADHOUSE, MOUNT MAGNET"
08998171X2,0899817100,"LOT  1524 LENNON ST OS CARAVAN PARK, WILUNA"
03575803X2,0357583308,"9 SLALOM ST , FALLS CREEK"
03544605X2,0354469002,"106 UPPER CALIFORNIA GULLY RD CNR TAYLOR ST, CALIFORNIA GULLY"
03543260X2,0354326400,"87 RAILWAY RD O/S TELSTRA EXCH, ELMORE"
08949720X2,0893998456,"1 HARBER DRV NEAR WUNGONG RD, ARMADALE"
08933007X2,0893306201,"581 CANNING HWY , ALFRED COVE"
03976201X2,0397621999,"296 FOREST RD , THE BASIN"
03932522X2,0393251526,"63 KINGSVILLE ST , KINGSVILLE"
03524315X2,0352432855,"12 PORTER AVE , HIGHTON"
03542200X2,0354221348,"128 HIGH ST , KYNETON"
03544222X2,0354421673,"40 STRICKLANE RD , EAST BENDIGO"
03544603X2,0354469200,"66 BRIGHT ST , CALIFORNIA GULLY"
03533324X2,0353335538,"207 CRESWICK RD , BALLARAT CENTRAL"
02623811X2,0262381319,"45 GIBRALTAR ST NR BUTMAROO ST, BUNGENDORE"
08808814X2,0880882391,"23 CHLORIDE ST OPP GAWLER PL, BROKEN HILL"
02955005X2,0295173417,"7 GLEESON AVE OPP WRIGHT ST, SYDENHAM"
02983803X2,0298383079,"8 RIVERSTONE PDE OPP RLWY STN, RIVERSTONE"
02447111X2,0244711093,"366 GEORGE BASS DRV MOSQUITO BAY, LILLI PILLI"
02649690X2,0264969110,"LOT 1461 1961 WONBOYN RD CNR ADELAIDE AVE, WONBOYN"
07544242X2,0754424756,"301 WEYBA RD NR GYMPIE TCE, NOOSAVILLE"
03970300X2,0397031112,"10 GREENRIDGE AVE OS SHOP, NARRE WARREN"
02994904X2,0299496321,"44 WOODBINE ST NR BANGAROO ST, NORTH BALGOWLAH"
02989618X2,0298964937,"27 STATION ST NR DUNMORE ST, WENTWORTHVILLE"
07323611X2,0732362095,"97 MARY ST , BRISBANE CITY"
02679375X2,0267937506,"28 RAILWAY PDE OS POST OFFICE, BELLATA"
02447370Y2,0244737829,"13 UMBARRA RD WALLAGA LAKE KOORI, AKOLELE"
07465744X2,0746574982,"171 SHAMROCK ST NR ST ALBANS ST, BLACKALL"
07474632X2,0747463171,"38 HERBERT ST O/S TELSTRA EXCH, BOULIA"
07474630X2,0747463187,"38 HERBERT ST O/S TELSTRA EXCH, BOULIA"
03627803X2,0362782481,"150 NEW TOWN RD NR ROOPE ST, NEW TOWN"
07412820X1,0741282637,"EMGRCY  169 NISSEN ST HERVEY BAY HOSP, URRAWEEN"
03987028X2,0398707899,"87 WARRANDYTE RD NR LOUGHNAN RD, RINGWOOD"
03978601X1,0397869596,"6 HARTNETT DRV CNR HEVERSHAM DRV, SEAFORD"
03978605X2,0397863619,"0 SEAFORD RD CNR NEPEAN HWY, SEAFORD"
03598617X2,0359862399,"125 EASTBOURNE RD O/S RSL CARPARK, ROSEBUD"
03974701X2,0397471482,"2083 WESTERN FWY OS CARAVAN PARK, ROCKBANK"
03966250X2,0396621761,"185 SPRING ST HOLMES INSTITUTE, MELBOURNE"
02607690X2,0260769441,"1362 ALPINE WAY CARAVAN PARK, KHANCOBAN"
02696410X2,0269641004,"76 WILLANDRA AVE IN CARAVAN PARK, GRIFFITH"
07380601X1,0738066057,"27 BROWNS PLAINS RD OS GP NR TAXI RANK, BROWNS PLAINS"
07403834X1,0740383459,"2 CAPTAIN COOK HWY SMITHFIELD S/C, SMITHFIELD"
07415980X1,0741598952,"63 SYLVAN DRV SYLVAN VILLAGE SHP, MOOREPARK BEACH"
07548522X2,0754852420,"OPP 1 0 RECTORY ST NR 11 MEMORIAL AVE, POMONA"
07549400X1,0754940665,"OPP 46 0 SIMPSON ST QR BEERWAH, BEERWAH"
07544700X7,0754470865,"3 BROWNS RD O/S PARK, BELLI PARK"
07497801X1,0749785413,"75 DAWSON HWY O/S K MART, WEST GLADSTONE"
07493462X2,0749346257,"60 HIGH ST O/S POST OFFICE, BAJOOL"
07477622X2,0747761586,"OPP 9 0 LYNCH ST QR INGHAM, INGHAM"
08867253X1,0886725285,"28 HUTCHISON ST OS SUPERMARKET, COOBER PEDY"
08889340X2,0888934024,"17 RAILWAY PDE ADJ GENERAL STORE, MOUNT BRYAN"
08873940X2,0887394024,"193 GLENCOE RD CRN THE SPRINGS RD, GLENCOE"
08873420X2,0887342024,"3 PEARSON ST NR KONETTA RD, GREENWAYS"
08857830X2,0885783424,"9375 RAILWAY TCE NR SECOND ST, BORRIKA"
08857860Y2,0885786024,"1 NORTH TCE CRN PERPONDA RD, COPEVILLE"
08857720X2,0885772250,"22 GERANIUM TCE OS GENERAL STORE, GERANIUM"
08858730X2,0885873021,"21 RAILWAY TCE NR HARTLEY ST, MERIBAH"
08854052X2,0885405180,"63 RIVER DRV OS CARAVAN PARK, PAISLEY"
02636730X2,0263673001,"6 ICELY ST CNR COOMBING ST, CARCOAR"
02488441X2,0248844341,"67 RAILWAY PDE OPP RAILWAY STN, WINGELLO"
02482242X2,0248221329,"171 SLOAN ST OS RAILWAY STATION, GOULBURN"
02888301X1,NONE,"LOT 32 1 TEMPUS ST ROUSE HILL RWS, ROUSE HILL"
02695620X2,0269562100,"36 JUNEE ST OS SHOP, GRONG GRONG"
02882401X1,NONE,"ENTRY  35 CUDGEGONG RD TALLAWONG RWS, ROUSE HILL"
02962909X1,NONE,"ENTRY  4 CELEBRATION DRV BELLA VISTA RWS, BELLA VISTA"
02645760X2,0264576246,"0 FRIDAY FLAT DRV ADJ THREDBO SPORTS, THEDBO"
08994935X2,0899492361,"570 MURAT RD O/S OSPREY UNITS, EXMOUTH"
08994912X2,0899492369,"1112 MURAT RD O/S NINGALOO C/PK, EXMOUTH"
02979601X2,0297964108,"140 BANKSTOWN CITY PLZ O/S RAILWAY STN, BANKSTOWN"
02979016X2,0297907189,"140 BANKSTOWN CITY PLZ O/S RAILWAY STN, BANKSTOWN"
08984081X2,0898408100,"1697 SOUTH COAST HWY BOW BRIDGE STORE, BOW BRIDGE"
02979024X1,NONE,"68 ELDRIDGE RD BANKS HOUSE, BANKSTOWN"
03982602X2,0398268059,"5 LUXTON RD HAWKSBURN R/S, SOUTH YARRA"
03966257X2,0396622165,"152 VICTORIA PDE NR EYE & EAR HOSP, EAST MELBOURNE"
02493851X1,0249385510,"58 GRACE AVE MARTINS CREEK RWS, MARTINS CREEK"
03960221X2,0396021638,"250 SPENCER ST CNR LONSDALE ST, MELBOURNE"
08895337X2,0889531765,"0 GREGORY TCE OPP DIPLOMAT MOTEL, ALICE SPRINGS"
02497106X2,0249712610,"77 CHANNEL ST NR RAWSON ST, SWANSEA"
03972903X2,0397292188,"198 BAYSWATER RD IN TINTERN AVE, BAYSWATER NORTH"
03976203X2,0397622199,"7 ALCHESTER CRS , BORONIA"
08855630X1,0885563472,"111 COX RD ALDINGA CARAVAN PK, ALDINGA BEACH"
08895361X2,0889537471,"6 GAP RD HOSP MAIN FOYER, THE GAP"
08895359X2,0889537470,"6 GAP RD HOSP MAIN FOYER, THE GAP"
08895363X2,0889537473,"6 GAP RD HOSPITAL 2ND FLOOR, THE GAP"
08894550X7,0889455742,"105 ROCKLANDS DRV I/S EMERGENCY RDH, TIWI"
08895369X2,0889532853,"6 GAP RD EMERGENCY, THE GAP"
08895347X2,0889534146,"FLR 2 6 GAP RD HOSPITAL WARD 8, THE GAP"
08892803X2,0889281045,"105 ROCKLANDS DRV INTENSIVE CARE RDH, TIWI"
08892723X1,0889274260,"105 ROCKLANDS DRV COWDY WARD, TIWI"
08895699X8,0889569618,"6304 STUART HWY AILERON ROADHOUSE, ANMTJRE"
02921238X2,0292126435,"1 LEE ST RLWY SQ NR GEORGE, HAYMARKET"
02936105X7,0293615013,"230 WILLIAM ST CNR BROUGHAM ST, POTTS POINT"
07478627X2,0747862937,"59 WHYTE AVE NR ANDERSON AVE, BOWEN"
03635703X2,0363572354,"54 NORTH ANSONS RD , ANS BY"
02662511X2,0266251104,"610 BALLINA RD JUBILEE AVE, GOONELLABAH"
08895696Y7,0889569882,"0 MOSQUITO BORE COMM , SANDOVER"
08918508X2,0891851000,"31 RIDLEY ST NR GRANT ST, BULGARRA"
02996913X2,0299699400,"143 RAGLAN ST NR MILITARY RD, MOSMAN"
03955344X2,0395535217,"1 STATION ST MOORABBIN R/S, MOORABBIN"
03939714X2,0393977646,"0 FERGUSON ST O/S NTH WLMSTN R/S, WILLIAMSTOWN"
07558051X1,0755805714,"0 COMMERCIAL ST NR OLD COACH RD, UPPER COOMERA"
02696418X2,0269641017,"7 KOOYOO ST ADJ 242 BANNA AVE, GRIFFITH"
02635882X2,0263588205,"5989 CASTLEREAGH HWY OPP MT VINCENT RD, RUNNING STREAM"
02499743X2,0249974276,"73 BULAHDELAH WAY CNR BLANCH ST, BULAHDELAH"
02603582X7,0260358210,"8163 RIVERINA HWY ADJACENT HOTEL, LOWESDALE"
03514561X2,0351456200,"11 HOBSON ST CNR PRINCES HWY, STRATFORD"
03515940X2,0351594308,"6886 GREAT ALPINE RD CNR MCMILLAN ST, SWIFTS CREEK"
03567480X2,0356748133,"80 SURF BEACH RD NR MARKET PL, CAPE PATERSON"
03576440X2,0357644201,"13 DEVENISH RD OS POST OFFICE, ST JAMES"
03546300X2,0354632206,"0 HEALES ST CNR CAMP ST, TALBOT"
03583111X2,0358311409,"0 NIXON ST NR WYNDHAM ST, SHEPPARTON"
03582920X2,0358292200,"713 MIDLAND HWY OS SHEP EAST PO, SHEPPARTON EAST"
03535420X2,0353542630,"5 BROOKE ST O/S EXCHANGE, MOYSTON"
07544501X1,0754450697,"12 ROSEBED ST QR EUDLO, EUDLO"
02923233X2,0292324524,"97 CASTLEREAGH ST NEAR MARKET ST, SYDNEY"
02925246X2,0292529724,"34 GROSVENOR ST O/S BROOKLYN HOTEL, SYDNEY"
02936828X2,0293681176,"25 OXFORD ST STCNR GREENS RD, PADDINGTON"
02935842X2,0293586716,"108 OXFORD ST , DARLINGHURST"
02936833X2,0293681363,"77 MACLEAY ST NR ROCKWALL CRES, POTTS POINT"
02936811X2,0293680135,"18 BAYSWATER RD OPPOSITE, POTTS POINT"
02935847X2,0293584708,"111 DARLINGHURST RD CNR VICTORIA ST, POTTS POINT"
08973113X2,0897311202,"31 SOUTH WEST HWY TOURIST INFO CENTR, DONNYBROOK"
02928125X2,0292814390,"800 GEORGE ST NEAR RAWSON PL, HAYMARKET"
02923312X2,0292336052,"37 ELIZABETH ST ADJ 53 MARTIN PL, SYDNEY"
02935703X2,0293571557,"JCDBTH 3068 126 WILLIAM ST CNR BOURKE ST, WOOLLOOMOOLOO"
02628815X2,0262881321,"14 FISHER SQ OFF KALGOOLIE CRES, FISHER"
07462653X2,0746265201,"5 CHARLOTTE ST NR BURROWES ST, SURAT"
02941714X2,0294178773,"306 PENSHURST ST NR SYDNEY ST, NORTH WILLOUGHBY"
07416210X2,0741624173,"166 YOUNGMAN ST CNR ALBERT ST, KINGAROY"
02927940X2,0292792914,"60 MARGARET ST NEAR GEORGE ST, SYDNEY"
02997101X2,0299714964,"15 THE STRAND  NEAR, DEE WHY"
02998128X2,0299811098,"28 OAKES AVE OUTSIDE, DEE WHY"
02990813X2,0299082765,"3 WATERS RD NEAR, NEUTRAL BAY"
02997738X2,0299775490,"2 COVE AVE NEAR, MANLY"
02993836X2,0299384876,"463 PITTWATER RD NEAR, BROOKVALE"
02997710X2,0299772374,"6 THE CORSO  ADJ, MANLY"
03933808X2,0393382583,"27 BROADMEADOWS RD OPP, TULLAMARINE"
02972711X2,0297273681,"029727  4 CANLEY VALE RD NEAR RAILWAY PDE, CANLEY VALE"
08825404X2,0882548165,"0 MALTARRA RD NR KARRI ST, MUNNO PARA"
07544264X2,0754426037,"13 MAPLE ST NR ARTS CENTRE, COOROY"
02945706X2,0294578010,"1004 BOBBIN HEAD RD NEAR EMPIRE MARINA, NORTH TURRAMURRA"
02936102X7,0293613897,"JCDBTH 3028 384 VICTORIA ST CNR BURTON ST, DARLINGHURST"
03970201X2,0397023254,"88 HALLAM SOUTH RD HALLAM RLWY STN, HALLAM"
07554630X1,0755463345,"20 DARLINGTON DRV DARLINGTON PRKLNDS, YARRABILBA"
02956704X1,0295676496,"1 GEEVES AVE O/S RAILWAY STN, ROCKDALE"
07478040Y2,0747804356,"15 FRANK RANDELL DRV O/S FIRE STATION, CAPE CLEVELAND"
08965141X2,0896514024,"2 CLARK ST NR PST/OFF STORE, DANDARAGAN"
02486803X2,0248681054,"8 YARRAWA ST NR ARGYLE, MOSS VALE"
07493560Y2,0749356101,"71209 BRUCE HWY 6KM SOUTH MARLBORO, MARLBOROUGH"
02637981X2,0263798203,"0 BYLONG VALLEY WAY CNR GROWEE RD, GROWEE"
02635901X2,0263590105,"68 CASTLEREAGH HWY OPP ROYAL HOTEL, CAPERTEE"
02637972X2,0263797205,"0 JAMISON ST NR COMMUNITY HALL, GLEN ALICE"
02637972X7,0263797209,"0 CANOBLA AVE NEAR COORAIN ST, GLEN DAVIS"
02637364X2,0263736405,"LOT 1 35 SWANSTON ST CNR MARTIN ST, LUE"
02475801X2,0247588698,"0 RAILWAY PDE HAZELBROOK RWS, HAZELBROOK"
02475110X2,0247513290,"181 MACQUARIE RD NR GREENWAY LN, SPRINGWOOD"
02475103X2,0247511054,"103 MACQUARIE RD NR GREENWAY LANE, SPRINGWOOD"
08897909Y1,0889790308,"3 KOLORBIDAHDAH COMM , MANINGRIDA"
08897928Y2,0889790324,"3 BULUHKADURU OUTSTATION COMM , MANINGRIDA"
08898739Y2,0889879819,"3 BODIA STN , MILINGIMBI"
08898712Y7,0889879108,"3 RAYMANGIRR OUTSTATION COMM LAKE EVELLA, EAST ARNHEM"
08897903Y8,0889790418,"3 MEWIRNBI STN OUTSTATION, EAST ARNHEM"
08898700Y1,0889879348,"3 RURRANGALA COMM , EAST ARNHEM"
08898793Y8,0889879332,"3 GARRTHALALA COMM , EAST ARNHEM"
08898706Y1,0889879132,"3 YALUKUN OUTSTATION COMM , EAST ARNHEM"
08898794Y7,0889879469,"3 YINYIKAY COMM , EAST ARNHEM"
08898729Y2,0889879166,"3 RORRUWUY COMM , EAST ARNHEM"
08897907Y2,0889790651,"3 GUMURUGURU STN , EAST ARNHEM"
08897902Y1,0889790492,"3 MOORONGA STN , EAST ARNHEM"
08898734Y2,0889879161,"3 GAWA OUTSTATION COMM , GALIWINKU"
08897904Y2,NONE,"3 SPRING PEAK OUTSTATION COMM , KAKADU"
08897905Y1,0889790049,"3 MAMUKALA OUTSTATION COMM , KAKADU"
08897921Y2,0889792780,"3 CANNON HILL COMM , KAKADU"
08897547Y1,0889754728,"3 MOLE HILL RD MOLE HILL OUT-STN, MATARANKA"
08897590Y7,0889759560,"3 RYANS BEND RD LAGOON, MCARTH"
08898726Y2,0889879142,"4 MATA MATA STN REG 529, EAST ARNHEM"
02928184X2,0292817265,"615 GEORGE ST NR GOULBURN ST, HAYMARKET"
02928112X2,0292813497,"JCDBTH 1068 790 GEORGE ST CNR RAWSON PL, HAYMARKET"
02956427X2,0295642050,"234 ILLAWARRA RD CNR MARRICKVILL RD, MARRICKVILLE"
02956408X2,0295642675,"234 ILLAWARRA RD CNR MARRICKVILL RD, MARRICKVILLE"
02936113X7,0293613870,"4 RILEY ST ADJ 151 GOULBURN, DARLINGHURST"
03953302X1,0395339548,"69 QUEENS RD OPP PULLMAN HOTEL, MELBOURNE"
03941904X2,0394191502,"83 ALBERT ST OS SERVICED APPARTMENTS, EAST MELBOURNE"
02478783X2,0247878200,"59 HAT HILL ST NR CLEOPATRA ST, BLACKHEATH"
02475116X2,0247511365,"575 GREAT WESTERN HWY CNR ST GEORGE RD, FAULCONBRIDGE"
02477410X2,0247741008,"41 FOURTEENTH ST , WARRAGAMBA"
08826701X2,0882673054,"160 O'CONNELL ST , NORTH ADELAIDE"
03931189X2,0393118673,"93 MCINTYRE RD , SUNSHINE NORTH"
03972800X2,0397281055,"1209 MT DANDENONG TOURIST RD NR JEEVES AVE, KALORAMA"
03975207X2,0397525454,"1536 BURWOOD HWY O/S SCHOOL, TECOMA"
02445400X2,0244540215,"84 PRINCES HWY NR GREEN ST, ULLADULLA"
07328421X2,0732847920,"110 ANZAC AVE HOSP O/S PHARMACY, REDCLIFFE"
07371100X1,0737119318,"188 ALGESTER RD NR SPAR MINI MART, CALAMVALE"
07416808X2,0741680118,"8928 WONDAI-CHINCHILLA RD CNR ABERDEEN, DURONG"
07412417X2,0741240026,"169 NISSEN ST HOSPITAL, URRAWEEN"
07478211X9,0747820205,"21 HINKSON ESP OS GROPER CK STORE, GRPR CK"
03637401X2,0363742204,"0 ROSSARDEN RD CNR ELIZABETH ST, MANGANA"
03939118X2,0393916577,"13 MASON ST , NEWPORT"
07386057X1,0738604908,"GRD FLR 1 ALPINIA DRV OS VIRGIN TERMINAL, BRISBANE AIRPORT"
07386064X1,0738604906,"LVL 1 1 ALPINIA DRV OS QANTAS TERMINAL, BRISBANE AIRPORT"
07386090X1,0738604927,"GRD FLR 1 ALPINIA DRV OS CENTRAL TERMINA, BRISBANE AIRPORT"
07405692X2,0740569157,"644 BACK BEACH RD OS POLICE STATION, YARRABAH"
07405630X2,0740566942,"9 CANNON ST OS POST OFFICE, GORDONVALE"
03953000X1,0395309885,"0 POATH RD HUGHESDALE RWS, HUGHESDALE"
07493475X7,0749347584,"0 SECOND ST NR RIVERSLEA ST, GOGANGO"
02497312X2,0249731810,"4 WAMSLEY ST OPP SHOPS, DORA CREEK"
03572981X2,0357298300,"4877 WANGARATTA-WHITFIELD RD O/S INFORMATION BA, WHITFIELD"
02668600X2,0266862039,"210 SOUTHERN CROSS DRV AIRPORT, BALLINA"
07416501X2,0741651106,"35 MORETON ST OPP POLICE STN, EIDSVOLD"
08992050X2,0899205052,"3310 CHAPMAN VALLEY RD NR SCHOOL, NABAWA"
08944601X2,0894464055,"21 MORRIS RD NR ESCOT RD, INNALOO"
03596715X2,0359671269,"234 BRITANNIA CREEK RD RSD 234 GIRL GUIDE, WESBURN"
03575011X2,0357501043,"521 MORSES CREEK RD , WANDILIGONG"
03578650X2,0357865300,"884 WHITTLESEA-KINGLAKE RD , PHEASANT CREEK"
08897211X1,0889721324,"50 SHADFORTH RD LOW LEVEL CVAN PK, COSSACK"
08898862X2,0889886024,"1160 COX PENINSULAR RD O/S PRIMARY SCHOOL, BERRY SPRINGS"
08898731Y2,0889879162,"1 MUDHAMUL OUTSTATION  , EAST ARNHEM"
08898850X1,0889885027,"14 FREDS PASS RD HUMPTY DOO SHOPS, HUMPTY DOO"
08916876Y2,0891687342,"3 MARRALUM COMM 70KM NW KUNUNURRA, BAINES"
02677750X2,0267775802,"18 SINGH ST NR RAILWAY CRSNG, WOOLBROOK"
07327409X2,0732745813,"22 MITCHELL ST O/S SHOPS, ACACIA RIDGE"
08972531X7,0897253984,"2 RECREATION DRV EATON FAIR S/C, EATON"
08973611X2,0897361000,"9875 COALFIELDS HWY , DARKAN"
03624308X2,0362437538,"119 EAST DERWENT HWY CNR BALLAWINNE RD, LINDISFARNE"
08938821X2,0893887021,"384 ROBERTS RD O/S, CNR ROKEBY RD, SUBIACO"
03977205X2,0397720434,"114 GLADESVILLE BLV LAKEVIEW S/C, PATTERSON LAKES"
03978306X2,0397696330,"0 OVERTON RD CNR DANDENONG RD W, FRANKSTON"
08862630X2,0886263024,"32651 EYRE HWY ROADHOUSE, POOCHERA"
08872526X2,0887257898,"75 PICK AVE CNR NEWTON CRES, MT GAMBIER"
08872401X2,0887247639,"30 HELEN ST NW CNR ELIZABETH, MT GAMBIER"
08894517X2,0889450194,"FLR 6 105 ROCKLANDS DRV ROYAL DARWIN HOSPI, TIWI"
08894514X2,0889450017,"LVL 2 105 ROCKLANDS DRV ROYAL DARWIN HOSPI, TIWI"
08895300X2,0889531299,"FLR 1 6 GAP RD MATERNITY WARD 4, THE GAP"
08963703X1,0896371349,"53 GREAT EASTERN HWY ROADHOUSE VERANDAH, TAMMIN"
02952727X2,0295279215,"62 PRINCE ST O/S SURF CLUB, CRONULLA"
03969603X2,0396969706,"261 CITY RD , SOUTHBANK"
03975101X2,0397511426,"69 OLINDA-MONBULK RD NR THE GEORGIAN RD, OLINDA"
07320915X2,0732092962,"63 SPRINGWOOD RD NR CINDERELLA DRV, SPRINGWOOD"
03933821X2,0393386264,"360 MELROSE DRV , TULLAMARINE"
02623590X2,0262359110,"LOT 1 0 RYRIE ST PETROL STATN WALL, MICHELAGO"
02628701X2,0262872579,"RESRVE  2 PADDYS RIVER RD NEAR COTTER RD, PDDYS RVR"
02636430X2,0263643001,"32 BELMORE ST CNR FORBES ST, CARGO"
02633227X2,0263321131,"1 KEPPEL ST BATHURST RLWY STN, BATHURST"
02638512X2,0263751005,"OPP 56 0 BOLARO ST ADJ PUBLIC TOILET, DUNEDOO"
02635931X2,0263593301,"1984 JENOLAN CAVES RD NR WICKETTY WAR RD, HAMPTON"
02635305X2,0263531614,"OPP 59 0 RAILWAY PDE BUS TERMINAL, LITHGOW"
02636886X7,0263688605,"1 LOWE ST CNR ARTHUR ST, TRUNKEY CREEK"
02684521X2,0268452543,"59 SWIFT ST WELLINGTON RWS, WELLINGTON"
02684722X2,0268472401,"15 CASTLEREAGH ST CNR GUMBLE ST, GILGANDRA"
02478214X2,0247842496,"22 GLADSTONE RD CNR SCOTT AVE, LEURA"
02478771X2,0247877967,"266 GREAT WESTERN HWY BLACKHEATH RWS, BLACKHEATH"
02967505X2,0296752316,"BANK  11 CLEEVE CL DAWSON MALL, MOUNT DRUITT"
02967504X2,0296754972,"BANK  11 CLEEVE CL DAWSON MALL, MOUNT DRUITT"
02967503X2,0296756408,"BANK  11 CLEEVE CL DAWSON MALL, MOUNT DRUITT"
02983515X2,0298352306,"DP2463  0 CAPTAIN COOK DRV NR RESOLUTION AVE, WILLMOT"
07542640X2,0754264104,"3 RAILWAY ST NR MAIN ST, COOMINYA"
08897905Y2,0889790235,"3 MURGENELLA PLAINS RD MURGENELLA COMM, WEST ARNHEM"
08897927Y2,0889790323,"1 BOLKDJAM STN O/S LOT 1, WEST ARNHEM"
08919171Y7,0891917088,"26 LOOMA COMM 140KM SE DERBY, CAMBALLIN"
03515415X2,0351541855,"5 WARRENS RD , NEWMERELLA"
07380824X2,0738089615,"6 EWING RD WOODRIDGE PLACE, LOGAN CENTRAL"
02963715X2,0296379721,"30 ST ANN ST NR DENMARK ST, MERRYLANDS"
02433400X2,0243345326,"501 THE ENTRANCE RD CNR TUGGERAH PDE, LONG JETTY"
03987701X2,0398771867,"15 SALISBURY AVE LABURNUM VILLAGE, BLACKBURN"
03986601X2,0398661275,"41 CAROLINE ST CNR TOORAK RD, SOUTH YARRA"
07546560X2,0754656578,"4033 WARREGO HWY NEAR SUMMERHOLM RD, HATTON VALE"
08864229X2,0886422098,"14 MELLOR ST OPP BUS SHELTER, PORT AUGUSTA WEST"
08868303X2,0886833460,"7 PORTER ST O/S TAFE SA, PORT LINCOLN"
08868305X2,0886833437,"1 ADELAIDE PL OPP VISITORS CNTR, PORT LINCOLN"
08873960X2,0887396224,"13 MORPHETT TCE OPP POST OFFICE, TARPEENA"
08959221X2,0895921708,"0 MALIBU RD O/S MALIBU S/C, SAFETY BAY"
08958111X2,0895811108,"0 MANDURAH TCE NR FORSHORE, MANDURAH"
08979642X2,0897961740,"LOT 53 0 KINGSTON DRV NR BUS SHELTER, AUSTRALIND"
08975412X2,0897542706,"LOT 416 0 STANLEY PL OPP POST OFFICE, BUSSELTON"
08972105X2,0897216077,"0 HAMMERSLEY DRV OPP PRK CNTR S/M, CAREY PARK"
08975819X2,0897581503,"LOT 850 0 DAVIES RD PLYGRND ENT, AUGUSTA"
08972520X7,0897251230,"0 PRATT RD OPP PHARMACY, EATON"
02457551X2,0245755241,"755 RIVER RD NR FERRY CROSSING, LOWER PORTLAND"
02983801X2,0298383073,"PLATFM 1 9 RIVERSTONE PDE RIVERSTONE RWS, RIVERSTONE"
02649490X2,0264949219,"51 BEGA ST CNR 53 SCOTT ST, WOLUMLA"
02444122X1,0244412447,"0 ELLMOOS RD ARU CARAVAN PK, JRVS BY"
07385207X1,0738526905,"GRND FLR 296 HERSTON RD RBWH STAR, HERSTON"
02921242X2,0292127163,"722 GEORGE ST NR CAMPBELL ST, HAYMARKET"
02921107X2,0292115042,"15 BROADWAY  OS UTS NR HARRIS, ULTIMO"
02473110X2,0247312321,"3 DOONMORE ST CNR HIGH ST, PENRITH"
07556112X2,0755611256,"15 NERANG ST MID BLOCK NTH SIDE, SOUTHPORT"
07556110X2,0755611248,"30 NERANG ST MID BLOCK NTH SIDE, SOUTHPORT"
02934930X2,0293497367,"202 MALABAR RD CNR NYMBOIDA ST, SOUTH COOGEE"
02475803X2,0247588697,"0 RAILWAY PDE WOODFORD RWS, WOODFORD"
02963722X2,0296377329,"3 MCFARLANE ST STOCKLAND P4 CARPK, MERRYLANDS"
07467113X2,0746713242,"36 OLD CUNNINGHAM HWY NR HOLIDAY PARK, GOONDIWINDI"
02655506X2,0265556946,"12 LITTLE ST TOURIST INFO CNTR, FORSTER"
02496238X2,0249623874,"BLDG S 266 MAITLAND RD TAFE CANTEEN, TIGHES HILL"
02494009X2,0249653964,"70 HARRISON ST CNR NORTHUMBERLAND, MARYVILLE"
02497053X2,0249705337,"LOT 2 71 DORA ST RAILWAY STN, MORISSET"
02496235X2,0249654510,"266 MAITLAND RD IS TAFE NR B/STOP, TIGHES HILL"
02492902X2,0249275618,"1 MEMORIAL DRV NR COOKS HILL SLSC, BAR BEACH"
02494001X7,0249400867,"1 WOOD ST OPP CAMBRIDGE HTL, NEWCASTLE WEST"
02494701X1,0249470355,"NR MAC  21 THOMAS ST CITI CENTRE COLES, BELMONT"
02494700X1,0249470465,"NR MAC  21 THOMAS ST CITI CENTRE COLES, BELMONT"
02695913X2,0269591743,"16 CADELL ST OS TOURIST CENTRE, NARRANDERA"
07495668X2,0749566205,"2 OWEN JENKINS DRV NR SARINA COAST RD, SARINA BEACH"
02991309X2,0299132298,"1493 PITTWATER RD ON GONDOLA RD, NORTH NARRABEEN"
02457807X2,0245784156,"0 VINES DRV UWS VINES ACCOM N3, RICHMOND"
02926743X2,0292678948,"69 LIVERPOOL ST , SYDNEY"
02925252X2,0292529075,"50 BRIDGE ST CNR PHILLIP ST, SYDNEY"
02929915X2,0292994347,"101 YORK ST NR MARKET ST, SYDNEY"
02985811X2,0298582254,"RD  0 STATION ST CRN 1002 VICTORIA, WEST RYDE"
02980921X2,0298094271,"RD  0 CHATHAM RD CRN 1019 VICTORIA, WEST RYDE"
02939812X2,0293981523,"0 CARRINGTON RD NR 157 CLOVELLY RD, RANDWICK"
02983219X2,0298324896,"BLOCK L 67 NORTH PDE WSTN SYDNEY INST, MOUNT DRUITT"
02925236X2,0292529194,"30 BOND ST CNR PITT ST, SYDNEY"
07544844X2,0754484620,"98 WILLIS ST NR WHISTLER ST, BLI BLI"
08844701X2,0884475232,"62 STROUD ST CNR BULLER TCE, CHELTENHAM"
02456503X2,0245650215,"5729 PUTTY RD , COLO HEIGHTS"
07388603X2,0738861671,"1022 DOHLES ROCKS RD , GRIFFIN"
02990603X2,0299067323,"2 BURLINGTON ST CNR WILLOUGHBY RD, CROWS NEST"
02943901X2,0294394304,"2 BURLINGTON ST CNR WILLOUGHBY RD, CROWS NEST"
03598311X2,0359831500,"71 MERRICKS BEACH RD CNR WAVE ST, MERRICKS BEACH"
07466747Y2,0746674725,"3718 LEYBURN - CUNNINGHAM RD OS TELEPHONE EXCH, CUNNINGHAM"
08852209X2,0885226346,"20 MURRAY ST , GAWLER"
02928145X7,0292819617,"59 GOULBURN ST NR CUNNINGHAM ST, HAYMARKET"
02968219X2,0296821876,"164 MERRYLANDS RD NR MILLER ST, MERRYLANDS"
02692870X2,0269287101,"28 SYDNEY ST O/S POST OFFICE, TARCUTTA"
03988831X2,0398886453,"0 SHALLESS DRV WILLISON R/S, CAMBERWELL"
03936403X2,0393640607,"1 MCKECHNIE ST UNI VIC ST ALBANS, ST ALBANS"
02694325X7,0269432501,"26 OLYMPIC HWY IN REST AREA, WALLENDBEEN"
02694211X2,0269422254,"78 HOVELL ST COOTAMUNDRA RWS, COOTAMUNDRA"
07474580Y2,0747458139,"194 ROBERT ST NR BOOMERANG ST, DOOMADGEE"
08867304X2,0886737521,"676 BANOOL AVE NR DEWRANG AVE, WOOMERA"
08867302X2,0886737109,"1199 DEWRANG AVE SHOP CENTRE CAR PK, WOOMERA"
08898737Y2,0889873118,"144 RANKINE RD YIRRKALA COMMUNITY, YIRRKALA"
08898132X2,0889816623,"148 MITCHELL ST NR LAMBELL TCE, LARRAKEYAH"
08897580X7,0889758941,"157 ROBINSON RD OPP BORROLOOLA INN, BORROLOOLA"
08895309X2,0889530429,"174 LARAPINTA DRV ADJ DIARAMA SHOPA, ARALUEN"
08896231Y2,0889623658,"26 WUPPA TOWN CAMP COMM OFF PERRY DRV, TENNANT CREEK"
08898734Y1,0889873047,"61 BALNAMA RD , YIRRKALA"
08897612X2,0889761402,"88 MAIN TCE RAILWAY HRTGE PK, PINE CREEK"
08918461Y2,0891846119,"98 SECOND AVE NR GULIGURU WAY, ONSLOW"
08919244Y2,0891924958,"120 BIDYADANGA COMM 170 KM STH BROOME, LAGRANGE"
08914020X2,0891402948,"970 GREAT NORTHERN HWY PT HEDLAND AIRPORT, PORT HEDLAND"
08919170Y7,0891917065,"33 YIYILI STORE COMM 135KM SE FITZROY, MUELLER RANGES"
08916115X2,0891611294,"50 ARTHUR RD AIRPORT 3KM SE, WYNDHAM"
08919179Y2,0891917045,"56 YIYILI TOP CAMP COMM 135KM SE FITZROY, MUELLER RANGES"
08917645Y2,0891764928,"62 YANDEYARRA COMM 110KM S PT HEDLAND, MARBLE BAR"
08918911X1,0891891809,"66 NAMELESS VALLEY DRV TOM PRICE TOUR/PK, TOM PRICE"
08919240Y1,0891924576,"85 BIDYADANGA COMM 170 KM STH BROOME, LAGRANGE"
08994955X2,0899494305,"181 MADAFFARI DRV MARINA CARPARK, EXMOUTH"
08994851X8,0899485129,"LOT  3 NORTH WEST COASTAL HWY BILLABONG HOTEL RH, MEADOW"
02931411X2,0293145203,"149 BARKER ST PWH ADULTS FOYER, RANDWICK"
02696540X2,0269654425,"1 CHARNEY ST NR POST OFFICE, MERRIWAGGA"
07339120X2,0733915491,"967 STANLEY ST NR WITHINGTON ST, EAST BRISBANE"
08953511X2,0895353009,"8 HALLS HEAD PDE FORESHORE AMENITIE, HALLS HEAD"
07544354X2,0754437262,"18 BRADMAN AVE NR THOMAS ST, MAROOCHYDORE"
08935407X2,0893542387,"46 ROSTRATA AVE , WILLETTON"
08995307X2,0899531204,"LOT 4 9 GREEN HEAD RD O/S CARAVAN PARK, GREEN HEAD"
03562204X1,0356223512,"41 LANDSBOROUGH ST WARRAGUL HOSP, WARRAGUL"
02963509X1,0296359139,"14 MONS RD WESTMEAD PRIVATE H, WESTMEAD"
03972537X2,0397256018,"304 DORSET RD NR LANDALE AVE, CROYDON"
03972538X2,0397256198,"0 EASTFIELD RD NR CNR THE MALL, CROYDON SOUTH"
03972520X2,0397255552,"84 WICKLOW AVE O/S CROYDON RWS, CROYDON"
03979139X2,0397916340,"247 STUD RD CNR MCFEES RD, DANDENONG NORTH"
02602100X2,0260214218,"964 PEMBERTON ST NR BONNIE DOON PK, WEST ALBURY"
02656480X1,0265648981,"1039 SOUTH ARM RD COMMUNITY HALL, STH ARM"
02970802X2,0297081076,"0 CARMEN ST CNR MEREDITH ST, BANKSTOWN"
02971824X2,0297187265,"0 SOUTH PDE OPP BEAMISH LANE, CAMPSIE"
02625763X2,0262575594,"2 EDGAR ST CNR WAKEFIELD GDN, AINSLIE"
02625315X2,0262531397,"0 CONDELL ST CNR HOWIE CCT, BELCONNEN"
02624906X1,0262497357,"25 TERMINAL AVE ARRVL LNGE GRND FL, CNBRA ARPT"
02623681X2,0262365110,"LOT 64 5 KELVIN ST URIARRA VILLAGE, URIRA VLGE"
02958417X2,0295841747,"0 HUGH AVE CNR FOREST RD, PEAKHURST"
02958309X2,0295831161,"0 DALKEITH ST CNR RAMSGATE RD, RAMSGATE"
02959908X1,0295998729,"ENTRCE  1 DISCOVERY POINT PL WOLLI CREEK RWS, WOLLI CREEK"
02951912X2,0295192073,"1 FITZROY ST CNR SYDENHAM RD, MARRICKVILLE"
02955313X2,0295538301,"37 CARLTON PDE CARLTON RWS, CARLTON"
02959904X1,0295998721,"PLATFM 4 1 DISCOVERY POINT PL WOLLI CREEK RWS, WOLLI CREEK"
02602103X1,0260216371,"4 EAMES ST SHOWGROUND CVAN PK, NORTH ALBURY"
03632603X2,0363261533,"100 INVERMAY RD CNR MANN ST, INVERMAY"
08897541Y1,0889754521,"0 NGALAGAN ST BESWICK COMMUNITY, BESWICK"
02926403X2,0292646572,"115 BATHURST ST NEAR PITT ST, SYDNEY"
02929918X2,0292996842,"9 BARRACK ST CNR YORK ST, SYDNEY"
02929903X2,0292996847,"9 BARRACK ST CNR YORK ST, SYDNEY"
02983202X2,0298322766,"LVL 2 75 RAILWAY ST ENTRY A & E, MOUNT DRUITT"
02974919X2,0296435184,"28 JOSEPH ST CNR BRIDGE ST, LIDCOMBE"
02964635X2,0296462237,"174 WOODBURN RD CNR CRAWFORD ST, BERALA"
02964309X2,0296438257,"60 RAILWAY ST , LIDCOMBE"
02975422X2,0297230961,"55 WARE ST O/S CIVIC PLAZA, FAIRFIELD"
02941954X2,0294196121,"66 HAMPDEN RD NR JERSEY RD, ARTARMON"
02941951X2,0294198829,"72 HAMPDEN RD NR JERSEY RD, ARTARMON"
03930204X2,0393094563,"1099 PASCOE VALE RD O/S ENTR NR ANZ, BROADMEADOWS"
08873822X2,0887382927,"0 SEA PDE O/S CUSTOM HSE, PORT MACDONNELL"
08854022X2,0885402024,"0 RAILWAY TCE OPP BANK, MORGAN"
08854122X2,0885412321,"0 GOODCHILD ST NR MEMORIAL HALL, WAIKERIE"
08854125X2,0885412432,"0 JACOB ST NR WURST ST, WAIKERIE"
08858664X2,0885866939,"0 GREVILLIA ST ADJ TO RESERVE, RENMARK"
08858665X2,0885866638,"42 PYAP ST O/S CIVIC CENTRE, RENMARK"
08858214X2,0885821765,"0 VAUGHAN TCE O/S ALFRESCO TCE, BERRI"
08858830X2,0885883251,"0 GARRARD ST ADJ TO PLAY GRND, BARMERA"
08856410X2,0885641075,"0 MURRAY ST OPP POST OFFICE, EDEN VALLEY"
08856911X2,0885691294,"0 RANDELL ST O/S CARAVAN PARK, MANNUM"
08857401X2,0885740057,"0 LEALINYERI ST O/S COMMUNITY CNTR, NARRUNG"
08857100X2,0885711024,"0 MORTON ST O/S COONALPYN PO, COONALPYN"
08852720X2,0885272024,"0 DUBLIN RD O/S MUSUEMVE, MALLALA"
08857890X2,0885789030,"0 RAILWAY TCE OPP 26 RWY TCE, WYNARKA"
08857810X2,0885781040,"0 RAILWAY TCE OPP PLAY GRND, KAROONDA"
08857870X2,0885787069,"0 KAROONDA HWY O/S POST OFFICE, MINDARIE"
08858741X2,0885874124,"0 KAROONDA HWY OPP 5403, WANBI"
08855312X2,0885531074,"95 THOMAS WILSON ST O/S TELEPHONE EXCH, PENNESHAW"
08855324X2,0885532400,"0 KINGSCOTE TCE O/S PLAY GROUND, KINGSCOTE"
02969966X2,0296999698,"22 CLISDELL ST OPP DAWSON ST, SURRY HILLS"
08885310X1,0888531180,"25 WAIMANA CRT CRVN PRK ENT, PORT RICKABY"
03522214X2,0352222702,"85 GARDEN ST NR ORMOND RD, EAST GEELONG"
02473302X2,0247334812,"0 GLENMORE PKWY CRN CAMELIA AVE, GLENMORE PARK"
02983703X2,0298374334,"UNIT 4 2 EASTERN RD UNI OF WSTN SYDNEY, SCHOFIELDS"
02983702X1,0298373275,"UNIT 4 2 EASTERN RD NIRIMBA EDUCATION, SCHOFIELDS"
02692120X2,0269211871,"228 KINCAID ST CNR SHAW ST, WAGGA WAGGA SOUTH"
02447620X2,0244762254,"43 DALMENY DRV NR SURF BEACH RD, KIANGA"
02447371X2,0244737463,"1 LAMONT YOUNG DRV CNR MYSTERY BAY RD, MYSTERY BAY"
07385503X2,0738551362,"791 STAFFORD RD NR SOUTH PINE RD, EVERTON PARK"
02437601X2,0243761134,"9 WALKERS RIDGE RD GEORGE DOWNES DRV, BUCKETTY"
03977608X1,0397762841,"100 BROADWAY  IN CARAVAN PARK, BONBEACH"
03643206X1,0364321835,"21 BRICKPORT RD NW HOSPITAL, COOEE"
07463414X2,0746343148,"16 CLEARVIEW ST OPP BERGHOFER ST, NEWTOWN"
08825101X1,0882515394,"1037 THE GOLDEN WAY GOLDEN GROVE S/C, GOLDEN GROVE"
08828800X2,0882880953,"224 TARGET HILL RD O/S HGHLND VLG S/C, GREENWITH"
08838913X2,0883898424,"1320 LOBETHAL RD O/S POST OFFICE, FOREST RANGE"
08826402X1,0882645654,"253 MONTAGUE RD INGLE FARM SHOPS, INGLE FARM"
08839503X2,0883954292,"36 MUMFORD AVE O/S SHPNG VLG, ST AGNES"
08828000X2,0882806471,"3 LIBERATOR DRV O/S PARALOWIE VLG, PARALOWIE"
08825826X2,0882585909,"2 DONEGLA ST O/S SHPNG VLG, SALISBURY DOWNS"
08825804X1,0882583938,"122 WINZOR ST HLYWD PLZ NR T/R, SALISBURY DOWNS"
08838206X2,0883821254,"1 AYLEEN AVE NR MAIN SOUTH RD, MORPHETT VALE"
08838228X2,0883829509,"0 ELIZABETH RD NR CATHERINE CRES, MORPHETT VALE"
02966740X2,0296674079,"T2 DEP  1 KEITH SMITH AVE GTE 2 REX REGIONAL, MASCOT"
07544125X2,0754416201,"EMERG  1 HOSPITAL RD GRND FLR NAMB HOSP, NAMBOUR"
08918450Y2,0891845103,"LOT 224 0 NGURRAWHANA COMM , FORTESCUE"
07406240X1,0740624103,"0 GILBERTON RD OAKS RUSH RESORT, EINASLEIGH"
07465733X2,0746573002,"0 OPALTON RD THE OUTPOST STN, OPALTON"
02425711X2,0242571151,"179 PRINCES HWY CNR CREAMERY RD, ALBION PARK RAIL"
03535410X2,0353541200,"84 MAIN ST PO NR MAIN ST, WILLAURA"
07463909X2,0746393514,"33 GREGORY ST CNR RUTHVEN NEAR, HARLAXTON"
08895676Y7,0889567534,"0 WINGELLINA COMM WORKSHOP, NGNJRA-GLS"
08895689Y2,0889568532,"0 UTILY OUTSTATION COMM 7KM S OF HAAST BLF, HAASTS BLUFF"
02948923X2,0294890335,"1 RAILWAY AVE WAHROONGA R/S, WAHROONGA"
03596431X2,0359643689,"362 WARBURTON HWY CNR GEORGE ST, WANDIN NORTH"
02666134Y1,0266613690,"AREA 2 186 WELSH RD , MOOKIMA WYBRA"
02484113X2,0248411700,"75 GEORGE ST NR THOROUGHFARE ST, MARULAN"
02997202X1,0299721694,"GRND FLR 24 HOWARD AVE DEE WHY PLAZA, DEE WHY"
02995808X2,0299581730,"62 FRENCHS RD CNR WILLOUGHBY RD, WILLOUGHBY"
02997772X2,0299777290,"84 DARLEY RD CNR ADDISON RD, MANLY"
02997776X2,0299777709,"194 PITTWATER RD OPP ROLFE ST, MANLY"
02997784X2,0299775314,"24 SYDNEY RD CNR CENTRAL AVE, MANLY"
02955045X2,0295503749,"0 GROSE ST NR MISSENDEN RD, CAMPERDOWN"
03981927X2,0398192369,"287 BURWOOD RD , HAWTHORN"
03947023X2,0394705091,"10 THE AGORA  LA TROBE UNI, BUNDOORA"
03947043X2,0394704998,"920 PLENTY RD NR KINGSBURY DRV, BUNDOORA"
07403592X8,0740359032,"90 AIRPORT AVE DOMESTIC ARRIVALS, AEROGLEN"
07403597X2,0740359356,"100 AIRPORT AVE INTNL ARRIVALS, AEROGLEN"
08938829X2,0863801928,"BLG  35 STIRLING HWY REFECTORY UNIVERSI, CRAWLEY"
02463383X2,0246338189,"2 STEVENS RD MENANGLE RWAY STN, MENANGLE"
02463203X2,0246327275,"152 CAMDEN RD RAILWAY STATION, DOUGLAS PARK"
02638530X2,0263853100,"67 QUEEN ST CNR MARSDEN ST, BOOROWA"
02638430X2,0263843200,"87 WOMBAT RD O/S POST OFFICE, WOMBAT"
02638320X2,0263832250,"1 WEEDALLION ST OS PUB, BRIBBAREE"
02694217X2,0269423894,"31 BOURKE ST CNR PARKER, COOTAMUNDRA"
02692454X2,0269245400,"14 OLYMPIC HWY CNR LAYTON ST, ILLABO"
07320602X2,0732067601,"OPP 7 0 WEINAM ST CR 47 BANANA ST, REDLAND BAY"
07384608X2,0738462614,"412 STANLEY ST MARITIME MUSEUM, SOUTH BRISBANE"
07467630X2,0746763106,"19 EDWARD ST NR CLEVELAND ST, N STAR"
08867060Y1,0886706049,"LOT  41 IKATURKA TCE ADJ TO PINK ROADHS, OODNADATTA"
08867061X2,0886706158,"LOT  8 OODNADATTA TRK OPP W/CREEK HTL, WM CK"
08867079X7,0886707952,"LOT  8 OODNADATTA TRK OPP W/CREEK HTL, WM CK"
08867522Y2,0886752685,"LOT  25 SOUTH TCE NR EAST TERRACE, COPLEY"
08864804X1,0886480127,"LOT  25 OH PARACHILNA  WIPENDA CRVAN PRK, FLNDRS RNGS"
08867570Y2,0886757795,"LOT  24 MAIN ST ROADHOUSE, LYNDHURST"
08894640Y1,0889646062,"LOT  39 WILLOWRA COMM INSIDE COMM STORE, WILLOWRA"
08897518Y1,0889759951,"LOT  45 ROBINSON RIVER COMM GENERAL STORE, RBNSN RVR"
08897810Y2,0889781146,"LOT  48 NAMA COMM , THAMARRURR"
08897513Y1,0889759873,"LOT  54 ROBINSON RIVER COMM MUNGOORBA, RBNSN RVR"
08897822Y7,0889782628,"LOT  38 DALY RIVER VILLAGE COMM D/RVR COMM HSE 94, NAUIYU"
08895662Y1,0889566376,"HOUSE  32 ORRTIPA-THURRA COMM OUT THE FRONT OF, ANATYE"
08897500Y8,0889750718,"HSE  7 YARRALIN COMM , Timber Creek"
08895403Y1,0889549184,"LOT  8 GREAT CENTRAL RD COLLEGE WARBURTON, WARBURTON"
08895677Y8,0889567498,"LOT  8 GREAT CENTRAL RD CULTURAL & CIVIC, WARBURTON"
08898830Y2,0889883436,"LOT  8 SOOB RD S941092, MANTON"
08895402Y1,0889549180,"LOT  8 GREAT CENTRAL RD COUNCIL OFFICE WAR, WARBURTON"
08895670Y8,NONE,"LOT  9 WARAKURNA COMMUNITY  NEW COUNCIL OFFICE, NGNJRA-GLS"
08897592X8,0889759923,"10 STUART HWY NR CARPENTARIA HWY, DALY WATERS"
08897811Y2,0889781079,"LOT  27 PALUMPA COMM , NGANMARRIYANGA"
08897507Y1,NONE,"LOT  24 PIGEON HOLE COMM  , PGN HLE"
08895695Y7,0889569873,"LOT  23 IRRULTJA COMM REG063, SANDOVER"
08897824Y1,0889782751,"LOT  22 SABINA ACCESS RD WOODYCUPILDYA COMM, NMRLK"
08898308X2,0889831854,"LOT  20 BEES CREEK RD FREDS PASS RESERVE, FRED'S PASS"
08895310Y2,0889537864,"LOT  17 LARAPINTA VALLEY COMM REG087, FLN"
08898108X2,0889812079,"69 MARINA BLV , LARRAKEYAH"
08895311Y2,0889537869,"LOT  14 ILYIPERENYE CAMP  , CNLLN"
08895699Y2,0889569761,"LOT  14 ENGAWALA COMM ALCOOTA STATION, ENGWLA"
08907921X2,0890792080,"LOT  49 DAVROE WAY CNR MITTEN-WATSON, CASCADE"
08904580X2,0890458291,"LOT  13 STATION ST O/S STORE, DOODLAKINE"
08916881Y7,0891688906,"LOT  7 MINDIBUNGU BILLILUNA COMM 150 KM S HALLS CRK, STURT CREEK"
08917659X9,0891765947,"LOT  6 GREAT NORTHERN HWY SANDFIRE ROADHOUSE, EIGHTY MILE BEACH"
08917659X7,0891765940,"LOT  6 GREAT NORTHERN HWY SANDFIRE ROADHOUSE, EIGHTY MILE BEACH"
02677248X2,0267714736,"0 RING RD UNE-UNION ARCADE, ARMIDALE"
07389308X2,0733960207,"76 PINE ST NR BAY TCE, WYNNUM"
02688914X2,0268891832,"1 DANDALOO HWY O/S FUEL STATION, NARROMINE"
02683211X2,0268321689,"78 PANGEE ST , NYNGAN"
02687220X2,0268722054,"2 DARLING ST CNR CULGOA, N BRKE"
02436208X2,0243628501,"64 PACIFIC HWY NR YATES RD, OURIMBAH"
02664600X2,0266460107,"7 YAMBA RD , PALMERS ISLAND"
02655960X1,0265596739,"109 THE PARADE  BEACHFRONT CVAN PK, NORTH HAVEN"
02655970X1,0265597056,"7 EAMES AVE BRIGADOON CVAN PK, NORTH HAVEN"
02493850X2,0249385409,"21 KING ST CNR DUKE ST, PATERSON"
02679207X2,0267922232,"26 MOOLOOBAR ST CNR BURI ST, NARRABRI"
02676170X2,0267617451,"51 PEEL ST , NORTH TAMWORTH"
02473900X2,0247398202,"PLATFM 2 141 GREAT WESTERN HWY BLAXLAND RLWY STN, BLAXLAND"
02936015X2,0293606231,"390 VICTORIA ST ST V HOSP EMRG ENT, DARLINGHURST"
03965430X2,0396543314,"276 FLINDERS ST OPP RAIL STN, MELBOURNE"
03975812X2,0397587323,"1211 BURWOOD HWY UPP F/TREE GLY RWS, UPPER FERNTREE GULLY"
03930503X1,0393053064,"PLTFRM  1 THOMAS BRUNTON PDE ROXBURGH PARK R/S, ROXBURGH PARK"
02462822X1,0246280719,"271 QUEEN ST NR COLES CMTN MALL, CAMPBELLTOWN"
02637616X2,0263761007,"24 BUCCLEUGH ST CASSILLS LIBRARY, CASSILIS"
07412562X2,0741256367,"835 BOAT HARBOUR DRV , URANGAN"
02636550X2,0263655018,"4613 MITCHELL HWY NR LUCKNOW TAVERN, LUCKNOW"
08895606Y2,0889562962,"0 ERNABELLA COMM ERNABELLA COMMUNIT, PKTJA"
03977214X2,0397721965,"410 STATION ST BONBEACH R/S, BONBEACH"
07557350X1,0755735398,"233 FOXWELL RD , COOMERA"
02981900X2,0298196098,"787 GIPPS ST CNR LYONS RD, DRUMMOYNE"
02941625X2,0294168610,"14 MOORE AVE , LINDFIELD"
02966505X2,0296658272,"BUS STOP 186 ARDEN ST OPP ALFREDA ST, COOGEE"
03566350X2,0356635202,"40 RIVER DRV CNR WALKERVILLE RD, TARWIN LOWER"
02926421X2,0292648369,"231 ELIZABETH ST S/W BATHURST ST, SYDNEY"
03594109X2,0359411091,"0 SLATTERY PL CNR RAILWAY AVE, PAKENHAM"
08937027X2,0893701628,"817 BEAUFORT ST NR CENTRAL AVE, MT LAWLEY"
07320206X2,0732027935,"3192 MOGGILL RD NR BIRKIN RD, BELLBOWRIE"
02634711X2,0263471287,"55 CALDWELL ST , BIMBI"
03956806X1,0395681091,"44 KOORNANG RD CARNEGIE RWS, CARNEGIE"
08838226X2,0883821098,"100 GULFVIEW RD ADJ SHOP CENTRE, CHRISTIES BEACH"
08838205X2,0883821054,"100 GULFVIEW RD ADJ SHOP CENTRE, CHRISTIES BEACH"
03626810X2,0362681283,"163 BRIGHTON RD CNR RACECOURSE RD, BRIGHTON"
02688910X7,0268891112,"76 DANDALOO ST , NARROMINE"
02684760X2,0268476200,"18 TRANGIE ST CNR CLYDE ST, NEVERTIRE"
02688911X2,0268891309,"122 CATHUNDRIL ST OPP MERILBA ST, NARROMINE"
02684674X7,0268467409,"7 MACKEREL ST NR POST OFFICE, MUMBIL"
02666470X2,0266647200,"5816 BRUXNER HWY OPP SCHOOL, MUMMULGUM"
02695523X2,0269552300,"3 WATTLE RD O/S POST OFFICE, MURRAMI"
03516562X2,0351656249,"0 HIGH ST NR CULLENS TRACK, ABERFELDY"
03628700X2,0362871319,"6933 LYELL HWY O/S EXCHANGE, OUSE"
03623901X2,0362399100,"2 PIER RD O/S BAY STORE, OPOSSUM BAY"
03623114X2,0362782875,"33 TOWER RD , NEW TOWN"
03623425X2,0362344854,"370 ELIZABETH ST CNR PITT ST, NORTH HOBART"
03625021X2,0362502208,"7 CLARKE RD NR POST OFFICE, NUBEENA"
03625413X2,0362541206,"61 HIGH ST O/S POST OFFICE, OATLANDS"
03626550X2,0362655132,"570 PRIMROSE SANDS RD GREVILLEA ST, PRIMROSE SANDS"
03634411X2,0363447875,"376 WESTBURY RD NR STUART AVE, PROSPECT VALE"
03635423X2,0363542306,"58 MAIN RD , PIONEER"
03633139X2,0363317786,"24 PINE AVE OPP TUDOR AVE, NEWSTEAD"
03637300X2,0363736161,"27921 TASMAN HWY OS PO ADJ FIRE STN, PYENGANA"
03946203X2,0394623326,"0 HIGH ST RUTHVEN RLWY STN, RESERVOIR"
08919140Y7,0891914770,"LOT  64 GREAT NORTHERN HWY O/S ROADHOUSE, WILLARE"
08916864Y2,0891686672,"LOT  15 HAZLETT PL YARDEGEE COMM PARK, HALLS CREEK"
08917693Y2,0891769021,"LOT  13 PUNMU RD PUNMU COMMUNITY, TELFER"
08917692Y2,0891769020,"LOT  13 PUNMU RD PUNMU COMMUNITY, TELFER"
08919156Y2,0891915157,"LOT  12 GREAT NORTHERN HWY BAYULU COMMUNITY, ST GEORGE RANGES"
08919153Y2,0891915036,"LOT  12 GREAT NORTHERN HWY BAYULU COMMUNITY, ST GEORGE RANGES"
08957410X2,0895741402,"LOT  46 KIMBERLEY RD NR GRT EASTERN HWY, CLACKLINE"
08967311X2,0896731024,"LOT  50 KING ST O/S POST OFFICE, CADOUX"
08968320X2,0896832045,"LOT  34 SCADDAN ST CNR WILSON ST, KUNUNOPPIN"
08968310X2,0896831000,"LOT  6 RAILWAY ST NR TWINE ST, TRAYNING"
08965117X2,0896511068,"LOT  26 DANDARAGAN ST OS TELSTRA EXCHAN, MOORA"
08983142X2,0898310604,"LOT  53 ALBANY HWY TOURIST INFO BAY, KOJONUP"
02484350X2,0248435998,"45 VICTORIA ARCH DRV NR KIOSK, WOMBEYAN CAVES"
07326612X2,0732667258,"18 HOWS RD NR AMISFIELD RD, NUNDAH"
08833724X2,0883373709,"0 POPLAR CRS CNR WICKS AVE, CAMPBELLTOWN"
08895683Y9,0889568796,"LOT  96 WILLOWRA COMM EAST CAMP, WILLOWRA"
08896230Y2,0889623553,"16 TINKARLI TOWN CAMP COMM OFF PERRY DRV, TENNANT CREEK"
08897511Y1,0889759814,"3 MUNYALINI COMM MUNYALINI O/STN, MCARTH"
08964520X7,0896451101,"4 QUAIRADING YORK RD OS ROADHOUSE, QUAIRADING"
08994300Y2,0899430980,"124 BURRINGURRAH ADMIN COMM 330KM E CARNARVON, GASC RVR"
02955528X2,0295558736,"JCDBTH 5013 1 HELENA ST CNR BALMAIN RD, LILYFIELD"
07409805X1,0740980058,"2 CAMELOT CL FERNTREE RESORT, CAPE TRIBULATION"
07553083X1,0755308498,"19 SANTA BARBARA RD CNR OX'FORD & STPT, HOPE ISLAND"
02482238X2,0248228079,"36 HOWARD BLV OPP BOLONG PL, GOULBURN"
07472411X2,0747245875,"58 THE STRAND  NR GREGORY ST, NORTH WARD"
08826023X2,0882603787,"100 PRATT AVE NR DESMOND AVE, POORAKA"
08904911X1,0890491804,"17 ARCHERNAR ST NR ANTARES, SOUTHERN CROSS"
08973210X2,0897321323,"1407 DONNYBROOK-BOYUP BROOK RD O/S TELE EXCHANGE, LOWDEN"
08998122Y2,0899812947,"24 KARALUNDI COMM 55KM N MEEKATHARRA, MEEKATHARRA"
08996111X2,0899611281,"3 MAITLAND RD CNR JOSE ST, MULLEWA"
02437400X2,0243741299,"1 WARATAH RD OS SHOP, MANGROVE MOUNTAIN"
02931004X2,0293103574,"JCDBTH 3064 296 ABERCROMBE ST CNR SHEPARD ST, DARLINGTON"
03936620X2,0393663000,"49 CONRAD ST NR ARTHUR ST, ST ALBANS"
08893200X2,0889322024,"23 CORNWALLIS CCT OPP PARK, GRAY"
08897541Y2,0889754708,"LOT  23 BULMAN COMM , BLMN WML"
08895680Y1,NONE,"LOT  16 KIWIRRKURRA COMM NR OFFICE, GBSN DSRT N"
08897955Y2,0889795592,"LOT  526 MANINGRIDA COMM INSIDE STORE, MANINGRIDA"
08895203X2,0889523786,"41 GAP RD CNR HAYES ST, THE GAP"
08897831Y2,0889783974,"253 MILIKAPITI COMM , MILIKAPITI"
08895687Y2,0889568524,"LOT  237 PAPUNYA COMM NR NYANANYANA ST, PAPUNYA"
08947210X2,0894723141,"161 BANK ST OS TECH NR OATS ST, EAST VICTORIA PARK"
08984207X2,0898426412,"34 SOUTH COAST HWY NR BARRETT ST, ORANA"
02974622X2,0297463604,"21 REDMYRE RD ADJ 41 THE BLVD, STRATHFIELD"
02985815X2,0298584031,"208 ROWE ST NEAR TRELAWNEY ST, EASTWOOD"
03562840X2,0356284250,"2969 MAIN NEERIM RD , NEERIM JUNCTION"
08895691Y8,0889569658,"0 MOUNT EAGLEBEAK RD IRRILTYERE COMM, HRT"
08896443Y2,0889644593,"0 WUNARA TRK WUNARA OUTSTATION, CSTLO"
07462556X2,0746255085,"6 HENRY ST ST GEORGE EXCHANGE, ST GEORGE"
03639442X2,0363944702,"200 PAPER BEACH RD OPP 201, SWAN POINT"
03937602X2,0393761018,"2 WELLINGTON ST , FLEMINGTON"
07493605X2,0749362428,"901 YAAMBA RD O/S EXCHANGE, PARKHURST"
03623904X2,0362396388,"819 SANDFLY RD CNR PELVERATA RD, SANDFLY"
03638400X2,0363842110,"12 ROYAL GEORGE RD , ROYAL GEORGE"
03638110X1,0363811601,"3370 LAKE LEAKE HWY , LAKE LEAKE"
08898711Y1,NONE,"52 BOTTLEBRUSH AVE DATJALA WORK CAMP, NHULUNBUY"
08898722Y1,NONE,"52 BOTTLEBRUSH AVE , NHULUNBUY"
08898721Y1,NONE,"52 BOTTLEBRUSH AVE , NHULUNBUY"
03971700Y2,0397173400,"87 SCHOTTERS RD NR HAYES RD, MERNDA"
02974048X2,0297403563,"36 ROSSMORE AVE NEAR PUNCHBOWL RD, PUNCHBOWL"
02974047X2,0297404121,"36 ROSSMORE AVE NEAR PUNCHBOWL RD, PUNCHBOWL"
02935826X2,0293583931,"11 WARD AVE CNR ROSLYN ST, POTTS POINT"
07320807X2,0732083413,"18 FITZGERALD AVE , SPRINGWOOD"
02989116X2,0298916438,"51 PHILLIP ST CNR ERBY PLACE, PARRAMATTA"
03952916X2,0395293466,"217 CHAPEL ST OPP ANCHOR PL, PRAHRAN"
03947826X1,0394784835,"39 THE CENTREWAY  ENT PRESTON MARKET, PRESTON"
08927703X2,0892771253,"397 BELMONT AVE O/S SHOP NR KEW ST, CLOVERDALE"
03643541X2,0364354200,"DRIVE  1 HOGARTH RD CNR PRESERVATION, SULPHUR CREEK"
03642730X2,0364273152,"76 LAKESIDE RD CARAVAN PARK, EUGENANA"
02664620X1,0266462601,"STE 7 31 YAMBA RD BLUE DOLPHIN HOL, YAMBA"
02438913X2,0243892236,"100 CHITTAWAY RD NR SHOPS, CHITTAWAY BAY"
02658203X2,0265823650,"2 WANIORA PKWY IN WANIORA SH/VLGE, PORT MACQUARIE"
02682830X2,0268283796,"805 MISSION RD GINGIE RESERVE, WALGETT"
02472167X2,0247211086,"11 CALOOLA AVE NR ORANA AVE, PENRITH"
07477030Y2,0747702118,"76 MACROSSAN ST OPP POST OFFICE, RAVENSWOOD"
07472404X2,0747241839,"124 CHARTERS TOWERS RD OS HERMIT PK SHOPS, HERMIT PARK"
07472806X2,0747283059,"64 NATHAN ST O/S WOOLWORTHS, VINCENT"
08985320X7,0898531031,"1983 PORANGURUP RD O/S KARRIBANK, PORONGURUP"
02951610X2,0295164873,"1 NORTHUMBERLAND AVE NR PARRAMATTA RD, STANMORE"
03968916X2,0396893727,"543 BARKLY ST , WEST FOOTSCRAY"
07493420X2,0749342765,"3 BUCH SQ O/S HOTEL, THE CAVES"
07498540X2,0749854102,"10 MAIN ST SHELTER IN FRT P/O, RUBYVALE"
02665500X2,0266550458,"6 CHURCH ST AMBULANCE, BELLINGEN"
02665512X2,0266551300,"2 DOWLE ST BELLINGEN CARAVAN, BELLINGEN"
02979605X2,0297961227,"80 NORTH TCE BUS INT, BANKSTOWN"
03642406X2,0364244500,"25 ROOKE ST , DEVONPORT"
02989300X2,0298937096,"42 MACQUARIE ST CNR CHURCH ST, PARRAMATTA"
07387013X2,0738700173,"28 HAWKEN DRV NR CENTRAL AVE, ST LUCIA"
07327400X2,0732742029,"57 BROOKE ST CNR PEGG RD, ROCKLEA"
08934407X1,0893447872,"43 YIRRIGAN DRV S/C NR WOOLWORTHS, MIRRABOOKA"
08934402X1,0893444735,"43 YIRRIGAN DRV S/C NR WOOLWORTHS, MIRRABOOKA"
08934410X1,0893447873,"43 YIRRIGAN DRV S/C NR AUST POST, MIRRABOOKA"
08934927X1,0893499122,"43 YIRRIGAN DRV S/C NR BIG W, MIRRABOOKA"
08872521X2,0887256054,"82 ACACIA ST NR MCINTOSH ST, MT GAMBIER"
02966400X2,0296645374,"199 COOGEE BAY RD , COOGEE"
03954407X1,0395442547,"246 CLAYTON RD EMERGENCY DEPT, CLAYTON"
07554070X1,0755407089,"188 GAINSBOROUGH DRV BIM'BIMBA PARK, PIMPAMA"
08863300X2,0886331903,"3 MARY ELIE ST BUS STATION, PORT PIRIE"
08864518X2,0886451232,"10 FORSYTH ST , WHYALLA"
03515650Y1,0351565570,"ADMIN BLDG 485 RULES RD ABORIGINAL HOSTEL, TOORLOO ARM"
07478761Y2,0747876619,"34 HOME ST O/S STORE, HMSTED"
02625502X2,0262783446,"24 HARDWICK CRS KIPPAX FAIR S/C, HOLT"
02625403X2,0262542321,"24 HARDWICK CRS KIPPAX FAIR S/C, HOLT"
02482239X2,0248228075,"26 YARROWLOW ST , GOULBURN"
02935646X2,0293563850,"48 DARLINGHURST RD , POTTS POINT"
02963608X2,0296365213,"1 THE KINGSWAY  NR STATION ST, WENTWORTHVILLE"
08925513X2,0892551681,"42 MARLBORO RD NR GLADSTONE AVE, SWAN VIEW"
02969946X2,0296992944,"103 GOODLET ST CNR RILEY ST, SURRY HILLS"
02966946X2,0296696741,"1 SUTHERLAND ST ADJ 405 GARDNERS R, ROSEBERY"
02833834X1,0283381671,"3 BOURKE RD MASCOT RAIL LINK, MASCOT"
02931736X2,0293174741,"LVL  0 AIRPORT DRV INTER AIRPORT RWS, MASCOT"
02939821X2,0293984688,"1 BOTANY ST CNR ALISON RD, RANDWICK"
02931300X7,0293136791,"494 ANZAC PDE CNR MEEKS ST, KINGSFORD"
02931301X7,0293136796,"424 ANZACE PDE CNR MIDDLE ST, KINGSFORD"
02966529X2,0296659079,"0 ARDEN ST N/E CNR CARR ST, COOGEE"
02966519X2,0296659372,"9 ELPHINSTONE RD CNR ILUKE PL, SOUTH COOGEE"
02966113X2,0296615884,"0 FOREST ST CNR ANZAC PDE, CHIFLEY"
02934915X2,0293492201,"1 SMITH ST CNR BUNNERONG RD, EASTGARDENS"
02966109X2,0296618686,"1214 ANZAC PDE PRINCE EDWARD ST, MAROUBRA"
02929007X2,0292902282,"JCDBTH 2022 241 WHEAT RD UND PYRM BRDG EAST, SYDNEY"
02925146X2,0292512418,"1 PLAYFAIR ST CNR GEORGE ST, THE ROCKS"
02929904X1,0292996134,"20 CARRINGTON ST WYNYARD STATION, SYDNEY"
02928109X2,0292819650,"1 LEE ST RAILWAY SQ RWS ENT, CHIPPENDALE"
02921234X2,0292123893,"1 LEE ST RAILWAY SQ RWS ENT, CHIPPENDALE"
02938015X1,0293804351,"1 ERROL FYNN BLV O/S EQ CARPARK, MOORE PARK"
02936954X2,0293694049,"97 GRAFTON ST BONDI JUNCTION RWS, BONDI JUNCTION"
02936940X2,0293899471,"97 GRAFTON ST BONDI JUNCTION RWS, BONDI JUNCTION"
02936929X2,0293894615,"1 GRAY ST ADJ 28 BRONTE RD, BONDI JUNCTION"
02933718X2,0293376921,"1 PROMENADE RD OS NEILSON PK CAFE, VAUCLUSE"
02956422X2,0295642032,"263 CATHERINE ST CNR  MOORE ST, LEICHHARDT"
02955208X1,0295524487,"58 PYRMONT BRIDGE RD SYDNEY FISH MARKET, PYRMONT"
02957166X2,0295714739,"63 PIRRAMA RD ADJ MURRAY ST, PYRMONT"
08895300Y2,0889538907,"LOT 9535 0 ATYUNPE ST CHARLES CREEK CAMP, STUAT"
07340981X2,0734098118,"18 MOOLOOMBA RD OPP POINT LOOKOUT, POINT LOOKOUT"
02634502X2,0263450201,"23 PARKES ST OS CNR NEWHAMS LN, WOODSTOCK"
02637342X2,0263734202,"4 MAITLAND ST CNR BARIGAN ST, WOLLAR"
08809153X2,0880915806,"68 REID ST , WILCANNIA"
02665424X2,0266542603,"82 BEACH ST CNR QUEEN ST, WOOLGOOLGA"
02499830X2,0249983210,"2887 WOLLOMBI RD , WOLLOMBI"
02677813X7,0267781309,"82 WOOLLOMOMBI RD CNR KILCOY RD, WOLLOMOMBI"
02682820Y2,0268282732,"LOT 43 0 GEORGE SANDS WAY NAMOI VILLA HSE 21, WALGETT"
02457701X2,0245774587,"30 SCARVELL AVE , MCGRATHS HILL"
02457650X2,0245765200,"160 GOLDEN VALLEY DRV OPP 165, GLOSSODIA"
02602404X2,0260241619,"80 LAWRENCE ST CNR  WIGG ST, WDNGA"
02697234X2,0269723098,"147 MAIN ST CNR CHURCH ST, WEST WYALONG"
03629810X2,0362981220,"71 STATION ST NR ESPLANADE/WHARF, DOVER"
03625300X2,0362535204,"154 ARTHUR HWY CRN FLORENCE ST, DUNALLEY"
03637252X2,0363725207,"104 GRANT ST , FALMOUTH"
03643513X2,0364351300,"12 WRAGG ST CNR FALMOUTH ST, SOMERSET"
03643132X2,0364311899,"91 PAYNE ST , ACTON"
03579904X1,0357990939,"13 WALLIS ST CNR BISHOP ST, SEYMOUR"
03549990Y2,0354999244,"3881 SUNRYASIA HWY OPP WAR MEMORIAL, STUART MILL"
03546721X2,0354672214,"23 BROOKE ST NR GREEN LANE, MOONAMBEL"
03549350X2,0354935230,"20 CALDER HWY NR POST OFFICE, NULLAWIL"
03546770X2,0354677214,"82 NAVARRE ST NR CEMETARY RD, REDBANK"
03545720X2,0354572200,"4 DANSON ST , MURRABIT"
03582111X2,0358215548,"0 MACINTOSH ST CNR ARCHER ST, SHEPPARTON"
03582110X2,0358215673,"15 KING ST NR GLOUCESTER ST, SHEPPARTON"
03535740X2,0353574210,"39 HIGH ST NR ESCOURT ST, NAVARRE"
03534280X2,0353428601,"2069 GLENELG HWY O/S POST OFFICE, SCARSDALE"
03535030X2,0353503278,"56 WALKER ST , WICKLIFFE"
03559953X2,0355995209,"2164 MORTLAKE-ARARAT RD , WOORNDOO"
03552952X2,0355295201,"114 WINDHAM ST O/S STORE, NARRAWONG"
03502600X2,0350260262,"3668 HATTAH-ROBINVALE RD WEMEN STORE, WEMEN"
03502137X2,0350214602,"174 FIFTH ST POST OFFICE, NICHOLS POINT"
03508200X2,0350824288,"8 CHAMBERLAIN ST OS SERVICE STATION, SPEED"
03502810X2,0350281206,"5537 MILLEWA RD POST OFFICE, WERRIMULL"
02979240X2,0297923684,"64 BEACONSFIELD ST GREENWAY PDE, REVESBY"
02677590X2,0267759150,"1 EBOR ST O/S SERV STATION, EBOR"
07553169X2,0755316172,"28 STANHILL DRV CNR THOMAS DVE, SURFERS PARADISE"
08852303X2,0885233485,"81 MURRAY ST , GAWLER"
03840102X1,0384013165,"393 MCDONALDS RD SOUTH MORANG RAIL, SOUTH MORANG"
03965467X2,0396544808,"26 ELIZABETH ST TRAM TERMINUS, MELBOURNE"
02923225X2,0292325793,"118 KING ST O/S MLC CTR ENTRY, SYDNEY"
08897509Y2,0889750742,"66 BUNTINE HWY STORE, KLKRNJI"
02473107X2,0247312965,"10 THE CRESCENT  NR BLAXLAND RD, PENRITH"
02462838X2,0246281150,"2 CORDEAUX ST IN PARK, CAMPBELLTOWN"
02462701X2,0246275943,"3 FARROW RD CAMPBELLTOWN RWS, CAMPBELLTOWN"
02462830X2,0246280806,"PLATFM 1 9 O'SULLIVAN RD LEUMEAH RLWY STN, LEUMEAH"
02462829X2,0246280821,"PLATFM 2 9 O'SULLIVAN RD LEUMEAH RLWY STN, LEUMEAH"
02463382X2,0246338183,"73 RACECOURSE AVE OS RAILWAY STATION, MENANGLE PARK"
02638360X2,0263836200,"1313 MONTEAGLE RD CNR THISTLE ST, MONTEAGLE"
02638215X2,0263825563,"86 ALLANAN ST O/S DIST HOSPITAL, YOUNG"
02634480X2,0263448305,"40 MAIN ST OPP MEMORIAL PARK, GOOLOOGONG"
02634534X2,0263453408,"4339 OLYMPIC HWY OPP HOTEL, KOORAWATHA"
02634508X9,0263450814,"2891 REG HAILSTONE WAY SRA AT KIOSK, WYANGALA"
02689690X2,0268969801,"59 YARRAN ST NR PARK, NARADHAN"
02688870X2,0268887400,"10 DANDALOO ST NARROMINE ST, TRANGIE"
02688220X2,0268823521,"110 DARLING ST NR TALBRAGER ST, DUBBO"
02962322X2,0296237498,"64 HEWITT ST COLYTON SHOPPING C, COLYTON"
02697704X2,0269772841,"101 KITCHENER RD CNR HOSKINS ST, TEMORA"
02697570X2,0269757209,"44 TALLIMBA RD O/S POST OFFICE, TALLIMBA"
02697250X2,0269725210,"3 BENA ST NR MYALL ST, BURCHER"
02693307X1,0269331032,"460 VALDER WAY NR PHONE HUT, CHLS STRT UNI"
02696205X2,0269622321,"100 COOLAH ST ADJ TO SHOP, GRIFFITH"
02696416X2,0269641015,"80 KOOYOO ST OS POST OFFICE, GRIFFITH"
02696812X2,0269681401,"33 MIRROOL AVE OPP DIGGERS CLUB, YENDA"
07405522X2,0740552204,"240 KAMERUNGA RD OS RAIL STATION, FRESHWATER"
07406530X2,0740653109,"1712 INNISFAIL JAPOON RD S OF MENA CREEK RD, MENA CREEK"
07409580X2,0740958102,"3 TINAROO FALLS DAM RD CNR LAMB ST, TINAROO"
07409860X2,0740986222,"1 STEWART ST OPP CARAVAN PARK, DAINTREE"
07406994X2,0740699676,"1 BOUNDRY RD OPP SERV/STN, ROCKY POINT"
07467620X1,0746762434,"33351 NEWELL HWY NR MCCOSKER ST, BOGGABILLA"
03953123X2,0395318366,"77 MITFORD ST CNR BROADWAY, ELWOOD"
07544632X2,0754463649,"1779 DAVID LOW WAY NR S.L.S.C, COOLUM BEACH"
07415913X2,0741591339,"102 WOONGARRA SCENIC DRV CARLYLE GARDENS, BARGARA"
02988806X2,0298883891,"13 PLASSEY RD OS LANE COVE C/PRK, MACQUARIE PARK"
02686930X2,0268693241,"0 NEWELL HWY O/S DICKEN PARK, TOMINGLEY"
02429411X2,0242941165,"28 PATERSON RD LOWER COALCLIFF, COALCLIFF"
03526700X2,0352672100,"29 MAIN ST CNR HESSE ST, WINCHELSEA"
08895683Y7,0889568596,"0 WARREN CREEK  10KM W MT LIEBIG, LAKE MACKAY"
08937810X2,0893781947,"83 IVANHOE ST NR WALTER RD, EDEN HILL"
08837907X2,0883791648,"179 GLEN OSMOND RD NR MAIN AVE, FREWVILLE"
03527502X1,0352754159,"83 PURNELL RD CORIO SHOP CENTRE, CORIO"
02977103X2,0297711262,"112 ST GEORGES CRS NR BINGARA CRES, SANDY POINT"
07544823X2,0754482713,"2197 DAVID LOW WAY CNR JABIRU ST, PEREGIAN BEACH"
03624406X2,0362442576,"4 LOWER RIVER ST OS PARK, BELLERIVE"
08895695Y8,0889569816,"COMM  3 AAKI PL PMARA JUTJUNTA, ANMTJRE"
07328723X2,0732873926,"112 CITY RD N OF GEORGE ST, BEENLEIGH"
02964650X2,0296465276,"284 CUMBERLAND RD NEAR ALBERT RD, AUBURN"
07416815X2,0741687100,"1 BERNER RD NR BURNETT HWY, TANSEY"
07416308X2,0741630200,"82 MUIR ST , BLACKBUTT"
02629109X2,0262910309,"0 CLIFT CRS CNR MAY GIBBS CL, RICHARDSON"
02645461X2,0264546300,"34 BOMBALA ST TELEPHONE EXCHANGE, NIMMITABEL"
02983708X2,0298372591,"0 RAILWAY RD QUAKERS HILL RWS, QUAKERS HILL"
08821208X2,0882123898,"0 KING WILLIAM ST O/S FESTIVAL THTRE, ADELAIDE"
08822316X2,0882235321,"0 PULTENEY ST NR HURTLE SQ, ADELAIDE"
08826837X2,0882688654,"40 DAVID TCE , WOODVILLE PARK"
08826843X2,0882686365,"21 FOURTH AVE , WOODVILLE GARDENS"
08834111X2,0882403115,"0 GRAND JUNCTION RD OPP PLAYGROUND, OTTOWAY"
08844728X2,0884475521,"17 MILBURN ST , OTTOWAY"
08844904X2,0884495565,"0 ESPLANADE  OPP TIME BALL TOWR, SEMAPHORE"
08844912X2,0884499654,"46 HART ST , SEMAPHORE SOUTH"
08824201X2,0882423064,"2 BARTLEY TCE O/S BARTLEY TCE SC, WEST LAKES SHORE"
08826850X2,0882688365,"2 PIONEER ST NR TRIMMER PDE, SEATON"
08836703X2,0883675137,"0 WINDSOR GR O/S LINEAR PK P/G, WINDSOR GARDENS"
08826423X2,0882647054,"0 NELSON RD NR BUS STOP 47A, PARA VISTA"
08825836X2,0882585698,"0 BRADMAN RD OPP PARK, PARAFIELD GARDENS"
08828112X2,0882818730,"0 ANNE ST NR BUS SHELTER, SALISBURY"
08828005X2,0882806448,"0 FOOKS TCE O/S BEACH HOTEL, SALISBURY"
08836221X2,0883621799,"2 PHILLIS ST O/S MAYLANDS PLAZA, MAYLANDS"
08826709X2,0882674910,"0 CHILDERS ST O/S CINEMA, NORTH ADELAIDE"
08835219X2,0883523309,"1 DOUGLAS ST O/S KOOYONG S/C, LOCKLEYS"
08835605X2,0883565098,"255 SEAVIEW RD HENLEY SQUARE, HENLEY BEACH"
08837102X2,0883713670,"0 TOWERS TCE OPP DUMBARTON RSRV, EDWARDSTOWN"
08837403X2,0883740179,"326 STURT DRV C/P 13 CAFETERIA, BEDFORD PARK"
08827603X1,0882767467,"326 STURT DRV FLINDERS UNI IT, BEDFORD PARK"
08835700X2,0883575371,"326 STURT DRV FLINDERS UNI LIB, BEDFORD PARK"
08829438X2,0882944765,"0 HOPE ST OPP PBLC LBRY, GLENELG"
08829434X2,0882942498,"134 PARTRIDGE ST CNR JETTY RD, GLENELG"
08897908Y7,0889790318,"6 MALNJANGARNAK STN REG NO.523, EAST ARNHEM"
08898728Y2,0889879103,"7 MAPURU OUTSTATION COMM , EAST ARNHEM"
08898738Y2,0889879359,"10 LANGARRA STN HOWARD ISLAND, EAST ARNHEM"
08894544X1,0889456827,"11 HENRY WRIGLEY DRV AIRPORT TERMINAL, EATN"
08892703X2,0889276532,"11 HENRY WRIGLEY DRV AIRPORT TERMINAL, EATN"
08894569X2,0889453689,"11 HENRY WRIGLEY DRV DEPATURES AREA, EATN"
08898709Y2,0889879127,"12 GURRUMURU COMM , EAST ARNHEM"
08897104Y2,0889710550,"16 ROCKHOLE RD ROCKHOLE CAMP, COSSACK"
08898799Y7,0889879911,"21 MILINGIMBI COMM BOTTOM CAMP, MILINGIMBI"
08894537X2,0889452045,"28 STAFF VILLAGE RD ROYAL DARWIN HOSP, TIWI"
08898790Y9,0889879056,"82 RIYALANYURA RD , GALIWINKU"
08897913Y1,0889790173,"118 MINJILANG COMM COUNCIL OFFICE, MINJILANG"
08897851Y2,0889785289,"267 BELYUEN RD DELISSAVILLE, BELYUEN"
08898733Y2,0889879059,"348 RIYALANYURA RD COUNCIL OFFICE, GALIWINKU"
08897953Y2,NONE,"400 MANINGRIDA COMM COUNCIL CHAMBERS, MANINGRIDA"
08897505Y2,0889750637,"446 NGURRPURLU ST NR WALAIGN RESOURC, LAJAMANU"
08897951Y1,0889795646,"447 BAWINANGA RESOURCE CNTR MANINGRIDA COMM, MANINGRIDA"
08898704Y2,0889879151,"5 MIRRNATJA RD MIRRNATJA OUT-STN, EAST ARNHEM"
03878200X1,0387820169,"31 MORETON BAY BLV LYNBROOK RWLY STN, LYNBRK"
03599614X2,0359961819,"5 SOUTH GIPPSLAND HWY CNR CRANBOURNE PL, CRANBOURNE"
03599615X2,0359961921,"16 LATROBE ST CNR HOTHAM ST, CRANBOURNE"
03598524X2,0359856799,"1 CARMICHAEL ST CNR NEPEAN HWY, TOOTGAROOK"
03594281X2,0359428205,"2 ST JOSEPHS SQ , MARYKNOLL"
08884900X2,0888492024,"18 MAIN RD O/S INFO CNTR, AUBURN"
08856232X2,0885623675,"13 PENRICE RD O/S CARAVAN PARK, NURIOOTPA"
08852520X2,0885252024,"5 HANSEN ST OPP POST OFFICE, FREELING"
08856603X2,0885662024,"37 COGHILL ST O/S TENNIS COURTS, KAPUNDA"
08852441X2,0885244624,"1154 BAROSSA VALLEY HWY O/S CARAVAN PARK, LYNDOCH"
08832500X1,0883251736,"304 BAINS RD I/S WOODCROFT PK, WOODCROFT"
03965482X2,0396544117,"192 COLLINS ST , MELBOURNE"
03965448X2,0396544581,"179 COLLINS ST , MELBOURNE"
02975705X2,0297572269,"30 BULLS RD NEAR LOMOND ST, WAKELEY"
02979220X2,0297922590,"PLATFM 2 7 MARCO AVE RAILWAY STATION, REVESBY"
02974019X2,0297404185,"171 WATERLOO RD CNR JUNO PDE, GREENACRE"
02974043X2,0297409583,"0 MOONDANI RD NR KING GEORGES RD, BEVERLY HILLS"
02974300X2,0297436335,"8 CABARITA RD CNR FREDERICK ST, CONCORD"
02974338X2,0297436536,"PLATFM 1 0 BLAXLAND RD RHODES RLWY STN, RHODES"
02974345X2,0297437188,"48 DARGAN ST NR GLASSOP ST, YAGOONA"
02974346X2,0297437190,"0 WENTWORTH ST NR AUBURN RD, BIRRONG"
02974353X2,0297438510,"PLATFM 2 0 WELLINGTON RD SEFTON RLWY STN, SEFTON"
02974400X2,0297447566,"PLATFM 5 166 BURWOOD RD BURWOOD RLWY STN, BURWOOD"
02974413X2,0297447377,"PLATFM 6 166 BURWOOD RD BURWOOD RLWY STN, BURWOOD"
02974608X2,0297461980,"PLATFM 5&6 0 THE CRESCENT  HOMEBUSH RLWY STN, HOMEBUSH"
02974635X2,0297462129,"PLATFM 3 0 EVERTON RD STRATHFIELD RWS, STRATHFIELD"
02974802X2,NONE,"LOT 22 401 HOLKER ST SILVERWATER CORREC, SILVERWATER"
02974939X2,0297494285,"43 CUMBERLAND RD NR NORTHCOTE ST, AUBURN"
02974947X2,0297499572,"LVL 2 20 HARGRAVE ST AUBURN HOSP AE, AUBURN"
02975800X2,0297582591,"0 ETELA ST CNR BURWOOD RD, BELMORE"
02974013X2,0297404141,"0 ETELA ST CNR BURWOOD RD, BELMORE"
02976424X2,0297645583,"OSIDE RWS 0 MURRAY ROSE AVE NR SHOWGROUND RD, SYDNEY OLYMPIC PARK"
02979913X2,0297993298,"15 CHANDOS ST CNR CECIL ST, ASHFIELD"
02979915X2,0297995329,"2 GRIFFITHS ST NR NEW CANTERBURY, HURLSTONE PARK"
02979919X2,0297996960,"75 ALT ST NR CHARLOTTE ST, ASHFIELD"
03625951X2,0362595575,"18 PATRICK ST CNR WILLIAM ST, BOTHWELL"
02447201X2,0244729321,"1 EDWARD RD NR BEACH RD, BATEHAVEN"
03596253X2,0359625099,"OPP 5 24 ELEVA RD CNR CHUM CREEK RD, HEALESVILLE"
03596254X2,0359625959,"42 HARKER             E RD CNR HEALSVILLE RD, HEALESVILLE"
03979162X2,0397911949,"8 GLYNDA ST CNR WILLIAM AVE, DANDENONG"
03978314X2,0397696997,"135 BEACH ST CNR ROYLE  ST, FRANKSTON"
03959247X2,0395922099,"797 HAMPTON ST NR CNR DURRANT ST, BRIGHTON"
08838901X2,0883892219,"0 REDDEN DRV O/S MEMORIAL HALL, CUDLEE CREEK"
08856823X2,0885682554,"0 MELROSE ST OPP TALUNGA PARK, MT PLEASANT"
08852461X2,0885246424,"36 SPRINGTON RD NR CRVN PRK OFF, WILLIAMSTOWN"
08853624X2,0885362509,"0 CORONATION ST O/S FOOTBALL CLUB, STRATHALBYN"
08853702X2,0885370244,"0 WOODROW DRV ADJ JETTY CARPARK, MILANG"
08864622X2,0886462172,"0 IRON KNOB RD O/S KNOBBIES PRK, IRON KNOB"
08862803X2,0886280049,"0 CREEK RD OPP HOTEL, ARNO BAY"
08868880X2,0886888024,"0 PEDDLER ST O/S POST OFFICE, UNGARRA"
08864906X2,0886492109,"0 BEVAN CRS OPP COMM CNTR, WHYALLA STUART"
08868040X2,0886804024,"0 HUNT TCE O/S OLD INST BLDG, YANINEE"
08864360X2,0886436024,"30 SMOKER ST , STIRLING NORTH"
08865990X2,0886599024,"0 MAIN ST NR MORCHARD STORE, MORCHARD"
08866402X2,0886641278,"0 AYR ST OPP HOTEL, JAMESTOWN"
08863440X2,0886344024,"0 NORTH TCE O/S EXCHANGE, NAPPERBY"
08863302X2,0886332647,"0 NORMAN ST O/S ST JOSEPH HSE, PORT PIRIE"
08882525X2,0888252467,"0 VERRAN TCE O/S SWEET SHOP, MOONTA MINES"
03965418X2,0396542406,"247 COLLINS ST NR MANCHESTER LN, MELBOURNE"
02943830X2,0294382632,"90 CHRISTIE ST CRN CHRISTIE LANE, ST LEONARDS"
02931423X2,0293146480,"149 BARKER ST PWH BARKER ENTRANC, RANDWICK"
08835501X1,0883554001,"445 TAPLEYS HILL RD FULHAM GARDENS SC, FULHAM GARDENS"
02447352X2,0244735302,"9 GULPH ST NR BELOWRA RD, NERRIGUNDAH"
03948243X2,0394824309,"720 NICHOLSON ST NR SCOTCHMER ST, FITZROY NORTH"
03578610X2,0357861200,"2 WHITTLESEA - KINGLA RD , KINGLAKE"
02433437X2,0243341386,"10 THOMPSON ST CNR THE ENTRNCE RD, LONG JETTY"
02433401X2,0243341008,"405 THE ENTRANCE ROAD  , LONG JETTY"
02998114X2,0299812365,"60 WARRINGAH RD NR MAY RD, NARRAWEENA"
08897900Y7,0889790239,"84 WARRUWI INTERNAL  TOP CAMP, WARRUWI"
08897909Y2,0889790238,"174 WARRUWI INTERNAL  WARRUWI STORE, WARRUWI"
08897904Y7,0889790241,"53 WARRUWI INTERNAL  COUNCIL, WARRUWI"
02645330X2,0264533287,"78 MCLEAN ST NR COOMA ST, NUMERALLA"
03975212X2,0397526327,"1704 BURWOOD HWY NR POST OFFICE, BELGRAVE"
02974366X2,0297437167,"83 MILLER RD CNR GURNEY RD, CHESTER HILL"
02696460X2,0269646796,"82 BANNA AVE OPP SUPRMKT ENTR, GRIFFITH"
02656321X2,0265632004,"0 BOWKER AVE OS ADMINISTRATION, LORD HOWE ISLAND"
08855650X1,0885565424,"15 PRIDHAM BLV O/S SHPNG CNTR, ALDINGA BEACH"
08859801X2,0885980203,"5 COLE RD O/S DELAMERE P/O, DELAMERE"
08855531X2,0885553024,"130 LIVERPOOL RD OPP BEDFORD PARK, GOOLWA NORTH"
08858823X2,0885882607,"0 LAKESIDE DRV I/S CARAVAN PARK, BARMERA"
08858460X2,0885846829,"0 GRANT SCHUBERT DRV NR LIONS PICNIC PK, LOXTON"
08858474X2,0885847218,"141 PARUNA RD CNR BETTY RD, LOXTON"
08854124X2,0885412632,"44 PEAKE TCE O/S HOLIDAY PARK, WAIKERIE"
08855323X2,0885532324,"0 THRID ST O/S TOURIST PRK, BROWNLOW"
08897970Y2,0889797984,"8 RAMINGINING COMM RESOURCE CENTRE, RAMINGINING"
08897923Y2,0889790307,"3 JIMARDA COMM , WEST ARNHEM"
08897925Y2,0889790313,"3 YILAN OUTSTATION COMM , WEST ARNHEM"
08897582Y1,0889758854,"3 RYANS BEND STORE COMM TGUNGARI, MCARTH"
08897820Y8,0889782768,"33 EMU POINT STN , NMRLK"
08898793Y9,NONE,"3 WALKER RIVER COMM VIA NUMBULWAR, NUMBURINDI"
08897542Y2,NONE,"3 WUYAGIBA OUTSTATION COMM , NUMBURINDI"
08897821Y8,0889782870,"3 BULGUL OUTSTATION COMM , RAKULA"
08897900Y1,0889790384,"3 WULKABIMIRRI STN , RAMINGINING"
08897902Y2,0889790321,"3 YATHALAMARRA STN , RAMINGINING"
08897820Y2,0889782697,"3 NADIRRI COMM VIA PEPPIMENARTI, THAMARRURR"
08897934Y2,0889790314,"3 GUMARRINBANG STN OUTSTATION, WEST ARNHEM"
08897905Y8,0889790432,"3 ANKABADBIRRI COMM OUTSTATION, WEST ARNHEM"
08897905Y7,0889790315,"3 MAMADAWERRE STN OUTSTATION, WEST ARNHEM"
08897922Y2,0889790304,"3 GOCHAN JINY-JIRRA COMM REG319, WEST ARNHEM"
08897906Y2,0889790309,"3 GAMARGAWAN OUTSTATION COMM , WEST ARNHEM"
08897931Y2,0889790327,"3 MANKORLOD  OUTSTATION COMM , WEST ARNHEM"
08897906Y7,0889790316,"3 MANMOYI COMM , WEST ARNHEM"
08897930Y2,0889790326,"3 YIKARRAKKAL OUTSTATION COMM , WEST ARNHEM"
08897904Y8,0889790426,"3 KURULDU OUTSTATION COMM , WEST ARNHEM"
08897902Y8,0889790398,"3 KAKODBABULDI OUTSTATION COMM , WEST ARNHEM"
08897926Y2,0889790322,"3 MUMEKA OUTSTATION COMM , WEST ARNHEM"
08897933Y2,0889790338,"3 JI-BALBAL STN , WEST ARNHEM"
08897932Y2,0889790328,"3 GAMARDI OUTSTATION COMM , WEST ARNHEM"
08897901Y1,0889790021,"3 GUDJERBINJ OUTSTATION COMM , WEST ARNHEM"
08897900Y8,0889790310,"3 MARRKOLIDBAN OUTSTATION COMM , WEST ARNHEM"
08897924Y2,0889790312,"3 WURDEJA OUTSTATION COMM , WEST ARNHEM"
08897908Y1,0889790019,"3 JIBENNA COMM , WEST ARNHEM"
08897904Y1,0889790337,"3 MARLWON STN , WEST ARNHEM"
08897908Y2,0889790736,"3 JI-MALAWA OUTSTATION COMM , WEST ARNHEM"
08897742Y1,0889774076,"1 BAGHETTI STN , BLMN WML"
08897545Y1,0889754982,"1 MOBUN COMM MOBUN BLUEWATER OS, GLNG MRDRLK"
08897592Y7,0889759827,"1 WANDANGULA COMM , MCARTH"
08897909Y7,0889790320,"1 NGANGALALA COMM OUTSTATION, RAMINGINING"
08897544Y9,0889754700,"314 BARUNGA COMM SUNRISE AREA, BARNGA"
08897506Y2,0889750646,"281 LAJAMANU COMM TOP CAMP, LAJAMANU"
08897830Y2,0889783935,"519 PIRLANGIMPI COMM , PIRLANGIMPI"
08897828Y2,0889782412,"129 DALY RIVER VILLAGE COMM O/S MISSION HOSPTL, NAUIYU"
08897829Y2,0889782432,"124 DALY RIVER VILLAGE COMM O/S MISSION STORE, NAUIYU"
08897824Y7,0889782311,"107 PALUMPA COMM NR MEETING AREA, NGANMARRIYANGA"
08897821Y7,0889782620,"101 DALY RIVER VILLAGE COMM NR MISSION SCHOOL, NAUIYU"
08897827Y1,0889782437,"74 PALUMPA COMM , NGANMARRIYANGA"
08897508Y2,0889750954,"49 DAGURAGU COMM ON MAIN STREET, DGRGU"
08897833Y1,0889783736,"42 WURANKUWU COMM , TIWI ISLANDS"
08897826Y7,0889782365,"36 PEPPIMENARTI COMM NEAR SCHOOL, PEPPIMENARTI"
08897547Y2,0889754704,"23 WEEMOL COMM REG654, BLMN WML"
08897825Y7,0889782354,"15 PEPPIMENARTI COMM O/S NEW CLUB, PEPPIMENARTI"
08897510Y1,0889751093,"12 INNESVALE HOMESTEAD COMM MENNEGEN COMM, BRDSHW"
08916879Y2,NONE,"3 BUBBLE SPRINGS COMM KEEP RIVER NAT PK, BAINES"
08916782Y2,0891678834,"45 AMANBIDJI COMM , BAINES"
02655401X2,0265540301,"4451 THE LAKES WAY , TIONA"
02928007X2,0292804875,"161 HARBOUR ST CNR HAY ST, HAYMARKET"
08930101X1,0893010247,"45 CANDLEWOOD BLV CANDLEWOOD VILLAGE, JOONDALUP"
02980916X2,0298093717,"6 RHODES ST , MEADOWBANK"
02931075X2,0293105875,"44 BOTANY RD CNR HENDERSON RD, ALEXANDRIA"
02931073X2,0293105867,"68 LAWSON ST CNR GIBBONS ST O/S, REDFERN"
02925241X2,0292529643,"21 BRIDGE ST CNR GRESHAM ST, SYDNEY"
02927937X2,0292792563,"0 ERSKINE ST NR 66 CLARENCE ST, SYDNEY"
02927939X2,0292792754,"4 YORK ST CNR WYNYARD ST, SYDNEY"
02922336X2,0292234957,"39 CASTLEREAGH ST NEAR MARTIN PLACE, SYDNEY"
02926911X2,0292690674,"1 PARK ST CNR GEORGE ST, SYDNEY"
02923232X2,0292529235,"121 MACQUARIE ST CNR BRIDGE ST, SYDNEY"
02972636X2,0297268627,"25 VILLAWOOD PL O/S VILLAWOOD S/C, VILLAWOOD"
03514408X2,0351444133,"70 DESAILLY ST OS POST OFFICE, SALE"
03515414X2,0351541766,"8 LOCHIEL RD O/S CARAVAN PARK, ORBOST"
03515911X2,0351591307,"106 DAY AVE CNR PARK ST, OMEO"
03568601X2,0356862400,"11 BOWEN ST NR FISHERMANS WAY, PORT FRANKLIN"
03562890X2,0356289500,"4 BENNETT ST NR MT BAW BAW T/RD, NOOJEE"
03576320X2,0357632201,"137 HIGH ST CNR PALMERSTON ST, BADDAGINNIE"
03575600X2,0357562359,"9 NICHOLSON ST , POREPUNKAH"
03542530X2,0354253139,"0 KYNETON-HEATHCOTE RD CNR LYELL RD, REDESDALE"
03548422X2,0354842105,"8 GEORGE ST NR EDWARD ST, ROCHESTER"
03535690X2,0353569300,"36 BURKE ST O/S POST OFFICE, LANDSBOROUGH"
03502200X1,0350228071,"216 ONTARIO AVE BASE HOSP FOYER, MILDURA"
08828117X1,0882815354,"12 PARK TCE SALISBURY RAILWAY, SALISBURY"
08828116X1,0882810332,"12 PARK TCE SALISBURY RAILWAY, SALISBURY"
08855652X2,0885565086,"161 ESPLANADE  IN SEAVIEW ST, ALDINGA BEACH"
02881400X2,0288149902,"2 MAIN ST NR PATRICK ST, BLACKTOWN"
02983125X2,0298311894,"2 MAIN ST NR PATRICK ST, BLACKTOWN"
02962109X2,0296212470,"2 MAIN ST NR PATRICK ST, BLACKTOWN"
02962108X2,0296212340,"2 MAIN ST NR PATRICK ST, BLACKTOWN"
03513400X1,0351346259,"9 VILLAGE AVE I/S CARAVAN PARK, TRARALGON"
03517426X2,0351747700,"1 MURPHY CRS NR STUART ST, TRARALGON"
03517403X2,0351747499,"31 BARKERS CRS OS SHOPS, TRARALGON"
03566371X2,0356637251,"126 JUPITER BLV OS PARK, VENUS BAY"
03575443X2,0357544401,"61 KIEWA VALLEY HWY NR COOPER ST, TAWONGA"
03579221X2,0357921673,"12 MAIN RD , TALLAROOK"
03542321X2,0354232300,"120 HIGH ST NR JACKSON ST, TARADALE"
02991301X2,0299132232,"54 GARDEN ST CNR POWDERWORKS RD, NORTH NARRABEEN"
02991310X2,0299132454,"65 KALANG RD NR POWDERWORKS RD, ELANORA HEIGHTS"
02992215X2,0299227632,"101 BLUES POINT RD CNR E CRES ST, MCMAHONS POINT"
02993805X2,0299383962,"27 BRIDGE RD NEAR CROWN RD, QUEENSCLIFF"
02993810X2,0299383770,"510 PITTWATER RD NEAR CORRIE RD, NORTH MANLY"
02993819X2,0299381364,"61 WATTLE RD OPP MITCHELL RD, NORTH MANLY"
02993820X2,0299381715,"44 KENTWELL RD CNR ORARA RD, ALLAMBIE HEIGHTS"
02993821X2,0299381956,"142 PITT RD OPP ROSS ST, NORTH CURL CURL"
02994901X2,0299496879,"179 BALGOWLAH RD CNR CONDAMINE ST, BALGOWLAH"
03958429X2,0395841566,"69 BEACH RD , MENTONE"
03533605X2,0353361954,"216 ALBERT ST O/S SUPERMARKET, SEBASTOPOL"
08897544Y7,0889754911,"HOUSE  51 JILKMINGGAN COMM ELSEY STN, MATARANKA"
08897540Y7,0889754799,"HOUSE  7 JILKMINGGAN COMM ELSEY STN, MATARANKA"
03942919X2,0394292873,"320 CHURCH ST NR DARLINGTON PDE, RICHMOND"
08829503X2,0882952386,"63 OAKLANDS RD AFTER MURIEL AVE, SOMERTON PARK"
08995520X2,0899552040,"24576 BRAND HWY WESTERN FLORA C/P, ARROWSMITH"
02954027X2,0295404532,"593 KINGSWAY  OPP WESTFIELDS, MIRANDA"
07478480X2,0747848104,"8 LANDS RD , GUMLU"
08885450X2,0888545124,"0 BAYVIEW RD CRVN PRK ENT, POINT TURTON"
08886600X2,0888662244,"0 FRANCES TCE O/S COMM HALL, LOCHIEL"
08886705X2,0888671309,"0 PRINCES HWY O/S GENERAL STORE, PORT WAKEFIELD"
08882400X2,0888242263,"0 HIGH ST O/S LUNCH BAR, ALFORD"
08882309X2,0888233775,"0 OWEN TCE O/S CENTENARY SQ, WALLAROO"
08882530X2,0888253124,"0 BAY RD I/S SPLASH TOWN, MOONTA BAY"
08876510X2,0887651024,"0 SECOND ST NR GNRL STR & PO, FRANCES"
08876420X2,0887642120,"41 ANGUS ST , KYBYBOLITE"
08875503X2,0887553012,"0 HERITAGE ST OPP CARRIE'S CTG, KEITH"
08875504X2,0887553016,"0 NARACOORTE RD O/S KEITH CRVN PRK, KEITH"
08875202X2,0887521032,"0 CANNAWIGARA RD O/S TATIARA POOL, BORDERTOWN"
08875206X2,0887521873,"0 DE COURSEY ST NEAR POST OFFICE, BORDERTOWN"
02684680X2,0268468291,"H/P  1000 MOOKERAWA RD MOOKERAWA WATERS, MOOKERAWA"
02963102X2,0296313410,"62 PENDLE WAY CNR MAGOWAR RD, PENDLE HILL"
02962000X2,0296201052,"1846 HORSLEY DRV NR HORSLEY RD, HORSLEY PARK"
03957122X2,0395716499,"100 WAVERLEY RD O/S MCDONALDS, MALVERN EAST"
03975505X2,0397551001,"82 MONBULK RD , KALLISTA"
03970103X2,0397015628,"12 KINGSCLERE AVE OS KINGSCLERE S/C, KEYSBOROUGH"
03978321X2,0397696497,"0 NEPEAN HWY NR BAY LN, FRANKSTON"
03978305X2,0397696117,"0 WELLS ST CNR 452 NEPEAN HWY, FRANKSTON"
03977003X2,0397696759,"161 MCMAHONS RD OS JOHN PAUL COLL, FRANKSTON"
03978313X2,0397696004,"OPP 68 69 YOUNG ST OS FRANKSTON RWS, FRANKSTON"
03978100X2,0397696525,"OPP 68 69 YOUNG ST OS FRANKSTON RWS, FRANKSTON"
03978317X2,0397696238,"OPP 52 69 YOUNG ST OS FRANKSTON RWS, FRANKSTON"
03978919X2,0397897300,"143 WARRANDYTE RD CNR NORTH RD, LANGWARRIN"
08829601X2,0882964187,"66 JETTY RD , BRIGHTON"
02931304X7,0293138128,"111 ANZAC PDE NR DUKE ST, KENSINGTON"
03933802X2,0393380519,"97 BOWES AVE NR ROBERTS RD, AIRPORT WEST"
02921139X2,0292113981,"15 BROADWAY ST OS UTS NR HARRIS, ULTIMO"
08838000X1,0883809522,"556 KING RD VIRGINIA RES PARK, VIRGINIA"
07555600X2,0755560418,"58 WATERWAY DRV NR SHIPPER RD, COOMERA"
02948275X2,0294821168,"294 PEATS FERRY RD O/S POLICE STN, HORNSBY"
07553432X2,0755343405,"33 GUINEAS CREEK RD OS PINES SHOP CNTR, ELANORA"
07498102X2,0749810137,"988 RUBYVALE SAPPHIRE RD OS POST OFFICE, SPPHR CNTRL"
02954206X2,0295426547,"F BLK  1 PITT ST SUTHERLAND COLLEGE, LOFTUS"
02925125X2,0292517763,"0 ALFRED ST OPPOSITE PITT ST, SYDNEY"
08917214X1,0891722032,"3 QUARRY RD ROADHOUSE, WEDGEFIELD"
08932827X2,0893285266,"10 ANGOVE ST NR FITZGERALD ST, NORTH PERTH"
08972919X2,0897291400,"6 KING ST NR SOUTH WEST HWY, HARVEY"
03935051X2,0393503413,"8 VICTORIA ST VICTORIA MALL EAST, COBURG"
03935432X2,0393549421,"12 VICTORIA ST VICTORIA MALL WEST, COBURG"
03639540X2,0363954295,"70 KAROOLA RD , KAROOLA"
03638261X2,0363826201,"36 MAJOR ST , WEYMOUTH"
03635500X1,0363552358,"1 MAIN RD TOMAHAWK C/VAN PRK, TOMAHAWK"
03638211X9,0363821709,"14 SHAW ST , LEFROY"
02483570X2,0248357200,"22 RUGBY RD OPP SHOP, RUGBY"
02483700X2,0248373200,"0 PEELWOOD RD CNR MILL RD, LAGGAN"
02622624X2,0262262721,"72 LEAD ST CRN COMUR ST, YASS"
02694861X2,0269486171,"0 TUMBARUMBA RD NR COPPABELLA ST, CARABOST"
02472124X2,0247316303,"66 HENRY ST , PENRITH"
02689210X2,0268921001,"24 FORBES ST NEAR EAST STREET, TRUNDLE"
07552001X2,0755200719,"0 ELEVENTH AVE CNR 1228 G/CST HWY, PALM BEACH"
08947900X2,0894791548,"241 GT EASTERN HWY OPP GRANDSTAND RD, BELMONT"
02966530X2,0296653274,"1 VICAR ST CNR COOGEE BAY RD, COOGEE"
02931415X2,0293146152,"2 ST MARKS RD CNR FRENCHMANS RD, RANDWICK"
03989936X2,0398997981,"PLATFM 2 1 MAIN ST BOX HILL R/S, BOX HILL"
02926902X2,0292690657,"496 GEORGE ST O/S HILTON HTL, SYDNEY"
02926711X2,0292674352,"505 GEORGE ST O/S HOYTS, SYDNEY"
02923112X2,0292310039,"428 GEORGE ST DYMOCKS BUILDING, SYDNEY"
02926735X2,0292672372,"0 COLLEGE ST N/W CNR ELIZABETH, SYDNEY"
02928004X2,0292803643,"187 THOMAS ST CNR QUAY ST, HAYMARKET"
02926925X2,0292690634,"60 PARK ST O/S GLOBE BLDG/G, SYDNEY"
02921244X2,0292124921,"12 LEE ST BUS INT/RAILWAY SQ, CHIPPENDALE"
02928340X2,0292831583,"89 MARKET ST NR ELIZABETH ST, SYDNEY"
02922306X2,0292231427,"1 CASTLEREAGH ST CNR HUNTER ST, SYDNEY"
02923325X1,0292332364,"122 PITT ST CNR ROWE ST, SYDNEY"
02925103X2,0292517856,"5020 ALFRED ST NEAR PITT ST, SYDNEY"
02933110X2,0293313267,"52 WILLIAM ST CNR BOOMERANG PL, WOOLLOOMOOLOO"
02938007X2,0293804185,"1 WILLIAM ST O/S AUST MUSEUM, DARLINGHURST"
02936117X7,0293616695,"351 CROWN ST CNR ALBION ST, SURRY HILLS"
02938016X2,0293807453,"126 WILLIAM ST CNR BOURKE ST, WOOLLOOMOOLOO"
02972920X2,0297292364,"173 WHELLER ST PRAIRIEWOOD T-STN, BOSSLEY PARK"
02878601X2,0287861645,"697 BONNYRIGG AVE BONNYRIGG TWAY STN, BONNYRIGG"
08902665X2,0890266174,"80 BAYLEY ST O/S PARK, COOLGARDIE"
07327100X2,0732713748,"27 KOKODA ST NR OWEN STANLEY PL, DARRA"
07337233X2,0733729728,"80 GLENALA RD NR ROSEMARY ST, INALA"
07416400X2,0741642281,"43 ALEXANDER ST NR FREDRICK ST, WOOROOLIN"
07467124X2,0746711766,"37 LAGOON ST NR BROOK ST, GOONDIWINDI"
07465421X9,0746541184,"0 PARTRIDGE ST OPP 37 PARTRIDGE, CHARLEVILLE"
02668607X2,0266867638,"0 PARK ST CNR HILL ST, EAST BALLINA"
02497800X2,0249781110,"1903 FREEMANS DRV OS UNITED SERV STN, FREEMANS WATERHOLE"
02649361X2,0264936633,"50 PRINCES HWY OS COBARGO CO-OP, COBARGO"
02695313X2,0269535614,"4 GIDGEE ST , LEETON"
03954000X1,0395403961,"268 SPRINGVALE RD I/S PLAZA, SPRINGVALE"
03975600X1,0397560163,"1202 BURWOOD HWY I/S PLAZA, UPPER FERNTREE GULLY"
03937204X2,0393722339,"372 RACECOURSE RD I/S PLAZA, FLEMINGTON"
03524310X2,0352435800,"53 NORTH VALLEY RD O/S IGA, HIGHTON"
03525401X2,0352542300,"62 HITCHCOCK AVE , BARWON HEADS"
03562781X2,0356278200,"34 MAIN ST , DARNUM"
03953702X2,0395371866,"69 ACLAND ST O/S RESTAURANT, ST KILDA"
03575202X2,0357521984,"117 MYRTLE ST NR PARK, MYRTLEFORD"
03543730X2,0354373003,"9 CALDER HWY I/S SHOPPING CNTR, BRIDGEWATER ON LODDON"
03582240X1,0358224729,"310 HIGH ST I/S SHOPPING CNTR, SHEPPARTON"
03582350X1,0358235675,"8025 GOULBURN VALLEY HWY I/S SHOPPING CNTR, KIALLA"
03538102X2,0353811254,"0 MAY PARK TCE NR PARK, HORSHAM"
08828406X1,0882842702,"600 MAIN NORTH RD SOUTH ENTRANCE, SMITHFIELD"
08825406X1,0882549205,"600 MAIN NORTH RD NORTH ENTRANCE, SMITHFIELD"
08856234X2,0885623679,"26 MURRAY ST O/S BANK OF SA, NURIOOTPA"
08919315X2,0891931803,"2 CLARENDON ST , DERBY"
08979183X2,0897916009,"5 CARMODY PL O/S VISITORS CNTR, BUNBURY"
08975733X2,0897573376,"100 BUSSELL HWY O/S IGA, MARGARET RIVER"
08985124X2,0898512806,"43 ALBANY HWY , MT BARKER"
08994907X1,0899494315,"564 MURAT RD , EXMOUTH"
02945600X2,0294561373,"1 TURNER RD OS BEROWRA VILLAGE, BEROWRA HEIGHTS"
07320201X1,0732021448,"17 BELL ST , IPSWICH"
08865000X1,0886505056,"7 BARRIER HWY MOBIL YUNTA, YUNTA"
08896218X7,0889621023,"1 PATERSON ST NR STANDLEY ST, TENNANT CREEK"
08895212X2,0889521253,"1 HEARNE PL NR TEETKENS AVE, BRTLNG"
08896222Y2,0889622845,"1 KARGARU TOWN CAMP  OFF STAUNTON ST, TENNANT CREEK"
08894834X2,0889481682,"2 FITZER DRV O/S MCDONALDS, LUDMILLA"
08898401X2,0889844970,"4 BERRIMAH RD O/S QUEST APARTMEN, BERRIMAH"
08898720X2,0889872307,"7 WESTALL ST , NHULUNBUY"
08895301Y2,0889538279,"15 YIPILIJAJI CRS WARLPIRI CAMP, BRTLNG"
08897581Y2,0889758756,"16 MARA COMM RESOURCE CENTRE, BORROLOOLA"
08918511X2,0891852101,"1 BAYLEY AVE KARRATHA AIRPORT, GAP RIDGE"
08916888Y2,0891688703,"3 LINGA COMM 40KM SE HALLS CRK, ORD RIVER"
08918310X2,0891831102,"6 NIELSON PL REAR SHOPING CTR, DAMPIER"
08919147Y2,0891914666,"8 NOONKANBAH COMM 90KM SW FX NR, MT HARDMAN"
08918412X2,0891841101,"10 DEEPDALE DRV NR PANNAWONICA DRV, PANNAWONICA"
08917647Y2,0891764939,"13 WARRALONG COMM 160 KM SE HEDLAND, MARBLE BAR"
08916810Y2,0891681207,"21 SPEARGRASS RD MIRIMA COMM, KUNUNURRA"
08919177Y9,0891917541,"23 NOONKANBAH COMM 90KM SW FX, MT HARDMAN"
08875320X2,0887532224,"0 RAILWAY TCE CNR OF GARNET AVE, WOLSELEY"
08876550X2,0887655024,"15 MEMORIAL DRV O/S GENERAL STORE, PADTHAWAY"
08876721X2,0887672098,"0 PRINCES HWY OPP BP STATION, KINGSTON SE"
08876727X2,0887672637,"0 PROMENADE ST O/S CARAVAN PARK, KINGSTON SE"
08873305X2,0887334432,"0 PARK TCE NR CARAVAN PARK, MILLICENT"
08873440X2,0887344024,"0 CHANT ST NR RAILWAY TCE, TANTANOOLA"
08872524X2,0887257032,"0 QUEENS AVE OPP ERLY LRNG CNTR, MT GAMBIER"
08873800X2,0887380024,"0 HERCULES ST NR CRPNTR RCKS RD, CARPENTER ROCKS"
