cabinet_id,phone_number,address,locality,state,postcode,latitude,longitude,fnn,phone_attributes,source
02921117X2,0292116991,815 GEORGE ST,HAYMARKET,NSW,2000,-33.882969,151.203805,,,Tasmania Government LIST Telstra Payphones layer
02921124X2,0292111059,393 SUSSEX ST,HAYMARKET,NSW,2000,-33.877981,151.204663,,,Tasmania Government LIST Telstra Payphones layer
02921125X2,0292111063,432 SUSSEX ST,HAYMARKET,NSW,2000,-33.878846,151.204917,,,Tasmania Government LIST Telstra Payphones layer
02921128X2,0292111087,102 HAY ST,HAYMARKET,NSW,2000,-33.879411,151.204313,,,Tasmania Government LIST Telstra Payphones layer
02921134X2,0292113851,24 CAMPBELL ST,HAYMARKET,NSW,2000,-33.879199,151.206446,,,Tasmania Government LIST Telstra Payphones layer
02921135X2,0292113854,412 PITT ST,HAYMARKET,NSW,2000,-33.878807,151.207288,,,Tasmania Government LIST Telstra Payphones layer
02921136X2,0448053933,75 ULTIMO RD,HAYMARKET,NSW,2000,-33.880313,151.204343,,,Tasmania Government LIST Telstra Payphones layer
02921137X2,0292113861,199 THOMAS ST,HAYMARKET,NSW,2000,-33.880947,151.203774,,,Tasmania Government LIST Telstra Payphones layer
02921161X2,0292113857,412 PITT ST,HAYMARKET,NSW,2000,-33.878807,151.207288,,,Tasmania Government LIST Telstra Payphones layer
02921202X2,0292123274,63 DIXON ST,HAYMARKET,NSW,2000,-33.878917,151.204082,,,Tasmania Government LIST Telstra Payphones layer
02921208X2,0292125004,1 EDDY AVE,HAYMARKET,NSW,2000,-33.882151,151.207098,,,Tasmania Government LIST Telstra Payphones layer
02921220X2,0292123296,62 DIXON ST,HAYMARKET,NSW,2000,-33.878308,151.204028,,,Tasmania Government LIST Telstra Payphones layer
02921236X2,0292125487,419 PITT ST,HAYMARKET,NSW,2000,-33.878612,151.207205,,,Tasmania Government LIST Telstra Payphones layer
02921238X2,0292126435,1 LEE ST,HAYMARKET,NSW,2000,-33.883083,151.204022,,,Tasmania Government LIST Telstra Payphones layer
02921240X2,0292127359,681 GEORGE ST,HAYMARKET,NSW,2000,-33.879884,151.205161,,,Tasmania Government LIST Telstra Payphones layer
02921242X2,0428457992,722 GEORGE ST,HAYMARKET,NSW,2000,-33.878914,151.20564,,,Tasmania Government LIST Telstra Payphones layer
02928004X2,0292803643,187 THOMAS ST,HAYMARKET,NSW,2000,-33.881523,151.203346,,,Tasmania Government LIST Telstra Payphones layer
02928007X2,0292804875,161 HARBOUR ST,HAYMARKET,NSW,2000,-33.879354,151.203504,,,Tasmania Government LIST Telstra Payphones layer
02928023X2,0292803192,223 THOMAS ST,HAYMARKET,NSW,2000,-33.879664,151.204609,,,Tasmania Government LIST Telstra Payphones layer
02928104X7,0292817773,1 EDDY AVE,HAYMARKET,NSW,2000,-33.884176,151.206264,,,Tasmania Government LIST Telstra Payphones layer
02928107X7,0292817776,1 EDDY AVE,HAYMARKET,NSW,2000,-33.884176,151.206264,,,Tasmania Government LIST Telstra Payphones layer
02928108X7,0292817778,1 EDDY AVE,HAYMARKET,NSW,2000,-33.882401,151.205966,,,Tasmania Government LIST Telstra Payphones layer
02928111X7,0292817782,1 EDDY AVE,HAYMARKET,NSW,2000,-33.884152,151.20749,,,Tasmania Government LIST Telstra Payphones layer
02928112X2,0447992908,790 GEORGE ST,HAYMARKET,NSW,2000,-33.881661,151.205848,,,Tasmania Government LIST Telstra Payphones layer
02928124X1,0292810695,1 EDDY AVE,HAYMARKET,NSW,2000,-33.883007,151.206999,,,Tasmania Government LIST Telstra Payphones layer
02928125X2,0292814390,800 GEORGE ST,HAYMARKET,NSW,2000,-33.88151,151.204734,,,Tasmania Government LIST Telstra Payphones layer
02928126X2,0292813494,1 EDDY AVE,HAYMARKET,NSW,2000,-33.882401,151.205966,,,Tasmania Government LIST Telstra Payphones layer
02928143X2,0292810690,1 EDDY AVE,HAYMARKET,NSW,2000,-33.883007,151.206999,,,Tasmania Government LIST Telstra Payphones layer
02928145X7,0292819617,59 GOULBURN ST,HAYMARKET,NSW,2000,-33.877985,151.206593,,,Tasmania Government LIST Telstra Payphones layer
02928146X2,0292810697,1 EDDY AVE,HAYMARKET,NSW,2000,-33.883007,151.206999,,,Tasmania Government LIST Telstra Payphones layer
02928147X2,0292810698,1 EDDY AVE,HAYMARKET,NSW,2000,-33.883007,151.206999,,,Tasmania Government LIST Telstra Payphones layer
02928154X7,0292813569,40 CAMPBELL ST,HAYMARKET,NSW,2000,-33.87947,151.207629,,,Tasmania Government LIST Telstra Payphones layer
02928157X7,0292817451,217 THOMAS ST,HAYMARKET,NSW,2000,-33.880081,151.204337,,,Tasmania Government LIST Telstra Payphones layer
02928161X7,0292819715,408 SUSSEX ST,HAYMARKET,NSW,2000,-33.878253,151.204804,,,Tasmania Government LIST Telstra Payphones layer
02928162X7,0292818604,841 GEORGE ST,HAYMARKET,NSW,2000,-33.883665,151.202951,,,Tasmania Government LIST Telstra Payphones layer
02928163X2,0428495176,73 DIXON ST,HAYMARKET,NSW,2000,-33.879136,151.204117,,,Tasmania Government LIST Telstra Payphones layer
02928165X2,0292813684,1 EDDY AVE,HAYMARKET,NSW,2000,-33.882401,151.205966,,,Tasmania Government LIST Telstra Payphones layer
02928169X2,0292813796,70 DIXON ST,HAYMARKET,NSW,2000,-33.87847,151.20407,,,Tasmania Government LIST Telstra Payphones layer
02928170X2,0292814009,1 EDDY AVE,HAYMARKET,NSW,2000,-33.882564,151.205985,,,Tasmania Government LIST Telstra Payphones layer
02928184X2,0429481799,615 GEORGE ST,HAYMARKET,NSW,2000,-33.877923,151.20566,,,Tasmania Government LIST Telstra Payphones layer
02928191X2,0292817753,1 EDDY AVE,HAYMARKET,NSW,2000,-33.885271,151.206451,,,Tasmania Government LIST Telstra Payphones layer
02925116X2,0292516391,114 KENT ST,MILLERS POINT,NSW,2000,-33.861211,151.2038,,,Tasmania Government LIST Telstra Payphones layer
02925117X2,0292516500,87 LOWER FORT ST,MILLERS POINT,NSW,2000,-33.8581,151.20554,,,Tasmania Government LIST Telstra Payphones layer
02925131X2,0292518166,ARGYLE ST,MILLERS POINT,NSW,2000,-33.858333,151.203808,,,Tasmania Government LIST Telstra Payphones layer
02921211X2,0292125070,1 LIVERPOOL ST,SYDNEY,NSW,2000,-33.876593,151.209754,,,Tasmania Government LIST Telstra Payphones layer
02922306X2,0292231427,1 CASTLEREAGH ST,SYDNEY,NSW,2000,-33.86632,151.20996,,,Tasmania Government LIST Telstra Payphones layer
02922308X2,0292231431,8 MACQUARIE ST,SYDNEY,NSW,2000,-33.86831,151.21237,,,Tasmania Government LIST Telstra Payphones layer
02922309X2,0292231443,16 O'CONNELL ST,SYDNEY,NSW,2000,-33.865322,151.209514,,,Tasmania Government LIST Telstra Payphones layer
02922313X2,0292232319,133 ELIZABETH ST,SYDNEY,NSW,2000,-33.870693,151.210542,,,Tasmania Government LIST Telstra Payphones layer
02922329X2,0292231282,50 ELIZABETH ST,SYDNEY,NSW,2000,-33.867745,151.210926,,,Tasmania Government LIST Telstra Payphones layer
02922332X2,0292231283,50 ELIZABETH ST,SYDNEY,NSW,2000,-33.867745,151.210926,,,Tasmania Government LIST Telstra Payphones layer
02922333X2,0292231280,50 ELIZABETH ST,SYDNEY,NSW,2000,-33.867745,151.210926,,,Tasmania Government LIST Telstra Payphones layer
02922336X2,0292234957,39 CASTLEREAGH ST,SYDNEY,NSW,2000,-33.868153,151.209769,,,Tasmania Government LIST Telstra Payphones layer
02922341X2,0437013754,99 ELIZABETH ST,SYDNEY,NSW,2000,-33.868197,151.212126,,,Tasmania Government LIST Telstra Payphones layer
02923103X1,0292312210,420 GEORGE ST,SYDNEY,NSW,2000,-33.869595,151.207604,,,Tasmania Government LIST Telstra Payphones layer
02923104X1,0292315432,420 GEORGE ST,SYDNEY,NSW,2000,-33.869595,151.207604,,,Tasmania Government LIST Telstra Payphones layer
02923105X2,0292316863,135 PHILLIP ST,SYDNEY,NSW,2000,-33.867685,151.211264,,,Tasmania Government LIST Telstra Payphones layer
02923110X2,0292314639,213 PITT ST,SYDNEY,NSW,2000,-33.870099,151.208267,,,Tasmania Government LIST Telstra Payphones layer
02923112X2,0292310039,428 GEORGE ST,SYDNEY,NSW,2000,-33.86985,151.20701,,,Tasmania Government LIST Telstra Payphones layer
02923208X2,0292328683,100 KING ST,SYDNEY,NSW,2000,-33.86881,151.20823,,,Tasmania Government LIST Telstra Payphones layer
02923209X2,0292328727,100 KING ST,SYDNEY,NSW,2000,-33.86881,151.20823,,,Tasmania Government LIST Telstra Payphones layer
02923212X2,0292326316,181 PITT ST,SYDNEY,NSW,2000,-33.868942,151.208304,,,Tasmania Government LIST Telstra Payphones layer
02923214X2,0428088327,80 CASTLEREAGH ST,SYDNEY,NSW,2000,-33.869877,151.209628,,,Tasmania Government LIST Telstra Payphones layer
02923215X2,0292326305,182 PITT ST,SYDNEY,NSW,2000,-33.870248,151.208239,,,Tasmania Government LIST Telstra Payphones layer
02923218X2,0292324541,150 PITT ST,SYDNEY,NSW,2000,-33.869134,151.208349,,,Tasmania Government LIST Telstra Payphones layer
02923220X2,0292328479,84 PITT ST,SYDNEY,NSW,2000,-33.866809,151.208607,,,Tasmania Government LIST Telstra Payphones layer
02923223X2,0292328948,68 PITT ST,SYDNEY,NSW,2000,-33.86579,151.20871,,,Tasmania Government LIST Telstra Payphones layer
02923225X2,0292325793,118 KING ST,SYDNEY,NSW,2000,-33.868962,151.209179,,,Tasmania Government LIST Telstra Payphones layer
02923230X2,0292323817,32 MARTIN PL,SYDNEY,NSW,2000,-33.867605,151.209508,,,Tasmania Government LIST Telstra Payphones layer
02923232X2,0292529235,121 MACQUARIE ST,SYDNEY,NSW,2000,-33.863492,151.212814,,,Tasmania Government LIST Telstra Payphones layer
02923233X2,0292324524,97 CASTLEREAGH ST,SYDNEY,NSW,2000,-33.870235,151.209523,,,Tasmania Government LIST Telstra Payphones layer
02923235X2,0455338694,3 ELIZABETH ST,SYDNEY,NSW,2000,-33.866171,151.210785,,,Tasmania Government LIST Telstra Payphones layer
02923249X2,0292326539,5 MARTIN PL,SYDNEY,NSW,2000,-33.867626,151.209029,,,Tasmania Government LIST Telstra Payphones layer
02923304X2,0292333084,388 GEORGE ST,SYDNEY,NSW,2000,-33.868473,151.207028,,,Tasmania Government LIST Telstra Payphones layer
02923305X2,0292330798,99 ELIZABETH ST,SYDNEY,NSW,2000,-33.869171,151.210338,,,Tasmania Government LIST Telstra Payphones layer
02923306X2,0292335526,400 GEORGE ST,SYDNEY,NSW,2000,-33.869069,151.207005,,,Tasmania Government LIST Telstra Payphones layer
02923308X2,0292334317,280 GEORGE ST,SYDNEY,NSW,2000,-33.865117,151.20735,,,Tasmania Government LIST Telstra Payphones layer
02923310X2,0292332840,42 HUNTER ST,SYDNEY,NSW,2000,-33.865829,151.209115,,,Tasmania Government LIST Telstra Payphones layer
02923312X2,0429587384,37 ELIZABETH ST,SYDNEY,NSW,2000,-33.86779,151.21067,,,Tasmania Government LIST Telstra Payphones layer
02923314X2,0455989276,135 PHILLIP ST,SYDNEY,NSW,2000,-33.867851,151.212205,,,Tasmania Government LIST Telstra Payphones layer
02923315X2,0448750345,48 MARTIN PL,SYDNEY,NSW,2000,-33.867914,151.212198,,,Tasmania Government LIST Telstra Payphones layer
02923317X2,0292331970,MARKET ST,SYDNEY,NSW,2000,-33.870698,151.208172,,,Tasmania Government LIST Telstra Payphones layer
02923325X1,0292332364,122 PITT ST,SYDNEY,NSW,2000,-33.868252,151.208425,,,Tasmania Government LIST Telstra Payphones layer
02924703X2,0292476842,10 SPRING ST,SYDNEY,NSW,2000,-33.864707,151.209036,,,Tasmania Government LIST Telstra Payphones layer
02924714X2,0292479781,CIRCULAR QY,SYDNEY,NSW,2000,-33.861076,151.212559,,,Tasmania Government LIST Telstra Payphones layer
02925103X2,0419533905,5020 ALFRED ST,SYDNEY,NSW,2000,-33.861425,151.209447,,,Tasmania Government LIST Telstra Payphones layer
02925104X2,0418725564,ALFRED ST,SYDNEY,NSW,2000,-33.861434,151.209902,,,Tasmania Government LIST Telstra Payphones layer
02925109X2,0292517732,ALFRED ST,SYDNEY,NSW,2000,-33.86152,151.210599,,,Tasmania Government LIST Telstra Payphones layer
02925110X2,0455729587,1 ALFRED ST,SYDNEY,NSW,2000,-33.861497,151.210345,,,Tasmania Government LIST Telstra Payphones layer
02925114X2,0292516045,2 MACQUARIE ST,SYDNEY,NSW,2000,-33.857228,151.214555,,,Tasmania Government LIST Telstra Payphones layer
02925120X2,0292517633,ALFRED ST,SYDNEY,NSW,2000,-33.861583,151.211393,,,Tasmania Government LIST Telstra Payphones layer
02925125X2,0292517763,ALFRED ST,SYDNEY,NSW,2000,-33.861344,151.209401,,,Tasmania Government LIST Telstra Payphones layer
02925136X2,0448672061,172 GEORGE ST,SYDNEY,NSW,2000,-33.861343,151.208265,,,Tasmania Government LIST Telstra Payphones layer
02925138X2,0292516683,1 BRIDGE ST,SYDNEY,NSW,2000,-33.863595,151.207584,,,Tasmania Government LIST Telstra Payphones layer
02925209X2,0292522053,11 GROSVENOR ST,SYDNEY,NSW,2000,-33.863364,151.20674,,,Tasmania Government LIST Telstra Payphones layer
02925211X2,0292522391,151 MACQUARIE ST,SYDNEY,NSW,2000,-33.865652,151.212506,,,Tasmania Government LIST Telstra Payphones layer
02925236X2,0292529194,30 BOND ST,SYDNEY,NSW,2000,-33.864643,151.208755,,,Tasmania Government LIST Telstra Payphones layer
02925241X2,0292529643,21 BRIDGE ST,SYDNEY,NSW,2000,-33.863617,151.209462,,,Tasmania Government LIST Telstra Payphones layer
02925244X2,0292525761,273 GEORGE ST,SYDNEY,NSW,2000,-33.864748,151.20737,,,Tasmania Government LIST Telstra Payphones layer
02925246X2,0292529724,34 GROSVENOR ST,SYDNEY,NSW,2000,-33.863329,151.207355,,,Tasmania Government LIST Telstra Payphones layer
02925250X2,0292529897,259 GEORGE ST,SYDNEY,NSW,2000,-33.86428,151.20737,,,Tasmania Government LIST Telstra Payphones layer
02925252X2,0292529075,50 BRIDGE ST,SYDNEY,NSW,2000,-33.863271,151.211836,,,Tasmania Government LIST Telstra Payphones layer
02925254X2,0292528208,CIRCULAR QY,SYDNEY,NSW,2000,-33.86128,151.212187,,,Tasmania Government LIST Telstra Payphones layer
02925260X2,0455672578,20 MARTIN PL,SYDNEY,NSW,2000,-33.86751,151.20864,,,Tasmania Government LIST Telstra Payphones layer
02926101X2,0292613896,370 PITT ST,SYDNEY,NSW,2000,-33.877314,151.207714,,,Tasmania Government LIST Telstra Payphones layer
02926106X1,0292614214,464 KENT ST,SYDNEY,NSW,2000,-33.873471,151.205793,,,Tasmania Government LIST Telstra Payphones layer
02926107X1,0292614235,464 KENT ST,SYDNEY,NSW,2000,-33.873471,151.205793,,,Tasmania Government LIST Telstra Payphones layer
02926109X2,0292612512,542 GEORGE ST,SYDNEY,NSW,2000,-33.873455,151.207005,,,Tasmania Government LIST Telstra Payphones layer
02926111X2,0292612793,40 PARK ST,SYDNEY,NSW,2000,-33.87314,151.208371,,,Tasmania Government LIST Telstra Payphones layer
02926121X2,0292614109,320 SUSSEX ST,SYDNEY,NSW,2000,-33.875139,151.204443,,,Tasmania Government LIST Telstra Payphones layer
02926126X2,0292614523,483 GEORGE ST,SYDNEY,NSW,2000,-33.873235,151.20683,,,Tasmania Government LIST Telstra Payphones layer
02926128X2,0292614528,483 GEORGE ST,SYDNEY,NSW,2000,-33.873288,151.20713,,,Tasmania Government LIST Telstra Payphones layer
02926147X2,0292615853,1 ZOLNER CCT,SYDNEY,NSW,2000,-33.877338,151.201622,,,Tasmania Government LIST Telstra Payphones layer
02926148X2,0292615942,1 ZOLNER CCT,SYDNEY,NSW,2000,-33.877463,151.201944,,,Tasmania Government LIST Telstra Payphones layer
02926400X2,0292641283,483 GEORGE ST,SYDNEY,NSW,2000,-33.873288,151.20713,,,Tasmania Government LIST Telstra Payphones layer
02926401X2,0292649541,483 GEORGE ST,SYDNEY,NSW,2000,-33.873235,151.20683,,,Tasmania Government LIST Telstra Payphones layer
02926403X1,0292645838,133 CASTLEREAGH ST,SYDNEY,NSW,2000,-33.871492,151.209122,,,Tasmania Government LIST Telstra Payphones layer
02926403X2,0448509278,115 BATHURST ST,SYDNEY,NSW,2000,-33.874408,151.207597,,,Tasmania Government LIST Telstra Payphones layer
02926404X2,0292642891,270 PITT ST,SYDNEY,NSW,2000,-33.873741,151.208125,,,Tasmania Government LIST Telstra Payphones layer
02926414X2,0292640119,27 PARK ST,SYDNEY,NSW,2000,-33.873249,151.209012,,,Tasmania Government LIST Telstra Payphones layer
02926417X2,0292649280,265 CASTLEREAGH ST,SYDNEY,NSW,2000,-33.877271,151.208654,,,Tasmania Government LIST Telstra Payphones layer
02926419X2,0292647591,151 BATHURST ST,SYDNEY,NSW,2000,-33.874568,151.209242,,,Tasmania Government LIST Telstra Payphones layer
02926421X2,0292648369,231 ELIZABETH ST,SYDNEY,NSW,2000,-33.87515,151.209608,,,Tasmania Government LIST Telstra Payphones layer
02926422X2,0292648379,100 MARKET ST,SYDNEY,NSW,2000,-33.870663,151.209033,,,Tasmania Government LIST Telstra Payphones layer
02926705X2,0292674342,1 MARKET ST,SYDNEY,NSW,2000,-33.870911,151.204591,,,Tasmania Government LIST Telstra Payphones layer
02926711X2,0292674352,505 GEORGE ST,SYDNEY,NSW,2000,-33.875236,151.206558,,,Tasmania Government LIST Telstra Payphones layer
02926716X2,0292678998,271 ELIZABETH ST,SYDNEY,NSW,2000,-33.876082,151.209468,,,Tasmania Government LIST Telstra Payphones layer
02926718X2,0292671921,94 LIVERPOOL ST,SYDNEY,NSW,2000,-33.876416,151.206759,,,Tasmania Government LIST Telstra Payphones layer
02926720X2,0292672465,201 ELIZABETH ST,SYDNEY,NSW,2000,-33.873457,151.209824,,,Tasmania Government LIST Telstra Payphones layer
02926723X2,0292678991,66 GOULBURN ST,SYDNEY,NSW,2000,-33.878128,151.207999,,,Tasmania Government LIST Telstra Payphones layer
02926732X2,0292675405,636 GEORGE ST,SYDNEY,NSW,2000,-33.876219,151.206287,,,Tasmania Government LIST Telstra Payphones layer
02926735X2,0292672372,COLLEGE ST,SYDNEY,NSW,2000,-33.876605,151.212165,,,Tasmania Government LIST Telstra Payphones layer
02926741X2,0428046675,145 ELIZABETH (EAST SIDE) ST,SYDNEY,NSW,2000,-33.870979,151.21013,,,Tasmania Government LIST Telstra Payphones layer
02926743X2,0292678948,69 LIVERPOOL ST,SYDNEY,NSW,2000,-33.876278,151.205413,,,Tasmania Government LIST Telstra Payphones layer
02926745X2,0292675874,447 KENT ST,SYDNEY,NSW,2000,-33.872306,151.204997,,,Tasmania Government LIST Telstra Payphones layer
02926901X2,0292690093,599 GEORGE ST,SYDNEY,NSW,2000,-33.87748,151.20574,,,Tasmania Government LIST Telstra Payphones layer
02926902X2,0292690657,496 GEORGE ST,SYDNEY,NSW,2000,-33.871967,151.207041,,,Tasmania Government LIST Telstra Payphones layer
02926904X2,0292690661,580 GEORGE ST,SYDNEY,NSW,2000,-33.875067,151.206689,,,Tasmania Government LIST Telstra Payphones layer
02926906X2,0292690676,690 GEORGE ST,SYDNEY,NSW,2000,-33.877105,151.205977,,,Tasmania Government LIST Telstra Payphones layer
02926907X2,0292690670,555 GEORGE ST,SYDNEY,NSW,2000,-33.876061,151.206247,,,Tasmania Government LIST Telstra Payphones layer
02926910X2,0292690673,131 CASTLEREAGH ST,SYDNEY,NSW,2000,-33.870857,151.209468,,,Tasmania Government LIST Telstra Payphones layer
02926911X2,0292690674,1 PARK ST,SYDNEY,NSW,2000,-33.873086,151.207405,,,Tasmania Government LIST Telstra Payphones layer
02926914X2,0292690680,275 PITT ST,SYDNEY,NSW,2000,-33.872602,151.208082,,,Tasmania Government LIST Telstra Payphones layer
02926920X2,0292690693,187 LIVERPOOL ST,SYDNEY,NSW,2000,-33.876932,151.211938,,,Tasmania Government LIST Telstra Payphones layer
02926923X2,0292690697,544 GEORGE ST,SYDNEY,NSW,2000,-33.872638,151.207055,,,Tasmania Government LIST Telstra Payphones layer
02926925X2,0292690634,60 PARK ST,SYDNEY,NSW,2000,-33.873213,151.209776,,,Tasmania Government LIST Telstra Payphones layer
02927927X2,0292792189,46 MARKET ST,SYDNEY,NSW,2000,-33.870781,151.206502,,,Tasmania Government LIST Telstra Payphones layer
02927929X2,0448760293,295 GEORGE ST,SYDNEY,NSW,2000,-33.86664,151.207187,,,Tasmania Government LIST Telstra Payphones layer
02927931X2,0292792254,275 KENT ST,SYDNEY,NSW,2000,-33.865589,151.20423,,,Tasmania Government LIST Telstra Payphones layer
02927933X2,0292792342,374 KENT ST,SYDNEY,NSW,2000,-33.870776,151.204898,,,Tasmania Government LIST Telstra Payphones layer
02927934X2,0292792416,77 YORK ST,SYDNEY,NSW,2000,-33.868778,151.206021,,,Tasmania Government LIST Telstra Payphones layer
02927937X2,0292792563,ERSKINE ST,SYDNEY,NSW,2000,-33.866634,151.205157,,,Tasmania Government LIST Telstra Payphones layer
02927939X2,0292792754,4 YORK ST,SYDNEY,NSW,2000,-33.867049,151.205856,,,Tasmania Government LIST Telstra Payphones layer
02927940X2,0436027794,60 MARGARET ST,SYDNEY,NSW,2000,-33.865037,151.207033,,,Tasmania Government LIST Telstra Payphones layer
02928021X2,0292802335,2 MURRAY ST,SYDNEY,NSW,2000,-33.870285,151.198793,,,Tasmania Government LIST Telstra Payphones layer
02928143X7,0292996891,31 WHEAT RD,SYDNEY,NSW,2000,-33.873039,151.20168,,,Tasmania Government LIST Telstra Payphones layer
02928300X2,0292831427,PARK ST,SYDNEY,NSW,2000,-33.87336,151.210034,,,Tasmania Government LIST Telstra Payphones layer
02928301X2,0292831428,LIVERPOOL ST,SYDNEY,NSW,2000,-33.876768,151.209762,,,Tasmania Government LIST Telstra Payphones layer
02928311X2,0292835145,97 BATHURST ST,SYDNEY,NSW,2000,-33.874304,151.206145,,,Tasmania Government LIST Telstra Payphones layer
02928317X2,0292835763,263 CLARENCE ST,SYDNEY,NSW,2000,-33.871974,151.205559,,,Tasmania Government LIST Telstra Payphones layer
02928319X2,0292835717,131 YORK ST,SYDNEY,NSW,2000,-33.872269,151.206371,,,Tasmania Government LIST Telstra Payphones layer
02928330X2,0292831429,120 ELIZABETH ST,SYDNEY,NSW,2000,-33.872976,151.210112,,,Tasmania Government LIST Telstra Payphones layer
02928331X2,0292831442,118 ELIZABETH ST,SYDNEY,NSW,2000,-33.870779,151.210284,,,Tasmania Government LIST Telstra Payphones layer
02928340X2,0292831583,89 MARKET ST,SYDNEY,NSW,2000,-33.87078,151.20999,,,Tasmania Government LIST Telstra Payphones layer
02928343X2,0292833127,320 PITT ST,SYDNEY,NSW,2000,-33.87563,151.207967,,,Tasmania Government LIST Telstra Payphones layer
02928344X2,0292833149,320 PITT ST,SYDNEY,NSW,2000,-33.87563,151.207967,,,Tasmania Government LIST Telstra Payphones layer
02928347X2,0292831807,143 LIVERPOOL ST,SYDNEY,NSW,2000,-33.87693,151.20919,,,Tasmania Government LIST Telstra Payphones layer
02928355X2,0292836241,455 GEORGE ST,SYDNEY,NSW,2000,-33.87186,151.20681,,,Tasmania Government LIST Telstra Payphones layer
02928358X2,0292836051,93 BATHURST ST,SYDNEY,NSW,2000,-33.874236,151.205572,,,Tasmania Government LIST Telstra Payphones layer
02929005X2,0292903361,83 CLARENCE ST,SYDNEY,NSW,2000,-33.865373,151.204875,,,Tasmania Government LIST Telstra Payphones layer
02929006X2,0292903491,379 KENT ST,SYDNEY,NSW,2000,-33.869888,151.204654,,,Tasmania Government LIST Telstra Payphones layer
02929007X2,0292902282,241 WHEAT RD,SYDNEY,NSW,2000,-33.870954,151.202565,,,Tasmania Government LIST Telstra Payphones layer
02929903X2,0292996847,9 BARRACK ST,SYDNEY,NSW,2000,-33.867714,151.206029,,,Tasmania Government LIST Telstra Payphones layer
02929904X1,0292996134,20 CARRINGTON ST,SYDNEY,NSW,2000,-33.86571,151.206325,,,Tasmania Government LIST Telstra Payphones layer
02929904X2,0292992262,2 CARRINGTON ST,SYDNEY,NSW,2000,-33.865218,151.206495,,,Tasmania Government LIST Telstra Payphones layer
02929906X2,0292996838,21 BARRACK ST,SYDNEY,NSW,2000,-33.867694,151.20706,,,Tasmania Government LIST Telstra Payphones layer
02929909X2,0292992247,74 SUSSEX ST,SYDNEY,NSW,2000,-33.866687,151.203475,,,Tasmania Government LIST Telstra Payphones layer
02929913X2,0436018574,42 MARGARET ST,SYDNEY,NSW,2000,-33.865289,151.205678,,,Tasmania Government LIST Telstra Payphones layer
02929914X2,0428942901,37 YORK ST,SYDNEY,NSW,2000,-33.866556,151.205551,,,Tasmania Government LIST Telstra Payphones layer
02929915X2,0292994347,101 YORK ST,SYDNEY,NSW,2000,-33.870521,151.206236,,,Tasmania Government LIST Telstra Payphones layer
02929916X2,0292996837,21 BARRACK ST,SYDNEY,NSW,2000,-33.867694,151.20706,,,Tasmania Government LIST Telstra Payphones layer
02929918X2,0292996842,9 BARRACK ST,SYDNEY,NSW,2000,-33.867714,151.206029,,,Tasmania Government LIST Telstra Payphones layer
02925146X2,0292512418,1 PLAYFAIR ST,THE ROCKS,NSW,2000,-33.857778,151.20895,,,Tasmania Government LIST Telstra Payphones layer
02925212X2,0292522485,16 ARGYLE ST,THE ROCKS,NSW,2000,-33.85901,151.20799,,,Tasmania Government LIST Telstra Payphones layer
02925213X2,0292522486,102 GEORGE ST,THE ROCKS,NSW,2000,-33.85823,151.209129,,,Tasmania Government LIST Telstra Payphones layer
02925262X2,0292529429,39 ARGYLE ST,THE ROCKS,NSW,2000,-33.859052,151.207834,,,Tasmania Government LIST Telstra Payphones layer
02921107X2,0448060104,15 BROADWAY,ULTIMO,NSW,2007,-33.884094,151.200678,,,Tasmania Government LIST Telstra Payphones layer
02921139X2,0292113981,15 BROADWAY ST,ULTIMO,NSW,2007,-33.884083,151.201338,,,Tasmania Government LIST Telstra Payphones layer
02921203X2,0292123321,15 BROADWAY ST,ULTIMO,NSW,2007,-33.883679,151.200804,,,Tasmania Government LIST Telstra Payphones layer
02921224X2,0292123114,1 MARY ANN ST,ULTIMO,NSW,2007,-33.881196,151.199351,,,Tasmania Government LIST Telstra Payphones layer
02928011X2,0292802001,185 BROADWAY,ULTIMO,NSW,2007,-33.88428,151.196151,,,Tasmania Government LIST Telstra Payphones layer
02928015X2,0455899784,185 BROADWAY,ULTIMO,NSW,2007,-33.884422,151.195203,,,Tasmania Government LIST Telstra Payphones layer
02928137X2,0292810589,61 MOUNTAIN ST,ULTIMO,NSW,2007,-33.883986,151.196401,,,Tasmania Government LIST Telstra Payphones layer
02928149X2,0292810707,622 HARRIS ST,ULTIMO,NSW,2007,-33.880912,151.200457,,,Tasmania Government LIST Telstra Payphones layer
02928150X2,0292810709,1 MARY ANN ST,ULTIMO,NSW,2007,-33.88197,151.19945,,,Tasmania Government LIST Telstra Payphones layer
02928159X2,0292813496,622 HARRIS ST,ULTIMO,NSW,2007,-33.880912,151.200457,,,Tasmania Government LIST Telstra Payphones layer
02955225X2,0295522731,1 QUARRY ST,ULTIMO,NSW,2007,-33.876427,151.197737,,,Tasmania Government LIST Telstra Payphones layer
02921234X2,0292123893,1 LEE ST,CHIPPENDALE,NSW,2008,-33.88363,151.203539,,,Tasmania Government LIST Telstra Payphones layer
02921244X2,0292124921,12 LEE ST,CHIPPENDALE,NSW,2008,-33.884137,151.203375,,,Tasmania Government LIST Telstra Payphones layer
02928013X2,0455285307,100 BROADWAY,CHIPPENDALE,NSW,2008,-33.884445,151.197287,,,Tasmania Government LIST Telstra Payphones layer
02928109X2,0292819650,1 LEE ST,CHIPPENDALE,NSW,2008,-33.88363,151.203539,,,Tasmania Government LIST Telstra Payphones layer
02931904X2,0293196736,101 CHALMERS ST,CHIPPENDALE,NSW,2008,-33.885833,151.206885,,,Tasmania Government LIST Telstra Payphones layer
02969955X2,0296993798,37 MYRTLE ST,CHIPPENDALE,NSW,2008,-33.887063,151.195474,,,Tasmania Government LIST Telstra Payphones layer
02969956X2,0296993823,14 BUCKLAND ST,CHIPPENDALE,NSW,2008,-33.885968,151.197448,,,Tasmania Government LIST Telstra Payphones layer
02931004X2,0455989273,296 ABERCROMBE ST,DARLINGTON,NSW,2008,-33.891223,151.195933,,,Tasmania Government LIST Telstra Payphones layer
02969952X2,0448068314,332 ABERCROMBE ST,DARLINGTON,NSW,2008,-33.892085,151.193029,,,Tasmania Government LIST Telstra Payphones layer
02955200X2,0295521654,1 UNION ST,PYRMONT,NSW,2009,-33.869443,151.194071,,,Tasmania Government LIST Telstra Payphones layer
02955201X2,0295521912,94 UNION ST,PYRMONT,NSW,2009,-33.869917,151.197646,,,Tasmania Government LIST Telstra Payphones layer
02955208X1,0295524487,58 PYRMONT BRIDGE RD,PYRMONT,NSW,2009,-33.872487,151.192995,,,Tasmania Government LIST Telstra Payphones layer
02957133X2,0295718136,1 PYRMONT ST,PYRMONT,NSW,2009,-33.86773,151.19521,,,Tasmania Government LIST Telstra Payphones layer
02957166X2,0295714739,63 PIRRAMA RD,PYRMONT,NSW,2009,-33.868635,151.197301,,,Tasmania Government LIST Telstra Payphones layer
02933113X2,0293316172,231 VICTORIA ST,DARLINGHURST,NSW,2010,-33.877602,151.221477,,,Tasmania Government LIST Telstra Payphones layer
02935656X2,0448783434,72 WILLIAM ST,DARLINGHURST,NSW,2010,-33.874158,151.215247,,,Tasmania Government LIST Telstra Payphones layer
02935842X2,0293586716,108 OXFORD ST,DARLINGHURST,NSW,2010,-33.87988,151.21609,,,Tasmania Government LIST Telstra Payphones layer
02935844X2,0293581681,185 OXFORD ST,DARLINGHURST,NSW,2010,-33.880508,151.21668,,,Tasmania Government LIST Telstra Payphones layer
02935846X2,0293581768,438 VICTORIA ST,DARLINGHURST,NSW,2010,-33.881485,151.219113,,,Tasmania Government LIST Telstra Payphones layer
02936009X2,0293603217,326 VICTORIA ST,DARLINGHURST,NSW,2010,-33.87719,151.22172,,,Tasmania Government LIST Telstra Payphones layer
02936011X2,0293604071,390 VICTORIA ST,DARLINGHURST,NSW,2010,-33.880155,151.220608,,,Tasmania Government LIST Telstra Payphones layer
02936015X2,0293606231,390 VICTORIA ST,DARLINGHURST,NSW,2010,-33.880253,151.220838,,,Tasmania Government LIST Telstra Payphones layer
02936016X2,0455717058,181 RILEY ST,DARLINGHURST,NSW,2010,-33.878249,151.214084,,,Tasmania Government LIST Telstra Payphones layer
02936102X7,0448046767,384 VICTORIA ST,DARLINGHURST,NSW,2010,-33.879407,151.22109,,,Tasmania Government LIST Telstra Payphones layer
02936121X2,0293610226,258 CROWN ST,DARLINGHURST,NSW,2010,-33.879061,151.215336,,,Tasmania Government LIST Telstra Payphones layer
02936129X2,0293610356,102 BURTON ST,DARLINGHURST,NSW,2010,-33.87893,151.218606,,,Tasmania Government LIST Telstra Payphones layer
02936132X2,0293610375,107 STANLEY ST,DARLINGHURST,NSW,2010,-33.876107,151.21718,,,Tasmania Government LIST Telstra Payphones layer
02936137X2,0293610426,232 LIVERPOOL ST,DARLINGHURST,NSW,2010,-33.877515,151.216696,,,Tasmania Government LIST Telstra Payphones layer
02936139X2,0293610461,95 RILEY ST,DARLINGHURST,NSW,2010,-33.875127,151.215143,,,Tasmania Government LIST Telstra Payphones layer
02936159X2,0293616882,227 LIVERPOOL ST,DARLINGHURST,NSW,2010,-33.877384,151.214601,,,Tasmania Government LIST Telstra Payphones layer
02936188X2,0293610202,100 DARLINGHURST RD,DARLINGHURST,NSW,2010,-33.876039,151.22166,,,Tasmania Government LIST Telstra Payphones layer
02936806X1,0293681502,438 VICTORIA ST,DARLINGHURST,NSW,2010,-33.881075,151.219306,,,Tasmania Government LIST Telstra Payphones layer
02936822X2,0293681257,358 VICTORIA ST,DARLINGHURST,NSW,2010,-33.878191,151.221504,,,Tasmania Government LIST Telstra Payphones layer
02936825X2,0455719551,4 OXFORD ST,DARLINGHURST,NSW,2010,-33.877033,151.21263,,,Tasmania Government LIST Telstra Payphones layer
02936827X2,0293680261,191 OXFORD ST,DARLINGHURST,NSW,2010,-33.880814,151.217238,,,Tasmania Government LIST Telstra Payphones layer
02938006X2,0293806053,41 STANLEY ST,DARLINGHURST,NSW,2010,-33.875621,151.214201,,,Tasmania Government LIST Telstra Payphones layer
02938007X2,0293804185,1 WILLIAM ST,DARLINGHURST,NSW,2010,-33.873802,151.213084,,,Tasmania Government LIST Telstra Payphones layer
02938011X2,0293806746,274 VICTORIA RD,DARLINGHURST,NSW,2010,-33.87621,151.22183,,,Tasmania Government LIST Telstra Payphones layer
02921131X2,0436127547,56 FOVEAUX ST,SURRY HILLS,NSW,2010,-33.884432,151.210898,,,Tasmania Government LIST Telstra Payphones layer
02928002X2,0292803024,198 ELIZABETH ST,SURRY HILLS,NSW,2010,-33.87994,151.20915,,,Tasmania Government LIST Telstra Payphones layer
02928116X2,0292818283,2 KIPPAX ST,SURRY HILLS,NSW,2010,-33.88416,151.20832,,,Tasmania Government LIST Telstra Payphones layer
02928134X2,0292810584,43 BRISBANE ST,SURRY HILLS,NSW,2010,-33.879458,151.211493,,,Tasmania Government LIST Telstra Payphones layer
02928140X2,0292810595,182 COMMONWEALTH ST,SURRY HILLS,NSW,2010,-33.882488,151.210801,,,Tasmania Government LIST Telstra Payphones layer
02928151X7,0292818516,260 ELIZABETH ST,SURRY HILLS,NSW,2010,-33.882148,151.208657,,,Tasmania Government LIST Telstra Payphones layer
02928152X2,0292810712,2 SAMUEL ST,SURRY HILLS,NSW,2010,-33.880441,151.212332,,,Tasmania Government LIST Telstra Payphones layer
02928153X2,0292811702,24 FOVEAUX ST,SURRY HILLS,NSW,2010,-33.883861,151.209419,,,Tasmania Government LIST Telstra Payphones layer
02928154X2,0292812609,2 KIPPAX ST,SURRY HILLS,NSW,2010,-33.88416,151.20832,,,Tasmania Government LIST Telstra Payphones layer
02928354X2,0439141990,CAMPBELL ST,SURRY HILLS,NSW,2010,-33.880596,151.213659,,,Tasmania Government LIST Telstra Payphones layer
02931023X2,0293101537,38 BELVOIR ST,SURRY HILLS,NSW,2010,-33.888921,151.210595,,,Tasmania Government LIST Telstra Payphones layer
02931071X2,0293105809,210 CHALMERS ST,SURRY HILLS,NSW,2010,-33.88952,151.206114,,,Tasmania Government LIST Telstra Payphones layer
02933119X2,0293311005,47 FLINDERS ST,SURRY HILLS,NSW,2010,-33.882193,151.217219,,,Tasmania Government LIST Telstra Payphones layer
02933121X2,0293315843,416 BOURKE ST,SURRY HILLS,NSW,2010,-33.885418,151.215754,,,Tasmania Government LIST Telstra Payphones layer
02936108X2,0293610081,162 FLINDERS ST,SURRY HILLS,NSW,2010,-33.886174,151.218796,,,Tasmania Government LIST Telstra Payphones layer
02936113X7,0455727713,RILEY ST,SURRY HILLS,NSW,2010,-33.879673,151.213868,,,Tasmania Government LIST Telstra Payphones layer
02936117X2,0293610179,150 ALBION ST,SURRY HILLS,NSW,2010,-33.883514,151.214177,,,Tasmania Government LIST Telstra Payphones layer
02936117X7,0293616695,351 CROWN ST,SURRY HILLS,NSW,2010,-33.883631,151.21422,,,Tasmania Government LIST Telstra Payphones layer
02936118X7,0293614492,470 CROWN ST,SURRY HILLS,NSW,2010,-33.886245,151.213844,,,Tasmania Government LIST Telstra Payphones layer
02936120X2,0293610225,348 BOURKE ST,SURRY HILLS,NSW,2010,-33.882771,151.216373,,,Tasmania Government LIST Telstra Payphones layer
02936138X2,0293610435,70 ARTHUR ST,SURRY HILLS,NSW,2010,-33.887503,151.215106,,,Tasmania Government LIST Telstra Payphones layer
02969802X2,0296987652,38 BELVOIR ST,SURRY HILLS,NSW,2010,-33.888921,151.210595,,,Tasmania Government LIST Telstra Payphones layer
02969946X2,0296992944,103 GOODLET ST,SURRY HILLS,NSW,2010,-33.890166,151.210578,,,Tasmania Government LIST Telstra Payphones layer
02969966X2,0296999698,22 CLISDELL ST,SURRY HILLS,NSW,2010,-33.888193,151.20924,,,Tasmania Government LIST Telstra Payphones layer
02969967X2,0296999889,434 RILEY ST,SURRY HILLS,NSW,2010,-33.88796,151.212081,,,Tasmania Government LIST Telstra Payphones layer
02969968X2,0296999989,255 DEVONSHIRE ST,SURRY HILLS,NSW,2010,-33.889594,151.214821,,,Tasmania Government LIST Telstra Payphones layer
02935708X2,0293577535,1 ELIZABETH BAY RD,ELIZABETH BAY,NSW,2011,-33.872942,151.225548,,,Tasmania Government LIST Telstra Payphones layer
02935827X2,0293584290,70 ELIZABETH BAY RD,ELIZABETH BAY,NSW,2011,-33.871999,151.228262,,,Tasmania Government LIST Telstra Payphones layer
02935646X2,0293563850,48 DARLINGHURST RD,POTTS POINT,NSW,2011,-33.873926,151.223503,,,Tasmania Government LIST Telstra Payphones layer
02935700X2,0293571415,170 VICTORIA ST,POTTS POINT,NSW,2011,-33.872949,151.22267,,,Tasmania Government LIST Telstra Payphones layer
02935707X2,0293574483,9 DARLINGHURST RD,POTTS POINT,NSW,2011,-33.873207,151.224512,,,Tasmania Government LIST Telstra Payphones layer
02935810X2,0293581694,1 BAYSWATER RD,POTTS POINT,NSW,2011,-33.874866,151.222646,,,Tasmania Government LIST Telstra Payphones layer
02935817X2,0293581640,36 DARLINGHURST RD,POTTS POINT,NSW,2011,-33.873576,151.224041,,,Tasmania Government LIST Telstra Payphones layer
02935826X2,0293583931,11 WARD AVE,POTTS POINT,NSW,2011,-33.873989,151.225204,,,Tasmania Government LIST Telstra Payphones layer
02935836X2,0293586632,18 KELLETT ST,POTTS POINT,NSW,2011,-33.874538,151.223595,,,Tasmania Government LIST Telstra Payphones layer
02935838X2,0293586843,107 DARLINGHURST RD,POTTS POINT,NSW,2011,-33.87452,151.2221,,,Tasmania Government LIST Telstra Payphones layer
02935847X2,0293584708,111 DARLINGHURST RD,POTTS POINT,NSW,2011,-33.87484,151.222335,,,Tasmania Government LIST Telstra Payphones layer
02936105X7,0293615013,230 WILLIAM ST,POTTS POINT,NSW,2011,-33.875099,151.221441,,,Tasmania Government LIST Telstra Payphones layer
02936801X2,0293680194,2 BAYSWATER RD,POTTS POINT,NSW,2011,-33.874788,151.222665,,,Tasmania Government LIST Telstra Payphones layer
02936805X2,0293680237,34 DARLINGHURST RD,POTTS POINT,NSW,2011,-33.873504,151.224137,,,Tasmania Government LIST Telstra Payphones layer
02936807X2,0293680024,37 CHALLIS AVE,POTTS POINT,NSW,2011,-33.869031,151.225503,,,Tasmania Government LIST Telstra Payphones layer
02936809X2,0293680034,140 VICTORIA ST,POTTS POINT,NSW,2011,-33.87208,151.22283,,,Tasmania Government LIST Telstra Payphones layer
02936811X2,0293680135,18 BAYSWATER RD,POTTS POINT,NSW,2011,-33.874916,151.223341,,,Tasmania Government LIST Telstra Payphones layer
02936816X2,0293680463,30 SPRINGFIELD AVE,POTTS POINT,NSW,2011,-33.872939,151.223729,,,Tasmania Government LIST Telstra Payphones layer
02936818X2,0427716390,50 MACLEAY ST,POTTS POINT,NSW,2011,-33.872333,151.225045,,,Tasmania Government LIST Telstra Payphones layer
02936832X2,0293681354,94 MACLEAY ST,POTTS POINT,NSW,2011,-33.873021,151.224915,,,Tasmania Government LIST Telstra Payphones layer
02936833X2,0293681363,77 MACLEAY ST,POTTS POINT,NSW,2011,-33.870145,151.225423,,,Tasmania Government LIST Telstra Payphones layer
02933105X2,0293311018,139 BAYSWATER RD,RUSHCUTTERS BAY,NSW,2011,-33.876332,151.228442,,,Tasmania Government LIST Telstra Payphones layer
02935830X2,0293585472,84 ROSLYN GARDNS,RUSHCUTTERS BAY,NSW,2011,-33.87531,151.226043,,,Tasmania Government LIST Telstra Payphones layer
02933110X2,0293313267,52 WILLIAM ST,WOOLLOOMOOLOO,NSW,2011,-33.874004,151.214465,,,Tasmania Government LIST Telstra Payphones layer
02935701X2,0293571454,57 COWPER WHARF RD,WOOLLOOMOOLOO,NSW,2011,-33.869327,151.220909,,,Tasmania Government LIST Telstra Payphones layer
02935702X2,0293571521,50 SIR JOHN YOUNG CRS,WOOLLOOMOOLOO,NSW,2011,-33.871589,151.216373,,,Tasmania Government LIST Telstra Payphones layer
02935703X2,0428500248,126 WILLIAM ST,WOOLLOOMOOLOO,NSW,2011,-33.87275,151.2184,,,Tasmania Government LIST Telstra Payphones layer
02938016X2,0293807453,126 WILLIAM ST,WOOLLOOMOOLOO,NSW,2011,-33.874454,151.217876,,,Tasmania Government LIST Telstra Payphones layer
02839400X2,0283949814,312 BOTANY RD,ALEXANDRIA,NSW,2015,-33.90624,151.20247,,,Tasmania Government LIST Telstra Payphones layer
02931021X2,0293101158,44 O'RIORDAN ST,ALEXANDRIA,NSW,2015,-33.91192,151.19751,,,Tasmania Government LIST Telstra Payphones layer
02931028X2,0293102652,2 MCCAULEY ST,ALEXANDRIA,NSW,2015,-33.902303,151.198479,,,Tasmania Government LIST Telstra Payphones layer
02931075X2,0293105875,44 BOTANY RD,ALEXANDRIA,NSW,2015,-33.896559,151.199187,,,Tasmania Government LIST Telstra Payphones layer
02969943X2,0296992440,5 HENDERSON RD,ALEXANDRIA,NSW,2015,-33.896703,151.198749,,,Tasmania Government LIST Telstra Payphones layer
02969949X2,0296993267,2 BUCKLAND ST,ALEXANDRIA,NSW,2015,-33.89886,151.199856,,,Tasmania Government LIST Telstra Payphones layer
02951608X2,0295164548,227 WILSON ST,EVELEIGH,NSW,2015,-33.894293,151.188855,,,Tasmania Government LIST Telstra Payphones layer
02956501X2,0295651093,67 BURREN ST,EVELEIGH,NSW,2015,-33.89675,151.186087,,,Tasmania Government LIST Telstra Payphones layer
02931024X2,0293101540,40 MOREHEAD ST,REDFERN,NSW,2016,-33.893319,151.209178,,,Tasmania Government LIST Telstra Payphones layer
02931031X2,0293103542,41 PITT ST,REDFERN,NSW,2016,-33.890099,151.20449,,,Tasmania Government LIST Telstra Payphones layer
02931032X2,0448951314,500 ELIZABETH ST,REDFERN,NSW,2016,-33.890066,151.207888,,,Tasmania Government LIST Telstra Payphones layer
02931073X2,0293105867,68 LAWSON ST,REDFERN,NSW,2016,-33.891657,151.199906,,,Tasmania Government LIST Telstra Payphones layer
02931807X2,0293180451,LAWSON ST,REDFERN,NSW,2016,-33.891819,151.198819,,,Tasmania Government LIST Telstra Payphones layer
02969800X2,0296983375,40 MOREHEAD ST,REDFERN,NSW,2016,-33.893319,151.209178,,,Tasmania Government LIST Telstra Payphones layer
02969803X2,0296985137,18 COOPER ST,REDFERN,NSW,2016,-33.89175,151.208871,,,Tasmania Government LIST Telstra Payphones layer
02969804X2,0296989424,140 REDFERN ST,REDFERN,NSW,2016,-33.892515,151.202339,,,Tasmania Government LIST Telstra Payphones layer
02969805X2,0296989843,140 REDFERN ST,REDFERN,NSW,2016,-33.892515,151.202339,,,Tasmania Government LIST Telstra Payphones layer
02969806X2,0296981162,304 CHALMERS ST,REDFERN,NSW,2016,-33.892845,151.205508,,,Tasmania Government LIST Telstra Payphones layer
02969945X2,0296992875,662 BOURKE ST,REDFERN,NSW,2016,-33.892139,151.214417,,,Tasmania Government LIST Telstra Payphones layer
02969960X2,0296998257,2 GEORGE ST,REDFERN,NSW,2016,-33.889313,151.202751,,,Tasmania Government LIST Telstra Payphones layer
02969963X2,0296999176,141 MARRIOT ST,REDFERN,NSW,2016,-33.896373,151.210679,,,Tasmania Government LIST Telstra Payphones layer
02969964X2,0296999209,134 PITT ST,REDFERN,NSW,2016,-33.8949,151.20341,,,Tasmania Government LIST Telstra Payphones layer
02931029X2,0293102664,61 MCEVOY ST,WATERLOO,NSW,2017,-33.90101,151.20255,,,Tasmania Government LIST Telstra Payphones layer
02931035X2,0293103732,73 WELLINGTON ST,WATERLOO,NSW,2017,-33.898268,151.204762,,,Tasmania Government LIST Telstra Payphones layer
02931037X2,0293107405,9 BOTANY RD,WATERLOO,NSW,2017,-33.895424,151.19911,,,Tasmania Government LIST Telstra Payphones layer
02969807X2,0296982249,95 WELLINGTON ST,WATERLOO,NSW,2017,-33.898303,151.202535,,,Tasmania Government LIST Telstra Payphones layer
02969961X2,0296998276,760 ELIZABETH ST,WATERLOO,NSW,2017,-33.898284,151.206457,,,Tasmania Government LIST Telstra Payphones layer
02969985X2,0296993632,95 WELLINGTON ST,WATERLOO,NSW,2017,-33.898303,151.202535,,,Tasmania Government LIST Telstra Payphones layer
02969948X2,0296993156,932 BOURKE ST,ZETLAND,NSW,2017,-33.904164,151.20551,,,Tasmania Government LIST Telstra Payphones layer
02969958X2,0296998168,527 BOTANY RD,ZETLAND,NSW,2017,-33.909512,151.202763,,,Tasmania Government LIST Telstra Payphones layer
02966941X2,0296696010,19 EVANS AVE,EASTLAKES,NSW,2018,-33.924651,151.211572,,,Tasmania Government LIST Telstra Payphones layer
02969338X2,0296932526,16 MALONEY ST,EASTLAKES,NSW,2018,-33.925332,151.206677,,,Tasmania Government LIST Telstra Payphones layer
02931303X7,0293137495,33 DALMENY AVE,ROSEBERY,NSW,2018,-33.92003,151.20708,,,Tasmania Government LIST Telstra Payphones layer
02966925X2,0296692921,2 TRAMWAY ST,ROSEBERY,NSW,2018,-33.922256,151.196405,,,Tasmania Government LIST Telstra Payphones layer
02966946X2,0296696741,1 SUTHERLAND ST,ROSEBERY,NSW,2018,-33.922341,151.201705,,,Tasmania Government LIST Telstra Payphones layer
02931601X2,0293164652,1629 BOTANY RD,BOTANY,NSW,2019,-33.954154,151.204119,,,Tasmania Government LIST Telstra Payphones layer
02931606X2,0293164926,1300 BOTANY RD,BOTANY,NSW,2019,-33.952781,151.200796,,,Tasmania Government LIST Telstra Payphones layer
02931608X2,0293164952,2 BANKSIA ST,BOTANY,NSW,2019,-33.94453,151.19699,,,Tasmania Government LIST Telstra Payphones layer
02833827X1,0283381643,KEITH SMITH AVE,MASCOT,NSW,2020,-33.933766,151.181087,,,Tasmania Government LIST Telstra Payphones layer
02833832X1,0283381649,KEITH SMITH AVE,MASCOT,NSW,2020,-33.933567,151.180941,,,Tasmania Government LIST Telstra Payphones layer
02833834X1,0283381671,3 BOURKE RD,MASCOT,NSW,2020,-33.923318,151.187435,,,Tasmania Government LIST Telstra Payphones layer
02931323X7,0293134918,SHIERS AVE,MASCOT,NSW,2020,-33.932562,151.179272,,,Tasmania Government LIST Telstra Payphones layer
02931327X2,0293134235,1 CENTRE RD,MASCOT,NSW,2020,-33.936633,151.165813,,,Tasmania Government LIST Telstra Payphones layer
02931342X2,0293134226,1 CENTRE RD,MASCOT,NSW,2020,-33.936214,151.166116,,,Tasmania Government LIST Telstra Payphones layer
02931348X2,0293134237,1 CENTRE RD,MASCOT,NSW,2020,-33.935892,151.166277,,,Tasmania Government LIST Telstra Payphones layer
02931377X2,0293134648,1 CENTRE RD,MASCOT,NSW,2020,-33.936361,151.168122,,,Tasmania Government LIST Telstra Payphones layer
02931736X2,0293174741,AIRPORT DRV,MASCOT,NSW,2020,-33.935168,151.166689,,,Tasmania Government LIST Telstra Payphones layer
02966732X1,0296670370,1 KEITH SMITH AVE,MASCOT,NSW,2020,-33.93398,151.179459,,,Tasmania Government LIST Telstra Payphones layer
02966734X2,0296673375,1 KEITH SMITH AVE,MASCOT,NSW,2020,-33.934013,151.180007,,,Tasmania Government LIST Telstra Payphones layer
02966740X2,0296674079,1 KEITH SMITH AVE,MASCOT,NSW,2020,-33.934051,151.177652,,,Tasmania Government LIST Telstra Payphones layer
02966753X2,0296674951,1 KEITH SMITH AVE,MASCOT,NSW,2020,-33.934643,151.177357,,,Tasmania Government LIST Telstra Payphones layer
02966754X2,0296674953,1 KEITH SMITH AVE,MASCOT,NSW,2020,-33.934049,151.180489,,,Tasmania Government LIST Telstra Payphones layer
02966912X2,0296691280,972 BOTANY RD,MASCOT,NSW,2020,-33.931314,151.194125,,,Tasmania Government LIST Telstra Payphones layer
02966919X2,0296692196,99 KING ST,MASCOT,NSW,2020,-33.930704,151.202424,,,Tasmania Government LIST Telstra Payphones layer
02966926X2,0296692949,206 KING ST,MASCOT,NSW,2020,-33.929956,151.195663,,,Tasmania Government LIST Telstra Payphones layer
02966927X2,0296693021,1 KEITH SMITH AVE,MASCOT,NSW,2020,-33.934823,151.179867,,,Tasmania Government LIST Telstra Payphones layer
02969334X2,0296931728,SHIERS AVE,MASCOT,NSW,2020,-33.932144,151.180701,,,Tasmania Government LIST Telstra Payphones layer
02970003X2,0297009659,SHIERS AVE,MASCOT,NSW,2020,-33.932378,151.180293,,,Tasmania Government LIST Telstra Payphones layer
02938015X1,0293804351,1 ERROL FYNN BLV,MOORE PARK,NSW,2021,-33.894883,151.225011,,,Tasmania Government LIST Telstra Payphones layer
02936109X2,0293610083,1 NAPIER ST,PADDINGTON,NSW,2021,-33.883199,151.218796,,,Tasmania Government LIST Telstra Payphones layer
02936161X2,0293616981,339 OXFORD ST,PADDINGTON,NSW,2021,-33.885848,151.228484,,,Tasmania Government LIST Telstra Payphones layer
02936168X2,0293610258,6 GOODHOPE ST,PADDINGTON,NSW,2021,-33.882124,151.228367,,,Tasmania Government LIST Telstra Payphones layer
02936828X2,0293681176,25 OXFORD ST,PADDINGTON,NSW,2021,-33.883408,151.220817,,,Tasmania Government LIST Telstra Payphones layer
02938001X2,0293805174,10 GLENMORE RD,PADDINGTON,NSW,2021,-33.88359,151.22244,,,Tasmania Government LIST Telstra Payphones layer
02936902X2,0293693445,184 BIRRELL ST,BONDI JUNCTION,NSW,2022,-33.896136,151.251408,,,Tasmania Government LIST Telstra Payphones layer
02936915X2,0293864981,27 ADELAIDE ST,BONDI JUNCTION,NSW,2022,-33.89148,151.25193,,,Tasmania Government LIST Telstra Payphones layer
02936925X1,0293694712,157 OXFORD ST,BONDI JUNCTION,NSW,2022,-33.891982,151.248184,,,Tasmania Government LIST Telstra Payphones layer
02936929X2,0293894615,1 GRAY ST,BONDI JUNCTION,NSW,2022,-33.893224,151.249706,,,Tasmania Government LIST Telstra Payphones layer
02936930X2,0293891176,17 WAVERLEY ST,BONDI JUNCTION,NSW,2022,-33.892713,151.252018,,,Tasmania Government LIST Telstra Payphones layer
02936938X2,0293695329,400 OXFORD ST,BONDI JUNCTION,NSW,2022,-33.891814,151.247649,,,Tasmania Government LIST Telstra Payphones layer
02936940X2,0293899471,97 GRAFTON ST,BONDI JUNCTION,NSW,2022,-33.891081,151.248275,,,Tasmania Government LIST Telstra Payphones layer
02936942X2,0293864698,7 BRONTE RD,BONDI JUNCTION,NSW,2022,-33.892565,151.249678,,,Tasmania Government LIST Telstra Payphones layer
02936954X2,0293694049,97 GRAFTON ST,BONDI JUNCTION,NSW,2022,-33.891061,151.248541,,,Tasmania Government LIST Telstra Payphones layer
02938603X1,0293865764,95 GRAFTON ST,BONDI JUNCTION,NSW,2022,-33.89129,151.248262,,,Tasmania Government LIST Telstra Payphones layer
02938604X1,0293864765,95 GRAFTON ST,BONDI JUNCTION,NSW,2022,-33.891334,151.248713,,,Tasmania Government LIST Telstra Payphones layer
02938604X2,0427742689,241 OXFORD ST,BONDI JUNCTION,NSW,2022,-33.891846,151.251569,,,Tasmania Government LIST Telstra Payphones layer
02938701X2,0293871544,205 OXFORD ST,BONDI JUNCTION,NSW,2022,-33.892153,151.249754,,,Tasmania Government LIST Telstra Payphones layer
02938702X2,0293873932,205 OXFORD ST,BONDI JUNCTION,NSW,2022,-33.892153,151.249754,,,Tasmania Government LIST Telstra Payphones layer
02938703X2,0293876906,25 PAUL ST,BONDI JUNCTION,NSW,2022,-33.893018,151.256227,,,Tasmania Government LIST Telstra Payphones layer
02938709X2,0293872684,400 OXFORD ST,BONDI JUNCTION,NSW,2022,-33.891814,151.247649,,,Tasmania Government LIST Telstra Payphones layer
02938714X1,0293871698,157 OXFORD ST,BONDI JUNCTION,NSW,2022,-33.891982,151.248184,,,Tasmania Government LIST Telstra Payphones layer
02938904X1,0293890753,95 GRAFTON ST,BONDI JUNCTION,NSW,2022,-33.891234,151.247766,,,Tasmania Government LIST Telstra Payphones layer
02938907X2,0293894208,1 SPRING ST,BONDI JUNCTION,NSW,2022,-33.89211,151.245227,,,Tasmania Government LIST Telstra Payphones layer
02938926X2,0293895377,1 NEWLAND ST,BONDI JUNCTION,NSW,2022,-33.89202,151.24745,,,Tasmania Government LIST Telstra Payphones layer
02932701X2,0293271031,20 PLUMER RD,BELLEVUE HILL,NSW,2023,-33.875604,151.259229,,,Tasmania Government LIST Telstra Payphones layer
02936908X2,0293891468,7 BELLEVUE RD,BELLEVUE HILL,NSW,2023,-33.88656,151.258499,,,Tasmania Government LIST Telstra Payphones layer
02936919X2,0293896092,471 BRONTE RD,BRONTE,NSW,2024,-33.904837,151.267412,,,Tasmania Government LIST Telstra Payphones layer
02936924X2,0293891435,414 BRONTE RD,BRONTE,NSW,2024,-33.90289,151.26015,,,Tasmania Government LIST Telstra Payphones layer
02936934X2,0293694974,128 MACPHERSON ST,BRONTE,NSW,2024,-33.906118,151.263654,,,Tasmania Government LIST Telstra Payphones layer
02936916X2,0293694207,1 MACPHERSON ST,WAVERLEY,NSW,2024,-33.90481,151.254399,,,Tasmania Government LIST Telstra Payphones layer
02936920X2,0293694372,267 BRONTE RD,WAVERLEY,NSW,2024,-33.902099,151.254511,,,Tasmania Government LIST Telstra Payphones layer
02938704X2,0293878119,153 BRONTE RD,WAVERLEY,NSW,2024,-33.897989,151.252027,,,Tasmania Government LIST Telstra Payphones layer
02932602X2,0293261124,56 MONCUR ST,WOOLLAHRA,NSW,2025,-33.888643,151.237143,,,Tasmania Government LIST Telstra Payphones layer
02936505X2,0293655102,36 DENHAM ST,BONDI,NSW,2026,-33.894886,151.26838,,,Tasmania Government LIST Telstra Payphones layer
02936506X2,0293655103,32 FLETCHER ST,BONDI,NSW,2026,-33.89722,151.27105,,,Tasmania Government LIST Telstra Payphones layer
02936509X2,0293655106,32 FLETCHER ST,BONDI,NSW,2026,-33.89722,151.27105,,,Tasmania Government LIST Telstra Payphones layer
02936512X2,0293655111,43 IMPERIAL AVE,BONDI,NSW,2026,-33.894762,151.266031,,,Tasmania Government LIST Telstra Payphones layer
02936903X2,0293897025,138 BONDI RD,BONDI,NSW,2026,-33.893332,151.260224,,,Tasmania Government LIST Telstra Payphones layer
02936928X2,0293890736,50 OCEAN ST,BONDI,NSW,2026,-33.893997,151.262504,,,Tasmania Government LIST Telstra Payphones layer
02938601X2,0293864814,240 BONDI RD,BONDI,NSW,2026,-33.893991,151.264595,,,Tasmania Government LIST Telstra Payphones layer
02938902X2,0436020602,14 FLOOD ST,BONDI,NSW,2026,-33.889975,151.259412,,,Tasmania Government LIST Telstra Payphones layer
02913001X2,0291308184,152 CAMPBELL PDE,BONDI BEACH,NSW,2026,-33.89062,151.27469,,,Tasmania Government LIST Telstra Payphones layer
02913004X2,0291308627,88 CAMPBELL PDE,BONDI BEACH,NSW,2026,-33.891826,151.273272,,,Tasmania Government LIST Telstra Payphones layer
02930000X2,0293009487,120 GLENAYR AVE,BONDI BEACH,NSW,2026,-33.886404,151.272962,,,Tasmania Government LIST Telstra Payphones layer
02930007X1,0293008009,180 CAMPBELL PDE,BONDI BEACH,NSW,2026,-33.889195,151.276174,,,Tasmania Government LIST Telstra Payphones layer
02936515X2,0293655118,158 GLENAYR AVE,BONDI BEACH,NSW,2026,-33.888822,151.270666,,,Tasmania Government LIST Telstra Payphones layer
02936530X2,0293655142,2 NOTTS AVE,BONDI BEACH,NSW,2026,-33.894026,151.273251,,,Tasmania Government LIST Telstra Payphones layer
02936537X2,0293655151,3 BEACH RD,BONDI BEACH,NSW,2026,-33.888718,151.276079,,,Tasmania Government LIST Telstra Payphones layer
02936544X2,0436458096,1 JACQUES AVE,BONDI BEACH,NSW,2026,-33.890803,151.272907,,,Tasmania Government LIST Telstra Payphones layer
02936547X2,0293657025,178 CAMPBELL PDE,BONDI BEACH,NSW,2026,-33.889958,151.275323,,,Tasmania Government LIST Telstra Payphones layer
02936551X2,0293655286,58 HALL ST,BONDI BEACH,NSW,2026,-33.889744,151.271533,,,Tasmania Government LIST Telstra Payphones layer
02936552X2,0293656792,40 HALL ST,BONDI BEACH,NSW,2026,-33.890249,151.272199,,,Tasmania Government LIST Telstra Payphones layer
02936553X2,0293657971,2 LAMROCK AVE,BONDI BEACH,NSW,2026,-33.892502,151.272897,,,Tasmania Government LIST Telstra Payphones layer
02936510X2,0293655107,53 WAIROA ST,NORTH BONDI,NSW,2026,-33.885512,151.280803,,,Tasmania Government LIST Telstra Payphones layer
02936518X2,0293655124,39 CAMPBELL PDE,NORTH BONDI,NSW,2026,-33.889478,151.28357,,,Tasmania Government LIST Telstra Payphones layer
02936531X2,0293655143,58 BLAIR ST,NORTH BONDI,NSW,2026,-33.88528,151.27409,,,Tasmania Government LIST Telstra Payphones layer
02936536X2,0293655150,88 BRIGHTON BLV,NORTH BONDI,NSW,2026,-33.889648,151.282818,,,Tasmania Government LIST Telstra Payphones layer
02936301X2,0293630405,4 MITCHELL RD,DARLING POINT,NSW,2027,-33.870882,151.238382,,,Tasmania Government LIST Telstra Payphones layer
02932850X2,0293283095,203 NEW SOUTH HEAD RD,EDGECLIFF,NSW,2027,-33.879256,151.235823,,,Tasmania Government LIST Telstra Payphones layer
02936221X2,0293624597,203 NEW SOUTH HEAD RD,EDGECLIFF,NSW,2027,-33.87946,151.23639,,,Tasmania Government LIST Telstra Payphones layer
02936222X2,0293624615,203 NEW SOUTH HEAD RD,EDGECLIFF,NSW,2027,-33.87946,151.23639,,,Tasmania Government LIST Telstra Payphones layer
02936226X2,0293623142,140 NEW SOUTH HEAD RD,EDGECLIFF,NSW,2027,-33.878548,151.235498,,,Tasmania Government LIST Telstra Payphones layer
02936233X2,0293624185,203 NEW SOUTH HEAD RD,EDGECLIFF,NSW,2027,-33.87946,151.23639,,,Tasmania Government LIST Telstra Payphones layer
02932700X2,0293271023,3 KNOX ST,DOUBLE BAY,NSW,2028,-33.877244,151.243255,,,Tasmania Government LIST Telstra Payphones layer
02936231X2,0293624169,KNOX ST,DOUBLE BAY,NSW,2028,-33.877368,151.24339,,,Tasmania Government LIST Telstra Payphones layer
02936232X2,0293624173,10 COOPER ST,DOUBLE BAY,NSW,2028,-33.87714,151.240811,,,Tasmania Government LIST Telstra Payphones layer
02937102X2,0293714035,712 NEW SOUTH HEAD RD,ROSE BAY,NSW,2029,-33.869753,151.269467,,,Tasmania Government LIST Telstra Payphones layer
02937104X2,0293715698,657 OLD SOUTH HEAD RD,ROSE BAY,NSW,2029,-33.865239,151.278318,,,Tasmania Government LIST Telstra Payphones layer
02937105X2,0293716410,505 OLD SOUTH HEAD RD,ROSE BAY,NSW,2029,-33.874597,151.272927,,,Tasmania Government LIST Telstra Payphones layer
02937107X2,0293717309,11 NEWCASTLE ST,ROSE BAY,NSW,2029,-33.870662,151.269188,,,Tasmania Government LIST Telstra Payphones layer
02933718X2,0293376921,1 PROMENADE RD,VAUCLUSE,NSW,2030,-33.850921,151.266461,,,Tasmania Government LIST Telstra Payphones layer
02938845X2,0293887623,18 MILITARY RD,WATSONS BAY,NSW,2030,-33.844077,151.28396,,,Tasmania Government LIST Telstra Payphones layer
02931409X2,0293145015,HIGH ST,RANDWICK,NSW,2031,-33.91705,151.23881,,,Tasmania Government LIST Telstra Payphones layer
02931411X2,0293145203,149 BARKER ST,RANDWICK,NSW,2031,-33.918964,151.239194,,,Tasmania Government LIST Telstra Payphones layer
02931414X2,0293146094,7 KING ST,RANDWICK,NSW,2031,-33.9061,151.23158,,,Tasmania Government LIST Telstra Payphones layer
02931415X2,0293146152,2 ST MARKS RD,RANDWICK,NSW,2031,-33.908501,151.247554,,,Tasmania Government LIST Telstra Payphones layer
02931416X2,0293146215,37 BELMORE RD,RANDWICK,NSW,2031,-33.913736,151.239884,,,Tasmania Government LIST Telstra Payphones layer
02931420X2,0293146349,46 WARATAH AVE,RANDWICK,NSW,2031,-33.914531,151.239925,,,Tasmania Government LIST Telstra Payphones layer
02931421X2,0436299638,HIGH ST,RANDWICK,NSW,2031,-33.916813,151.23829,,,Tasmania Government LIST Telstra Payphones layer
02931422X2,0455684394,62 FRENCHMANS RD,RANDWICK,NSW,2031,-33.90781,151.248972,,,Tasmania Government LIST Telstra Payphones layer
02931423X2,0293146480,149 BARKER ST,RANDWICK,NSW,2031,-33.91859,151.239157,,,Tasmania Government LIST Telstra Payphones layer
02931426X2,0436327672,20 ST PAULS ST,RANDWICK,NSW,2031,-33.920128,151.242516,,,Tasmania Government LIST Telstra Payphones layer
02931429X2,0293146618,122 AVOCA ST,RANDWICK,NSW,2031,-33.912839,151.242091,,,Tasmania Government LIST Telstra Payphones layer
02931437X2,0293146193,55 PAROUSE RD,RANDWICK,NSW,2031,-33.920764,151.242892,,,Tasmania Government LIST Telstra Payphones layer
02939803X1,0293981210,122 BELMORE RD,RANDWICK,NSW,2031,-33.915747,151.240561,,,Tasmania Government LIST Telstra Payphones layer
02939804X1,0293989586,73 BELMORE RD,RANDWICK,NSW,2031,-33.914927,151.240369,,,Tasmania Government LIST Telstra Payphones layer
02939804X2,0293986765,208 AVOCA ST,RANDWICK,NSW,2031,-33.91669,151.24122,,,Tasmania Government LIST Telstra Payphones layer
02939809X2,0293981106,62 CLOVELLY RD,RANDWICK,NSW,2031,-33.906423,151.246674,,,Tasmania Government LIST Telstra Payphones layer
02939812X2,0455730693,CARRINGTON RD,RANDWICK,NSW,2031,-33.909886,151.251522,,,Tasmania Government LIST Telstra Payphones layer
02939815X2,0437169442,30 FRANCES ST,RANDWICK,NSW,2031,-33.911195,151.243235,,,Tasmania Government LIST Telstra Payphones layer
02939816X2,0293982975,208 AVOCA ST,RANDWICK,NSW,2031,-33.91669,151.24122,,,Tasmania Government LIST Telstra Payphones layer
02939817X2,0293983044,127 BARKER ST,RANDWICK,NSW,2031,-33.920649,151.235868,,,Tasmania Government LIST Telstra Payphones layer
02939821X2,0293984688,1 BOTANY ST,RANDWICK,NSW,2031,-33.912575,151.237704,,,Tasmania Government LIST Telstra Payphones layer
02939823X2,0293984963,48 CARRINGTON RD,RANDWICK,NSW,2031,-33.9065,151.25206,,,Tasmania Government LIST Telstra Payphones layer
02939824X2,0293987515,124 RAINBOW ST,RANDWICK,NSW,2031,-33.925734,151.239515,,,Tasmania Government LIST Telstra Payphones layer
02939825X2,0293987527,26 ALISON RD,RANDWICK,NSW,2031,-33.907397,151.233202,,,Tasmania Government LIST Telstra Payphones layer
02939829X2,0293985692,13 SILVER ST,RANDWICK,NSW,2031,-33.913597,151.239606,,,Tasmania Government LIST Telstra Payphones layer
02939920X2,0293997033,124 PEROUSE ST,RANDWICK,NSW,2031,-33.92364,151.24459,,,Tasmania Government LIST Telstra Payphones layer
02939922X2,0293997255,11 PEROUSE RD,RANDWICK,NSW,2031,-33.918637,151.242414,,,Tasmania Government LIST Telstra Payphones layer
02966504X2,0296658060,110 FERN ST,RANDWICK,NSW,2031,-33.9114,151.25421,,,Tasmania Government LIST Telstra Payphones layer
02931300X7,0429556215,494 ANZAC PDE,KINGSFORD,NSW,2032,-33.922802,151.227417,,,Tasmania Government LIST Telstra Payphones layer
02931301X7,0293136796,424 ANZACE PDE,KINGSFORD,NSW,2032,-33.921339,151.227025,,,Tasmania Government LIST Telstra Payphones layer
02931391X2,0293136450,48 BORRODALE ST,KINGSFORD,NSW,2032,-33.922789,151.226875,,,Tasmania Government LIST Telstra Payphones layer
02931418X2,0448069453,538 ANZAC PDE,KINGSFORD,NSW,2032,-33.924935,151.229553,,,Tasmania Government LIST Telstra Payphones layer
02934919X2,0293494742,47 BUNNERONG RD,KINGSFORD,NSW,2032,-33.927177,151.228852,,,Tasmania Government LIST Telstra Payphones layer
02931302X7,0293137020,330 ANZAC PDE,KENSINGTON,NSW,2033,-33.916908,151.232359,,,Tasmania Government LIST Telstra Payphones layer
02931304X7,0436127160,111 ANZAC PDE,KENSINGTON,NSW,2033,-33.909294,151.223215,,,Tasmania Government LIST Telstra Payphones layer
02931331X2,0293136423,330 ANZAC PDE,KENSINGTON,NSW,2033,-33.917656,151.23408,,,Tasmania Government LIST Telstra Payphones layer
02931383X2,0293136375,330 ANZAC PDE,KENSINGTON,NSW,2033,-33.916412,151.226237,,,Tasmania Government LIST Telstra Payphones layer
02931384X2,0293136376,1 BAKER ST,KENSINGTON,NSW,2033,-33.907217,151.216923,,,Tasmania Government LIST Telstra Payphones layer
02931392X2,0293136631,9 ADDISON ST,KENSINGTON,NSW,2033,-33.911652,151.222786,,,Tasmania Government LIST Telstra Payphones layer
02931395X2,0293136759,227 ANZAC PDE,KENSINGTON,NSW,2033,-33.918664,151.22619,,,Tasmania Government LIST Telstra Payphones layer
02931397X2,0293136763,20 ABBOTFORD ST,KENSINGTON,NSW,2033,-33.904739,151.224611,,,Tasmania Government LIST Telstra Payphones layer
02932613X2,0296631287,330 ANZAC PDE,KENSINGTON,NSW,2033,-33.918077,151.230075,,,Tasmania Government LIST Telstra Payphones layer
02966235X2,0296627320,112 ANZAC PDE,KENSINGTON,NSW,2033,-33.907373,151.223795,,,Tasmania Government LIST Telstra Payphones layer
02966240X2,0296628543,330 ANZAC PDE,KENSINGTON,NSW,2033,-33.917135,151.233505,,,Tasmania Government LIST Telstra Payphones layer
02966400X2,0296645374,199 COOGEE BAY RD,COOGEE,NSW,2034,-33.920471,151.253961,,,Tasmania Government LIST Telstra Payphones layer
02966501X2,0296650187,288 CARRINGTON RD,COOGEE,NSW,2034,-33.917175,151.248839,,,Tasmania Government LIST Telstra Payphones layer
02966505X2,0296658272,186 ARDEN ST,COOGEE,NSW,2034,-33.920218,151.257066,,,Tasmania Government LIST Telstra Payphones layer
02966510X2,0455624275,242 ARDEN ST,COOGEE,NSW,2034,-33.922513,151.256566,,,Tasmania Government LIST Telstra Payphones layer
02966511X2,0296658823,138 COOGEE BAY RD,COOGEE,NSW,2034,-33.91989,151.25038,,,Tasmania Government LIST Telstra Payphones layer
02966513X2,0296659032,29 CARR ST,COOGEE,NSW,2034,-33.92239,151.25182,,,Tasmania Government LIST Telstra Payphones layer
02966520X2,0447780023,222 CLOVELLY RD,COOGEE,NSW,2034,-33.911584,151.25428,,,Tasmania Government LIST Telstra Payphones layer
02966524X2,0296659765,272 CLOVELLY RD,COOGEE,NSW,2034,-33.912212,151.258466,,,Tasmania Government LIST Telstra Payphones layer
02966528X2,0448156419,103 BROOK ST,COOGEE,NSW,2034,-33.920336,151.254521,,,Tasmania Government LIST Telstra Payphones layer
02966529X2,0296659079,ARDEN ST,COOGEE,NSW,2034,-33.922594,151.256547,,,Tasmania Government LIST Telstra Payphones layer
02966530X2,0296653274,1 VICAR ST,COOGEE,NSW,2034,-33.92077,151.255501,,,Tasmania Government LIST Telstra Payphones layer
02966531X2,0436283758,155 DOLPHIN ST,COOGEE,NSW,2034,-33.91891,151.257744,,,Tasmania Government LIST Telstra Payphones layer
02966534X2,0296658061,266 COOGEE BAY RD,COOGEE,NSW,2034,-33.920738,151.256502,,,Tasmania Government LIST Telstra Payphones layer
02934930X2,0293497367,202 MALABAR RD,SOUTH COOGEE,NSW,2034,-33.93334,151.25794,,,Tasmania Government LIST Telstra Payphones layer
02966519X2,0296659372,9 ELPHINSTONE RD,SOUTH COOGEE,NSW,2034,-33.930309,151.25316,,,Tasmania Government LIST Telstra Payphones layer
02966521X2,0296659399,376 ARDEN ST,SOUTH COOGEE,NSW,2034,-33.928395,151.255091,,,Tasmania Government LIST Telstra Payphones layer
02966523X2,0296659631,271 RAINBOW ST,SOUTH COOGEE,NSW,2034,-33.927202,151.250338,,,Tasmania Government LIST Telstra Payphones layer
02834711X2,0428939683,182 MARINE PDE,MAROUBRA,NSW,2035,-33.946367,151.256687,,,Tasmania Government LIST Telstra Payphones layer
02834713X2,0428724069,1156 MARINE PDE,MAROUBRA,NSW,2035,-33.94745,151.255367,,,Tasmania Government LIST Telstra Payphones layer
02931400X2,0293140817,8 LEXINGTON PL,MAROUBRA,NSW,2035,-33.949231,151.247321,,,Tasmania Government LIST Telstra Payphones layer
02931403X2,0293141589,205 MAROUBRA RD,MAROUBRA,NSW,2035,-33.94182,151.240032,,,Tasmania Government LIST Telstra Payphones layer
02934411X2,0293447075,236 MAROUBRA RD,MAROUBRA,NSW,2035,-33.94213,151.24444,,,Tasmania Government LIST Telstra Payphones layer
02934902X2,0455861890,130 FITZGERALD AVE,MAROUBRA,NSW,2035,-33.94617,151.2396,,,Tasmania Government LIST Telstra Payphones layer
02934914X2,0293491514,17 MAROUBRA RD,MAROUBRA,NSW,2035,-33.94032,151.229301,,,Tasmania Government LIST Telstra Payphones layer
02934927X2,0293497191,307 MALABAR RD,MAROUBRA,NSW,2035,-33.93853,151.25748,,,Tasmania Government LIST Telstra Payphones layer
02934931X2,0293497388,38 MCKEON ST,MAROUBRA,NSW,2035,-33.945827,151.255942,,,Tasmania Government LIST Telstra Payphones layer
02934934X2,0293498001,734 ANZAC PDE,MAROUBRA,NSW,2035,-33.933469,151.237872,,,Tasmania Government LIST Telstra Payphones layer
02934935X2,0293498352,169 BUNNERONG RD,MAROUBRA,NSW,2035,-33.933818,151.230444,,,Tasmania Government LIST Telstra Payphones layer
02934936X2,0293498382,124 MARINE PDE,MAROUBRA,NSW,2035,-33.944665,151.260522,,,Tasmania Government LIST Telstra Payphones layer
02966103X2,0296615790,1070 ANZAC PDE,MAROUBRA,NSW,2035,-33.952811,151.24225,,,Tasmania Government LIST Telstra Payphones layer
02931603X2,0293164783,19 DALLEY AVE,PAGEWOOD,NSW,2035,-33.942021,151.215194,,,Tasmania Government LIST Telstra Payphones layer
02966113X2,0296615884,FOREST ST,CHIFLEY,NSW,2036,-33.969714,151.241378,,,Tasmania Government LIST Telstra Payphones layer
02934915X2,0293492201,1 SMITH ST,EASTGARDENS,NSW,2036,-33.94692,151.22825,,,Tasmania Government LIST Telstra Payphones layer
02934916X2,0293492876,226 BUNNERONG RD,EASTGARDENS,NSW,2036,-33.950498,151.231293,,,Tasmania Government LIST Telstra Payphones layer
02931126X1,0293112864,238 BUNNERONG RD,HILLSDALE,NSW,2036,-33.95154,151.23151,,,Tasmania Government LIST Telstra Payphones layer
02969406X2,0455782954,1605 ANZAC PDE,LA PEROUSE,NSW,2036,-33.987891,151.232225,,,Tasmania Government LIST Telstra Payphones layer
02966121X2,0296618579,1407 ANZAC PDE,LITTLE BAY,NSW,2036,-33.979684,151.244507,,,Tasmania Government LIST Telstra Payphones layer
02966109X2,0296618686,1214 ANZAC PDE,MALABAR,NSW,2036,-33.962687,151.246888,,,Tasmania Government LIST Telstra Payphones layer
02966108X2,0296618265,495 BUNNERONG RD,MATRAVILLE,NSW,2036,-33.957581,151.230987,,,Tasmania Government LIST Telstra Payphones layer
02969400X2,0296941002,1203 ANZAC PDE,MATRAVILLE,NSW,2036,-33.962383,151.246139,,,Tasmania Government LIST Telstra Payphones layer
02955240X2,0295524523,117 ARUNDEL ST,FOREST LODGE,NSW,2037,-33.884076,151.184554,,,Tasmania Government LIST Telstra Payphones layer
02966007X2,0296606802,231 BRIDGE RD,FOREST LODGE,NSW,2037,-33.882427,151.181971,,,Tasmania Government LIST Telstra Payphones layer
02928022X2,0292804237,23 BAY ST,GLEBE,NSW,2037,-33.883164,151.194933,,,Tasmania Government LIST Telstra Payphones layer
02955206X2,0295524892,181 GLEBE POINT RD,GLEBE,NSW,2037,-33.880914,151.188043,,,Tasmania Government LIST Telstra Payphones layer
02955207X2,0295522427,2 TOXTETH RD,GLEBE,NSW,2037,-33.876096,151.183881,,,Tasmania Government LIST Telstra Payphones layer
02955208X2,0295521075,151 ST JOHNS RD,GLEBE,NSW,2037,-33.882691,151.184145,,,Tasmania Government LIST Telstra Payphones layer
02955212X2,0295522246,44 GLEBE POINT RD,GLEBE,NSW,2037,-33.88329,151.19122,,,Tasmania Government LIST Telstra Payphones layer
02955222X2,0295522660,210 GLEBE PT RD,GLEBE,NSW,2037,-33.877086,151.184788,,,Tasmania Government LIST Telstra Payphones layer
02955223X2,0295522679,85 BAY ST,GLEBE,NSW,2037,-33.880345,151.194526,,,Tasmania Government LIST Telstra Payphones layer
02955241X2,0436296705,120 ST JOHNS RD,GLEBE,NSW,2037,-33.880745,151.188005,,,Tasmania Government LIST Telstra Payphones layer
02956601X2,0295661186,186 GLEBE POINT RD,GLEBE,NSW,2037,-33.8778,151.18529,,,Tasmania Government LIST Telstra Payphones layer
02966034X2,0296605056,44 GLEBE POINT RD,GLEBE,NSW,2037,-33.88329,151.19122,,,Tasmania Government LIST Telstra Payphones layer
02955215X2,0295522313,126 JOHNSTON ST,ANNANDALE,NSW,2038,-33.881202,151.170644,,,Tasmania Government LIST Telstra Payphones layer
02966014X2,0296602893,119 BOOTH ST,ANNANDALE,NSW,2038,-33.881193,151.170195,,,Tasmania Government LIST Telstra Payphones layer
02955527X2,0295558734,756 DARLING ST,ROZELLE,NSW,2039,-33.86534,151.167832,,,Tasmania Government LIST Telstra Payphones layer
02981000X2,0298108624,704 DARLING ST,ROZELLE,NSW,2039,-33.864393,151.169411,,,Tasmania Government LIST Telstra Payphones layer
02981814X2,0298184928,1 NATIONAL ST,ROZELLE,NSW,2039,-33.863237,151.170848,,,Tasmania Government LIST Telstra Payphones layer
02955013X2,0295500398,FLOOD ST,LEICHHARDT,NSW,2040,-33.884088,151.149961,,,Tasmania Government LIST Telstra Payphones layer
02956026X2,0295607804,14 NORTON ST,LEICHHARDT,NSW,2040,-33.88744,151.157499,,,Tasmania Government LIST Telstra Payphones layer
02956418X2,0295641926,112 MARION ST,LEICHHARDT,NSW,2040,-33.884183,151.151766,,,Tasmania Government LIST Telstra Payphones layer
02956422X2,0295642032,263 CATHERINE ST,LEICHHARDT,NSW,2040,-33.879417,151.164172,,,Tasmania Government LIST Telstra Payphones layer
02956434X2,0295642187,1 WETHERILL ST,LEICHHARDT,NSW,2040,-33.88291,151.15712,,,Tasmania Government LIST Telstra Payphones layer
02956909X2,0295695083,FLOOD ST,LEICHHARDT,NSW,2040,-33.880139,151.149985,,,Tasmania Government LIST Telstra Payphones layer
02956914X2,0295697103,286 NORTON ST,LEICHHARDT,NSW,2040,-33.87723,151.156206,,,Tasmania Government LIST Telstra Payphones layer
02956915X2,0295698243,99 NORTON ST,LEICHHARDT,NSW,2040,-33.884727,151.157254,,,Tasmania Government LIST Telstra Payphones layer
02956917X2,0295694306,47 NORTON ST,LEICHHARDT,NSW,2040,-33.886331,151.157455,,,Tasmania Government LIST Telstra Payphones layer
02955528X2,0295558736,1 HELENA ST,LILYFIELD,NSW,2040,-33.871202,151.160852,,,Tasmania Government LIST Telstra Payphones layer
02956015X2,0295608365,368 CATHERINE ST,LILYFIELD,NSW,2040,-33.876095,151.164799,,,Tasmania Government LIST Telstra Payphones layer
02955523X2,0295558647,243 DARLING ST,BALMAIN,NSW,2041,-33.85775,151.18255,,,Tasmania Government LIST Telstra Payphones layer
02955534X2,0295558776,79 ELLIOTT ST,BALMAIN,NSW,2041,-33.856527,151.172605,,,Tasmania Government LIST Telstra Payphones layer
02981807X2,0298181264,95 CURTIS RD,BALMAIN,NSW,2041,-33.855644,151.180854,,,Tasmania Government LIST Telstra Payphones layer
02981811X2,0298181920,276 DARLING ST,BALMAIN,NSW,2041,-33.857756,151.181174,,,Tasmania Government LIST Telstra Payphones layer
02955532X2,0295558770,80 DARLING ST,BALMAIN EAST,NSW,2041,-33.85752,151.192689,,,Tasmania Government LIST Telstra Payphones layer
02951606X2,0295164320,35 LIBERTY ST,ENMORE,NSW,2042,-33.896745,151.170747,,,Tasmania Government LIST Telstra Payphones layer
02955040X2,0295503723,110 EDGEWARE RD,ENMORE,NSW,2042,-33.90321,151.17247,,,Tasmania Government LIST Telstra Payphones layer
02956508X2,0295651015,1 METROPOLITAN RD,ENMORE,NSW,2042,-33.899302,151.171924,,,Tasmania Government LIST Telstra Payphones layer
02951604X2,0295162749,1 HOLMWOOD ST,NEWTOWN,NSW,2042,-33.903892,151.179692,,,Tasmania Government LIST Telstra Payphones layer
02955007X2,0295503412,210 KING ST,NEWTOWN,NSW,2042,-33.895011,151.182145,,,Tasmania Government LIST Telstra Payphones layer
02955020X2,0295503424,210 KING ST,NEWTOWN,NSW,2042,-33.895011,151.182145,,,Tasmania Government LIST Telstra Payphones layer
02955025X2,0295503531,352 KING ST,NEWTOWN,NSW,2042,-33.898502,151.178202,,,Tasmania Government LIST Telstra Payphones layer
02955032X2,0295503613,HOLT ST,NEWTOWN,NSW,2042,-33.900137,151.177958,,,Tasmania Government LIST Telstra Payphones layer
02955034X2,0295503627,2 ERSKINEVILLE RD,NEWTOWN,NSW,2042,-33.896633,151.18013,,,Tasmania Government LIST Telstra Payphones layer
02955042X2,0295503728,218 AUSTRALIA ST,NEWTOWN,NSW,2042,-33.896732,151.178494,,,Tasmania Government LIST Telstra Payphones layer
02955053X2,0295506871,92 KING ST,NEWTOWN,NSW,2042,-33.893078,151.185171,,,Tasmania Government LIST Telstra Payphones layer
02955751X2,0295575462,210 KING ST,NEWTOWN,NSW,2042,-33.895011,151.182145,,,Tasmania Government LIST Telstra Payphones layer
02951906X2,0295197520,2 BRAY ST,ERSKINEVILLE,NSW,2043,-33.905581,151.181091,,,Tasmania Government LIST Telstra Payphones layer
02951915X2,0455357248,25 SWANSON ST,ERSKINEVILLE,NSW,2043,-33.90039,151.187942,,,Tasmania Government LIST Telstra Payphones layer
02955052X2,0295506585,34 MAY ST,ST PETERS,NSW,2044,-33.909158,151.179502,,,Tasmania Government LIST Telstra Payphones layer
02955005X2,0295173417,7 GLEESON AVE,SYDENHAM,NSW,2044,-33.915874,151.166378,,,Tasmania Government LIST Telstra Payphones layer
02955902X2,0295591266,88 SAMUEL ST,TEMPE,NSW,2044,-33.91863,151.16403,,,Tasmania Government LIST Telstra Payphones layer
02955904X2,0295591755,24 GRIFFITHS ST,TEMPE,NSW,2044,-33.924081,151.156946,,,Tasmania Government LIST Telstra Payphones layer
02955907X2,0295592099,743 PRINCES HWY,TEMPE,NSW,2044,-33.924545,151.160868,,,Tasmania Government LIST Telstra Payphones layer
02955929X2,0295594998,1 GRIFFITHS ST,TEMPE,NSW,2044,-33.92407,151.15677,,,Tasmania Government LIST Telstra Payphones layer
02971603X2,0297166133,60 DALHOUSIE ST,HABERFIELD,NSW,2045,-33.880947,151.13841,,,Tasmania Government LIST Telstra Payphones layer
02971203X2,0297122707,617 GREAT NORTH RD,ABBOTSFORD,NSW,2046,-33.843946,151.128214,,,Tasmania Government LIST Telstra Payphones layer
02971207X2,0297125635,545 GREAT NORTH RD,ABBOTSFORD,NSW,2046,-33.84819,151.128149,,,Tasmania Government LIST Telstra Payphones layer
02971206X2,0297125466,191 FIRST AVE,FIVE DOCK,NSW,2046,-33.869244,151.129894,,,Tasmania Government LIST Telstra Payphones layer
02971304X2,0297134083,187 GREAT NORTH RD,FIVE DOCK,NSW,2046,-33.86642,151.129986,,,Tasmania Government LIST Telstra Payphones layer
02971305X2,0297134236,1 BEVIN AVE,FIVE DOCK,NSW,2046,-33.8663,151.122843,,,Tasmania Government LIST Telstra Payphones layer
02971306X2,0297134675,1 GARFIELD ST,FIVE DOCK,NSW,2046,-33.868516,151.129409,,,Tasmania Government LIST Telstra Payphones layer
02971205X2,0297121239,375 GREAT NORTH RD,WAREEMBA,NSW,2046,-33.857602,151.130812,,,Tasmania Government LIST Telstra Payphones layer
02971901X2,0297198557,21 LYONS RD,DRUMMOYNE,NSW,2047,-33.850997,151.154766,,,Tasmania Government LIST Telstra Payphones layer
02971902X2,0297198474,1 WOLSELEY ST,DRUMMOYNE,NSW,2047,-33.845679,151.156962,,,Tasmania Government LIST Telstra Payphones layer
02981900X2,0298196098,787 GIPPS ST,DRUMMOYNE,NSW,2047,-33.855813,151.147589,,,Tasmania Government LIST Telstra Payphones layer
02981906X2,0298196245,151 EDWIN ST,DRUMMOYNE,NSW,2047,-33.852619,151.155747,,,Tasmania Government LIST Telstra Payphones layer
02951602X2,0295161665,5 BRIDGE RD,STANMORE,NSW,2048,-33.888189,151.171804,,,Tasmania Government LIST Telstra Payphones layer
02951610X2,0436423575,1 NORTHUMBERLAND AVE,STANMORE,NSW,2048,-33.888128,151.167786,,,Tasmania Government LIST Telstra Payphones layer
02955011X2,0295500237,1 TRAFALGAR ST,STANMORE,NSW,2048,-33.89417,151.16428,,,Tasmania Government LIST Telstra Payphones layer
02956002X2,0295600607,1 TEMPLE ST,STANMORE,NSW,2048,-33.893164,151.164192,,,Tasmania Government LIST Telstra Payphones layer
02956006X2,0295601639,1 CLARENDON RD,STANMORE,NSW,2048,-33.891609,151.167943,,,Tasmania Government LIST Telstra Payphones layer
02956013X2,0295607654,1 PERCIVAL RD,STANMORE,NSW,2048,-33.88828,151.164848,,,Tasmania Government LIST Telstra Payphones layer
02956024X2,0295609521,1 HOLT ST,STANMORE,NSW,2048,-33.894827,151.16434,,,Tasmania Government LIST Telstra Payphones layer
02956430X2,0295642116,130 STANMORE RD,STANMORE,NSW,2048,-33.897657,151.16599,,,Tasmania Government LIST Telstra Payphones layer
02955057X2,0295509960,1 ELTHAM ST,LEWISHAM,NSW,2049,-33.898959,151.145041,,,Tasmania Government LIST Telstra Payphones layer
02956005X2,0295601628,1 THOMAS ST,LEWISHAM,NSW,2049,-33.890913,151.148614,,,Tasmania Government LIST Telstra Payphones layer
02956008X2,0295601839,89 OLD CANTERBURY RD,LEWISHAM,NSW,2049,-33.894999,151.144243,,,Tasmania Government LIST Telstra Payphones layer
02956018X2,0295609965,2 RAILWAY TCE,LEWISHAM,NSW,2049,-33.893602,151.147582,,,Tasmania Government LIST Telstra Payphones layer
02956413X2,0295641235,1 RAILWAY TCE,LEWISHAM,NSW,2049,-33.893457,151.147686,,,Tasmania Government LIST Telstra Payphones layer
02955012X2,0295500351,1 TRAFALGAR ST,PETERSHAM,NSW,2049,-33.893891,151.155224,,,Tasmania Government LIST Telstra Payphones layer
02955015X2,0295500492,89 AUDLEY ST,PETERSHAM,NSW,2049,-33.895404,151.154376,,,Tasmania Government LIST Telstra Payphones layer
02956003X2,0295601039,45 MIDDLETON ST,PETERSHAM,NSW,2049,-33.896472,151.161538,,,Tasmania Government LIST Telstra Payphones layer
02956009X2,0295602882,279 ADDISON RD,PETERSHAM,NSW,2049,-33.899476,151.15476,,,Tasmania Government LIST Telstra Payphones layer
02956020X2,0295600112,1 SHAW ST,PETERSHAM,NSW,2049,-33.895857,151.156857,,,Tasmania Government LIST Telstra Payphones layer
02956424X2,0295642036,111 CRYSTAL ST,PETERSHAM,NSW,2049,-33.895252,151.157073,,,Tasmania Government LIST Telstra Payphones layer
02956429X2,0295642110,57 WEST ST,PETERSHAM,NSW,2049,-33.896761,151.151497,,,Tasmania Government LIST Telstra Payphones layer
02956432X2,0295642184,302 STANMORE RD,PETERSHAM,NSW,2049,-33.896495,151.158784,,,Tasmania Government LIST Telstra Payphones layer
02956440X2,0295642684,27 CRYSTAL ST,PETERSHAM,NSW,2049,-33.88967,151.15866,,,Tasmania Government LIST Telstra Payphones layer
02956912X2,0295699201,1 CHARLES ST,PETERSHAM,NSW,2049,-33.888123,151.160331,,,Tasmania Government LIST Telstra Payphones layer
02951600X1,0295160913,12 MISSENDEN RD,CAMPERDOWN,NSW,2050,-33.88902,151.18238,,,Tasmania Government LIST Telstra Payphones layer
02951607X2,0295164419,SALISBURY RD,CAMPERDOWN,NSW,2050,-33.891697,151.17633,,,Tasmania Government LIST Telstra Payphones layer
02951903X1,0295194327,12 MISSENDEN RD,CAMPERDOWN,NSW,2050,-33.889337,151.18306,,,Tasmania Government LIST Telstra Payphones layer
02951904X1,0295195916,12 MISSENDEN RD,CAMPERDOWN,NSW,2050,-33.88926,151.183472,,,Tasmania Government LIST Telstra Payphones layer
02955028X2,0295503563,3 MARMION ST,CAMPERDOWN,NSW,2050,-33.89247,151.17257,,,Tasmania Government LIST Telstra Payphones layer
02955045X2,0295503749,GROSE ST,CAMPERDOWN,NSW,2050,-33.889104,151.181712,,,Tasmania Government LIST Telstra Payphones layer
02955046X2,0295503750,15 LAYTON ST,CAMPERDOWN,NSW,2050,-33.886457,151.177244,,,Tasmania Government LIST Telstra Payphones layer
02955217X2,0295522490,SCIENCE RD,CAMPERDOWN,NSW,2050,-33.885641,151.187775,,,Tasmania Government LIST Telstra Payphones layer
02892001X2,0289203610,162 BLUES POINT RD,MCMAHONS POINT,NSW,2060,-33.843627,151.204499,,,Tasmania Government LIST Telstra Payphones layer
02992215X2,0299227632,101 BLUES POINT RD,MCMAHONS POINT,NSW,2060,-33.845328,151.204159,,,Tasmania Government LIST Telstra Payphones layer
02892002X2,0289203057,77 MOUNT ST,NORTH SYDNEY,NSW,2060,-33.839058,151.207888,,,Tasmania Government LIST Telstra Payphones layer
02992208X2,0299223276,50 MILLER ST,NORTH SYDNEY,NSW,2060,-33.839807,151.206595,,,Tasmania Government LIST Telstra Payphones layer
02992209X2,0299224476,283 MILLER ST,NORTH SYDNEY,NSW,2060,-33.832538,151.208305,,,Tasmania Government LIST Telstra Payphones layer
02992221X2,0299225687,92 PACIFIC HWY,NORTH SYDNEY,NSW,2060,-33.83871,151.206556,,,Tasmania Government LIST Telstra Payphones layer
02992227X2,0436485549,104 MOUNT ST,NORTH SYDNEY,NSW,2060,-33.839197,151.209001,,,Tasmania Government LIST Telstra Payphones layer
02992302X2,0448054157,105 MILLER ST,NORTH SYDNEY,NSW,2060,-33.838394,151.207042,,,Tasmania Government LIST Telstra Payphones layer
02992307X2,0299231271,92 PACIFIC HWY,NORTH SYDNEY,NSW,2060,-33.83871,151.206556,,,Tasmania Government LIST Telstra Payphones layer
02992312X2,0299231509,232 MILLER ST,NORTH SYDNEY,NSW,2060,-33.833571,151.207813,,,Tasmania Government LIST Telstra Payphones layer
02992328X2,0299232765,202 FALCON ST,NORTH SYDNEY,NSW,2060,-33.829045,151.210346,,,Tasmania Government LIST Telstra Payphones layer
02992337X2,0299231165,50 BERRY ST,NORTH SYDNEY,NSW,2060,-33.83684,151.207703,,,Tasmania Government LIST Telstra Payphones layer
02992338X2,0299231254,6 BAY RD,NORTH SYDNEY,NSW,2060,-33.835254,151.204392,,,Tasmania Government LIST Telstra Payphones layer
02992507X2,0299250232,173 BLUES POINT RD,NORTH SYDNEY,NSW,2060,-33.842508,151.205317,,,Tasmania Government LIST Telstra Payphones layer
02995501X2,0299554172,15 BLUE ST,NORTH SYDNEY,NSW,2060,-33.841232,151.207266,,,Tasmania Government LIST Telstra Payphones layer
02995504X2,0299554493,15 BLUE ST,NORTH SYDNEY,NSW,2060,-33.841147,151.207521,,,Tasmania Government LIST Telstra Payphones layer
02995505X2,0299554530,15 BLUE ST,NORTH SYDNEY,NSW,2060,-33.841043,151.207304,,,Tasmania Government LIST Telstra Payphones layer
02995508X2,0299554724,15 BLUE ST,NORTH SYDNEY,NSW,2060,-33.841147,151.207521,,,Tasmania Government LIST Telstra Payphones layer
02992210X2,0299224610,63 BAY RD,WAVERTON,NSW,2060,-33.837527,151.19722,,,Tasmania Government LIST Telstra Payphones layer
02992308X2,0299231274,GREENWAY DRV,KIRRIBILLI,NSW,2061,-33.844233,151.21221,,,Tasmania Government LIST Telstra Payphones layer
02992331X2,0299231498,50 UPPER PITT ST,KIRRIBILLI,NSW,2061,-33.848678,151.215305,,,Tasmania Government LIST Telstra Payphones layer
02995514X2,0299555456,21 BROUGHTON ST,KIRRIBILLI,NSW,2061,-33.846291,151.212863,,,Tasmania Government LIST Telstra Payphones layer
02992313X2,0299231674,1 ENNIS RD,MILSONS POINT,NSW,2061,-33.845904,151.211797,,,Tasmania Government LIST Telstra Payphones layer
02992900X2,0299298177,88 ALFRED ST,MILSONS POINT,NSW,2061,-33.84562,151.211308,,,Tasmania Government LIST Telstra Payphones layer
02990822X2,0299081266,22 CAMMERAY RD,CAMMERAY,NSW,2062,-33.82282,151.21933,,,Tasmania Government LIST Telstra Payphones layer
02992217X2,0299223232,510 MILLER ST,CAMMERAY,NSW,2062,-33.821689,151.210377,,,Tasmania Government LIST Telstra Payphones layer
02995802X2,0299581021,175 SAILORS BAY RD,NORTHBRIDGE,NSW,2063,-33.810963,151.211927,,,Tasmania Government LIST Telstra Payphones layer
02941203X2,0294122509,2 BROUGHTON RD,ARTARMON,NSW,2064,-33.808905,151.184427,,,Tasmania Government LIST Telstra Payphones layer
02941310X2,0294133682,60 HAMPDEN RD,ARTARMON,NSW,2064,-33.80885,151.185189,,,Tasmania Government LIST Telstra Payphones layer
02941946X2,0294198590,5 WILKES AVE,ARTARMON,NSW,2064,-33.807986,151.185021,,,Tasmania Government LIST Telstra Payphones layer
02941951X2,0294198829,72 HAMPDEN RD,ARTARMON,NSW,2064,-33.809234,151.185162,,,Tasmania Government LIST Telstra Payphones layer
02941954X2,0294196121,66 HAMPDEN RD,ARTARMON,NSW,2064,-33.809353,151.185393,,,Tasmania Government LIST Telstra Payphones layer
02943833X2,0294383010,74 ALBANY ST,CROWS NEST,NSW,2065,-33.82377,151.20022,,,Tasmania Government LIST Telstra Payphones layer
02943837X2,0294383787,19 ERNEST PL,CROWS NEST,NSW,2065,-33.825771,151.20135,,,Tasmania Government LIST Telstra Payphones layer
02943842X2,0294384235,8 CLARKE ST,CROWS NEST,NSW,2065,-33.826073,151.200321,,,Tasmania Government LIST Telstra Payphones layer
02943901X2,0294394304,2 BURLINGTON ST,CROWS NEST,NSW,2065,-33.826645,151.201134,,,Tasmania Government LIST Telstra Payphones layer
02943943X2,0294397659,11 WILLOUGHBY RD,CROWS NEST,NSW,2065,-33.827268,151.200917,,,Tasmania Government LIST Telstra Payphones layer
02990603X2,0299067323,2 BURLINGTON ST,CROWS NEST,NSW,2065,-33.826645,151.201134,,,Tasmania Government LIST Telstra Payphones layer
02992502X2,0299250098,168 FALCON ST,CROWS NEST,NSW,2065,-33.828742,151.208241,,,Tasmania Government LIST Telstra Payphones layer
02995700X2,0299575602,149 WEST ST,CROWS NEST,NSW,2065,-33.8273,151.20674,,,Tasmania Government LIST Telstra Payphones layer
02943829X2,0294382498,91 GREENWICH RD,GREENWICH,NSW,2065,-33.83147,151.18646,,,Tasmania Government LIST Telstra Payphones layer
02943824X2,0294381212,207 PACIFIC HWY,ST LEONARDS,NSW,2065,-33.823417,151.193671,,,Tasmania Government LIST Telstra Payphones layer
02943826X2,0436389928,6 PACIFIC HWY,ST LEONARDS,NSW,2065,-33.823618,151.19399,,,Tasmania Government LIST Telstra Payphones layer
02943830X2,0436295354,90 CHRISTIE ST,ST LEONARDS,NSW,2065,-33.82355,151.19549,,,Tasmania Government LIST Telstra Payphones layer
02943835X2,0294383198,51 RESERVE RD,ST LEONARDS,NSW,2065,-33.821596,151.191194,,,Tasmania Government LIST Telstra Payphones layer
02943846X2,0455366203,2 LITHGOW ST,ST LEONARDS,NSW,2065,-33.823767,151.194617,,,Tasmania Government LIST Telstra Payphones layer
02943900X1,0294391724,3 HERBERT ST,ST LEONARDS,NSW,2065,-33.822321,151.194286,,,Tasmania Government LIST Telstra Payphones layer
02943901X1,0294392381,3 HERBERT ST,ST LEONARDS,NSW,2065,-33.82236,151.194068,,,Tasmania Government LIST Telstra Payphones layer
02943903X1,0294396184,213 PACIFIC HWY,ST LEONARDS,NSW,2065,-33.820801,151.186509,,,Tasmania Government LIST Telstra Payphones layer
02946025X2,0294606153,3 HERBERT ST,ST LEONARDS,NSW,2065,-33.822184,151.194148,,,Tasmania Government LIST Telstra Payphones layer
02946026X2,0294606154,3 HERBERT ST,ST LEONARDS,NSW,2065,-33.822184,151.194148,,,Tasmania Government LIST Telstra Payphones layer
02943905X2,0455125622,50 SHIRLEY RD,WOLLSTONECRAFT,NSW,2065,-33.832562,151.192099,,,Tasmania Government LIST Telstra Payphones layer
02941809X2,0294189284,138 LONGUEVILLE RD,LANE COVE,NSW,2066,-33.814509,151.169993,,,Tasmania Government LIST Telstra Payphones layer
02941813X2,0294189305,50 BURNS BAY RD,LANE COVE,NSW,2066,-33.814602,151.167979,,,Tasmania Government LIST Telstra Payphones layer
02941816X2,0294189312,83 LONGUEVILLE RD,LANE COVE,NSW,2066,-33.81348,151.17011,,,Tasmania Government LIST Telstra Payphones layer
02941818X2,0294189279,50 BURNS BAY RD,LANE COVE,NSW,2066,-33.814602,151.167979,,,Tasmania Government LIST Telstra Payphones layer
02941832X2,0294189287,110 BURNS BAY RD,LANE COVE,NSW,2066,-33.81394,151.16209,,,Tasmania Government LIST Telstra Payphones layer
02941814X2,0294189308,650 MOWBRAY RD,LANE COVE NORTH,NSW,2066,-33.804492,151.15455,,,Tasmania Government LIST Telstra Payphones layer
02941820X2,0294186823,EPPING RD,LANE COVE NORTH,NSW,2066,-33.80992,151.159777,,,Tasmania Government LIST Telstra Payphones layer
02941810X2,0294189289,231 BURNS BAY RD,LANE COVE WEST,NSW,2066,-33.815829,151.151729,,,Tasmania Government LIST Telstra Payphones layer
02941811X2,0294189301,57 TAMBOURINE BAY RD,RIVERVIEW,NSW,2066,-33.82041,151.164698,,,Tasmania Government LIST Telstra Payphones layer
02941001X1,0294102836,345 VICTORIA AVE,CHATSWOOD,NSW,2067,-33.79444,151.18559,,,Tasmania Government LIST Telstra Payphones layer
02941112X2,0294113476,224 VICTORIA AVE,CHATSWOOD,NSW,2067,-33.794463,151.189088,,,Tasmania Government LIST Telstra Payphones layer
02941113X2,0294114898,43 JOHNSON ST,CHATSWOOD,NSW,2067,-33.800447,151.182697,,,Tasmania Government LIST Telstra Payphones layer
02941117X2,0294114981,455 VICTORIA AVE,CHATSWOOD,NSW,2067,-33.796656,151.181746,,,Tasmania Government LIST Telstra Payphones layer
02941200X2,0294121432,440 VICTORIA AVE,CHATSWOOD,NSW,2067,-33.79712,151.180444,,,Tasmania Government LIST Telstra Payphones layer
02941213X2,0294123832,369 VICTORIA AVE,CHATSWOOD,NSW,2067,-33.795387,151.185769,,,Tasmania Government LIST Telstra Payphones layer
02941301X2,0294133497,47 VICTOR ST,CHATSWOOD,NSW,2067,-33.79682,151.18222,,,Tasmania Government LIST Telstra Payphones layer
02941304X2,0294133493,382 VICTORIA AVE,CHATSWOOD,NSW,2067,-33.796305,151.182896,,,Tasmania Government LIST Telstra Payphones layer
02941314X2,0294133492,425 VICTORIA AVE,CHATSWOOD,NSW,2067,-33.796167,151.183054,,,Tasmania Government LIST Telstra Payphones layer
02941955X2,0294196460,405 VICTORIA AVE,CHATSWOOD,NSW,2067,-33.79598,151.18394,,,Tasmania Government LIST Telstra Payphones layer
02941975X2,0294192927,436 VICTORIA AVE,CHATSWOOD,NSW,2067,-33.797208,151.180801,,,Tasmania Government LIST Telstra Payphones layer
02990403X2,0299048940,420 VICTORIA AVE,CHATSWOOD,NSW,2067,-33.796656,151.181746,,,Tasmania Government LIST Telstra Payphones layer
02941108X2,0294114943,213 DELHI RD,CHATSWOOD WEST,NSW,2067,-33.793114,151.156496,,,Tasmania Government LIST Telstra Payphones layer
02996700X2,0299672849,77 EDINBURGH RD,CASTLECRAG,NSW,2068,-33.802328,151.211881,,,Tasmania Government LIST Telstra Payphones layer
02941714X2,0294178773,306 PENSHURST ST,NORTH WILLOUGHBY,NSW,2068,-33.794154,151.196199,,,Tasmania Government LIST Telstra Payphones layer
02995812X2,0455716818,39 ALEXANDER AVE,NORTH WILLOUGHBY,NSW,2068,-33.796078,151.200848,,,Tasmania Government LIST Telstra Payphones layer
02995808X2,0299581730,62 FRENCHS RD,WILLOUGHBY,NSW,2068,-33.80714,151.19948,,,Tasmania Government LIST Telstra Payphones layer
02941504X2,0436442821,1 HILL ST,ROSEVILLE,NSW,2069,-33.78427,151.177407,,,Tasmania Government LIST Telstra Payphones layer
02941623X2,0294168276,63 HILL ST,ROSEVILLE,NSW,2069,-33.783713,151.177333,,,Tasmania Government LIST Telstra Payphones layer
02941618X2,0294167721,331 PACIFIC HWY,LINDFIELD,NSW,2070,-33.775758,151.169011,,,Tasmania Government LIST Telstra Payphones layer
02941620X2,0294167965,39 LINDFIELD AVE,LINDFIELD,NSW,2070,-33.775221,151.169336,,,Tasmania Government LIST Telstra Payphones layer
02941625X2,0294168610,14 MOORE AVE,LINDFIELD,NSW,2070,-33.77731,151.14843,,,Tasmania Government LIST Telstra Payphones layer
02941627X2,0294169495,331 PACIFIC HWY,LINDFIELD,NSW,2070,-33.775586,151.169257,,,Tasmania Government LIST Telstra Payphones layer
02949803X2,0294982032,50 KOOLA AVE,EAST KILLARA,NSW,2071,-33.753793,151.176381,,,Tasmania Government LIST Telstra Payphones layer
02941804X2,0294182241,8 LOCKSLEY ST,KILLARA,NSW,2071,-33.76554,151.162274,,,Tasmania Government LIST Telstra Payphones layer
02988000X2,0298802610,680 PACIFIC HWY,KILLARA,NSW,2071,-33.763565,151.155771,,,Tasmania Government LIST Telstra Payphones layer
02941802X2,0294181639,2 ST JOHNS AVE,GORDON,NSW,2072,-33.755881,151.154423,,,Tasmania Government LIST Telstra Payphones layer
02941803X2,0294181641,2 ST JOHNS AVE,GORDON,NSW,2072,-33.75614,151.154434,,,Tasmania Government LIST Telstra Payphones layer
02949806X2,0294984053,WADE LA,GORDON,NSW,2072,-33.756099,151.154084,,,Tasmania Government LIST Telstra Payphones layer
02949808X2,0294981832,741 PACIFIC HWY,GORDON,NSW,2072,-33.756013,151.153001,,,Tasmania Government LIST Telstra Payphones layer
02944919X2,0294497965,73 GRANDVIEW ST,PYMBLE,NSW,2073,-33.744598,151.142554,,,Tasmania Government LIST Telstra Payphones layer
02949810X2,0294982565,75 KENDALL ST,WEST PYMBLE,NSW,2073,-33.76125,151.12865,,,Tasmania Government LIST Telstra Payphones layer
02944911X2,0294499343,276 BOBBIN HEAD RD,NORTH TURRAMURRA,NSW,2074,-33.71351,151.14722,,,Tasmania Government LIST Telstra Payphones layer
02945706X2,0294578010,1004 BOBBIN HEAD RD,NORTH TURRAMURRA,NSW,2074,-33.66068,151.16012,,,Tasmania Government LIST Telstra Payphones layer
02998803X2,0299883134,AULUBA RD,SOUTH TURRAMURRA,NSW,2074,-33.749195,151.112187,,,Tasmania Government LIST Telstra Payphones layer
02948801X2,0294889140,25 ROHINI ST,TURRAMURRA,NSW,2074,-33.732631,151.129034,,,Tasmania Government LIST Telstra Payphones layer
02998301X2,0299830519,1 WILLIAM ST,TURRAMURRA,NSW,2074,-33.732916,151.128446,,,Tasmania Government LIST Telstra Payphones layer
02948924X2,0294890492,HEYDON AVE,WARRAWEE,NSW,2074,-33.724183,151.121664,,,Tasmania Government LIST Telstra Payphones layer
02944903X2,0294494980,235 MONA VALE RD,ST IVES,NSW,2075,-33.729435,151.162233,,,Tasmania Government LIST Telstra Payphones layer
02944912X2,0294499543,190 MONA VALE RD,ST IVES,NSW,2075,-33.730513,151.159859,,,Tasmania Government LIST Telstra Payphones layer
02944914X2,0294498454,440 MONA VALE RD,ST IVES,NSW,2075,-33.706563,151.187235,,,Tasmania Government LIST Telstra Payphones layer
02948701X2,0294871437,38 DENMAN PDE,NORMANHURST,NSW,2076,-33.721471,151.096548,,,Tasmania Government LIST Telstra Payphones layer
02948703X2,0294873165,5 RAILWAY AVE,WAHROONGA,NSW,2076,-33.718225,151.117183,,,Tasmania Government LIST Telstra Payphones layer
02948922X2,0294890090,176 FOX VALLEY RD,WAHROONGA,NSW,2076,-33.736871,151.100238,,,Tasmania Government LIST Telstra Payphones layer
02948923X2,0294890335,1 RAILWAY AVE,WAHROONGA,NSW,2076,-33.71781,151.117305,,,Tasmania Government LIST Telstra Payphones layer
02948929X2,0294894585,20 COONANBARRA RD,WAHROONGA,NSW,2076,-33.71777,151.11614,,,Tasmania Government LIST Telstra Payphones layer
02947731X2,0294775510,1 AMOR ST,ASQUITH,NSW,2077,-33.68734,151.108154,,,Tasmania Government LIST Telstra Payphones layer
02948220X2,0294821410,13 HALDANE ST,ASQUITH,NSW,2077,-33.6886,151.10853,,,Tasmania Government LIST Telstra Payphones layer
02947601X2,0294766054,47 PALMERSTON RD,HORNSBY,NSW,2077,-33.702934,151.111289,,,Tasmania Government LIST Telstra Payphones layer
02947612X2,0294766232,34 BURDETT ST,HORNSBY,NSW,2077,-33.70311,151.1046,,,Tasmania Government LIST Telstra Payphones layer
02947613X2,0294764781,34 HUNTER ST,HORNSBY,NSW,2077,-33.703047,151.100785,,,Tasmania Government LIST Telstra Payphones layer
02948210X2,0294821084,1 STATION ST,HORNSBY,NSW,2077,-33.702856,151.098398,,,Tasmania Government LIST Telstra Payphones layer
02948212X2,0294821138,1 STATION ST,HORNSBY,NSW,2077,-33.702842,151.098731,,,Tasmania Government LIST Telstra Payphones layer
02948213X2,0294821158,1 STATION ST,HORNSBY,NSW,2077,-33.702842,151.098731,,,Tasmania Government LIST Telstra Payphones layer
02948226X2,0294822407,32 FLORENCE ST,HORNSBY,NSW,2077,-33.704172,151.101405,,,Tasmania Government LIST Telstra Payphones layer
02948229X2,0294822157,1 FLORENCE ST,HORNSBY,NSW,2077,-33.70379,151.09933,,,Tasmania Government LIST Telstra Payphones layer
02948275X2,0294821168,294 PEATS FERRY RD,HORNSBY,NSW,2077,-33.701252,151.097016,,,Tasmania Government LIST Telstra Payphones layer
02948276X2,0294821311,32 FLORENCE ST,HORNSBY,NSW,2077,-33.704172,151.101405,,,Tasmania Government LIST Telstra Payphones layer
02948278X2,0294827274,17 STATION ST,HORNSBY,NSW,2077,-33.70344,151.09797,,,Tasmania Government LIST Telstra Payphones layer
02948224X2,0455879867,110 GALSTON RD,HORNSBY HEIGHTS,NSW,2077,-33.67679,151.09813,,,Tasmania Government LIST Telstra Payphones layer
02948702X2,0294871550,1 ALEXANDRIA PDE,WAITARA,NSW,2077,-33.710352,151.105221,,,Tasmania Government LIST Telstra Payphones layer
02998901X2,0299898076,2 ROMSEY ST,WAITARA,NSW,2077,-33.710286,151.10296,,,Tasmania Government LIST Telstra Payphones layer
02947606X2,0455226773,595 PACIFIC HWY,MT COLAH,NSW,2079,-33.671227,151.114553,,,Tasmania Government LIST Telstra Payphones layer
02945700X2,0294578054,757 PACIFIC HWY,MT KURING-GAI,NSW,2080,-33.65642,151.13413,,,Tasmania Government LIST Telstra Payphones layer
02945707X2,0294578723,PACIFIC HWY,MT KURING-GAI,NSW,2080,-33.653309,151.136878,,,Tasmania Government LIST Telstra Payphones layer
02945604X2,0294563109,999 PACIFIC HWY,BEROWRA,NSW,2081,-33.623102,151.152513,,,Tasmania Government LIST Telstra Payphones layer
02945608X2,0294563810,12 BEROWRA WATERS RD,BEROWRA,NSW,2081,-33.623565,151.150554,,,Tasmania Government LIST Telstra Payphones layer
02945609X2,0294564424,1007 PACIFIC HWY,BEROWRA,NSW,2081,-33.623046,151.153546,,,Tasmania Government LIST Telstra Payphones layer
02945602X2,0294563210,1140 PACIFIC HWY,COWAN,NSW,2081,-33.59262,151.17148,,,Tasmania Government LIST Telstra Payphones layer
02945600X2,0294561373,1 TURNER RD,BEROWRA HEIGHTS,NSW,2082,-33.61226,151.13831,,,Tasmania Government LIST Telstra Payphones layer
02945603X2,0294565193,199 BAY RD,BEROWRA WATERS,NSW,2082,-33.599292,151.120363,,,Tasmania Government LIST Telstra Payphones layer
02945606X2,0294563698,466 BEROWRA WATERS RD,BEROWRA WATERS,NSW,2082,-33.600398,151.125194,,,Tasmania Government LIST Telstra Payphones layer
02998501Y2,0299859307,BAR POINT PUBLIC WHF,BAR POINT,NSW,2083,-33.514623,151.163263,,,Tasmania Government LIST Telstra Payphones layer
02998505X2,0299857748,2 DANGAR RD,BROOKLYN,NSW,2083,-33.547679,151.226152,,,Tasmania Government LIST Telstra Payphones layer
02998509X2,0299857831,1 DANGAR RD,BROOKLYN,NSW,2083,-33.54708,151.22641,,,Tasmania Government LIST Telstra Payphones layer
02998510X2,0299857734,1 NEOTSFIELD AVE,DANGAR ISLAND,NSW,2083,-33.537426,151.240429,,,Tasmania Government LIST Telstra Payphones layer
02998502Y2,0299859274,MILSONS PASSAGE PUBLIC WHF,MILSONS PASSAGE,NSW,2083,-33.514909,151.175394,,,Tasmania Government LIST Telstra Payphones layer
02998500X2,0299859090,90 PACIFIC HWY,MOONEY MOONEY,NSW,2083,-33.527674,151.200774,,,Tasmania Government LIST Telstra Payphones layer
02945601X2,0294563921,1 NOTTING LA,COTTAGE POINT,NSW,2084,-33.61605,151.20639,,,Tasmania Government LIST Telstra Payphones layer
02997409X2,0299741001,1 COASTERS RETREAT,KU-RING-GAI CHASE NP,NSW,2084,-33.603297,151.292131,,,Tasmania Government LIST Telstra Payphones layer
02998604X2,0299863560,2 BOORALIE RD,TERREY HILLS,NSW,2084,-33.683278,151.228194,,,Tasmania Government LIST Telstra Payphones layer
02997503X2,0299756483,25 RALSTON AVE,BELROSE,NSW,2085,-33.728348,151.217199,,,Tasmania Government LIST Telstra Payphones layer
02997512X2,0299755436,26 LOCKWOOD AVE,BELROSE,NSW,2085,-33.740313,151.208428,,,Tasmania Government LIST Telstra Payphones layer
02997514X2,0299756149,20 FRENCHS FOREST RD,FRENCHS FOREST,NSW,2086,-33.751166,151.243863,,,Tasmania Government LIST Telstra Payphones layer
02997519X2,0299756710,2 FOREST WAY,FRENCHS FOREST,NSW,2086,-33.75015,151.2251,,,Tasmania Government LIST Telstra Payphones layer
02997500X2,0299751352,5 COOK ST,FORESTVILLE,NSW,2087,-33.760017,151.21893,,,Tasmania Government LIST Telstra Payphones layer
02997510X2,0299753802,8 STARKEY ST,FORESTVILLE,NSW,2087,-33.762336,151.216334,,,Tasmania Government LIST Telstra Payphones layer
02997520X2,0299756794,59 THE CENTRE,FORESTVILLE,NSW,2087,-33.762023,151.21412,,,Tasmania Government LIST Telstra Payphones layer
02997508X2,0299756502,33 TRAMORE PL,KILLARNEY HEIGHTS,NSW,2087,-33.775369,151.217371,,,Tasmania Government LIST Telstra Payphones layer
02996005X2,0455133295,2 THE ESPLANADE,MOSMAN,NSW,2088,-33.82749,151.252191,,,Tasmania Government LIST Telstra Payphones layer
02996007X2,0299602743,ATHOL WHARF RD,MOSMAN,NSW,2088,-33.845797,151.239764,,,Tasmania Government LIST Telstra Payphones layer
02996009X2,0299603157,670 MILITARY RD,MOSMAN,NSW,2088,-33.824952,151.24101,,,Tasmania Government LIST Telstra Payphones layer
02996014X2,0299603573,22 BRADY ST,MOSMAN,NSW,2088,-33.82413,151.240107,,,Tasmania Government LIST Telstra Payphones layer
02996017X2,0436342332,769 MILITARY RD,MOSMAN,NSW,2088,-33.829982,151.244045,,,Tasmania Government LIST Telstra Payphones layer
02996905X2,0299691730,1 AVENUE RD,MOSMAN,NSW,2088,-33.838411,151.232711,,,Tasmania Government LIST Telstra Payphones layer
02996909X2,0299696314,115 SPIT RD,MOSMAN,NSW,2088,-33.818947,151.244218,,,Tasmania Government LIST Telstra Payphones layer
02996912X2,0299699397,635 MILITARY RD,MOSMAN,NSW,2088,-33.825441,151.243204,,,Tasmania Government LIST Telstra Payphones layer
02996913X2,0299699400,143 RAGLAN ST,MOSMAN,NSW,2088,-33.831344,151.243919,,,Tasmania Government LIST Telstra Payphones layer
02990401X2,0299041987,192 BEN BOYD RD,NEUTRAL BAY,NSW,2089,-33.83,151.2195,,,Tasmania Government LIST Telstra Payphones layer
02990800X2,0299082054,135 MILITARY RD,NEUTRAL BAY,NSW,2089,-33.831223,151.221192,,,Tasmania Government LIST Telstra Payphones layer
02990803X2,0299083654,74 MILITARY RD,NEUTRAL BAY,NSW,2089,-33.830285,151.218329,,,Tasmania Government LIST Telstra Payphones layer
02990805X2,0299081493,2 RANGERS RD,NEUTRAL BAY,NSW,2089,-33.83186,151.223884,,,Tasmania Government LIST Telstra Payphones layer
02990813X2,0299082765,3 WATERS RD,NEUTRAL BAY,NSW,2089,-33.831151,151.223545,,,Tasmania Government LIST Telstra Payphones layer
02990826X2,0299083898,28 LOWER WYCOMBE RD,NEUTRAL BAY,NSW,2089,-33.840517,151.221049,,,Tasmania Government LIST Telstra Payphones layer
02992320X2,0427864062,64 CLARK RD,NEUTRAL BAY,NSW,2089,-33.838784,151.213764,,,Tasmania Government LIST Telstra Payphones layer
02995300X2,0299537439,155 WYCOMBE RD,NEUTRAL BAY,NSW,2089,-33.832123,151.222363,,,Tasmania Government LIST Telstra Payphones layer
02990816X2,0299083265,398 MILITARY RD,CREMORNE,NSW,2090,-33.827858,151.230575,,,Tasmania Government LIST Telstra Payphones layer
02990801X2,0299082952,2 MILSON RD,CREMORNE POINT,NSW,2090,-33.847564,151.231055,,,Tasmania Government LIST Telstra Payphones layer
02994946X2,0299496121,563 SYDNEY RD,SEAFORTH,NSW,2092,-33.797273,151.251031,,,Tasmania Government LIST Telstra Payphones layer
02994901X2,0299496879,179 BALGOWLAH RD,BALGOWLAH,NSW,2093,-33.790345,151.265833,,,Tasmania Government LIST Telstra Payphones layer
02994940X2,0436451702,108 CONDAMINE ST,BALGOWLAH,NSW,2093,-33.794679,151.264872,,,Tasmania Government LIST Telstra Payphones layer
02994950X2,0299496827,394 SYDNEY RD,BALGOWLAH,NSW,2093,-33.794135,151.263403,,,Tasmania Government LIST Telstra Payphones layer
02994944X2,0299495376,2 KING ST,MANLY VALE,NSW,2093,-33.782756,151.267058,,,Tasmania Government LIST Telstra Payphones layer
02994948X2,0299496470,4 SUNSHINE ST,MANLY VALE,NSW,2093,-33.784053,151.266964,,,Tasmania Government LIST Telstra Payphones layer
02994951X2,0299493610,18 QUIRK RD,MANLY VALE,NSW,2093,-33.78531,151.27054,,,Tasmania Government LIST Telstra Payphones layer
02994904X2,0299496321,44 WOODBINE ST,NORTH BALGOWLAH,NSW,2093,-33.786725,151.25122,,,Tasmania Government LIST Telstra Payphones layer
02994908X2,0299494220,1 JAMES ST,MANLY,NSW,2095,-33.798039,151.280579,,,Tasmania Government LIST Telstra Payphones layer
02997615X2,0299760915,45 NORTH STEYNE,MANLY,NSW,2095,-33.796777,151.288049,,,Tasmania Government LIST Telstra Payphones layer
02997710X2,0299772374,6 THE CORSO,MANLY,NSW,2095,-33.798976,151.284943,,,Tasmania Government LIST Telstra Payphones layer
02997713X2,0299773870,2 DARLEY RD,MANLY,NSW,2095,-33.798814,151.28648,,,Tasmania Government LIST Telstra Payphones layer
02997718X2,0299775483,60 THE CORSO,MANLY,NSW,2095,-33.79794,151.28671,,,Tasmania Government LIST Telstra Payphones layer
02997720X2,0299777256,54 NORTH STEYNE,MANLY,NSW,2095,-33.79573,151.2877,,,Tasmania Government LIST Telstra Payphones layer
02997721X2,0299777467,97 NORTH STEYNE,MANLY,NSW,2095,-33.790596,151.287105,,,Tasmania Government LIST Telstra Payphones layer
02997738X2,0299775490,2 COVE AVE,MANLY,NSW,2095,-33.803767,151.285172,,,Tasmania Government LIST Telstra Payphones layer
02997741X2,0299776814,60 THE CORSO,MANLY,NSW,2095,-33.79794,151.28671,,,Tasmania Government LIST Telstra Payphones layer
02997753X2,0299777674,13 SOUTH STEYNE,MANLY,NSW,2095,-33.79909,151.28964,,,Tasmania Government LIST Telstra Payphones layer
02997758X2,0299777878,2 WEST ESP,MANLY,NSW,2095,-33.799161,151.284088,,,Tasmania Government LIST Telstra Payphones layer
02997765X2,0299771831,40 EAST ESP,MANLY,NSW,2095,-33.79988,151.285377,,,Tasmania Government LIST Telstra Payphones layer
02997767X2,0299773376,4 CARLTON ST,MANLY,NSW,2095,-33.79256,151.28584,,,Tasmania Government LIST Telstra Payphones layer
02997772X2,0455443522,84 DARLEY RD,MANLY,NSW,2095,-33.802511,151.289393,,,Tasmania Government LIST Telstra Payphones layer
02997776X2,0299777709,194 PITTWATER RD,MANLY,NSW,2095,-33.788548,151.284713,,,Tasmania Government LIST Telstra Payphones layer
02997779X2,0299778033,149 NORTH STEYNE,MANLY,NSW,2095,-33.786254,151.287743,,,Tasmania Government LIST Telstra Payphones layer
02997782X2,0299776093,46 EAST ESP,MANLY,NSW,2095,-33.799623,151.284597,,,Tasmania Government LIST Telstra Payphones layer
02997784X2,0299775314,24 SYDNEY RD,MANLY,NSW,2095,-33.797103,151.286483,,,Tasmania Government LIST Telstra Payphones layer
02997785X2,0299778356,46 EAST ESP,MANLY,NSW,2095,-33.799623,151.284597,,,Tasmania Government LIST Telstra Payphones layer
02993807X2,0299383226,50 CARRINGTON PDE,CURL CURL,NSW,2096,-33.773305,151.292234,,,Tasmania Government LIST Telstra Payphones layer
02993818X2,0299384921,1 LAWRENCE ST,FRESHWATER,NSW,2096,-33.778987,151.285143,,,Tasmania Government LIST Telstra Payphones layer
02993825X2,0299383231,119 HARBORD RD,FRESHWATER,NSW,2096,-33.772666,151.279251,,,Tasmania Government LIST Telstra Payphones layer
02993829X2,0299384054,1 LAWRENCE ST,FRESHWATER,NSW,2096,-33.778987,151.285143,,,Tasmania Government LIST Telstra Payphones layer
02993833X2,0299384583,50 KOOLOORA AVE,FRESHWATER,NSW,2096,-33.780239,151.289954,,,Tasmania Government LIST Telstra Payphones layer
02993805X2,0299383962,27 BRIDGE RD,QUEENSCLIFF,NSW,2096,-33.782929,151.288554,,,Tasmania Government LIST Telstra Payphones layer
02998201X2,0436386472,20 ANZAC AVE,COLLAROY,NSW,2097,-33.739009,151.302944,,,Tasmania Government LIST Telstra Payphones layer
02998202X2,0436396637,1056 PITTWATER RD,COLLAROY,NSW,2097,-33.732069,151.301343,,,Tasmania Government LIST Telstra Payphones layer
02998107X2,0436403042,71 VETERANS PDE,COLLAROY PLATEAU,NSW,2097,-33.726959,151.286802,,,Tasmania Government LIST Telstra Payphones layer
02998131X2,0436368314,20 AUBREEN ST,COLLAROY PLATEAU,NSW,2097,-33.730764,151.292543,,,Tasmania Government LIST Telstra Payphones layer
02998111X2,0436444392,55 CARAWA RD,CROMER,NSW,2099,-33.740125,151.276503,,,Tasmania Government LIST Telstra Payphones layer
02997101X2,0419600206,15 THE STRAND,DEE WHY,NSW,2099,-33.754633,151.296309,,,Tasmania Government LIST Telstra Payphones layer
02997104X2,0455797643,22 HOWARD AVE,DEE WHY,NSW,2099,-33.75273,151.288823,,,Tasmania Government LIST Telstra Payphones layer
02997202X1,0439761999,24 HOWARD AVE,DEE WHY,NSW,2099,-33.752512,151.288669,,,Tasmania Government LIST Telstra Payphones layer
02998100X2,0448527935,148 PACIFIC PDE,DEE WHY,NSW,2099,-33.755888,151.295836,,,Tasmania Government LIST Telstra Payphones layer
02998101X2,0447805684,112 HOWARD AVE,DEE WHY,NSW,2099,-33.753792,151.296244,,,Tasmania Government LIST Telstra Payphones layer
02998102X2,0428267316,4 OAKES AVE,DEE WHY,NSW,2099,-33.753472,151.286033,,,Tasmania Government LIST Telstra Payphones layer
02998108X2,0436386181,1 SOUTH CREEK RD,DEE WHY,NSW,2099,-33.744638,151.294028,,,Tasmania Government LIST Telstra Payphones layer
02998109X2,0448123370,1 AVON RD,DEE WHY,NSW,2099,-33.755242,151.291728,,,Tasmania Government LIST Telstra Payphones layer
02998110X2,0448274009,1 HAWKESBURY AVE,DEE WHY,NSW,2099,-33.749336,151.289533,,,Tasmania Government LIST Telstra Payphones layer
02998112X2,0447752988,2 PACIFIC PDE,DEE WHY,NSW,2099,-33.754383,151.284669,,,Tasmania Government LIST Telstra Payphones layer
02998119X2,0448729037,1 STURDEE PDE,DEE WHY,NSW,2099,-33.755276,151.283886,,,Tasmania Government LIST Telstra Payphones layer
02998122X2,0448173429,22 DEE WHY PDE,DEE WHY,NSW,2099,-33.751818,151.290097,,,Tasmania Government LIST Telstra Payphones layer
02998124X2,0436420250,5 ST DAVIDS RD,DEE WHY,NSW,2099,-33.752297,151.285515,,,Tasmania Government LIST Telstra Payphones layer
02998126X2,0455032911,33 OAKS AVE,DEE WHY,NSW,2099,-33.753747,151.287268,,,Tasmania Government LIST Telstra Payphones layer
02998128X2,0436119169,28 OAKES AVE,DEE WHY,NSW,2099,-33.753772,151.288049,,,Tasmania Government LIST Telstra Payphones layer
02998132X2,0436296142,54 DEE WHY RD,DEE WHY,NSW,2099,-33.752158,151.292589,,,Tasmania Government LIST Telstra Payphones layer
02998203X2,0428670282,1 LISMORE AVE,DEE WHY,NSW,2099,-33.747227,151.289084,,,Tasmania Government LIST Telstra Payphones layer
02998114X2,0436367754,60 WARRINGAH RD,NARRAWEENA,NSW,2099,-33.755288,151.275197,,,Tasmania Government LIST Telstra Payphones layer
02998120X2,0428093112,99 MCINTOSH ST,NARRAWEENA,NSW,2099,-33.749909,151.274385,,,Tasmania Government LIST Telstra Payphones layer
02990503X2,0299050981,2 HUSTON RD,NORTH CURL CURL,NSW,2099,-33.766138,151.299418,,,Tasmania Government LIST Telstra Payphones layer
02993821X2,0299381956,142 PITT RD,NORTH CURL CURL,NSW,2099,-33.762747,151.289578,,,Tasmania Government LIST Telstra Payphones layer
02993820X2,0299381715,44 KENTWELL RD,ALLAMBIE HEIGHTS,NSW,2100,-33.775663,151.263092,,,Tasmania Government LIST Telstra Payphones layer
02997518X2,0299756473,130 ALLAMBIE RD,ALLAMBIE HEIGHTS,NSW,2100,-33.765329,151.250056,,,Tasmania Government LIST Telstra Payphones layer
02997516X2,0299756347,2 CORNISH AVE,BEACON HILL,NSW,2100,-33.753611,151.260356,,,Tasmania Government LIST Telstra Payphones layer
02993812X2,0299383293,200 HARBORD RD,BROOKVALE,NSW,2100,-33.76267,151.27977,,,Tasmania Government LIST Telstra Payphones layer
02993817X2,0299384832,517 PITTWATER RD,BROOKVALE,NSW,2100,-33.762483,151.271519,,,Tasmania Government LIST Telstra Payphones layer
02993828X2,0436025545,1 SYDENHAM RD,BROOKVALE,NSW,2100,-33.764086,151.271924,,,Tasmania Government LIST Telstra Payphones layer
02993832X2,0299384565,2 PINE AVE,BROOKVALE,NSW,2100,-33.760758,151.274357,,,Tasmania Government LIST Telstra Payphones layer
02993836X2,0299384876,463 PITTWATER RD,BROOKVALE,NSW,2100,-33.767826,151.268115,,,Tasmania Government LIST Telstra Payphones layer
02993837X2,0436298476,1 WINBOURNE RD,BROOKVALE,NSW,2100,-33.762029,151.272006,,,Tasmania Government LIST Telstra Payphones layer
02993838X2,0299385098,5 GREEN ST,BROOKVALE,NSW,2100,-33.764028,151.267254,,,Tasmania Government LIST Telstra Payphones layer
02993810X2,0299383770,510 PITTWATER RD,NORTH MANLY,NSW,2100,-33.775034,151.270473,,,Tasmania Government LIST Telstra Payphones layer
02993819X2,0429633705,61 WATTLE RD,NORTH MANLY,NSW,2100,-33.767734,151.27344,,,Tasmania Government LIST Telstra Payphones layer
02991310X2,0299132454,65 KALANG RD,ELANORA HEIGHTS,NSW,2101,-33.695528,151.280107,,,Tasmania Government LIST Telstra Payphones layer
02991308X2,0299131654,1260 PITTWATER RD,NARRABEEN,NSW,2101,-33.718024,151.297778,,,Tasmania Government LIST Telstra Payphones layer
02991311X2,0299132543,211 OCEAN ST,NARRABEEN,NSW,2101,-33.705362,151.303993,,,Tasmania Government LIST Telstra Payphones layer
02991312X2,0299133410,1421 PITTWATER RD,NARRABEEN,NSW,2101,-33.713515,151.297146,,,Tasmania Government LIST Telstra Payphones layer
02991313X2,0299133565,1360 PITTWATER RD,NARRABEEN,NSW,2101,-33.712154,151.2975,,,Tasmania Government LIST Telstra Payphones layer
02991315X2,0299131721,1360 PITTWATER RD,NARRABEEN,NSW,2101,-33.712154,151.2975,,,Tasmania Government LIST Telstra Payphones layer
02991301X2,0299132232,54 GARDEN ST,NORTH NARRABEEN,NSW,2101,-33.702571,151.295761,,,Tasmania Government LIST Telstra Payphones layer
02991309X2,0299132298,1493 PITTWATER RD,NORTH NARRABEEN,NSW,2101,-33.707875,151.296302,,,Tasmania Government LIST Telstra Payphones layer
02999707X2,0299971743,1763 PITTWATER RD,MONA VALE,NSW,2103,-33.676976,151.303667,,,Tasmania Government LIST Telstra Payphones layer
02999710X2,0429991748,1 SURFVIEW RD,MONA VALE,NSW,2103,-33.678402,151.313514,,,Tasmania Government LIST Telstra Payphones layer
02999712X2,0299972210,1763 PITTWATER RD,MONA VALE,NSW,2103,-33.676976,151.303667,,,Tasmania Government LIST Telstra Payphones layer
02999714X2,0299972848,2 WARATAH ST,MONA VALE,NSW,2103,-33.67803,151.30338,,,Tasmania Government LIST Telstra Payphones layer
02999711X2,0299972143,1860 PITTWATER RD,CHURCH POINT,NSW,2105,-33.64467,151.284288,,,Tasmania Government LIST Telstra Payphones layer
02999700Y2,0299974765,1 PITTVIEW ST,SCOTLAND ISLAND,NSW,2105,-33.636897,151.292803,,,Tasmania Government LIST Telstra Payphones layer
02997901X2,0299796750,347 BARRENJOEY RD,NEWPORT,NSW,2106,-33.655202,151.320032,,,Tasmania Government LIST Telstra Payphones layer
02999706X2,0436312545,1 KALINYA ST,NEWPORT,NSW,2106,-33.66008,151.30937,,,Tasmania Government LIST Telstra Payphones layer
02999715X2,0299973262,366 BARRENJOEY RD,NEWPORT,NSW,2106,-33.654832,151.320932,,,Tasmania Government LIST Telstra Payphones layer
02991803X2,0299189232,67 OLD BARRENJOEY RD,AVALON BEACH,NSW,2107,-33.635581,151.329638,,,Tasmania Government LIST Telstra Payphones layer
02991804X2,0299189254,50 OLD BARRENJOEY RD,AVALON BEACH,NSW,2107,-33.637429,151.328855,,,Tasmania Government LIST Telstra Payphones layer
02991806X2,0299189321,652 BARRENJOEY RD,AVALON BEACH,NSW,2107,-33.626829,151.33369,,,Tasmania Government LIST Telstra Payphones layer
02991812X2,0299188476,45 AVALON PDE,AVALON BEACH,NSW,2107,-33.636134,151.328531,,,Tasmania Government LIST Telstra Payphones layer
02991810X2,0299183287,1 THE SERPENTINE,BILGOLA BEACH,NSW,2107,-33.646074,151.326705,,,Tasmania Government LIST Telstra Payphones layer
02997301X2,0299732405,GRANDVIEW DRV,BILGOLA PLATEAU,NSW,2107,-33.646748,151.313184,,,Tasmania Government LIST Telstra Payphones layer
02997401Y2,0299741002,9 ROSS SMITH PDE,GREAT MACKEREL BEACH,NSW,2108,-33.5903,151.30066,,,Tasmania Government LIST Telstra Payphones layer
02997401X2,0455485398,24 OCEAN RD,PALM BEACH,NSW,2108,-33.59842,151.32395,,,Tasmania Government LIST Telstra Payphones layer
02997403X2,0299741027,1141 BARRENJOEY RD,PALM BEACH,NSW,2108,-33.59621,151.320243,,,Tasmania Government LIST Telstra Payphones layer
02981621X2,0298161210,105 PITTWATER RD,HUNTERS HILL,NSW,2110,-33.822055,151.13435,,,Tasmania Government LIST Telstra Payphones layer
02981629X2,0298165188,32 ALEXANDRA ST,HUNTERS HILL,NSW,2110,-33.834742,151.154087,,,Tasmania Government LIST Telstra Payphones layer
02981630X2,0298165305,45 GLADESVILLE RD,HUNTERS HILL,NSW,2110,-33.833618,151.142948,,,Tasmania Government LIST Telstra Payphones layer
02981631X2,0428749497,1 VALENTIA ST,WOOLWICH,NSW,2110,-33.838258,151.176097,,,Tasmania Government LIST Telstra Payphones layer
02981623X2,0298162002,178 VICTORIA RD,GLADESVILLE,NSW,2111,-33.831977,151.126718,,,Tasmania Government LIST Telstra Payphones layer
02981627X2,0298164906,2 MANNING RD,GLADESVILLE,NSW,2111,-33.83701,151.131503,,,Tasmania Government LIST Telstra Payphones layer
02981626X2,0298162894,80 TENNYSON RD,TENNYSON POINT,NSW,2111,-33.828432,151.118311,,,Tasmania Government LIST Telstra Payphones layer
02980908X2,0298095602,217 MORRISON RD,PUTNEY,NSW,2112,-33.82327,151.108264,,,Tasmania Government LIST Telstra Payphones layer
02980701X2,0298071237,690 VICTORIA RD,RYDE,NSW,2112,-33.816636,151.107126,,,Tasmania Government LIST Telstra Payphones layer
02980744X2,0298072321,178 BLAXLAND RD,RYDE,NSW,2112,-33.810613,151.105568,,,Tasmania Government LIST Telstra Payphones layer
02980801X1,0298082360,109 BLAXLAND RD,RYDE,NSW,2112,-33.812281,151.106135,,,Tasmania Government LIST Telstra Payphones layer
02980927X2,0298097125,5 CHURCH ST,RYDE,NSW,2112,-33.8137,151.105638,,,Tasmania Government LIST Telstra Payphones layer
02980937X2,0298096845,133 DEVLIN ST,RYDE,NSW,2112,-33.81226,151.10552,,,Tasmania Government LIST Telstra Payphones layer
02980939X2,0298097295,1 PRINCES ST,RYDE,NSW,2112,-33.811902,151.113467,,,Tasmania Government LIST Telstra Payphones layer
02988723X2,0298872943,119 NORTH RD,RYDE,NSW,2112,-33.79549,151.102363,,,Tasmania Government LIST Telstra Payphones layer
02988821X2,0298883543,8 CALLAGHAN ST,RYDE,NSW,2112,-33.808237,151.123273,,,Tasmania Government LIST Telstra Payphones layer
02987000X1,0298708993,109 WATERLOO RD,MACQUARIE PARK,NSW,2113,-33.777683,151.120278,,,Tasmania Government LIST Telstra Payphones layer
02988718X2,0298872232,297 LANE COVE RD,MACQUARIE PARK,NSW,2113,-33.783415,151.130435,,,Tasmania Government LIST Telstra Payphones layer
02988806X2,0298883891,13 PLASSEY RD,MACQUARIE PARK,NSW,2113,-33.789932,151.143198,,,Tasmania Government LIST Telstra Payphones layer
02988813X1,0298881738,WATERLOO & LANE COVE RD,MACQUARIE PARK,NSW,2113,-33.784992,151.127871,,,Tasmania Government LIST Telstra Payphones layer
02988912X1,0298893463,140 HERRING RD,MACQUARIE PARK,NSW,2113,-33.777139,151.118077,,,Tasmania Government LIST Telstra Payphones layer
02941002X1,0298894924,21 DELHI RD,NORTH RYDE,NSW,2113,-33.79451,151.138294,,,Tasmania Government LIST Telstra Payphones layer
02988716X2,0298871454,6 BLENHEIM RD,NORTH RYDE,NSW,2113,-33.801338,151.130902,,,Tasmania Government LIST Telstra Payphones layer
02988803X2,0436036171,150 COXS RD,NORTH RYDE,NSW,2113,-33.794916,151.122085,,,Tasmania Government LIST Telstra Payphones layer
02985819X2,0298584237,9 DENISTONE RD,DENISTONE,NSW,2114,-33.795851,151.090243,,,Tasmania Government LIST Telstra Payphones layer
02980706X2,0298073309,27 BANK ST,MEADOWBANK,NSW,2114,-33.815492,151.089582,,,Tasmania Government LIST Telstra Payphones layer
02980907X2,0298094505,62 CONSTITUTION RD,MEADOWBANK,NSW,2114,-33.815748,151.090521,,,Tasmania Government LIST Telstra Payphones layer
02980914X2,0298091805,62 CONSTITUTION RD,MEADOWBANK,NSW,2114,-33.815748,151.090521,,,Tasmania Government LIST Telstra Payphones layer
02980916X2,0298093717,6 RHODES ST,MEADOWBANK,NSW,2114,-33.812505,151.091762,,,Tasmania Government LIST Telstra Payphones layer
02980922X2,0298094504,64 CONSTITUTION RD,MEADOWBANK,NSW,2114,-33.815741,151.090169,,,Tasmania Government LIST Telstra Payphones layer
02980705X2,0298073210,12 WEST PDE,WEST RYDE,NSW,2114,-33.807283,151.088996,,,Tasmania Government LIST Telstra Payphones layer
02980707X2,0298077392,1 WEST PDE,WEST RYDE,NSW,2114,-33.806912,151.089571,,,Tasmania Government LIST Telstra Payphones layer
02980904X2,0298091370,2 RYEDALE RD,WEST RYDE,NSW,2114,-33.807442,151.090629,,,Tasmania Government LIST Telstra Payphones layer
02980921X2,0298094271,CHATHAM RD,WEST RYDE,NSW,2114,-33.807056,151.087057,,,Tasmania Government LIST Telstra Payphones layer
02980952X2,0455142081,2 RYEDALE RD,WEST RYDE,NSW,2114,-33.807442,151.090629,,,Tasmania Government LIST Telstra Payphones layer
02985807X2,0298582471,2 ADELAIDE ST,WEST RYDE,NSW,2114,-33.80707,151.08231,,,Tasmania Government LIST Telstra Payphones layer
02985811X2,0298582254,STATION ST,WEST RYDE,NSW,2114,-33.807556,151.086785,,,Tasmania Government LIST Telstra Payphones layer
02963806X2,0296387232,27 BETTY CUTHBERT AVE,ERMINGTON,NSW,2115,-33.81429,151.05435,,,Tasmania Government LIST Telstra Payphones layer
02963807X2,0296387787,22 BARTLETT ST,ERMINGTON,NSW,2115,-33.80516,151.05494,,,Tasmania Government LIST Telstra Payphones layer
02968401X2,0296841187,27 BETTY CUTHBERT AVE,ERMINGTON,NSW,2115,-33.81429,151.05435,,,Tasmania Government LIST Telstra Payphones layer
02985812X2,0298582408,2 MARSDEN RD,ERMINGTON,NSW,2115,-33.80686,151.07017,,,Tasmania Government LIST Telstra Payphones layer
02968400X2,0296841987,402 VICTORIA RD,RYDALMERE,NSW,2116,-33.812228,151.042606,,,Tasmania Government LIST Telstra Payphones layer
02963809X2,0296384087,22 STATION ST,DUNDAS,NSW,2117,-33.80453,151.03364,,,Tasmania Government LIST Telstra Payphones layer
02963007X2,0296305654,41 BELMORE ST,OATLANDS,NSW,2117,-33.797471,151.025513,,,Tasmania Government LIST Telstra Payphones layer
02963811X2,0296386854,20 BENAUD PL,TELOPEA,NSW,2117,-33.79614,151.04453,,,Tasmania Government LIST Telstra Payphones layer
02987210X2,0448048805,57 ADDERTON ST,TELOPEA,NSW,2117,-33.793934,151.041273,,,Tasmania Government LIST Telstra Payphones layer
02989805X2,0298983794,2 BENAUD PL,TELOPEA,NSW,2117,-33.79572,151.045075,,,Tasmania Government LIST Telstra Payphones layer
02963015X2,0296304190,142 FELTON RD,CARLINGFORD,NSW,2118,-33.784,151.02882,,,Tasmania Government LIST Telstra Payphones layer
02987207X2,0298721121,488 NORTH ROCKS RD,CARLINGFORD,NSW,2118,-33.764879,151.057973,,,Tasmania Government LIST Telstra Payphones layer
02987211X2,0298723832,2 CORAL TREE DRV,CARLINGFORD,NSW,2118,-33.760654,151.041773,,,Tasmania Government LIST Telstra Payphones layer
02948404X2,0294848934,7 WONGALA CRS,BEECROFT,NSW,2119,-33.749604,151.065932,,,Tasmania Government LIST Telstra Payphones layer
02987511X2,0298752413,1 HANNAH ST,BEECROFT,NSW,2119,-33.749631,151.065545,,,Tasmania Government LIST Telstra Payphones layer
02998003X2,0299806018,WONGALA CRS,BEECROFT,NSW,2119,-33.749805,151.066339,,,Tasmania Government LIST Telstra Payphones layer
02986816X2,0298683163,31 CHELTENHAM RD,CHELTENHAM,NSW,2119,-33.755871,151.078792,,,Tasmania Government LIST Telstra Payphones layer
02987505X2,0298751873,100 YARRARA RD,PENNANT HILLS,NSW,2120,-33.738465,151.071546,,,Tasmania Government LIST Telstra Payphones layer
02987514X2,0298753176,70 YARRARA RD,PENNANT HILLS,NSW,2120,-33.737547,151.07239,,,Tasmania Government LIST Telstra Payphones layer
02998001X2,0299806016,74 RAILWAY ST,PENNANT HILLS,NSW,2120,-33.738061,151.072547,,,Tasmania Government LIST Telstra Payphones layer
02987512X2,0418574690,86 THE ESPLANADE ST,THORNLEIGH,NSW,2120,-33.731538,151.077858,,,Tasmania Government LIST Telstra Payphones layer
02986807X2,0298681032,52 RAWSON ST,EPPING,NSW,2121,-33.773242,151.080985,,,Tasmania Government LIST Telstra Payphones layer
02986808X2,0298681109,115 MIDSON RD,EPPING,NSW,2121,-33.775843,151.071771,,,Tasmania Government LIST Telstra Payphones layer
02986810X2,0298681765,39 BRIDGE ST,EPPING,NSW,2121,-33.774853,151.07818,,,Tasmania Government LIST Telstra Payphones layer
02986812X2,0298682254,58 BEECROFT RD,EPPING,NSW,2121,-33.772824,151.081583,,,Tasmania Government LIST Telstra Payphones layer
02986818X2,0298685297,35 LANGSTON PL,EPPING,NSW,2121,-33.77263,151.081953,,,Tasmania Government LIST Telstra Payphones layer
02986900X2,0298692010,5 OXFORD ST,EPPING,NSW,2121,-33.771867,151.08264,,,Tasmania Government LIST Telstra Payphones layer
02986904X2,0298694678,1 LANGSTON PL,EPPING,NSW,2121,-33.773195,151.08261,,,Tasmania Government LIST Telstra Payphones layer
02980407X2,0298047674,WEST PDE,EASTWOOD,NSW,2122,-33.790236,151.082139,,,Tasmania Government LIST Telstra Payphones layer
02980412X2,0298046412,20 RAILWAY PDE,EASTWOOD,NSW,2122,-33.79025,151.08268,,,Tasmania Government LIST Telstra Payphones layer
02985802X2,0298584276,10 ETHEL ST,EASTWOOD,NSW,2122,-33.789956,151.083568,,,Tasmania Government LIST Telstra Payphones layer
02985813X2,0298582593,51 ROWE ST,EASTWOOD,NSW,2122,-33.790788,151.08459,,,Tasmania Government LIST Telstra Payphones layer
02985815X2,0298584031,208 ROWE ST,EASTWOOD,NSW,2122,-33.792127,151.079071,,,Tasmania Government LIST Telstra Payphones layer
02985821X2,0298584343,1 PROGRESS AVE,EASTWOOD,NSW,2122,-33.790366,151.080568,,,Tasmania Government LIST Telstra Payphones layer
02985822X2,0298584496,294 NORTH RD,EASTWOOD,NSW,2122,-33.784101,151.094449,,,Tasmania Government LIST Telstra Payphones layer
02985824X2,0298584598,2 BALACLAVA RD,EASTWOOD,NSW,2122,-33.786234,151.086771,,,Tasmania Government LIST Telstra Payphones layer
02985825X2,0298584854,20 RAILWAY PDE,EASTWOOD,NSW,2122,-33.79025,151.08268,,,Tasmania Government LIST Telstra Payphones layer
02987416X2,0298746492,140 ROWE ST,EASTWOOD,NSW,2122,-33.79154,151.081722,,,Tasmania Government LIST Telstra Payphones layer
02987417X2,0298746493,176 ROWE ST,EASTWOOD,NSW,2122,-33.791747,151.080519,,,Tasmania Government LIST Telstra Payphones layer
02987418X2,0298748247,20 WEST PDE,EASTWOOD,NSW,2122,-33.790636,151.081835,,,Tasmania Government LIST Telstra Payphones layer
02986800X2,0298681054,170 CULLODEN RD,MARSFIELD,NSW,2122,-33.768241,151.111729,,,Tasmania Government LIST Telstra Payphones layer
02986902X2,0298692351,1 TRAFALGAR PL,MARSFIELD,NSW,2122,-33.769044,151.106988,,,Tasmania Government LIST Telstra Payphones layer
02988710X2,0298872632,74 AGINCOURT RD,MARSFIELD,NSW,2122,-33.782729,151.10418,,,Tasmania Government LIST Telstra Payphones layer
02987510X2,0298752392,10 CASTLE HILL RD,WEST PENNANT HILLS,NSW,2125,-33.747657,151.049787,,,Tasmania Government LIST Telstra Payphones layer
02948120X2,0294814325,41 SHEPHERDS DRV,CHERRYBROOK,NSW,2126,-33.720922,151.043902,,,Tasmania Government LIST Telstra Payphones layer
02987502X2,0437789569,124 SHEPHERDS DRV,CHERRYBROOK,NSW,2126,-33.714304,151.050405,,,Tasmania Government LIST Telstra Payphones layer
02989413X1,0438125407,2 GLENHOPE RD,CHERRYBROOK,NSW,2126,-33.736765,151.031869,,,Tasmania Government LIST Telstra Payphones layer
02964804X2,0296481623,1 AVENUE OF THE AMERICAS,NEWINGTON,NSW,2127,-33.83404,151.05632,,,Tasmania Government LIST Telstra Payphones layer
02874601X2,0287460631,OLYMPIC BLV,SYDNEY OLYMPIC PARK,NSW,2127,-33.846528,151.065935,,,Tasmania Government LIST Telstra Payphones layer
02976414X7,0297645709,OLYMPIC BLV,SYDNEY OLYMPIC PARK,NSW,2127,-33.849343,151.067655,,,Tasmania Government LIST Telstra Payphones layer
02976424X2,0297645583,MURRAY ROSE AVE,SYDNEY OLYMPIC PARK,NSW,2127,-33.846744,151.06819,,,Tasmania Government LIST Telstra Payphones layer
02964703X2,0296471418,1 WETHERILL ST,SILVERWATER,NSW,2128,-33.838176,151.049076,,,Tasmania Government LIST Telstra Payphones layer
02974802X2,0297487962,401 HOLKER ST,SILVERWATER,NSW,2128,-33.83111,151.05576,,,Tasmania Government LIST Telstra Payphones layer
02971606X2,0297166200,1 SLOANE ST,SUMMER HILL,NSW,2130,-33.889847,151.139219,,,Tasmania Government LIST Telstra Payphones layer
02971612X2,0297990542,NORTON ST,SUMMER HILL,NSW,2130,-33.891461,151.13224,,,Tasmania Government LIST Telstra Payphones layer
02971618X2,0297167022,1 CARLTON CRS,SUMMER HILL,NSW,2130,-33.890534,151.139193,,,Tasmania Government LIST Telstra Payphones layer
02979704X2,0297976453,15 LACKEY ST,SUMMER HILL,NSW,2130,-33.891239,151.138194,,,Tasmania Government LIST Telstra Payphones layer
02971614X2,0297166409,47 ARTHUR ST,ASHFIELD,NSW,2131,-33.891792,151.122417,,,Tasmania Government LIST Telstra Payphones layer
02971615X2,0297166433,68 CHARLOTTE ST,ASHFIELD,NSW,2131,-33.88397,151.12746,,,Tasmania Government LIST Telstra Payphones layer
02971617X2,0297166903,244 LIVERPOOL RD,ASHFIELD,NSW,2131,-33.88839,151.12404,,,Tasmania Government LIST Telstra Payphones layer
02971624X2,0297990357,13 HERCULES ST,ASHFIELD,NSW,2131,-33.888386,151.12522,,,Tasmania Government LIST Telstra Payphones layer
02971627X2,0297166841,244 LIVERPOOL RD,ASHFIELD,NSW,2131,-33.88839,151.12404,,,Tasmania Government LIST Telstra Payphones layer
02979703X2,0297971520,11 HERCULES ST,ASHFIELD,NSW,2131,-33.888258,151.125339,,,Tasmania Government LIST Telstra Payphones layer
02979903X2,0297994883,40 ORPINGTON ST,ASHFIELD,NSW,2131,-33.885591,151.131433,,,Tasmania Government LIST Telstra Payphones layer
02979906X2,0297993243,83 LIVERPOOL RD,ASHFIELD,NSW,2131,-33.888917,151.133154,,,Tasmania Government LIST Telstra Payphones layer
02979913X2,0297993298,15 CHANDOS ST,ASHFIELD,NSW,2131,-33.885186,151.12897,,,Tasmania Government LIST Telstra Payphones layer
02979916X2,0297995983,176 LIVERPOOL RD,ASHFIELD,NSW,2131,-33.890185,151.127589,,,Tasmania Government LIST Telstra Payphones layer
02979919X2,0455735396,75 ALT ST,ASHFIELD,NSW,2131,-33.881793,151.126122,,,Tasmania Government LIST Telstra Payphones layer
02979930X2,0297998360,1 BROWN ST,ASHFIELD,NSW,2131,-33.887884,151.125643,,,Tasmania Government LIST Telstra Payphones layer
02979932X2,0297998971,1 STATION ST,ASHFIELD,NSW,2131,-33.887278,151.125623,,,Tasmania Government LIST Telstra Payphones layer
02974435X2,0297449306,1 THE STRAND,CROYDON,NSW,2132,-33.883257,151.114771,,,Tasmania Government LIST Telstra Payphones layer
02979911X2,0297992998,76 JOHN ST,CROYDON,NSW,2132,-33.878599,151.121467,,,Tasmania Government LIST Telstra Payphones layer
02971626X2,0297166366,1 DUNMORE ST,CROYDON PARK,NSW,2133,-33.895847,151.107163,,,Tasmania Government LIST Telstra Payphones layer
02974514X2,0297452419,12 TANGARRA ST,CROYDON PARK,NSW,2133,-33.895495,151.093622,,,Tasmania Government LIST Telstra Payphones layer
02971501X1,0297151004,42 RAILWAY PDE,BURWOOD,NSW,2134,-33.87734,151.1027,,,Tasmania Government LIST Telstra Payphones layer
02971501X2,0297157328,DEANE ST,BURWOOD,NSW,2134,-33.87678,151.104101,,,Tasmania Government LIST Telstra Payphones layer
02974400X2,0297447566,166 BURWOOD RD,BURWOOD,NSW,2134,-33.87741,151.10473,,,Tasmania Government LIST Telstra Payphones layer
02974403X2,0297443460,1 VICTORIA ST,BURWOOD,NSW,2134,-33.874937,151.104411,,,Tasmania Government LIST Telstra Payphones layer
02974411X1,0297445734,42 RAILWAY PDE,BURWOOD,NSW,2134,-33.877645,151.102137,,,Tasmania Government LIST Telstra Payphones layer
02974413X2,0297447377,166 BURWOOD RD,BURWOOD,NSW,2134,-33.877192,151.10475,,,Tasmania Government LIST Telstra Payphones layer
02974420X2,0297447481,30 RAILWAY PDE,BURWOOD,NSW,2134,-33.87759,151.10434,,,Tasmania Government LIST Telstra Payphones layer
02974421X2,0297447491,CLARENCE ST,BURWOOD,NSW,2134,-33.880172,151.103335,,,Tasmania Government LIST Telstra Payphones layer
02974511X2,0297454161,1 COMER ST,BURWOOD,NSW,2134,-33.87215,151.10449,,,Tasmania Government LIST Telstra Payphones layer
02974702X1,0297470530,96 SHAFTESBURY RD,BURWOOD,NSW,2134,-33.88079,151.10697,,,Tasmania Government LIST Telstra Payphones layer
02964208X2,0296425709,191 THE BOULEVARDE,STRATHFIELD,NSW,2135,-33.887585,151.09127,,,Tasmania Government LIST Telstra Payphones layer
02971504X2,0297156489,6 THE BOULEVARDE,STRATHFIELD,NSW,2135,-33.872649,151.09438,,,Tasmania Government LIST Telstra Payphones layer
02971505X2,0297157819,6 THE BOULEVARDE,STRATHFIELD,NSW,2135,-33.872649,151.09438,,,Tasmania Government LIST Telstra Payphones layer
02971506X2,0297157958,28 THE BOULEVARDE,STRATHFIELD,NSW,2135,-33.873501,151.094209,,,Tasmania Government LIST Telstra Payphones layer
02974202X2,0297425598,132 WALLIS AVE,STRATHFIELD,NSW,2135,-33.889361,151.078863,,,Tasmania Government LIST Telstra Payphones layer
02974404X2,0297445076,1 EVERTON RD,STRATHFIELD,NSW,2135,-33.871472,151.094727,,,Tasmania Government LIST Telstra Payphones layer
02974415X2,0297447431,1 EVERTON RD,STRATHFIELD,NSW,2135,-33.871472,151.094727,,,Tasmania Government LIST Telstra Payphones layer
02974417X2,0297447441,1 EVERTON RD,STRATHFIELD,NSW,2135,-33.871472,151.094727,,,Tasmania Government LIST Telstra Payphones layer
02974504X2,0297452394,1 EVERTON RD,STRATHFIELD,NSW,2135,-33.871472,151.094727,,,Tasmania Government LIST Telstra Payphones layer
02974515X2,0297452715,1 RUSSELL ST,STRATHFIELD,NSW,2135,-33.87598,151.09737,,,Tasmania Government LIST Telstra Payphones layer
02974600X2,0297461629,1 ALBERT RD,STRATHFIELD,NSW,2135,-33.872255,151.094236,,,Tasmania Government LIST Telstra Payphones layer
02974601X2,0297463607,1 CHURCHILL AVE,STRATHFIELD,NSW,2135,-33.8724,151.093513,,,Tasmania Government LIST Telstra Payphones layer
02974620X2,0297463602,1 ALBERT RD,STRATHFIELD,NSW,2135,-33.872255,151.094236,,,Tasmania Government LIST Telstra Payphones layer
02974622X2,0297463604,21 REDMYRE RD,STRATHFIELD,NSW,2135,-33.873887,151.093655,,,Tasmania Government LIST Telstra Payphones layer
02974624X2,0297463606,1 CHURCHILL AVE,STRATHFIELD,NSW,2135,-33.8724,151.093513,,,Tasmania Government LIST Telstra Payphones layer
02974628X2,0297463693,1 ALBERT RD,STRATHFIELD,NSW,2135,-33.872021,151.093874,,,Tasmania Government LIST Telstra Payphones layer
02974633X2,0297468418,11 BERESFORD RD,STRATHFIELD,NSW,2135,-33.870023,151.088809,,,Tasmania Government LIST Telstra Payphones layer
02974634X2,0297461877,1 ALBERT RD,STRATHFIELD,NSW,2135,-33.872021,151.093874,,,Tasmania Government LIST Telstra Payphones layer
02974635X2,0297462129,EVERTON RD,STRATHFIELD,NSW,2135,-33.87134,151.09395,,,Tasmania Government LIST Telstra Payphones layer
02974636X2,0297462475,EVERTON RD,STRATHFIELD,NSW,2135,-33.871768,151.09435,,,Tasmania Government LIST Telstra Payphones layer
02976416X2,0297643809,29 THE BOULEVARDE,STRATHFIELD,NSW,2135,-33.873388,151.094163,,,Tasmania Government LIST Telstra Payphones layer
02974204X2,0297425961,488 LIVERPOOL RD,STRATHFIELD SOUTH,NSW,2136,-33.891793,151.082912,,,Tasmania Government LIST Telstra Payphones layer
02876503X2,0287651032,CABARITA RD,CABARITA,NSW,2137,-33.841507,151.116463,,,Tasmania Government LIST Telstra Payphones layer
02973608X2,0297363728,144 MAJORS BAY RD,CONCORD,NSW,2137,-33.85419,151.10274,,,Tasmania Government LIST Telstra Payphones layer
02974300X2,0297436335,8 CABARITA RD,CONCORD,NSW,2137,-33.85173,151.10747,,,Tasmania Government LIST Telstra Payphones layer
02974316X2,0297436323,70 MAJORS BAY RD,CONCORD,NSW,2137,-33.8572,151.103275,,,Tasmania Government LIST Telstra Payphones layer
02974708X2,0297475453,6 BURWOOD RD,CONCORD,NSW,2137,-33.86861,151.10534,,,Tasmania Government LIST Telstra Payphones layer
02974327X2,0297436372,219 CONCORD RD,NORTH STRATHFIELD,NSW,2137,-33.85644,151.09178,,,Tasmania Government LIST Telstra Payphones layer
02974328X2,0297436373,105 QUEEN ST,NORTH STRATHFIELD,NSW,2137,-33.858665,151.088784,,,Tasmania Government LIST Telstra Payphones layer
02974617X2,0297462854,1 QUEEN ST,NORTH STRATHFIELD,NSW,2137,-33.8588,151.08858,,,Tasmania Government LIST Telstra Payphones layer
02973604X2,0297363706,2 CAVENDISH ST,CONCORD WEST,NSW,2138,-33.847844,151.08736,,,Tasmania Government LIST Telstra Payphones layer
02973612X2,0297363298,1 HOSPITAL RD,CONCORD WEST,NSW,2138,-33.837541,151.092427,,,Tasmania Government LIST Telstra Payphones layer
02974335X2,0297436391,1 HOSPITAL RD,CONCORD WEST,NSW,2138,-33.83679,151.092284,,,Tasmania Government LIST Telstra Payphones layer
02974337X2,0297436479,90 QUEEN ST,CONCORD WEST,NSW,2138,-33.848368,151.085608,,,Tasmania Government LIST Telstra Payphones layer
02974331X2,0297436380,13 BLAXLAND RD,RHODES,NSW,2138,-33.830666,151.087489,,,Tasmania Government LIST Telstra Payphones layer
02974338X2,0297436536,BLAXLAND RD,RHODES,NSW,2138,-33.830588,151.087024,,,Tasmania Government LIST Telstra Payphones layer
02974603X2,0297466350,32 BURLINGTON RD,HOMEBUSH,NSW,2140,-33.86777,151.08429,,,Tasmania Government LIST Telstra Payphones layer
02974608X2,0297461980,THE CRESCENT,HOMEBUSH,NSW,2140,-33.8669,151.08668,,,Tasmania Government LIST Telstra Payphones layer
02976308X1,0297632878,3 UNDERWOOD RD,HOMEBUSH,NSW,2140,-33.855383,151.076804,,,Tasmania Government LIST Telstra Payphones layer
02976309X2,0297631414,1 THE CRESCENT,HOMEBUSH,NSW,2140,-33.866559,151.084816,,,Tasmania Government LIST Telstra Payphones layer
02976311X2,0297631635,1 LOFTUS CRS,HOMEBUSH,NSW,2140,-33.866291,151.086665,,,Tasmania Government LIST Telstra Payphones layer
02974623X2,0297463605,5 HENLEY ST,HOMEBUSH WEST,NSW,2140,-33.865486,151.070109,,,Tasmania Government LIST Telstra Payphones layer
02974629X2,0436347343,1 PLAZA RD,HOMEBUSH WEST,NSW,2140,-33.860284,151.070897,,,Tasmania Government LIST Telstra Payphones layer
02976411X2,0297644496,5 HENLEY ST,HOMEBUSH WEST,NSW,2140,-33.865486,151.070109,,,Tasmania Government LIST Telstra Payphones layer
02964633X2,0448123299,NOTTINGHILL RD,BERALA,NSW,2141,-33.871911,151.038442,,,Tasmania Government LIST Telstra Payphones layer
02964635X2,0428719746,174 WOODBURN RD,BERALA,NSW,2141,-33.871946,151.030868,,,Tasmania Government LIST Telstra Payphones layer
02964640X2,0448654363,28 CAMPBELL ST,BERALA,NSW,2141,-33.872024,151.032989,,,Tasmania Government LIST Telstra Payphones layer
02964641X2,0438764218,270 PARK RD,BERALA,NSW,2141,-33.871019,151.026582,,,Tasmania Government LIST Telstra Payphones layer
02974911X2,0429223935,1 WOODBURN RD,BERALA,NSW,2141,-33.87198,151.03218,,,Tasmania Government LIST Telstra Payphones layer
02974936X2,0427739255,157 WOODBURN RD,BERALA,NSW,2141,-33.871332,151.032384,,,Tasmania Government LIST Telstra Payphones layer
02964301X1,0296437193,1 RAILWAY ST,LIDCOMBE,NSW,2141,-33.86353,151.044752,,,Tasmania Government LIST Telstra Payphones layer
02964308X2,0296439270,26 JOSEPH ST,LIDCOMBE,NSW,2141,-33.864364,151.043633,,,Tasmania Government LIST Telstra Payphones layer
02964309X2,0429597447,60 RAILWAY ST,LIDCOMBE,NSW,2141,-33.863838,151.044355,,,Tasmania Government LIST Telstra Payphones layer
02964604X2,0296462491,20 MATTHEW RD,LIDCOMBE,NSW,2141,-33.86827,151.036748,,,Tasmania Government LIST Telstra Payphones layer
02964638X2,0296463019,30 MILLS ST,LIDCOMBE,NSW,2141,-33.861187,151.049025,,,Tasmania Government LIST Telstra Payphones layer
02964800X1,0296481568,100 PARRAMATTA RD,LIDCOMBE,NSW,2141,-33.847457,151.045859,,,Tasmania Government LIST Telstra Payphones layer
02974901X2,0297494289,1 YARRAM ST,LIDCOMBE,NSW,2141,-33.858498,151.045207,,,Tasmania Government LIST Telstra Payphones layer
02974919X2,0447871690,28 JOSEPH ST,LIDCOMBE,NSW,2141,-33.86456,151.043596,,,Tasmania Government LIST Telstra Payphones layer
02974938X2,0436414692,119 JOHN ST,LIDCOMBE,NSW,2141,-33.854802,151.047141,,,Tasmania Government LIST Telstra Payphones layer
02989702X2,0298972352,BERRY ST,CLYDE,NSW,2142,-33.835941,151.016983,,,Tasmania Government LIST Telstra Payphones layer
02963326X2,0296334632,108 RAILWAY ST,GRANVILLE,NSW,2142,-33.82683,150.99746,,,Tasmania Government LIST Telstra Payphones layer
02963705X2,0296375297,RAILWAY PDE,GRANVILLE,NSW,2142,-33.832703,151.012001,,,Tasmania Government LIST Telstra Payphones layer
02963716X2,0296379810,54 WILLIAM ST,GRANVILLE,NSW,2142,-33.836277,151.011904,,,Tasmania Government LIST Telstra Payphones layer
02963723X2,0436604459,1 MARY ST,GRANVILLE,NSW,2142,-33.833896,151.011373,,,Tasmania Government LIST Telstra Payphones layer
02963725X2,0296378698,1 ENID AVE,GRANVILLE,NSW,2142,-33.835128,151.011903,,,Tasmania Government LIST Telstra Payphones layer
02963726X2,0296379143,ALFRED ST,GRANVILLE,NSW,2142,-33.83167,151.01505,,,Tasmania Government LIST Telstra Payphones layer
02963732X2,0296378454,1 MARY ST,GRANVILLE,NSW,2142,-33.833896,151.011373,,,Tasmania Government LIST Telstra Payphones layer
02968216X2,0296824476,6 CARLTON ST,GRANVILLE,NSW,2142,-33.832411,151.009851,,,Tasmania Government LIST Telstra Payphones layer
02968223X2,0418534223,14 GOOD ST,GRANVILLE,NSW,2142,-33.831637,151.01155,,,Tasmania Government LIST Telstra Payphones layer
02968227X2,0296826057,13 SOUTH ST,GRANVILLE,NSW,2142,-33.833009,151.011283,,,Tasmania Government LIST Telstra Payphones layer
02968231X2,0296825039,98 BLAXCELL ST,GRANVILLE,NSW,2142,-33.842139,151.010093,,,Tasmania Government LIST Telstra Payphones layer
02963709X2,0296378810,50 ELEANOR ST,ROSEHILL,NSW,2142,-33.825821,151.015589,,,Tasmania Government LIST Telstra Payphones layer
02963712X2,0296379121,116 ALFRED ST,ROSEHILL,NSW,2142,-33.823284,151.016144,,,Tasmania Government LIST Telstra Payphones layer
02968101X2,0296812232,342 BLAXCELL ST,SOUTH GRANVILLE,NSW,2142,-33.857032,151.007372,,,Tasmania Government LIST Telstra Payphones layer
02968213X2,0296823654,207 CLYDE ST,SOUTH GRANVILLE,NSW,2142,-33.85043,151.01224,,,Tasmania Government LIST Telstra Payphones layer
02989701X2,0298972267,16 DELLWOOD ST,SOUTH GRANVILLE,NSW,2142,-33.853366,151.008695,,,Tasmania Government LIST Telstra Payphones layer
02974346X2,0297437190,WENTWORTH ST,BIRRONG,NSW,2143,-33.891082,151.022344,,,Tasmania Government LIST Telstra Payphones layer
02964404X2,0296444799,30 KIBO RD,REGENTS PARK,NSW,2143,-33.880372,151.031487,,,Tasmania Government LIST Telstra Payphones layer
02974340X2,0436436083,32 AMY ST,REGENTS PARK,NSW,2143,-33.883877,151.025764,,,Tasmania Government LIST Telstra Payphones layer
02974341X2,0297437182,407 PARK RD,REGENTS PARK,NSW,2143,-33.883339,151.023397,,,Tasmania Government LIST Telstra Payphones layer
02974352X2,0297438357,1 PARK RD,REGENTS PARK,NSW,2143,-33.883209,151.024012,,,Tasmania Government LIST Telstra Payphones layer
02964306X2,0436442221,35 AUBURN RD,AUBURN,NSW,2144,-33.85163,151.03278,,,Tasmania Government LIST Telstra Payphones layer
02964307X2,0436296655,67 RAWSON ST,AUBURN,NSW,2144,-33.849391,151.033777,,,Tasmania Government LIST Telstra Payphones layer
02964310X2,0455863298,3 SOUTH PDE,AUBURN,NSW,2144,-33.850042,151.033237,,,Tasmania Government LIST Telstra Payphones layer
02964311X2,0447404167,88 SOUTH PDE,AUBURN,NSW,2144,-33.849906,151.032952,,,Tasmania Government LIST Telstra Payphones layer
02964312X2,0296438765,70 AUBURN RD,AUBURN,NSW,2144,-33.853564,151.032488,,,Tasmania Government LIST Telstra Payphones layer
02964604X1,0296465291,105 SOUTH PDE,AUBURN,NSW,2144,-33.84917,151.03298,,,Tasmania Government LIST Telstra Payphones layer
02964606X1,0296465407,105 SOUTH PDE,AUBURN,NSW,2144,-33.84917,151.03298,,,Tasmania Government LIST Telstra Payphones layer
02964637X2,0297495526,2 KERR PDE,AUBURN,NSW,2144,-33.850703,151.033341,,,Tasmania Government LIST Telstra Payphones layer
02964650X2,0436127401,284 CUMBERLAND RD,AUBURN,NSW,2144,-33.867798,151.022255,,,Tasmania Government LIST Telstra Payphones layer
02964655X2,0436287675,2 KERR PDE,AUBURN,NSW,2144,-33.850703,151.033341,,,Tasmania Government LIST Telstra Payphones layer
02964800X2,0296484051,DARTBROOK RD,AUBURN,NSW,2144,-33.844392,151.040883,,,Tasmania Government LIST Telstra Payphones layer
02964900X2,0448157202,41 AUBURN RD,AUBURN,NSW,2144,-33.85163,151.03278,,,Tasmania Government LIST Telstra Payphones layer
02974915X2,0297492053,32 RAWSON ST,AUBURN,NSW,2144,-33.849272,151.033305,,,Tasmania Government LIST Telstra Payphones layer
02974920X2,0297492067,47 MACQUARIE RD,AUBURN,NSW,2144,-33.845081,151.035262,,,Tasmania Government LIST Telstra Payphones layer
02974921X2,0297492068,45 NORVAL ST,AUBURN,NSW,2144,-33.85905,151.03331,,,Tasmania Government LIST Telstra Payphones layer
02974923X2,0436483895,26 AUBURN RD,AUBURN,NSW,2144,-33.852043,151.032786,,,Tasmania Government LIST Telstra Payphones layer
02974929X2,0297492701,105 SOUTH PDE,AUBURN,NSW,2144,-33.849382,151.0328,,,Tasmania Government LIST Telstra Payphones layer
02974939X2,0428828228,43 CUMBERLAND RD,AUBURN,NSW,2144,-33.849552,151.025539,,,Tasmania Government LIST Telstra Payphones layer
02974947X2,0297499572,20 HARGRAVE ST,AUBURN,NSW,2144,-33.860796,151.033285,,,Tasmania Government LIST Telstra Payphones layer
02974951X2,0436033924,6 NORTHUMBERLAND RD,AUBURN,NSW,2144,-33.849118,151.033466,,,Tasmania Government LIST Telstra Payphones layer
02974953X2,0297494291,65 DARTBROOK RD,AUBURN,NSW,2144,-33.847491,151.038986,,,Tasmania Government LIST Telstra Payphones layer
02974962X2,0436457499,PARK RD,AUBURN,NSW,2144,-33.849679,151.030744,,,Tasmania Government LIST Telstra Payphones layer
02974965X2,0436453555,50 QUEEN ST,AUBURN,NSW,2144,-33.85094675,151.0323555,,,Tasmania Government LIST Telstra Payphones layer
02974967X2,0437074374,1 HARROW RD,AUBURN,NSW,2144,-33.850627,151.031818,,,Tasmania Government LIST Telstra Payphones layer
02974968X2,0436390237,1 HARROW RD,AUBURN,NSW,2144,-33.850627,151.031818,,,Tasmania Government LIST Telstra Payphones layer
02963604X2,0296362365,3 EMMA CRS,CONSTITUTION HILL,NSW,2145,-33.792027,150.974648,,,Tasmania Government LIST Telstra Payphones layer
02989623X2,0298962540,3 FERNDALE CL,CONSTITUTION HILL,NSW,2145,-33.795938,150.978253,,,Tasmania Government LIST Telstra Payphones layer
02963108X2,0296317854,264 OLD PROSPECT RD,GREYSTANES,NSW,2145,-33.819087,150.940211,,,Tasmania Government LIST Telstra Payphones layer
02963603X2,0296361587,665 MERRYLANDS RD,GREYSTANES,NSW,2145,-33.829532,150.951811,,,Tasmania Government LIST Telstra Payphones layer
02963607X2,0296365187,201 OLD PROSPECT RD,GREYSTANES,NSW,2145,-33.818221,150.951621,,,Tasmania Government LIST Telstra Payphones layer
02989624X2,0298964145,441 GREAT WESTERN HWY,GREYSTANES,NSW,2145,-33.813373,150.958854,,,Tasmania Government LIST Telstra Payphones layer
02963301X2,0296334987,5 REES ST,MAYS HILL,NSW,2145,-33.82164,150.989531,,,Tasmania Government LIST Telstra Payphones layer
02963102X2,0296313410,62 PENDLE WAY,PENDLE HILL,NSW,2145,-33.806371,150.954031,,,Tasmania Government LIST Telstra Payphones layer
02963117X2,0296318309,220 WENTWORTH AVE,PENDLE HILL,NSW,2145,-33.801141,150.956638,,,Tasmania Government LIST Telstra Payphones layer
02963611X2,0436285378,124 PENDLE WAY,PENDLE HILL,NSW,2145,-33.802491,150.955429,,,Tasmania Government LIST Telstra Payphones layer
02968802X2,0427979510,111 PENDLE WAY,PENDLE HILL,NSW,2145,-33.802658,150.955407,,,Tasmania Government LIST Telstra Payphones layer
02989602X2,0298962974,WENTWORTH AVE,PENDLE HILL,NSW,2145,-33.801454,150.956424,,,Tasmania Government LIST Telstra Payphones layer
02963613X2,0296367343,43 OLD PROSPECT RD,SOUTH WENTWORTHVILLE,NSW,2145,-33.81721,150.96377,,,Tasmania Government LIST Telstra Payphones layer
02963608X2,0436281272,1 THE KINGSWAY,WENTWORTHVILLE,NSW,2145,-33.807282,150.972015,,,Tasmania Government LIST Telstra Payphones layer
02963616X2,0296363109,81 WENTWORTH AVE,WENTWORTHVILLE,NSW,2145,-33.806646,150.972394,,,Tasmania Government LIST Telstra Payphones layer
02968800X2,0429788522,65 DUNMORE ST,WENTWORTHVILLE,NSW,2145,-33.807482,150.970541,,,Tasmania Government LIST Telstra Payphones layer
02989603X1,0436374134,326 GREAT WESTERN HWY,WENTWORTHVILLE,NSW,2145,-33.814965,150.971823,,,Tasmania Government LIST Telstra Payphones layer
02989618X2,0436416658,27 STATION ST,WENTWORTHVILLE,NSW,2145,-33.808236,150.971836,,,Tasmania Government LIST Telstra Payphones layer
02989625X2,0298964869,FULTON AVE,WENTWORTHVILLE,NSW,2145,-33.803455,150.976969,,,Tasmania Government LIST Telstra Payphones layer
02963304X2,0447765589,166 HAWKESBURY RD,WESTMEAD,NSW,2145,-33.805859,150.988885,,,Tasmania Government LIST Telstra Payphones layer
02963311X2,0296332387,90 HAWKESBURY RD,WESTMEAD,NSW,2145,-33.812869,150.985352,,,Tasmania Government LIST Telstra Payphones layer
02963328X2,0296334709,180 HAWKESBURY RD,WESTMEAD,NSW,2145,-33.804815,150.988042,,,Tasmania Government LIST Telstra Payphones layer
02963330X2,0296334832,151 HAWKESBURY RD,WESTMEAD,NSW,2145,-33.80696,150.988005,,,Tasmania Government LIST Telstra Payphones layer
02963331X2,0296335187,43 HAWKESBURY RD,WESTMEAD,NSW,2145,-33.815029,150.984673,,,Tasmania Government LIST Telstra Payphones layer
02963502X2,0296351365,143 HAWKESBURY RD,WESTMEAD,NSW,2145,-33.80883,150.986994,,,Tasmania Government LIST Telstra Payphones layer
02963507X2,0296354854,180 HAWKESBURY RD,WESTMEAD,NSW,2145,-33.803897,150.985971,,,Tasmania Government LIST Telstra Payphones layer
02963509X1,0296359139,14 MONS RD,WESTMEAD,NSW,2145,-33.803016,150.983019,,,Tasmania Government LIST Telstra Payphones layer
02968712X1,0296872085,180 HAWKESBURY RD,WESTMEAD,NSW,2145,-33.804294,150.986626,,,Tasmania Government LIST Telstra Payphones layer
02968940X2,0296892447,212 HAWKESBURY RD,WESTMEAD,NSW,2145,-33.802041,150.993012,,,Tasmania Government LIST Telstra Payphones layer
02968948X2,0296892778,212 HAWKESBURY RD,WESTMEAD,NSW,2145,-33.802194,150.99199,,,Tasmania Government LIST Telstra Payphones layer
02989114X2,0298915624,24 RAILWAY PDE,WESTMEAD,NSW,2145,-33.808116,150.9879,,,Tasmania Government LIST Telstra Payphones layer
02989616X2,0298963519,116 OAKES RD,OLD TOONGABBIE,NSW,2146,-33.785472,150.97204,,,Tasmania Government LIST Telstra Payphones layer
02963100X2,0296312909,465 WENTWORTH AVE,TOONGABBIE,NSW,2146,-33.787163,150.951825,,,Tasmania Government LIST Telstra Payphones layer
02963114X2,0429943275,56 AURELIA ST,TOONGABBIE,NSW,2146,-33.788601,150.949353,,,Tasmania Government LIST Telstra Payphones layer
02963115X2,0436386003,28 BUNGAREE RD,TOONGABBIE,NSW,2146,-33.788057,150.960521,,,Tasmania Government LIST Telstra Payphones layer
02963612X2,0436386210,PORTICO PDE,TOONGABBIE,NSW,2146,-33.78678,150.951049,,,Tasmania Government LIST Telstra Payphones layer
02989603X2,0298962975,1 PORTICO PDE,TOONGABBIE,NSW,2146,-33.787394,150.951537,,,Tasmania Government LIST Telstra Payphones layer
02967400X2,0296741298,131 JAMES COOK DRV,KINGS LANGLEY,NSW,2147,-33.742301,150.923363,,,Tasmania Government LIST Telstra Payphones layer
02962401X2,0296247454,16 FREEMAN ST,LALOR PARK,NSW,2147,-33.761584,150.930806,,,Tasmania Government LIST Telstra Payphones layer
02962402X2,0296245698,16 FREEMAN ST,LALOR PARK,NSW,2147,-33.761689,150.93083,,,Tasmania Government LIST Telstra Payphones layer
02967402X2,0296742676,2 KENNEDY PDE,LALOR PARK,NSW,2147,-33.761901,150.938843,,,Tasmania Government LIST Telstra Payphones layer
02962209X1,0296227147,224 PROSPECT HWY,SEVEN HILLS,NSW,2147,-33.775213,150.931858,,,Tasmania Government LIST Telstra Payphones layer
02962400X2,0427874707,45 MONARO ST,SEVEN HILLS,NSW,2147,-33.766302,150.951333,,,Tasmania Government LIST Telstra Payphones layer
02962403X2,0296248958,36 JOHNSON AVE,SEVEN HILLS,NSW,2147,-33.761492,150.942589,,,Tasmania Government LIST Telstra Payphones layer
02967612X1,0296765130,224 PROSPECT HWY,SEVEN HILLS,NSW,2147,-33.775039,150.93402,,,Tasmania Government LIST Telstra Payphones layer
02983117X2,0298313451,154 BEST RD,SEVEN HILLS,NSW,2147,-33.775738,150.935681,,,Tasmania Government LIST Telstra Payphones layer
02983120X2,0447803427,41 BOOMERANG PL,SEVEN HILLS,NSW,2147,-33.774561,150.936021,,,Tasmania Government LIST Telstra Payphones layer
02983129X2,0298315443,41 BOOMERANG PL,SEVEN HILLS,NSW,2147,-33.774561,150.936021,,,Tasmania Government LIST Telstra Payphones layer
02983806X2,0298387838,BOOMERANG PL,SEVEN HILLS,NSW,2147,-33.77427,150.93624,,,Tasmania Government LIST Telstra Payphones layer
02983807X2,0455381575,22 ARTILLERY CRS,SEVEN HILLS,NSW,2147,-33.771412,150.935808,,,Tasmania Government LIST Telstra Payphones layer
02983808X2,0298388559,1 TERMINUS RD,SEVEN HILLS,NSW,2147,-33.774052,150.935838,,,Tasmania Government LIST Telstra Payphones layer
02983823X2,0298389786,1 TERMINUS RD,SEVEN HILLS,NSW,2147,-33.774052,150.935838,,,Tasmania Government LIST Telstra Payphones layer
02989609X2,0298964580,37 BEST RD,SEVEN HILLS,NSW,2147,-33.783844,150.941168,,,Tasmania Government LIST Telstra Payphones layer
02983134X2,0298313461,180 RESERVOIR RD,ARNDELL PARK,NSW,2148,-33.796338,150.897019,,,Tasmania Government LIST Telstra Payphones layer
02881400X2,0288149902,2 MAIN ST,BLACKTOWN,NSW,2148,-33.769211,150.906869,,,Tasmania Government LIST Telstra Payphones layer
02962100X2,0296211088,1 MAIN ST,BLACKTOWN,NSW,2148,-33.767792,150.907948,,,Tasmania Government LIST Telstra Payphones layer
02962105X2,0296211495,17 FLUSHCOMBE RD,BLACKTOWN,NSW,2148,-33.770347,150.908414,,,Tasmania Government LIST Telstra Payphones layer
02962106X2,0296211563,1 MAIN ST,BLACKTOWN,NSW,2148,-33.768815,150.90746,,,Tasmania Government LIST Telstra Payphones layer
02962107X2,0296211633,1 MAIN ST,BLACKTOWN,NSW,2148,-33.768744,150.907514,,,Tasmania Government LIST Telstra Payphones layer
02962108X2,0436374071,2 MAIN ST,BLACKTOWN,NSW,2148,-33.769211,150.906869,,,Tasmania Government LIST Telstra Payphones layer
02962109X2,0296212470,2 MAIN ST,BLACKTOWN,NSW,2148,-33.769211,150.906869,,,Tasmania Government LIST Telstra Payphones layer
02962110X2,0296213458,1 MAIN ST,BLACKTOWN,NSW,2148,-33.768289,150.90725,,,Tasmania Government LIST Telstra Payphones layer
02962111X2,0296213832,80 RESERVOIR RD,BLACKTOWN,NSW,2148,-33.784262,150.899833,,,Tasmania Government LIST Telstra Payphones layer
02962112X2,0296213890,1 MAIN ST,BLACKTOWN,NSW,2148,-33.768289,150.90725,,,Tasmania Government LIST Telstra Payphones layer
02962113X2,0296214921,106 MAIN ST,BLACKTOWN,NSW,2148,-33.770853,150.910108,,,Tasmania Government LIST Telstra Payphones layer
02962114X2,0437068472,74 WALTERS RD,BLACKTOWN,NSW,2148,-33.777754,150.894655,,,Tasmania Government LIST Telstra Payphones layer
02962116X2,0296215183,1 MAIN ST,BLACKTOWN,NSW,2148,-33.76889,150.907807,,,Tasmania Government LIST Telstra Payphones layer
02962120X2,0296215838,148 RICHMOND RD,BLACKTOWN,NSW,2148,-33.757485,150.894237,,,Tasmania Government LIST Telstra Payphones layer
02962121X2,0296215908,45 MAIN ST,BLACKTOWN,NSW,2148,-33.769156,150.908703,,,Tasmania Government LIST Telstra Payphones layer
02962123X2,0296216143,106 MAIN ST,BLACKTOWN,NSW,2148,-33.770853,150.910108,,,Tasmania Government LIST Telstra Payphones layer
02962124X2,0296216322,1 MAIN ST,BLACKTOWN,NSW,2148,-33.768424,150.907082,,,Tasmania Government LIST Telstra Payphones layer
02962126X2,0296216987,15 PRINCE ST,BLACKTOWN,NSW,2148,-33.765821,150.911079,,,Tasmania Government LIST Telstra Payphones layer
02962128X2,0438167786,22 SACKVILLE ST,BLACKTOWN,NSW,2148,-33.764749,150.920075,,,Tasmania Government LIST Telstra Payphones layer
02962130X2,0448995682,92 LANCELOT ST,BLACKTOWN,NSW,2148,-33.78951,150.908639,,,Tasmania Government LIST Telstra Payphones layer
02962142X2,0296217765,166 MAIN ST,BLACKTOWN,NSW,2148,-33.772907,150.913337,,,Tasmania Government LIST Telstra Payphones layer
02962143X2,0296211663,18 LANCASTER ST,BLACKTOWN,NSW,2148,-33.768389,150.89245,,,Tasmania Government LIST Telstra Payphones layer
02967119X2,0296714974,68 MAIN ST,BLACKTOWN,NSW,2148,-33.770024,150.909081,,,Tasmania Government LIST Telstra Payphones layer
02967607X1,0296768972,1 MARCEL CRS,BLACKTOWN,NSW,2148,-33.776276,150.918123,,,Tasmania Government LIST Telstra Payphones layer
02967608X1,0296765196,1 MARCEL CRS,BLACKTOWN,NSW,2148,-33.776276,150.918123,,,Tasmania Government LIST Telstra Payphones layer
02967611X1,0296766610,17 PATRICK ST,BLACKTOWN,NSW,2148,-33.770028,150.90663,,,Tasmania Government LIST Telstra Payphones layer
02983118X2,0298313750,9 KILDARE RD,BLACKTOWN,NSW,2148,-33.768918,150.905393,,,Tasmania Government LIST Telstra Payphones layer
02983122X2,0298318560,5 ST MARTINS CRS,BLACKTOWN,NSW,2148,-33.781226,150.919788,,,Tasmania Government LIST Telstra Payphones layer
02983125X2,0298311894,2 MAIN ST,BLACKTOWN,NSW,2148,-33.769211,150.906869,,,Tasmania Government LIST Telstra Payphones layer
02983127X2,0437559570,22 SACKVILLE ST,BLACKTOWN,NSW,2148,-33.76479,150.920075,,,Tasmania Government LIST Telstra Payphones layer
02962117X2,0296215306,1 QUAKERS RD,MARAYONG,NSW,2148,-33.746196,150.899823,,,Tasmania Government LIST Telstra Payphones layer
02983143X2,0298318864,1 QUAKERS RD,MARAYONG,NSW,2148,-33.746196,150.899823,,,Tasmania Government LIST Telstra Payphones layer
02989608X2,0298964493,380 BLACKTOWN RD,PROSPECT,NSW,2148,-33.799586,150.926736,,,Tasmania Government LIST Telstra Payphones layer
02963325X2,0298939107,59 MARION ST,HARRIS PARK,NSW,2150,-33.822422,151.008597,,,Tasmania Government LIST Telstra Payphones layer
02963339X2,0296334476,81 HARRIS ST,HARRIS PARK,NSW,2150,-33.82028,151.011167,,,Tasmania Government LIST Telstra Payphones layer
02963713X2,0296379309,24 ALLEN ST,HARRIS PARK,NSW,2150,-33.82527,151.01076,,,Tasmania Government LIST Telstra Payphones layer
02963730X2,0296374872,24 WIGRAM ST,HARRIS PARK,NSW,2150,-33.825086,151.008574,,,Tasmania Government LIST Telstra Payphones layer
02968745X2,0296878950,59 MARION ST,HARRIS PARK,NSW,2150,-33.822422,151.008597,,,Tasmania Government LIST Telstra Payphones layer
02989713X2,0298977804,112 GOOD ST,HARRIS PARK,NSW,2150,-33.826263,151.013032,,,Tasmania Government LIST Telstra Payphones layer
02963002X2,0296302564,396 CHURCH ST,PARRAMATTA,NSW,2150,-33.808121,151.005555,,,Tasmania Government LIST Telstra Payphones layer
02963329X2,0296334810,117 ALFRED ST,PARRAMATTA,NSW,2150,-33.818876,151.016961,,,Tasmania Government LIST Telstra Payphones layer
02963333X2,0296335498,3 PITT ST,PARRAMATTA,NSW,2150,-33.819444,150.996008,,,Tasmania Government LIST Telstra Payphones layer
02963336X2,0296333157,46 CRIMEA ST,PARRAMATTA,NSW,2150,-33.82319,150.99517,,,Tasmania Government LIST Telstra Payphones layer
02963337X2,0296334387,158 MARSDEN ST,PARRAMATTA,NSW,2150,-33.812982,151.002255,,,Tasmania Government LIST Telstra Payphones layer
02963338X2,0296334410,1 LANSDOWNE ST,PARRAMATTA,NSW,2150,-33.82236,150.99985,,,Tasmania Government LIST Telstra Payphones layer
02963340X2,0296334543,57 MACQUARIE ST,PARRAMATTA,NSW,2150,-33.81492,151.002058,,,Tasmania Government LIST Telstra Payphones layer
02963342X2,0296334509,135 GEORGE ST,PARRAMATTA,NSW,2150,-33.815821,151.011785,,,Tasmania Government LIST Telstra Payphones layer
02963521X2,0296357476,75 GEORGE ST,PARRAMATTA,NSW,2150,-33.814184,151.00581,,,Tasmania Government LIST Telstra Payphones layer
02963523X2,0436604458,240 CHURCH ST,PARRAMATTA,NSW,2150,-33.814142,151.003253,,,Tasmania Government LIST Telstra Payphones layer
02963525X2,0296350368,158 CHURCH ST,PARRAMATTA,NSW,2150,-33.817117,151.00357,,,Tasmania Government LIST Telstra Payphones layer
02963526X2,0296356895,158 CHURCH ST,PARRAMATTA,NSW,2150,-33.817117,151.00357,,,Tasmania Government LIST Telstra Payphones layer
02968308X2,0296832032,THOMAS ST,PARRAMATTA,NSW,2150,-33.81161,151.013768,,,Tasmania Government LIST Telstra Payphones layer
02968713X1,0296870867,1 ARGYLE ST,PARRAMATTA,NSW,2150,-33.817013,151.004635,,,Tasmania Government LIST Telstra Payphones layer
02968715X1,0296870413,1 ARGYLE ST,PARRAMATTA,NSW,2150,-33.81725,151.004539,,,Tasmania Government LIST Telstra Payphones layer
02968730X2,0296879809,1 STATION ST,PARRAMATTA,NSW,2150,-33.817753,151.005902,,,Tasmania Government LIST Telstra Payphones layer
02968733X2,0296872278,65 MARSDEN ST,PARRAMATTA,NSW,2150,-33.820643,150.999978,,,Tasmania Government LIST Telstra Payphones layer
02968739X2,0296872082,195 CHURCH ST,PARRAMATTA,NSW,2150,-33.81627,151.003252,,,Tasmania Government LIST Telstra Payphones layer
02968751X2,0296870781,ARGYLE ST,PARRAMATTA,NSW,2150,-33.817246,151.004269,,,Tasmania Government LIST Telstra Payphones layer
02968752X2,0296870937,ARGYLE ST,PARRAMATTA,NSW,2150,-33.817246,151.004269,,,Tasmania Government LIST Telstra Payphones layer
02968753X2,0296870295,ARGYLE ST,PARRAMATTA,NSW,2150,-33.817507,151.004695,,,Tasmania Government LIST Telstra Payphones layer
02968754X2,0296870538,ARGYLE ST,PARRAMATTA,NSW,2150,-33.818197,151.005902,,,Tasmania Government LIST Telstra Payphones layer
02968755X2,0296870725,ARGYLE ST,PARRAMATTA,NSW,2150,-33.818197,151.005902,,,Tasmania Government LIST Telstra Payphones layer
02989004X1,0298902568,171 VICTORIA RD,PARRAMATTA,NSW,2150,-33.81146,151.024774,,,Tasmania Government LIST Telstra Payphones layer
02989005X2,0298902545,30 ELIZABETH ST,PARRAMATTA,NSW,2150,-33.809334,151.009532,,,Tasmania Government LIST Telstra Payphones layer
02989108X2,0298913643,319 CHURCH ST,PARRAMATTA,NSW,2150,-33.811421,151.004189,,,Tasmania Government LIST Telstra Payphones layer
02989116X2,0298916438,51 PHILLIP ST,PARRAMATTA,NSW,2150,-33.812546,151.004714,,,Tasmania Government LIST Telstra Payphones layer
02989117X2,0436694652,39 GEORGE ST,PARRAMATTA,NSW,2150,-33.81372,151.00391,,,Tasmania Government LIST Telstra Payphones layer
02989119X2,0298916791,195 CHURCH ST,PARRAMATTA,NSW,2150,-33.81627,151.003252,,,Tasmania Government LIST Telstra Payphones layer
02989125X2,0298914847,222 CHURCH ST,PARRAMATTA,NSW,2150,-33.814503,151.003167,,,Tasmania Government LIST Telstra Payphones layer
02989127X2,0298915628,195 CHURCH ST,PARRAMATTA,NSW,2150,-33.81627,151.003252,,,Tasmania Government LIST Telstra Payphones layer
02989154X2,0298915625,195 CHURCH ST,PARRAMATTA,NSW,2150,-33.81627,151.003252,,,Tasmania Government LIST Telstra Payphones layer
02989300X2,0298937096,42 MACQUARIE ST,PARRAMATTA,NSW,2150,-33.81505,151.003152,,,Tasmania Government LIST Telstra Payphones layer
02989301X2,0298937186,126 CHURCH ST,PARRAMATTA,NSW,2150,-33.818362,151.003815,,,Tasmania Government LIST Telstra Payphones layer
02989308X2,0298939157,126 CHURCH ST,PARRAMATTA,NSW,2150,-33.818362,151.003815,,,Tasmania Government LIST Telstra Payphones layer
02963008X2,0296308654,1 IRON ST,NORTH PARRAMATTA,NSW,2151,-33.79801,151.00505,,,Tasmania Government LIST Telstra Payphones layer
02963011X2,0296300780,5 FLEET ST,NORTH PARRAMATTA,NSW,2151,-33.800538,150.997231,,,Tasmania Government LIST Telstra Payphones layer
02963012X2,0296308210,486 CHURCH ST,NORTH PARRAMATTA,NSW,2151,-33.803736,151.00597,,,Tasmania Government LIST Telstra Payphones layer
02963016X2,0296305154,140 VICTORIA RD,NORTH PARRAMATTA,NSW,2151,-33.80827,151.01838,,,Tasmania Government LIST Telstra Payphones layer
02987101X2,0298716965,312 NORTH ROCKS RD,NORTH ROCKS,NSW,2151,-33.770189,151.026345,,,Tasmania Government LIST Telstra Payphones layer
02963014X2,0296307743,2 CAMPBELL ST,NORTHMEAD,NSW,2152,-33.789086,150.995761,,,Tasmania Government LIST Telstra Payphones layer
02989001X2,0298901069,18 KLEINS RD,NORTHMEAD,NSW,2152,-33.793671,150.994613,,,Tasmania Government LIST Telstra Payphones layer
02963901X2,0296392785,20 OLD NORTHERN RD,BAULKHAM HILLS,NSW,2153,-33.759798,150.992845,,,Tasmania Government LIST Telstra Payphones layer
02963936X2,0296398111,1 RAILWAY ST,BAULKHAM HILLS,NSW,2153,-33.7617,150.993856,,,Tasmania Government LIST Telstra Payphones layer
02965901X1,0437946059,25 NORWEST BLV,BAULKHAM HILLS,NSW,2153,-33.734431,150.963542,,,Tasmania Government LIST Telstra Payphones layer
02962909X1,0437919824,4 CELEBRATION DRV,BELLA VISTA,NSW,2153,-33.730729,150.944252,,,Tasmania Government LIST Telstra Payphones layer
02962401X1,0296246583,180 CAROLINE CHISHOLM DRV,WINSTON HILLS,NSW,2153,-33.772842,150.96959,,,Tasmania Government LIST Telstra Payphones layer
02963900X2,0296392756,1 CAROLINE CHISHOLM DRV,WINSTON HILLS,NSW,2153,-33.775568,150.987826,,,Tasmania Government LIST Telstra Payphones layer
02963400X2,0296342076,5 OLD CASTLE HILL RD,CASTLE HILL,NSW,2154,-33.73181,151.006198,,,Tasmania Government LIST Telstra Payphones layer
02963401X2,0296343509,5 OLD CASTLE HILL RD,CASTLE HILL,NSW,2154,-33.73181,151.006198,,,Tasmania Government LIST Telstra Payphones layer
02963402X2,0296345298,VICTORIA AVE,CASTLE HILL,NSW,2154,-33.73481,150.981436,,,Tasmania Government LIST Telstra Payphones layer
02963403X2,0296347410,279 OLD NORTHERN RD,CASTLE HILL,NSW,2154,-33.733107,151.004779,,,Tasmania Government LIST Telstra Payphones layer
02963404X1,0428205568,309 OLD NORTHERN RD,CASTLE HILL,NSW,2154,-33.731701,151.007209,,,Tasmania Government LIST Telstra Payphones layer
02968004X1,0428498854,1 CARRINGTON RD,CASTLE HILL,NSW,2154,-33.727873,150.987296,,,Tasmania Government LIST Telstra Payphones layer
02989932X2,0428079457,201 RIDGECROP DRV,CASTLE HILL,NSW,2154,-33.713581,150.994251,,,Tasmania Government LIST Telstra Payphones layer
02962908X1,0407477404,GURAGURA ST,KELLYVILLE,NSW,2155,-33.713009,150.935426,,,Tasmania Government LIST Telstra Payphones layer
02962912X2,0436019869,29 WINDSOR RD,KELLYVILLE,NSW,2155,-33.712469,150.958146,,,Tasmania Government LIST Telstra Payphones layer
02882401X1,0447853070,35 CUDGEGONG RD,ROUSE HILL,NSW,2155,-33.691486,150.906036,,,Tasmania Government LIST Telstra Payphones layer
02888301X1,0436292984,1 TEMPUS ST,ROUSE HILL,NSW,2155,-33.691615,150.923863,,,Tasmania Government LIST Telstra Payphones layer
02967900X2,0296791810,169 ANNANGROVE RD,ANNANGROVE,NSW,2156,-33.67145,150.95593,,,Tasmania Government LIST Telstra Payphones layer
02989404X2,0298946279,80 GLENHAVEN RD,GLENHAVEN,NSW,2156,-33.698349,151.001844,,,Tasmania Government LIST Telstra Payphones layer
02965462X2,0296542042,137 KENTHURST RD,KENTHURST,NSW,2156,-33.66083,151.00511,,,Tasmania Government LIST Telstra Payphones layer
02965201X2,0296522410,3261 OLD NORTHERN RD,FOREST GLEN,NSW,2157,-33.54699,151.012147,,,Tasmania Government LIST Telstra Payphones layer
02965200X2,0296522411,938 OLD NORTHERN RD,GLENORIE,NSW,2157,-33.60112,151.00733,,,Tasmania Government LIST Telstra Payphones layer
02965101X2,0296513501,532 OLD NORTHERN RD,DURAL,NSW,2158,-33.69366,151.020304,,,Tasmania Government LIST Telstra Payphones layer
02965102X2,0296513503,642 OLD NORTHERN RD,DURAL,NSW,2158,-33.682298,151.02832,,,Tasmania Government LIST Telstra Payphones layer
02965103X2,0296513506,26 KENTHURST RD,DURAL,NSW,2158,-33.69273,151.01878,,,Tasmania Government LIST Telstra Payphones layer
02965303X2,0296532842,142 ARCADIA RD,ARCADIA,NSW,2159,-33.622303,151.053219,,,Tasmania Government LIST Telstra Payphones layer
02965302X2,0296532764,348 GALSTON RD,GALSTON,NSW,2159,-33.65302,151.046108,,,Tasmania Government LIST Telstra Payphones layer
02963310X2,0296332254,10 HILLTOP RD,MERRYLANDS,NSW,2160,-33.826544,150.982461,,,Tasmania Government LIST Telstra Payphones layer
02963341X2,0296335810,62 HILLTOP RD,MERRYLANDS,NSW,2160,-33.826463,150.97565,,,Tasmania Government LIST Telstra Payphones layer
02963715X2,0296379721,30 ST ANN ST,MERRYLANDS,NSW,2160,-33.840021,150.986939,,,Tasmania Government LIST Telstra Payphones layer
02963720X2,0296379509,159 PITT ST,MERRYLANDS,NSW,2160,-33.832781,150.992317,,,Tasmania Government LIST Telstra Payphones layer
02963722X2,0436386194,3 MCFARLANE ST,MERRYLANDS,NSW,2160,-33.83489,150.98857,,,Tasmania Government LIST Telstra Payphones layer
02963733X2,0296374020,9 MILLER ST,MERRYLANDS,NSW,2160,-33.837466,150.990126,,,Tasmania Government LIST Telstra Payphones layer
02963734X2,0296374059,19 BIRMINGHAM ST,MERRYLANDS,NSW,2160,-33.830737,150.991666,,,Tasmania Government LIST Telstra Payphones layer
02963735X2,0419153227,20 MCFARLANE ST,MERRYLANDS,NSW,2160,-33.835451,150.989589,,,Tasmania Government LIST Telstra Payphones layer
02968219X2,0429216529,164 MERRYLANDS RD,MERRYLANDS,NSW,2160,-33.836749,150.990643,,,Tasmania Government LIST Telstra Payphones layer
02968220X2,0296821921,1 TERMINAL PL,MERRYLANDS,NSW,2160,-33.836693,150.99221,,,Tasmania Government LIST Telstra Payphones layer
02968226X2,0296821164,ST ANN ST,MERRYLANDS,NSW,2160,-33.839494,150.9849,,,Tasmania Government LIST Telstra Payphones layer
02968229X2,0296825817,213 MERRYLANDS RD,MERRYLANDS,NSW,2160,-33.836285,150.988985,,,Tasmania Government LIST Telstra Payphones layer
02968230X2,0296826039,1 TERMINAL PL,MERRYLANDS,NSW,2160,-33.836693,150.99221,,,Tasmania Government LIST Telstra Payphones layer
02989710X2,0298973158,153 MERRYLANDS RD,MERRYLANDS,NSW,2160,-33.83665873,150.9911171,,,Tasmania Government LIST Telstra Payphones layer
02989711X2,0298972613,12 MEMORIAL AVE,MERRYLANDS,NSW,2160,-33.837156,150.989136,,,Tasmania Government LIST Telstra Payphones layer
02989712X2,0298973156,100 RAILWAY TCE,MERRYLANDS,NSW,2160,-33.836779,150.992606,,,Tasmania Government LIST Telstra Payphones layer
02963703X2,0436453379,27 SHERWOOD RD,MERRYLANDS WEST,NSW,2160,-33.834267,150.968778,,,Tasmania Government LIST Telstra Payphones layer
02989605X2,0298963848,530 MERRYLANDS RD,MERRYLANDS WEST,NSW,2160,-33.832258,150.968561,,,Tasmania Government LIST Telstra Payphones layer
02963202X2,0296323454,332 GUILDFORD RD,GUILDFORD,NSW,2161,-33.854106,150.986213,,,Tasmania Government LIST Telstra Payphones layer
02963204X2,0296325497,426 GUILDFORD RD,GUILDFORD,NSW,2161,-33.853295,150.982133,,,Tasmania Government LIST Telstra Payphones layer
02963205X2,0296325165,332 GUILDFORD RD,GUILDFORD,NSW,2161,-33.854106,150.986213,,,Tasmania Government LIST Telstra Payphones layer
02963207X2,0296321187,160 EXCELSIOR ST,GUILDFORD,NSW,2161,-33.851484,151.000466,,,Tasmania Government LIST Telstra Payphones layer
02968106X2,0296813832,126 MILITARY RD,GUILDFORD,NSW,2161,-33.854169,150.984182,,,Tasmania Government LIST Telstra Payphones layer
02989202X2,0436604454,291 GUILDFORD RD,GUILDFORD,NSW,2161,-33.854122,150.986946,,,Tasmania Government LIST Telstra Payphones layer
02989203X2,0298922509,MILITARY RD,GUILDFORD,NSW,2161,-33.85417,150.984374,,,Tasmania Government LIST Telstra Payphones layer
02968104X2,0296813276,225 FOWLER RD,GUILDFORD WEST,NSW,2161,-33.850792,150.972289,,,Tasmania Government LIST Telstra Payphones layer
02963201X2,0296322509,1 BROUGHTON ST,OLD GUILDFORD,NSW,2161,-33.86287,150.98427,,,Tasmania Government LIST Telstra Payphones layer
02989208X2,0298922564,RAILWAY ST,YENNORA,NSW,2161,-33.864837,150.970892,,,Tasmania Government LIST Telstra Payphones layer
02964407X2,0296446599,27 CHESTER HILL RD,CHESTER HILL,NSW,2162,-33.886568,151.000264,,,Tasmania Government LIST Telstra Payphones layer
02974348X2,0297437198,150 FROST LA,CHESTER HILL,NSW,2162,-33.882777,151.000981,,,Tasmania Government LIST Telstra Payphones layer
02974350X2,0297438264,196 WALDRON RD,CHESTER HILL,NSW,2162,-33.882737,150.998824,,,Tasmania Government LIST Telstra Payphones layer
02974361X2,0297437197,144 WALDRON RD,CHESTER HILL,NSW,2162,-33.883075,151.00106,,,Tasmania Government LIST Telstra Payphones layer
02974365X2,0297437367,2 CHESTER HILL RD,CHESTER HILL,NSW,2162,-33.883452,150.99938,,,Tasmania Government LIST Telstra Payphones layer
02974366X2,0297437167,83 MILLER RD,CHESTER HILL,NSW,2162,-33.871904,150.99317,,,Tasmania Government LIST Telstra Payphones layer
02964406X2,0296444741,172 ROSE ST,SEFTON,NSW,2162,-33.89901,151.01128,,,Tasmania Government LIST Telstra Payphones layer
02964504X2,0296452799,23 HECTOR ST,SEFTON,NSW,2162,-33.87815,151.007835,,,Tasmania Government LIST Telstra Payphones layer
02973809X2,0297389059,125 CARLINGFORD RD,SEFTON,NSW,2162,-33.884679,151.01186,,,Tasmania Government LIST Telstra Payphones layer
02974347X2,0297437196,151 WELLINGTON RD,SEFTON,NSW,2162,-33.88563,151.01096,,,Tasmania Government LIST Telstra Payphones layer
02974353X2,0297438510,WELLINGTON RD,SEFTON,NSW,2162,-33.885271,151.011575,,,Tasmania Government LIST Telstra Payphones layer
02972404X2,0297241851,27 CARRAMAR AVE,CARRAMAR,NSW,2163,-33.884181,150.960574,,,Tasmania Government LIST Telstra Payphones layer
02972430X2,0297246134,1 CARRAMAR AVE,CARRAMAR,NSW,2163,-33.884438,150.961267,,,Tasmania Government LIST Telstra Payphones layer
02972616X2,0297261065,82 THE HORSLEY DRV,CARRAMAR,NSW,2163,-33.884448,150.967352,,,Tasmania Government LIST Telstra Payphones layer
02972621X2,0297261288,53 MITCHELL ST,CARRAMAR,NSW,2163,-33.8804,150.96611,,,Tasmania Government LIST Telstra Payphones layer
02972431X2,0436282578,1 RIVER AVE,VILLAWOOD,NSW,2163,-33.88084,150.97674,,,Tasmania Government LIST Telstra Payphones layer
02972432X2,0297267602,69 CHRISTINA RD,VILLAWOOD,NSW,2163,-33.881548,150.985134,,,Tasmania Government LIST Telstra Payphones layer
02972636X2,0436396697,25 VILLAWOOD PL,VILLAWOOD,NSW,2163,-33.882484,150.975951,,,Tasmania Government LIST Telstra Payphones layer
02972503X2,0297251089,66 DUBLIN ST,SMITHFIELD,NSW,2164,-33.854308,150.924724,,,Tasmania Government LIST Telstra Payphones layer
02972505X2,0297251302,676 HORSLEY DRV,SMITHFIELD,NSW,2164,-33.853469,150.93973,,,Tasmania Government LIST Telstra Payphones layer
02972403X2,0427810895,57 HAMILTON RD,FAIRFIELD,NSW,2165,-33.873384,150.95085,,,Tasmania Government LIST Telstra Payphones layer
02972415X2,0297242903,43 WARE ST,FAIRFIELD,NSW,2165,-33.871481,150.955013,,,Tasmania Government LIST Telstra Payphones layer
02972426X2,0297246015,52 THE CRESCENT,FAIRFIELD,NSW,2165,-33.872176,150.957226,,,Tasmania Government LIST Telstra Payphones layer
02972427X2,0297246025,52 THE CRESCENT,FAIRFIELD,NSW,2165,-33.872341,150.957203,,,Tasmania Government LIST Telstra Payphones layer
02972507X1,0297256941,54 SMART ST,FAIRFIELD,NSW,2165,-33.868844,150.956209,,,Tasmania Government LIST Telstra Payphones layer
02972510X2,0297256069,197 HAMILTON RD,FAIRFIELD,NSW,2165,-33.872458,150.937445,,,Tasmania Government LIST Telstra Payphones layer
02972551X2,0297257648,4 STATION ST,FAIRFIELD,NSW,2165,-33.86914,150.953874,,,Tasmania Government LIST Telstra Payphones layer
02972623X2,0297261421,52 THE CRESCENT,FAIRFIELD,NSW,2165,-33.8720864,150.9565865,,,Tasmania Government LIST Telstra Payphones layer
02972632X2,0297265645,59 SMART ST,FAIRFIELD,NSW,2165,-33.868146,150.955229,,,Tasmania Government LIST Telstra Payphones layer
02972800X1,0297289021,54 SMART ST,FAIRFIELD,NSW,2165,-33.869414,150.956273,,,Tasmania Government LIST Telstra Payphones layer
02972807X2,0297286182,52 THE CRESCENT,FAIRFIELD,NSW,2165,-33.8720864,150.9565865,,,Tasmania Government LIST Telstra Payphones layer
02975401X1,0297541726,54 SMART ST,FAIRFIELD,NSW,2165,-33.868637,150.956456,,,Tasmania Government LIST Telstra Payphones layer
02975422X2,0297230961,55 WARE ST,FAIRFIELD,NSW,2165,-33.87135,150.954952,,,Tasmania Government LIST Telstra Payphones layer
02975435X2,0297541093,28 ANZAC AVE,FAIRFIELD,NSW,2165,-33.872931,150.957284,,,Tasmania Government LIST Telstra Payphones layer
02975501X2,0297550016,63 SPENCER ST,FAIRFIELD,NSW,2165,-33.870981,150.95512,,,Tasmania Government LIST Telstra Payphones layer
02972631X2,0297265232,54 TANGERINE ST,FAIRFIELD EAST,NSW,2165,-33.876467,150.974116,,,Tasmania Government LIST Telstra Payphones layer
02972434X2,0297246570,189 THE BOULEVARDE,FAIRFIELD HEIGHTS,NSW,2165,-33.864991,150.93829,,,Tasmania Government LIST Telstra Payphones layer
02972624X2,0297261756,1 GRANVILLE ST,FAIRFIELD HEIGHTS,NSW,2165,-33.866222,150.946687,,,Tasmania Government LIST Telstra Payphones layer
02975711X2,0297572271,249 THE BOULEVARDE,FAIRFIELD HEIGHTS,NSW,2165,-33.862922,150.938698,,,Tasmania Government LIST Telstra Payphones layer
02972504X2,0297251272,338 HAMILTON RD,FAIRFIELD WEST,NSW,2165,-33.870214,150.928285,,,Tasmania Government LIST Telstra Payphones layer
02972509X1,0297255302,368 HAMILTON RD,FAIRFIELD WEST,NSW,2165,-33.868313,150.923245,,,Tasmania Government LIST Telstra Payphones layer
02972401X2,0297241491,168 JOHN ST,CABRAMATTA,NSW,2166,-33.894008,150.92795,,,Tasmania Government LIST Telstra Payphones layer
02972406X2,0297260284,107 JOHN ST,CABRAMATTA,NSW,2166,-33.894877,150.934802,,,Tasmania Government LIST Telstra Payphones layer
02972419X2,0297243804,32 BOLIVIA ST,CABRAMATTA,NSW,2166,-33.897868,150.933003,,,Tasmania Government LIST Telstra Payphones layer
02972421X2,0297243942,26 ST JOHNS RD,CABRAMATTA,NSW,2166,-33.889448,150.930919,,,Tasmania Government LIST Telstra Payphones layer
02972422X2,0436393830,223 JOHN ST,CABRAMATTA,NSW,2166,-33.89306,150.9216,,,Tasmania Government LIST Telstra Payphones layer
02972424X2,0297244219,76 JOHN ST,CABRAMATTA,NSW,2166,-33.895096,150.935745,,,Tasmania Government LIST Telstra Payphones layer
02972513X2,0297256260,RAILWAY PDE,CABRAMATTA,NSW,2166,-33.894881,150.938732,,,Tasmania Government LIST Telstra Payphones layer
02972523X2,0297257682,2 JOHN ST,CABRAMATTA,NSW,2166,-33.895443,150.937835,,,Tasmania Government LIST Telstra Payphones layer
02972706X1,0297276835,59 JOHN ST,CABRAMATTA,NSW,2166,-33.895062,150.936792,,,Tasmania Government LIST Telstra Payphones layer
02975434X2,0448713190,35 HILL ST,CABRAMATTA,NSW,2166,-33.892156,150.93412,,,Tasmania Government LIST Telstra Payphones layer
02975438X2,0297234905,193 RAILWAY PDE,CABRAMATTA,NSW,2166,-33.894383,150.938573,,,Tasmania Government LIST Telstra Payphones layer
02960401X2,0296040978,52 HIGH ST,CABRAMATTA WEST,NSW,2166,-33.892008,150.916368,,,Tasmania Government LIST Telstra Payphones layer
02961003X2,0296107276,86 HARRINGTON ST,CABRAMATTA WEST,NSW,2166,-33.893758,150.909056,,,Tasmania Government LIST Telstra Payphones layer
02972501X2,0297290487,2 BOYD ST,CABRAMATTA WEST,NSW,2166,-33.88739,150.914973,,,Tasmania Government LIST Telstra Payphones layer
02972416X2,0297273128,204 CANLEY VALE RD,CANLEY HEIGHTS,NSW,2166,-33.884208,150.927454,,,Tasmania Government LIST Telstra Payphones layer
02972437X2,0297247825,237 CANLEY VALE RD,CANLEY HEIGHTS,NSW,2166,-33.883659,150.924647,,,Tasmania Government LIST Telstra Payphones layer
02972627X2,0436473722,140 CANLEY VALE RD,CANLEY HEIGHTS,NSW,2166,-33.884995,150.932964,,,Tasmania Government LIST Telstra Payphones layer
02972514X2,0297256279,SHORTLAND ST,CANLEY VALE,NSW,2166,-33.888847,150.952594,,,Tasmania Government LIST Telstra Payphones layer
02972516X2,0297275026,12 PHELPS ST,CANLEY VALE,NSW,2166,-33.889972,150.938567,,,Tasmania Government LIST Telstra Payphones layer
02972711X2,0297273681,4 CANLEY VALE RD,CANLEY VALE,NSW,2166,-33.88728,150.943024,,,Tasmania Government LIST Telstra Payphones layer
02975441X2,0297541396,33 CANLEY VALE RD,CANLEY VALE,NSW,2166,-33.886864,150.942082,,,Tasmania Government LIST Telstra Payphones layer
02972625X2,0297262021,1 CUTLER ST,LANSVALE,NSW,2166,-33.89754,150.953139,,,Tasmania Government LIST Telstra Payphones layer
02960501X1,0407096227,100 RAILWAY PDE,GLENFIELD,NSW,2167,-33.972064,150.89322,,,Tasmania Government LIST Telstra Payphones layer
02982912X2,0436488985,70 RAILWAY PDE,GLENFIELD,NSW,2167,-33.971154,150.894809,,,Tasmania Government LIST Telstra Payphones layer
02960703X2,0296073232,11 SINCLAIR RD,ASHCROFT,NSW,2168,-33.915455,150.899149,,,Tasmania Government LIST Telstra Payphones layer
02960803X2,0296084829,170 GREEN VALLEY RD,GREEN VALLEY,NSW,2168,-33.902361,150.869008,,,Tasmania Government LIST Telstra Payphones layer
02960804X2,0296081072,170 GREEN VALLEY RD,GREEN VALLEY,NSW,2168,-33.902361,150.869008,,,Tasmania Government LIST Telstra Payphones layer
02960805X2,0296088573,187 WILSON RD,GREEN VALLEY,NSW,2168,-33.90744,150.86675,,,Tasmania Government LIST Telstra Payphones layer
02982510X2,0298250254,187 WILSON RD,GREEN VALLEY,NSW,2168,-33.90744,150.86675,,,Tasmania Government LIST Telstra Payphones layer
02960705X2,0296075405,72 ST JOHNS RD,HECKENBERG,NSW,2168,-33.908009,150.884314,,,Tasmania Government LIST Telstra Payphones layer
02982509X2,0298250124,80 WHITFORD RD,HINCHINBROOK,NSW,2168,-33.91738,150.86784,,,Tasmania Government LIST Telstra Payphones layer
02878300X2,0287838257,90 CARTWRIGHT AVE,MILLER,NSW,2168,-33.918984,150.883772,,,Tasmania Government LIST Telstra Payphones layer
02878301X2,0287838452,90 CARTWRIGHT AVE,MILLER,NSW,2168,-33.918984,150.883772,,,Tasmania Government LIST Telstra Payphones layer
02982614X2,0298268503,36 WOODWARD CRS,MILLER,NSW,2168,-33.920189,150.883239,,,Tasmania Government LIST Telstra Payphones layer
02960105X1,0296010370,1 KURRAJONG RD,CASULA,NSW,2170,-33.948225,150.900003,,,Tasmania Government LIST Telstra Payphones layer
02982249X2,0429361654,48 CASULA RD,CASULA,NSW,2170,-33.949319,150.906353,,,Tasmania Government LIST Telstra Payphones layer
02975502X2,0429139434,92 CHILD RD,CHIPPING NORTON,NSW,2170,-33.919276,150.95384,,,Tasmania Government LIST Telstra Payphones layer
02982522X2,0298253889,44 WALDER RD,HAMMONDVILLE,NSW,2170,-33.948157,150.954237,,,Tasmania Government LIST Telstra Payphones layer
02960003X2,0296007415,9 MOORE ST,LIVERPOOL,NSW,2170,-33.922897,150.927413,,,Tasmania Government LIST Telstra Payphones layer
02960100X1,0296016357,270 BIGGE ST,LIVERPOOL,NSW,2170,-33.924631,150.92759,,,Tasmania Government LIST Telstra Payphones layer
02960101X1,0296013768,270 BIGGE ST,LIVERPOOL,NSW,2170,-33.924631,150.92759,,,Tasmania Government LIST Telstra Payphones layer
02960103X2,0296013232,251 MOORE ST,LIVERPOOL,NSW,2170,-33.922966,150.926585,,,Tasmania Government LIST Telstra Payphones layer
02960106X2,0296015409,80 BOUNDARY RD,LIVERPOOL,NSW,2170,-33.935333,150.906098,,,Tasmania Government LIST Telstra Payphones layer
02960113X2,0296010468,129 GEORGE ST,LIVERPOOL,NSW,2170,-33.920398,150.925174,,,Tasmania Government LIST Telstra Payphones layer
02960207X1,0296024679,6 RAILWAY ST,LIVERPOOL,NSW,2170,-33.924416,150.926313,,,Tasmania Government LIST Telstra Payphones layer
02960212X2,0296026864,1 ELIZABETH ST,LIVERPOOL,NSW,2170,-33.920304,150.92994,,,Tasmania Government LIST Telstra Payphones layer
02960214X2,0296029323,1 ELIZABETH ST,LIVERPOOL,NSW,2170,-33.920654,150.929642,,,Tasmania Government LIST Telstra Payphones layer
02960218X1,0296025173,270 BIGGE ST,LIVERPOOL,NSW,2170,-33.924446,150.927096,,,Tasmania Government LIST Telstra Payphones layer
02960219X1,0296025175,270 BIGGE ST,LIVERPOOL,NSW,2170,-33.924446,150.927096,,,Tasmania Government LIST Telstra Payphones layer
02982101X2,0298214750,133 MEMORIAL AVE,LIVERPOOL,NSW,2170,-33.923307,150.911862,,,Tasmania Government LIST Telstra Payphones layer
02982104X2,0298212182,42 CAMPBELL ST,LIVERPOOL,NSW,2170,-33.918251,150.927986,,,Tasmania Government LIST Telstra Payphones layer
02982224X1,0298222582,270 BIGGE ST,LIVERPOOL,NSW,2170,-33.924446,150.927096,,,Tasmania Government LIST Telstra Payphones layer
02982225X2,0298224791,1 RIVERPARK DRV,LIVERPOOL,NSW,2170,-33.930661,150.924205,,,Tasmania Government LIST Telstra Payphones layer
02982226X2,0298224023,1 ELIZABETH ST,LIVERPOOL,NSW,2170,-33.91969,150.92965,,,Tasmania Government LIST Telstra Payphones layer
02982233X2,0298224104,2 MARYVALE AVE,LIVERPOOL,NSW,2170,-33.923179,150.904192,,,Tasmania Government LIST Telstra Payphones layer
02982234X2,0298224692,65 CASTLEREAGH ST,LIVERPOOL,NSW,2170,-33.922261,150.92017,,,Tasmania Government LIST Telstra Payphones layer
02982239X2,0436019253,ELIZABETH DRV,LIVERPOOL,NSW,2170,-33.919065,150.917414,,,Tasmania Government LIST Telstra Payphones layer
02982246X2,0298224712,193 MACQUARIE ST,LIVERPOOL,NSW,2170,-33.922175,150.923736,,,Tasmania Government LIST Telstra Payphones layer
02982247X2,0298224713,1 COLLEGE ST,LIVERPOOL,NSW,2170,-33.92174,150.92907,,,Tasmania Government LIST Telstra Payphones layer
02982248X2,0298224719,43 REILLY ST,LIVERPOOL,NSW,2170,-33.93382,150.91066,,,Tasmania Government LIST Telstra Payphones layer
02982252X2,0298224761,1 FRANGIPANE AVE,LIVERPOOL,NSW,2170,-33.92709,150.90858,,,Tasmania Government LIST Telstra Payphones layer
02982259X2,0298225633,1 SHORT ST,LIVERPOOL,NSW,2170,-33.92769,150.91941,,,Tasmania Government LIST Telstra Payphones layer
02982270X2,0298224578,CONGRESSIONAL DRV,LIVERPOOL,NSW,2170,-33.93459,150.916405,,,Tasmania Government LIST Telstra Payphones layer
02982283X2,0298224721,193 MACQUARIE ST,LIVERPOOL,NSW,2170,-33.922175,150.923736,,,Tasmania Government LIST Telstra Payphones layer
02982414X2,0298240625,245 MACQUARIE ST,LIVERPOOL,NSW,2170,-33.923472,150.923469,,,Tasmania Government LIST Telstra Payphones layer
02982416X2,0298240195,146 MACQUARIE ST,LIVERPOOL,NSW,2170,-33.920719,150.924148,,,Tasmania Government LIST Telstra Payphones layer
02982419X2,0298240621,245 MACQUARIE ST,LIVERPOOL,NSW,2170,-33.923472,150.923469,,,Tasmania Government LIST Telstra Payphones layer
02960707X2,0448093103,63 HILL RD,LURNEA,NSW,2170,-33.931707,150.896057,,,Tasmania Government LIST Telstra Payphones layer
02982525X2,0298250298,246 WONGA RD,LURNEA,NSW,2170,-33.94353,150.88855,,,Tasmania Government LIST Telstra Payphones layer
02960104X2,0296014177,BRADSHAW AVE,MOOREBANK,NSW,2170,-33.93231,150.93294,,,Tasmania Government LIST Telstra Payphones layer
02982238X2,0298224696,34 STOCKTON AVE,MOOREBANK,NSW,2170,-33.932921,150.94864,,,Tasmania Government LIST Telstra Payphones layer
02961002X2,0296104404,5 ANDERSON ST,MT PRITCHARD,NSW,2170,-33.897393,150.905483,,,Tasmania Government LIST Telstra Payphones layer
02982303X2,0298237361,163 MEADOWS RD,MT PRITCHARD,NSW,2170,-33.90196,150.89723,,,Tasmania Government LIST Telstra Payphones layer
02982305X2,0298237365,PRITCHARD ST,MT PRITCHARD,NSW,2170,-33.896855,150.912128,,,Tasmania Government LIST Telstra Payphones layer
02960710X2,0296089423,2 WROXHAM ST,PRESTONS,NSW,2170,-33.949684,150.864078,,,Tasmania Government LIST Telstra Payphones layer
02960112X2,0296010675,SAPPHO RD,WARWICK FARM,NSW,2170,-33.909956,150.939585,,,Tasmania Government LIST Telstra Payphones layer
02982241X2,0298224704,29 MANNIX PDE,WARWICK FARM,NSW,2170,-33.912221,150.931702,,,Tasmania Government LIST Telstra Payphones layer
02982251X2,0298224723,1 REMEMBERANCE AVE,WARWICK FARM,NSW,2170,-33.913277,150.935122,,,Tasmania Government LIST Telstra Payphones layer
02982257X2,0298225179,1 DRUMMOND ST,WARWICK FARM,NSW,2170,-33.914424,150.932393,,,Tasmania Government LIST Telstra Payphones layer
02977103X2,0297711262,112 ST GEORGES CRS,SANDY POINT,NSW,2172,-33.976474,150.993095,,,Tasmania Government LIST Telstra Payphones layer
02973100X1,0297312701,1 THE BOULEVARDE,HOLSWORTHY,NSW,2173,-33.963175,150.956504,,,Tasmania Government LIST Telstra Payphones layer
02982516X2,0298253182,1 THE BOULEVARDE,HOLSWORTHY,NSW,2173,-33.963175,150.956504,,,Tasmania Government LIST Telstra Payphones layer
02982527X2,0298253990,31 HUON CRS,HOLSWORTHY,NSW,2173,-33.95572,150.95072,,,Tasmania Government LIST Telstra Payphones layer
02960801X1,0436385329,SOLDIERS PDE,EDMONDSON PARK,NSW,2174,-33.969158,150.858899,,,Tasmania Government LIST Telstra Payphones layer
02962000X2,0296201052,1846 HORSLEY DRV,HORSLEY PARK,NSW,2175,-33.841288,150.846722,,,Tasmania Government LIST Telstra Payphones layer
02878600X2,0287861553,ROONY AVE,ABBOTSBURY,NSW,2176,-33.869348,150.865313,,,Tasmania Government LIST Telstra Payphones layer
02972920X2,0297292364,173 WHELLER ST,BOSSLEY PARK,NSW,2176,-33.85875,150.89689,,,Tasmania Government LIST Telstra Payphones layer
02975606X2,0297564703,376 PRAIRIE VALE RD,PRAIRIEWOOD,NSW,2176,-33.861511,150.901583,,,Tasmania Government LIST Telstra Payphones layer
02975700X1,0297571305,561 POLDING ST,PRAIRIEWOOD,NSW,2176,-33.85864,150.89826,,,Tasmania Government LIST Telstra Payphones layer
02975700X2,0297572054,376 PRAIRIE VALE RD,PRAIRIEWOOD,NSW,2176,-33.859854,150.904262,,,Tasmania Government LIST Telstra Payphones layer
02961001X2,0296102443,39 MELBOURNE RD,ST JOHNS PARK,NSW,2176,-33.882315,150.903795,,,Tasmania Government LIST Telstra Payphones layer
02975705X2,0297572269,30 BULLS RD,WAKELEY,NSW,2176,-33.870197,150.911057,,,Tasmania Government LIST Telstra Payphones layer
02878601X2,0287861645,697 BONNYRIGG AVE,BONNYRIGG,NSW,2177,-33.88566,150.887357,,,Tasmania Government LIST Telstra Payphones layer
02982302X2,0298237358,209 HUMPHRIES RD,BONNYRIGG,NSW,2177,-33.89235,150.898234,,,Tasmania Government LIST Telstra Payphones layer
02982607X2,0298261897,1467 ELIZABETH DRV,KEMPS CREEK,NSW,2178,-33.879843,150.789041,,,Tasmania Government LIST Telstra Payphones layer
02960607X2,0296069092,246 EDMONDSON AVE,AUSTRAL,NSW,2179,-33.932737,150.812055,,,Tasmania Government LIST Telstra Payphones layer
02960608X2,0296068162,394 FIFTEENTH AVE,AUSTRAL,NSW,2179,-33.918729,150.813958,,,Tasmania Government LIST Telstra Payphones layer
02960600X1,0296065960,187 RICKARD RD,LEPPINGTON,NSW,2179,-33.95463,150.808195,,,Tasmania Government LIST Telstra Payphones layer
02960601X1,0296066426,187 RICKARD RD,LEPPINGTON,NSW,2179,-33.954261,150.808281,,,Tasmania Government LIST Telstra Payphones layer
02960604X2,0296065623,1469 CAMDEN VALLEY WAY,LEPPINGTON,NSW,2179,-33.96402,150.81722,,,Tasmania Government LIST Telstra Payphones layer
02964211X2,0296427651,341 WATERLOO RD,GREENACRE,NSW,2190,-33.895593,151.059241,,,Tasmania Government LIST Telstra Payphones layer
02964217X1,0296424430,355 WATERLOO RD,GREENACRE,NSW,2190,-33.892941,151.061317,,,Tasmania Government LIST Telstra Payphones layer
02974019X2,0297404185,171 WATERLOO RD,GREENACRE,NSW,2190,-33.90689,151.05731,,,Tasmania Government LIST Telstra Payphones layer
02979007X2,0297903440,120 RAWSON RD,GREENACRE,NSW,2190,-33.90157,151.04933,,,Tasmania Government LIST Telstra Payphones layer
02970805X2,0297083676,FRANK ST,MT LEWIS,NSW,2190,-33.917842,151.04776,,,Tasmania Government LIST Telstra Payphones layer
02974205X2,0297425973,18 BURWOOD RD,BELFIELD,NSW,2191,-33.902833,151.083877,,,Tasmania Government LIST Telstra Payphones layer
02974013X2,0297404141,ETELA ST,BELMORE,NSW,2192,-33.91601,151.08758,,,Tasmania Government LIST Telstra Payphones layer
02974016X2,0297404171,383 BURWOOD RD,BELMORE,NSW,2192,-33.917912,151.088662,,,Tasmania Government LIST Telstra Payphones layer
02974027X2,0297404197,39 KNOX ST,BELMORE,NSW,2192,-33.908882,151.08164,,,Tasmania Government LIST Telstra Payphones layer
02974042X2,0297406559,383 BURWOOD RD,BELMORE,NSW,2192,-33.917912,151.088662,,,Tasmania Government LIST Telstra Payphones layer
02975800X2,0297582591,ETELA ST,BELMORE,NSW,2192,-33.91601,151.08758,,,Tasmania Government LIST Telstra Payphones layer
02975904X2,0297592587,383 BURWOOD RD,BELMORE,NSW,2192,-33.917912,151.088662,,,Tasmania Government LIST Telstra Payphones layer
02975913X2,0297597700,41 LEYLANDS PDE,BELMORE,NSW,2192,-33.919669,151.089392,,,Tasmania Government LIST Telstra Payphones layer
02978904X2,0297893909,1 KINGSGROVE RD,BELMORE,NSW,2192,-33.928522,151.098315,,,Tasmania Government LIST Telstra Payphones layer
02979910X2,0297992598,43 KING ST,ASHBURY,NSW,2193,-33.90076,151.12006,,,Tasmania Government LIST Telstra Payphones layer
02971808X2,0297180590,19 WONGA ST,CANTERBURY,NSW,2193,-33.91095,151.11148,,,Tasmania Government LIST Telstra Payphones layer
02978719X2,0297871565,183 CANTERBURY RD,CANTERBURY,NSW,2193,-33.91166,151.11969,,,Tasmania Government LIST Telstra Payphones layer
02978721X2,0297871854,1 TINCOMBE ST,CANTERBURY,NSW,2193,-33.912118,151.119715,,,Tasmania Government LIST Telstra Payphones layer
02978722X2,0297872365,1 HOWARD ST,CANTERBURY,NSW,2193,-33.914981,151.112647,,,Tasmania Government LIST Telstra Payphones layer
02955913X2,0295593099,13 HAMPDEN ST,HURLSTONE PARK,NSW,2193,-33.908697,151.132988,,,Tasmania Government LIST Telstra Payphones layer
02955924X2,0295594422,15 CRINAN ST,HURLSTONE PARK,NSW,2193,-33.9097,151.13168,,,Tasmania Government LIST Telstra Payphones layer
02955925X2,0295594599,101 DUNTROON ST,HURLSTONE PARK,NSW,2193,-33.91043,151.13243,,,Tasmania Government LIST Telstra Payphones layer
02955926X2,0295594766,CRINAN ST,HURLSTONE PARK,NSW,2193,-33.906271,151.12734,,,Tasmania Government LIST Telstra Payphones layer
02979915X2,0297995329,2 GRIFFITHS ST,HURLSTONE PARK,NSW,2193,-33.904632,151.128209,,,Tasmania Government LIST Telstra Payphones layer
02971804X2,0297180723,1 EVALINE ST,CAMPSIE,NSW,2194,-33.912852,151.104398,,,Tasmania Government LIST Telstra Payphones layer
02971805X2,0297188398,1 NORTH PDE,CAMPSIE,NSW,2194,-33.9101,151.10336,,,Tasmania Government LIST Telstra Payphones layer
02971809X2,0297181269,192 BEAMISH ST,CAMPSIE,NSW,2194,-33.91084,151.103725,,,Tasmania Government LIST Telstra Payphones layer
02971811X2,0297182306,73 FIRST AVE,CAMPSIE,NSW,2194,-33.903327,151.093096,,,Tasmania Government LIST Telstra Payphones layer
02971812X2,0297182805,1 NORTH PDE,CAMPSIE,NSW,2194,-33.9101,151.10336,,,Tasmania Government LIST Telstra Payphones layer
02971813X1,0297189407,575 CANTERBURY RD,CAMPSIE,NSW,2194,-33.91922,151.09848,,,Tasmania Government LIST Telstra Payphones layer
02971813X2,0297183826,1 AMY ST,CAMPSIE,NSW,2194,-33.912098,151.103609,,,Tasmania Government LIST Telstra Payphones layer
02971814X2,0297184417,196 BEAMISH ST,CAMPSIE,NSW,2194,-33.911161,151.103818,,,Tasmania Government LIST Telstra Payphones layer
02971815X1,0297189413,575 CANTERBURY RD,CAMPSIE,NSW,2194,-33.85875,150.89689,,,Tasmania Government LIST Telstra Payphones layer
02971815X2,0297185893,1 NORTH PDE,CAMPSIE,NSW,2194,-33.9101,151.10336,,,Tasmania Government LIST Telstra Payphones layer
02971816X2,0297186216,1 EVALINE ST,CAMPSIE,NSW,2194,-33.912852,151.104398,,,Tasmania Government LIST Telstra Payphones layer
02971821X2,0297188423,192 BEAMISH ST,CAMPSIE,NSW,2194,-33.910881,151.103725,,,Tasmania Government LIST Telstra Payphones layer
02971823X2,0297182568,CLAREMONT ST,CAMPSIE,NSW,2194,-33.9143,151.103894,,,Tasmania Government LIST Telstra Payphones layer
02971824X2,0297187265,SOUTH PDE,CAMPSIE,NSW,2194,-33.910419,151.104294,,,Tasmania Government LIST Telstra Payphones layer
02971825X2,0297185495,1 CAMPSIE ST,CAMPSIE,NSW,2194,-33.908894,151.103137,,,Tasmania Government LIST Telstra Payphones layer
02971826X2,0297189207,1 AMY ST,CAMPSIE,NSW,2194,-33.912098,151.103609,,,Tasmania Government LIST Telstra Payphones layer
02978716X2,0297871165,THORNCRAFT PDE,CAMPSIE,NSW,2194,-33.919939,151.099412,,,Tasmania Government LIST Telstra Payphones layer
02978718X2,0297871454,52 FIFTH AVE,CAMPSIE,NSW,2194,-33.90913,151.099722,,,Tasmania Government LIST Telstra Payphones layer
02978720X2,0297871654,68 NINTH AVE,CAMPSIE,NSW,2194,-33.90929,151.09972,,,Tasmania Government LIST Telstra Payphones layer
02978903X1,0297891267,14 AMY ST,CAMPSIE,NSW,2194,-33.913066,151.102756,,,Tasmania Government LIST Telstra Payphones layer
02978904X1,0297891283,14 AMY ST,CAMPSIE,NSW,2194,-33.912774,151.102716,,,Tasmania Government LIST Telstra Payphones layer
02978906X2,0297894929,1 CAMPSIE ST,CAMPSIE,NSW,2194,-33.908894,151.103137,,,Tasmania Government LIST Telstra Payphones layer
02978909X2,0297896829,CLAREMONT ST,CAMPSIE,NSW,2194,-33.9143,151.103894,,,Tasmania Government LIST Telstra Payphones layer
02978925X2,0297892987,196 BEAMISH ST,CAMPSIE,NSW,2194,-33.911161,151.103818,,,Tasmania Government LIST Telstra Payphones layer
02978926X2,0297896683,1 NORTH PDE,CAMPSIE,NSW,2194,-33.9101,151.10336,,,Tasmania Government LIST Telstra Payphones layer
02974007X2,0297404274,ONEATA ST,LAKEMBA,NSW,2195,-33.921442,151.077794,,,Tasmania Government LIST Telstra Payphones layer
02974009X2,0297404101,50 THE BOULEVARDE,LAKEMBA,NSW,2195,-33.920408,151.076265,,,Tasmania Government LIST Telstra Payphones layer
02974012X2,0297404131,76 MACDONALD ST,LAKEMBA,NSW,2195,-33.91376,151.07037,,,Tasmania Government LIST Telstra Payphones layer
02974017X2,0297404183,GILLIES ST,LAKEMBA,NSW,2195,-33.922407,151.07884,,,Tasmania Government LIST Telstra Payphones layer
02974020X2,0297404187,60 WANGEE RD,LAKEMBA,NSW,2195,-33.91411,151.07438,,,Tasmania Government LIST Telstra Payphones layer
02974026X2,0297404196,ONEATA ST,LAKEMBA,NSW,2195,-33.921442,151.077794,,,Tasmania Government LIST Telstra Payphones layer
02974029X2,0297404219,206 LAKEMBA ST,LAKEMBA,NSW,2195,-33.918698,151.074246,,,Tasmania Government LIST Telstra Payphones layer
02974038X2,0297403654,206 LAKEMBA ST,LAKEMBA,NSW,2195,-33.918698,151.074246,,,Tasmania Government LIST Telstra Payphones layer
02975826X2,0297580827,32 RAILWAY PDE,LAKEMBA,NSW,2195,-33.91939,151.076978,,,Tasmania Government LIST Telstra Payphones layer
02975906X2,0297597698,50 THE BOULEVARDE,LAKEMBA,NSW,2195,-33.920408,151.076265,,,Tasmania Government LIST Telstra Payphones layer
02975910X2,0297593177,32 RAILWAY PDE,LAKEMBA,NSW,2195,-33.91939,151.076978,,,Tasmania Government LIST Telstra Payphones layer
02974023X2,0297404193,107 THE BOULEVARDE,WILEY PARK,NSW,2195,-33.92272,151.06874,,,Tasmania Government LIST Telstra Payphones layer
02975003X2,0297508198,107 THE BOULEVARDE,WILEY PARK,NSW,2195,-33.92272,151.06874,,,Tasmania Government LIST Telstra Payphones layer
02975911X2,0297593422,3 TUCKER ST,WILEY PARK,NSW,2195,-33.926825,151.069515,,,Tasmania Government LIST Telstra Payphones layer
02953409X2,0295344221,63 BELMORE RD,PUNCHBOWL,NSW,2196,-33.93688,151.05521,,,Tasmania Government LIST Telstra Payphones layer
02974047X2,0297404121,36 ROSSMORE AVE,PUNCHBOWL,NSW,2196,-33.926025,151.054517,,,Tasmania Government LIST Telstra Payphones layer
02974048X2,0297403563,36 ROSSMORE AVE,PUNCHBOWL,NSW,2196,-33.926025,151.054517,,,Tasmania Government LIST Telstra Payphones layer
02974049X2,0297404151,58 HILLCREST ST,PUNCHBOWL,NSW,2196,-33.929098,151.056908,,,Tasmania Government LIST Telstra Payphones layer
02975914X2,0297599688,703 PUNCHBOWL RD,PUNCHBOWL,NSW,2196,-33.924838,151.055994,,,Tasmania Government LIST Telstra Payphones layer
02979010X2,0297904653,72 VICTORIA RD,PUNCHBOWL,NSW,2196,-33.93215,151.05345,,,Tasmania Government LIST Telstra Payphones layer
02974010X2,0297404103,91 CANARYS RD,ROSELANDS,NSW,2196,-33.933869,151.073728,,,Tasmania Government LIST Telstra Payphones layer
02964400X2,0296441299,67 BROAD ST,BASS HILL,NSW,2197,-33.89615,151.0045,,,Tasmania Government LIST Telstra Payphones layer
02972521X2,0297261650,223 MILLER RD,BASS HILL,NSW,2197,-33.889402,150.992302,,,Tasmania Government LIST Telstra Payphones layer
02975433X2,0297230294,204 BIRDWOOD RD,GEORGES HALL,NSW,2198,-33.912687,150.982542,,,Tasmania Government LIST Telstra Payphones layer
02974345X2,0436379606,48 DARGAN ST,YAGOONA,NSW,2199,-33.90974,151.01016,,,Tasmania Government LIST Telstra Payphones layer
02979604X2,0297961219,184 COOPER RD,YAGOONA,NSW,2199,-33.907389,151.025764,,,Tasmania Government LIST Telstra Payphones layer
02979607X2,0297961596,1 HIGHLAND AVE,YAGOONA,NSW,2199,-33.907621,151.023999,,,Tasmania Government LIST Telstra Payphones layer
02979618X2,0297964392,1 GEORGE ST,YAGOONA,NSW,2199,-33.905105,151.035764,,,Tasmania Government LIST Telstra Payphones layer
02979621X2,0297967753,484 HUME HWY,YAGOONA,NSW,2199,-33.907383,151.025013,,,Tasmania Government LIST Telstra Payphones layer
02970802X1,0297083172,256 CHAPEL RD,BANKSTOWN,NSW,2200,-33.920607,151.031263,,,Tasmania Government LIST Telstra Payphones layer
02970802X2,0297081076,CARMEN ST,BANKSTOWN,NSW,2200,-33.912074,151.032173,,,Tasmania Government LIST Telstra Payphones layer
02970803X2,0297081632,4 AUGUSTA ST,BANKSTOWN,NSW,2200,-33.926441,151.023611,,,Tasmania Government LIST Telstra Payphones layer
02970901X1,0297092613,1 NORTH TCE,BANKSTOWN,NSW,2200,-33.916605,151.038751,,,Tasmania Government LIST Telstra Payphones layer
02979006X2,0297901607,307 CHAPEL RD,BANKSTOWN,NSW,2200,-33.919389,151.031802,,,Tasmania Government LIST Telstra Payphones layer
02979012X2,0436336952,96 HIGH ST,BANKSTOWN,NSW,2200,-33.929548,151.029659,,,Tasmania Government LIST Telstra Payphones layer
02979013X2,0297905876,228 CHAPEL RD,BANKSTOWN,NSW,2200,-33.921373,151.031292,,,Tasmania Government LIST Telstra Payphones layer
02979016X2,0297907189,140 BANKSTOWN CITY PLZ,BANKSTOWN,NSW,2200,-33.918108,151.033922,,,Tasmania Government LIST Telstra Payphones layer
02979018X2,0297907259,12 KITCHENER PDE,BANKSTOWN,NSW,2200,-33.916596,151.032586,,,Tasmania Government LIST Telstra Payphones layer
02979024X1,0297908346,68 ELDRIDGE RD,BANKSTOWN,NSW,2200,-33.933777,151.019997,,,Tasmania Government LIST Telstra Payphones layer
02979300X2,0297938391,68 ELDRIDGE RD,BANKSTOWN,NSW,2200,-33.933258,151.021443,,,Tasmania Government LIST Telstra Payphones layer
02979301X2,0297938392,68 ELDRIDGE RD,BANKSTOWN,NSW,2200,-33.932804,151.020515,,,Tasmania Government LIST Telstra Payphones layer
02979601X2,0297964108,140 BANKSTOWN CITY PLZ,BANKSTOWN,NSW,2200,-33.918108,151.033922,,,Tasmania Government LIST Telstra Payphones layer
02979605X2,0297961227,80 NORTH TCE,BANKSTOWN,NSW,2200,-33.917613,151.034375,,,Tasmania Government LIST Telstra Payphones layer
02979609X2,0297962531,117 NORTH TCE,BANKSTOWN,NSW,2200,-33.917406,151.033841,,,Tasmania Government LIST Telstra Payphones layer
02979611X2,0297963240,500 CHAPEL RD,BANKSTOWN,NSW,2200,-33.910364,151.035018,,,Tasmania Government LIST Telstra Payphones layer
02979619X2,0297967182,1 SIR JOSEPH BANKS ST,BANKSTOWN,NSW,2200,-33.914412,151.038634,,,Tasmania Government LIST Telstra Payphones layer
02979009X2,0297904495,48 SIMMAT AVE,CONDELL PARK,NSW,2200,-33.922295,151.011469,,,Tasmania Government LIST Telstra Payphones layer
02979626X2,0297962516,106 WILLIAM ST,CONDELL PARK,NSW,2200,-33.918404,151.018056,,,Tasmania Government LIST Telstra Payphones layer
02955900X2,0295591000,245 WARDELL RD,DULWICH HILL,NSW,2203,-33.910673,151.141429,,,Tasmania Government LIST Telstra Payphones layer
02955920X2,0295593922,KROOMBIT ST,DULWICH HILL,NSW,2203,-33.905315,151.133804,,,Tasmania Government LIST Telstra Payphones layer
02956000X2,0295600636,1 WARDELL RD,DULWICH HILL,NSW,2203,-33.897043,151.149257,,,Tasmania Government LIST Telstra Payphones layer
02956411X2,0295646466,1 SEAVIEW ST,DULWICH HILL,NSW,2203,-33.904144,151.143429,,,Tasmania Government LIST Telstra Payphones layer
02956412X2,0295641107,1 SEAVIEW ST,DULWICH HILL,NSW,2203,-33.904144,151.143429,,,Tasmania Government LIST Telstra Payphones layer
02956436X2,0295642219,459 NEW CANTERBURY RD,DULWICH HILL,NSW,2203,-33.903175,151.142256,,,Tasmania Government LIST Telstra Payphones layer
02956437X2,0295642646,161 WARDELL RD,DULWICH HILL,NSW,2203,-33.90632,151.146312,,,Tasmania Government LIST Telstra Payphones layer
02951704X2,0447783098,34 VICTORIA RD,MARRICKVILLE,NSW,2204,-33.905974,151.171956,,,Tasmania Government LIST Telstra Payphones layer
02951912X2,0295192073,1 FITZROY ST,MARRICKVILLE,NSW,2204,-33.910901,151.164056,,,Tasmania Government LIST Telstra Payphones layer
02955014X2,0295500425,NEVILLE ST,MARRICKVILLE,NSW,2204,-33.900493,151.158754,,,Tasmania Government LIST Telstra Payphones layer
02955030X2,0295503605,13 ADDISON RD,MARRICKVILLE,NSW,2204,-33.903892,151.167871,,,Tasmania Government LIST Telstra Payphones layer
02955809X2,0295582300,1 SCHWEBEL ST,MARRICKVILLE,NSW,2204,-33.914531,151.153077,,,Tasmania Government LIST Telstra Payphones layer
02955810X2,0295582911,2 HARNETT AVE,MARRICKVILLE,NSW,2204,-33.916338,151.149285,,,Tasmania Government LIST Telstra Payphones layer
02955811X2,0295584137,1 GROVE ST,MARRICKVILLE,NSW,2204,-33.91524,151.15183,,,Tasmania Government LIST Telstra Payphones layer
02955908X2,0295592122,2 FRANCIS ST,MARRICKVILLE,NSW,2204,-33.912273,151.153776,,,Tasmania Government LIST Telstra Payphones layer
02955909X2,0295592188,398 ILLAWARRA RD,MARRICKVILLE,NSW,2204,-33.915986,151.15001,,,Tasmania Government LIST Telstra Payphones layer
02955915X2,0295593255,1 BYRNES ST,MARRICKVILLE,NSW,2204,-33.91313,151.153975,,,Tasmania Government LIST Telstra Payphones layer
02955918X2,0436367128,OSGOOD ST,MARRICKVILLE,NSW,2204,-33.913924,151.142273,,,Tasmania Government LIST Telstra Payphones layer
02955927X2,0295594877,1 GROVE ST,MARRICKVILLE,NSW,2204,-33.91524,151.15183,,,Tasmania Government LIST Telstra Payphones layer
02955928X2,0295594944,83 PETERSHAM RD,MARRICKVILLE,NSW,2204,-33.909924,151.154294,,,Tasmania Government LIST Telstra Payphones layer
02956023X2,0295609454,276 MARRICKVILLE RD,MARRICKVILLE,NSW,2204,-33.91097,151.157108,,,Tasmania Government LIST Telstra Payphones layer
02956025X2,0295600474,53 PETERSHAM RD,MARRICKVILLE,NSW,2204,-33.90746,151.15472,,,Tasmania Government LIST Telstra Payphones layer
02956408X2,0295642675,234 ILLAWARRA RD,MARRICKVILLE,NSW,2204,-33.910272,151.156551,,,Tasmania Government LIST Telstra Payphones layer
02956414X2,0295641458,GEORGE ST,MARRICKVILLE,NSW,2204,-33.90506,151.152999,,,Tasmania Government LIST Telstra Payphones layer
02956420X2,0295641983,80 WARDELL RD,MARRICKVILLE,NSW,2204,-33.901477,151.149039,,,Tasmania Government LIST Telstra Payphones layer
02956425X2,0295642042,VICTORIA RD,MARRICKVILLE,NSW,2204,-33.912483,151.159864,,,Tasmania Government LIST Telstra Payphones layer
02956427X2,0295642050,234 ILLAWARRA RD,MARRICKVILLE,NSW,2204,-33.910272,151.156551,,,Tasmania Government LIST Telstra Payphones layer
02956435X2,0295642218,276 MARRICKVILLE RD,MARRICKVILLE,NSW,2204,-33.91097,151.157108,,,Tasmania Government LIST Telstra Payphones layer
02956444X2,0295646144,1 GLADSTONE ST,MARRICKVILLE,NSW,2204,-33.911479,151.157968,,,Tasmania Government LIST Telstra Payphones layer
02956907X2,0295691339,163 ADDISON ST,MARRICKVILLE,NSW,2204,-33.901333,151.161279,,,Tasmania Government LIST Telstra Payphones layer
02956711X2,0436297640,29 FIRTH ST,ARNCLIFFE,NSW,2205,-33.937332,151.14648,,,Tasmania Government LIST Telstra Payphones layer
02956718X2,0436464729,1 FIRTH ST,ARNCLIFFE,NSW,2205,-33.936617,151.146912,,,Tasmania Government LIST Telstra Payphones layer
02959716X2,0436445603,26 EDEN ST,ARNCLIFFE,NSW,2205,-33.937538,151.148103,,,Tasmania Government LIST Telstra Payphones layer
02956700X2,0295672281,191 TURRELLA ST,TURRELLA,NSW,2205,-33.92983,151.140193,,,Tasmania Government LIST Telstra Payphones layer
02959904X1,0447925241,1 DISCOVERY POINT PL,WOLLI CREEK,NSW,2205,-33.928605,151.153731,,,Tasmania Government LIST Telstra Payphones layer
02959908X1,0436431132,1 DISCOVERY POINT PL,WOLLI CREEK,NSW,2205,-33.928796,151.154101,,,Tasmania Government LIST Telstra Payphones layer
02955817X2,0295587631,4 CLARK ST,EARLWOOD,NSW,2206,-33.926342,151.125074,,,Tasmania Government LIST Telstra Payphones layer
02955911X2,0295592922,ST JAMES AVE,EARLWOOD,NSW,2206,-33.92657,151.12644,,,Tasmania Government LIST Telstra Payphones layer
02955917X2,0295593322,114 WARDELL RD,EARLWOOD,NSW,2206,-33.920968,151.131915,,,Tasmania Government LIST Telstra Payphones layer
02978901X2,0297892743,50 WOOLCOTT ST,EARLWOOD,NSW,2206,-33.91983,151.11911,,,Tasmania Government LIST Telstra Payphones layer
02978903X2,0297893384,152 WILLIAM ST,EARLWOOD,NSW,2206,-33.927056,151.113156,,,Tasmania Government LIST Telstra Payphones layer
02978907X2,0297896392,210 WILLIAM ST,EARLWOOD,NSW,2206,-33.927717,151.109361,,,Tasmania Government LIST Telstra Payphones layer
02955603X2,0295561939,1 HARTILL-LAW AVE,BARDWELL PARK,NSW,2207,-33.931553,151.124911,,,Tasmania Government LIST Telstra Payphones layer
02955604X2,0429502837,2 HARTILL-LAW AVE,BARDWELL PARK,NSW,2207,-33.931843,151.125584,,,Tasmania Government LIST Telstra Payphones layer
02956705X2,0428662623,ALBYN ST,BEXLEY,NSW,2207,-33.950413,151.126299,,,Tasmania Government LIST Telstra Payphones layer
02959707X2,0436460812,437 FOREST RD,BEXLEY,NSW,2207,-33.949102,151.127069,,,Tasmania Government LIST Telstra Payphones layer
02955408X2,0295543582,24 SHAW ST,BEXLEY NORTH,NSW,2207,-33.938149,151.113166,,,Tasmania Government LIST Telstra Payphones layer
02950201X2,0295024889,4 KINGS PL,KINGSGROVE,NSW,2208,-33.950872,151.091355,,,Tasmania Government LIST Telstra Payphones layer
02950204X2,0295023121,629 HOMER ST,KINGSGROVE,NSW,2208,-33.93339,151.10253,,,Tasmania Government LIST Telstra Payphones layer
02955403X2,0295543082,221 KINGSGROVE RD,KINGSGROVE,NSW,2208,-33.940423,151.100879,,,Tasmania Government LIST Telstra Payphones layer
02955404X2,0295543083,221 KINGSGROVE RD,KINGSGROVE,NSW,2208,-33.940741,151.100251,,,Tasmania Government LIST Telstra Payphones layer
02955411X2,0295543591,264 KINGSGROVE RD,KINGSGROVE,NSW,2208,-33.941582,151.10135,,,Tasmania Government LIST Telstra Payphones layer
02955413X2,0295543597,1 PATERSON AVE,KINGSGROVE,NSW,2208,-33.942069,151.101023,,,Tasmania Government LIST Telstra Payphones layer
02975002X2,0297506154,2 BYKOOL AVE,KINGSGROVE,NSW,2208,-33.935329,151.086664,,,Tasmania Government LIST Telstra Payphones layer
02955406X2,0295543097,KING GEORGES RD,BEVERLY HILLS,NSW,2209,-33.949096,151.080916,,,Tasmania Government LIST Telstra Payphones layer
02955409X2,0295543586,14 TOORONGA TCE,BEVERLY HILLS,NSW,2209,-33.94861,151.08104,,,Tasmania Government LIST Telstra Payphones layer
02957015X2,0295708221,526 KING GEORGES RD,BEVERLY HILLS,NSW,2209,-33.950953,151.082418,,,Tasmania Government LIST Telstra Payphones layer
02974043X2,0297409583,MOONDANI RD,BEVERLY HILLS,NSW,2209,-33.940486,151.076065,,,Tasmania Government LIST Telstra Payphones layer
02958401X2,0295841672,161 PENSHURST RD,NARWEE,NSW,2209,-33.947094,151.070694,,,Tasmania Government LIST Telstra Payphones layer
02958413X2,0295841739,161 PENSHURST RD,NARWEE,NSW,2209,-33.947094,151.070694,,,Tasmania Government LIST Telstra Payphones layer
02958414X2,0295841740,86 BROADARROW RD,NARWEE,NSW,2209,-33.9487,151.06947,,,Tasmania Government LIST Telstra Payphones layer
02958420X2,0295841753,1 HANNANS RD,NARWEE,NSW,2209,-33.947676,151.070675,,,Tasmania Government LIST Telstra Payphones layer
02958415X2,0295841742,1020 FOREST RD,LUGARNO,NSW,2210,-33.975515,151.047634,,,Tasmania Government LIST Telstra Payphones layer
02953304X2,0295335607,136 BELMORE RD,PEAKHURST,NSW,2210,-33.956758,151.05168,,,Tasmania Government LIST Telstra Payphones layer
02958417X2,0295841747,HUGH AVE,PEAKHURST,NSW,2210,-33.959244,151.062811,,,Tasmania Government LIST Telstra Payphones layer
02953400X2,0295341308,214 BONDS RD,RIVERWOOD,NSW,2210,-33.948366,151.059566,,,Tasmania Government LIST Telstra Payphones layer
02958412X2,0295841738,59 THURLOW ST,RIVERWOOD,NSW,2210,-33.951511,151.052886,,,Tasmania Government LIST Telstra Payphones layer
02958414X1,0295848916,19 ROOSEVELT AVE,RIVERWOOD,NSW,2210,-33.9454,151.04903,,,Tasmania Government LIST Telstra Payphones layer
02958416X2,0295841746,198 BELMORE RD,RIVERWOOD,NSW,2210,-33.952742,151.051982,,,Tasmania Government LIST Telstra Payphones layer
02958422X2,0295842762,191 BELMORE RD,RIVERWOOD,NSW,2210,-33.95145,151.052258,,,Tasmania Government LIST Telstra Payphones layer
02958423X2,0295842967,260 BELMORE RD,RIVERWOOD,NSW,2210,-33.949907,151.052674,,,Tasmania Government LIST Telstra Payphones layer
02979207X2,0297923475,55 HOWARD ST,PADSTOW,NSW,2211,-33.952112,151.032261,,,Tasmania Government LIST Telstra Payphones layer
02979210X1,0297927094,134 CAHORS RD,PADSTOW,NSW,2211,-33.95188,151.03197,,,Tasmania Government LIST Telstra Payphones layer
02979229X2,0297923662,8 FARADAY RD,PADSTOW,NSW,2211,-33.953628,151.034095,,,Tasmania Government LIST Telstra Payphones layer
02977300X2,0297730476,101 VILLIERS RD,PADSTOW HEIGHTS,NSW,2211,-33.968322,151.034987,,,Tasmania Government LIST Telstra Payphones layer
02979215X2,0297921045,1 MARCO AVE,REVESBY,NSW,2212,-33.951989,151.01536,,,Tasmania Government LIST Telstra Payphones layer
02979220X2,0455547986,7 MARCO AVE,REVESBY,NSW,2212,-33.95256,151.01436,,,Tasmania Government LIST Telstra Payphones layer
02979224X2,0297923381,271 RIVER RD,REVESBY,NSW,2212,-33.96336,151.01593,,,Tasmania Government LIST Telstra Payphones layer
02979238X2,0297923679,17 SELEMS PDE,REVESBY,NSW,2212,-33.951017,151.014591,,,Tasmania Government LIST Telstra Payphones layer
02979240X2,0297923684,64 BEACONSFIELD ST,REVESBY,NSW,2212,-33.943505,151.007576,,,Tasmania Government LIST Telstra Payphones layer
02979241X2,0297926420,2 BLAMEY ST,REVESBY,NSW,2212,-33.95278,151.016126,,,Tasmania Government LIST Telstra Payphones layer
02979234X2,0436020147,24 MCLAURIN AVE,EAST HILLS,NSW,2213,-33.962684,150.984783,,,Tasmania Government LIST Telstra Payphones layer
02977119X2,0437796426,134 TOWER ST,PANANIA,NSW,2213,-33.956669,151.00267,,,Tasmania Government LIST Telstra Payphones layer
02979219X2,0297922548,1 ANDERSON AVE,PANANIA,NSW,2213,-33.954406,150.998455,,,Tasmania Government LIST Telstra Payphones layer
02979225X2,0297923382,69 ANDERSON ST,PANANIA,NSW,2213,-33.954927,150.998414,,,Tasmania Government LIST Telstra Payphones layer
02979230X2,0437728439,72 HORSLEY RD,PANANIA,NSW,2213,-33.949164,151.004507,,,Tasmania Government LIST Telstra Payphones layer
02977111X2,0436343163,162 PICNIC POINT RD,PICNIC POINT,NSW,2213,-33.97101,151.00043,,,Tasmania Government LIST Telstra Payphones layer
02979216X2,0448129900,6 BULLECOURT AVE,MILPERRA,NSW,2214,-33.93774,150.988323,,,Tasmania Government LIST Telstra Payphones layer
02956722X2,0436277287,28 RAILWAY ST,BANKSIA,NSW,2216,-33.945464,151.139969,,,Tasmania Government LIST Telstra Payphones layer
02959721X2,0428935665,58 JUDD ST,BANKSIA,NSW,2216,-33.945458,151.135574,,,Tasmania Government LIST Telstra Payphones layer
02956716X2,0436024676,297 BAY ST,BRIGHTON-LE-SANDS,NSW,2216,-33.960007,151.153931,,,Tasmania Government LIST Telstra Payphones layer
02959701X2,0429482656,351 BAY ST,BRIGHTON-LE-SANDS,NSW,2216,-33.960672,151.155446,,,Tasmania Government LIST Telstra Payphones layer
02956703X1,0436456096,102 RAILWAY ST,ROCKDALE,NSW,2216,-33.952306,151.136704,,,Tasmania Government LIST Telstra Payphones layer
02956704X1,0427981816,1 GEEVES AVE,ROCKDALE,NSW,2216,-33.952279,151.137012,,,Tasmania Government LIST Telstra Payphones layer
02956706X2,0447806763,2 BRYANT ST,ROCKDALE,NSW,2216,-33.950712,151.13906,,,Tasmania Government LIST Telstra Payphones layer
02956714X2,0447302710,5 GEEVES AVE,ROCKDALE,NSW,2216,-33.951529,151.137938,,,Tasmania Government LIST Telstra Payphones layer
02956719X2,0436425438,86 BRYANT ST,ROCKDALE,NSW,2216,-33.952292,151.150665,,,Tasmania Government LIST Telstra Payphones layer
02956721X2,0437130033,87 RAILWAY ST,ROCKDALE,NSW,2216,-33.951752,151.136315,,,Tasmania Government LIST Telstra Payphones layer
02958801X1,0295881258,616 PRINCES HWY,ROCKDALE,NSW,2216,-33.957694,151.139806,,,Tasmania Government LIST Telstra Payphones layer
02959700X2,0427758707,8 TRAMWAY ARC,ROCKDALE,NSW,2216,-33.952587,151.13696,,,Tasmania Government LIST Telstra Payphones layer
02959703X2,0429891510,14 KING ST,ROCKDALE,NSW,2216,-33.95251,151.13895,,,Tasmania Government LIST Telstra Payphones layer
02959729X2,0436461112,102 RAILWAY ST,ROCKDALE,NSW,2216,-33.952213,151.136258,,,Tasmania Government LIST Telstra Payphones layer
02955303X2,0295538167,2 BELGRAVE ST,KOGARAH,NSW,2217,-33.96396,151.13268,,,Tasmania Government LIST Telstra Payphones layer
02955304X2,0295538168,2 BELGRAVE ST,KOGARAH,NSW,2217,-33.96396,151.13268,,,Tasmania Government LIST Telstra Payphones layer
02955316X2,0295538541,36 BELGRAVE AVE,KOGARAH,NSW,2217,-33.966975,151.133634,,,Tasmania Government LIST Telstra Payphones layer
02955319X2,0295538801,36 BELGRAVE ST,KOGARAH,NSW,2217,-33.967524,151.133347,,,Tasmania Government LIST Telstra Payphones layer
02955345X2,0295530465,1 RAILWAY PDE,KOGARAH,NSW,2217,-33.962799,151.132431,,,Tasmania Government LIST Telstra Payphones layer
02955346X2,0295530463,1 RAILWAY PDE,KOGARAH,NSW,2217,-33.962799,151.132431,,,Tasmania Government LIST Telstra Payphones layer
02958803X2,0295886773,3 MONTGOMERY ST,KOGARAH,NSW,2217,-33.963232,151.133477,,,Tasmania Government LIST Telstra Payphones layer
02958815X2,0295887369,1 PRESIDENT AVE,KOGARAH,NSW,2217,-33.9652,151.13891,,,Tasmania Government LIST Telstra Payphones layer
02958812X2,0295885576,64 SOLANDER ST,MONTEREY,NSW,2217,-33.969435,151.152206,,,Tasmania Government LIST Telstra Payphones layer
02952904X2,0436455788,70 RAMSGATE RD,RAMSGATE,NSW,2217,-33.984055,151.135984,,,Tasmania Government LIST Telstra Payphones layer
02958309X2,0436464570,DALKEITH ST,RAMSGATE,NSW,2217,-33.984146,151.135125,,,Tasmania Government LIST Telstra Payphones layer
02952902X2,0436353112,217 RAMSGATE RD,RAMSGATE BEACH,NSW,2217,-33.986033,151.146971,,,Tasmania Government LIST Telstra Payphones layer
02958312X2,0436321097,201 RAMSGATE RD,RAMSGATE BEACH,NSW,2217,-33.985763,151.1447,,,Tasmania Government LIST Telstra Payphones layer
02955305X2,0295538169,464 RAILWAY PDE,ALLAWAH,NSW,2218,-33.970159,151.115098,,,Tasmania Government LIST Telstra Payphones layer
02955347X2,0295538275,RAILWAY PDE,ALLAWAH,NSW,2218,-33.969737,151.114567,,,Tasmania Government LIST Telstra Payphones layer
02958800X2,0295881277,464 RAILWAY PDE,ALLAWAH,NSW,2218,-33.970159,151.115098,,,Tasmania Government LIST Telstra Payphones layer
02955313X2,0295538301,37 CARLTON PDE,CARLTON,NSW,2218,-33.968198,151.124175,,,Tasmania Government LIST Telstra Payphones layer
02958709X2,0295877206,ETHEL ST,CARLTON,NSW,2218,-33.961741,151.118628,,,Tasmania Government LIST Telstra Payphones layer
02958804X2,0295881322,48 CARLTON PDE,CARLTON,NSW,2218,-33.967983,151.12344,,,Tasmania Government LIST Telstra Payphones layer
02958806X2,0295883174,1 JUBILEE AVE,CARLTON,NSW,2218,-33.968691,151.124744,,,Tasmania Government LIST Telstra Payphones layer
02958811X2,0295885354,47 ANDOVER ST,CARLTON,NSW,2218,-33.972495,151.121525,,,Tasmania Government LIST Telstra Payphones layer
02952906X2,0295295074,29 CLAREVILLE AVE,SANDRINGHAM,NSW,2219,-33.994325,151.139771,,,Tasmania Government LIST Telstra Payphones layer
02958308X2,0295831157,500 ROCKY POINT RD,SANS SOUCI,NSW,2219,-33.990965,151.133012,,,Tasmania Government LIST Telstra Payphones layer
02957013X2,0295704346,225 FOREST RD,HURSTVILLE,NSW,2220,-33.967618,151.102526,,,Tasmania Government LIST Telstra Payphones layer
02957016X2,0295701404,43 GLOUCESTER RD,HURSTVILLE,NSW,2220,-33.962075,151.096124,,,Tasmania Government LIST Telstra Payphones layer
02957018X2,0295704241,124 FOREST RD,HURSTVILLE,NSW,2220,-33.967184,151.109524,,,Tasmania Government LIST Telstra Payphones layer
02957020X2,0295706902,1 DORA ST,HURSTVILLE,NSW,2220,-33.965246,151.101677,,,Tasmania Government LIST Telstra Payphones layer
02957022X2,0436398591,17 WESTON RD,HURSTVILLE,NSW,2220,-33.958393,151.103087,,,Tasmania Government LIST Telstra Payphones layer
02957026X2,0295707219,34 ORMONDE PDE,HURSTVILLE,NSW,2220,-33.96769,151.101977,,,Tasmania Government LIST Telstra Payphones layer
02957027X2,0295706297,318 FOREST RD,HURSTVILLE,NSW,2220,-33.966359,151.102115,,,Tasmania Government LIST Telstra Payphones layer
02957904X1,0295794816,225 FOREST RD,HURSTVILLE,NSW,2220,-33.967425,151.102139,,,Tasmania Government LIST Telstra Payphones layer
02958002X1,0295803268,225 FOREST RD,HURSTVILLE,NSW,2220,-33.967425,151.102139,,,Tasmania Government LIST Telstra Payphones layer
02958010X2,0295800463,225 FOREST RD,HURSTVILLE,NSW,2220,-33.967618,151.102526,,,Tasmania Government LIST Telstra Payphones layer
02958022X2,0295807696,217 FOREST RD,HURSTVILLE,NSW,2220,-33.967265,151.103366,,,Tasmania Government LIST Telstra Payphones layer
02958052X2,0295809073,217 FOREST RD,HURSTVILLE,NSW,2220,-33.967265,151.103366,,,Tasmania Government LIST Telstra Payphones layer
02958053X2,0295801730,296 FOREST RD,HURSTVILLE,NSW,2220,-33.96675,151.102765,,,Tasmania Government LIST Telstra Payphones layer
02958602X2,0295864237,285 FOREST RD,HURSTVILLE,NSW,2220,-33.965929,151.101202,,,Tasmania Government LIST Telstra Payphones layer
02954708X2,0295471266,294 PRINCES HWY,CARSS PARK,NSW,2221,-33.982154,151.117135,,,Tasmania Government LIST Telstra Payphones layer
02954707X2,0295471091,838 KING GEORGES RD,SOUTH HURSTVILLE,NSW,2221,-33.9772,151.10478,,,Tasmania Government LIST Telstra Payphones layer
02957002X2,0295704061,27 PENSHURST ST,PENSHURST,NSW,2222,-33.965227,151.088332,,,Tasmania Government LIST Telstra Payphones layer
02957017X2,0295703149,JUNCTION ST,PENSHURST,NSW,2222,-33.962092,151.079339,,,Tasmania Government LIST Telstra Payphones layer
02957926X2,0295794595,11 OCEAN ST,PENSHURST,NSW,2222,-33.966118,151.083093,,,Tasmania Government LIST Telstra Payphones layer
02958023X2,0295808169,8 THE STRAND,PENSHURST,NSW,2222,-33.966211,151.088737,,,Tasmania Government LIST Telstra Payphones layer
02957008X2,0295705171,25 STATION ST,MORTDALE,NSW,2223,-33.96956,151.07667,,,Tasmania Government LIST Telstra Payphones layer
02957012X2,0295705266,5 OXFORD ST,MORTDALE,NSW,2223,-33.969362,151.078796,,,Tasmania Government LIST Telstra Payphones layer
02958002X2,0295800421,27 COOK ST,MORTDALE,NSW,2223,-33.970327,151.080163,,,Tasmania Government LIST Telstra Payphones layer
02958013X2,0295802669,27 COOK ST,MORTDALE,NSW,2223,-33.970327,151.080163,,,Tasmania Government LIST Telstra Payphones layer
02958019X2,0295806121,2 MORTS RD,MORTDALE,NSW,2223,-33.97074,151.08122,,,Tasmania Government LIST Telstra Payphones layer
02957003X2,0295704093,121 MULGA ST,OATLEY,NSW,2223,-33.979873,151.072829,,,Tasmania Government LIST Telstra Payphones layer
02957004X2,0295706891,20 FREDERICK ST,OATLEY,NSW,2223,-33.981132,151.080978,,,Tasmania Government LIST Telstra Payphones layer
02952203X2,0295225739,262 PRINCES HWY,SYLVANIA,NSW,2224,-34.01334,151.0944,,,Tasmania Government LIST Telstra Payphones layer
02954415X2,0295446403,256 BOX RD,SYLVANIA,NSW,2224,-34.021144,151.09845,,,Tasmania Government LIST Telstra Payphones layer
02954416X2,0295447286,57 PRINCES HWY,SYLVANIA,NSW,2224,-34.007357,151.111456,,,Tasmania Government LIST Telstra Payphones layer
02952206X1,0295222405,284 BELGRAVE ESP,SYLVANIA WATERS,NSW,2224,-34.019439,151.116385,,,Tasmania Government LIST Telstra Payphones layer
02952844X2,0295284500,124 OYSTER BAY RD,OYSTER BAY,NSW,2225,-34.006966,151.081102,,,Tasmania Government LIST Telstra Payphones layer
02958900X2,0295891891,1 COMO PDE,COMO,NSW,2226,-34.004146,151.067908,,,Tasmania Government LIST Telstra Payphones layer
02952840X2,0295283090,545 BOX RD,JANNALI,NSW,2226,-34.016207,151.065953,,,Tasmania Government LIST Telstra Payphones layer
02952841X2,0295283290,545 BOX RD,JANNALI,NSW,2226,-34.016207,151.065953,,,Tasmania Government LIST Telstra Payphones layer
02952842X2,0455685476,2 MARY ST,JANNALI,NSW,2226,-34.016924,151.064233,,,Tasmania Government LIST Telstra Payphones layer
02952843X2,0295284300,56 RAILWAY CRS,JANNALI,NSW,2226,-34.015722,151.064955,,,Tasmania Government LIST Telstra Payphones layer
02954018X2,0295403787,1 GYMEA BAY RD,GYMEA,NSW,2227,-34.034908,151.085463,,,Tasmania Government LIST Telstra Payphones layer
02954021X2,0295404416,102 GYMEA BAY RD,GYMEA,NSW,2227,-34.037227,151.084639,,,Tasmania Government LIST Telstra Payphones layer
02954022X2,0295404516,1 GYMEA BAY RD,GYMEA,NSW,2227,-34.03296,151.085261,,,Tasmania Government LIST Telstra Payphones layer
02954023X2,0295404517,1 GYMEA BAY RD,GYMEA,NSW,2227,-34.03296,151.085261,,,Tasmania Government LIST Telstra Payphones layer
02954520X2,0295451724,737 KINGSWAY,GYMEA,NSW,2227,-34.03146,151.08154,,,Tasmania Government LIST Telstra Payphones layer
02952510X2,0295250331,105 MIRANDA RD,MIRANDA,NSW,2228,-34.040676,151.108628,,,Tasmania Government LIST Telstra Payphones layer
02952601X2,0295262920,94 KIORA RD,MIRANDA,NSW,2228,-34.03634,151.101899,,,Tasmania Government LIST Telstra Payphones layer
02953102X1,0295315617,1 WANDELLA RD,MIRANDA,NSW,2228,-34.03188,151.09937,,,Tasmania Government LIST Telstra Payphones layer
02954019X2,0295403789,92 KIORA RD,MIRANDA,NSW,2228,-34.036258,151.102422,,,Tasmania Government LIST Telstra Payphones layer
02954027X2,0295404532,593 KINGSWAY,MIRANDA,NSW,2228,-34.033953,151.100865,,,Tasmania Government LIST Telstra Payphones layer
02952402X2,0295249320,430 THE KINGSWAY,CARINGBAH,NSW,2229,-34.036796,151.114629,,,Tasmania Government LIST Telstra Payphones layer
02952403X2,0295249923,347 THE KINGSWAY,CARINGBAH,NSW,2229,-34.0415,151.12194,,,Tasmania Government LIST Telstra Payphones layer
02954000X2,0295404529,20 PRESIDENT AVE,CARINGBAH,NSW,2229,-34.043091,151.121887,,,Tasmania Government LIST Telstra Payphones layer
02954009X2,0295401945,430 THE KINGSWAY,CARINGBAH,NSW,2229,-34.03733,151.114611,,,Tasmania Government LIST Telstra Payphones layer
02954012X1,0295403369,58 PRESIDENT AVE,CARINGBAH,NSW,2229,-34.04326,151.11888,,,Tasmania Government LIST Telstra Payphones layer
02954014X2,0295402490,156 THE BOULEVARDE,CARINGBAH,NSW,2229,-34.031261,151.114408,,,Tasmania Government LIST Telstra Payphones layer
02954017X2,0295403430,90 CAWARRA RD,CARINGBAH,NSW,2229,-34.035664,151.125019,,,Tasmania Government LIST Telstra Payphones layer
02954020X2,0295404167,360 THE KINGSWAY,CARINGBAH,NSW,2229,-34.041066,151.12109,,,Tasmania Government LIST Telstra Payphones layer
02954024X2,0448314821,341 THE KINGSWAY,CARINGBAH,NSW,2229,-34.042097,151.122311,,,Tasmania Government LIST Telstra Payphones layer
02954028X2,0436319814,495 PORT HACKING RD,CARINGBAH,NSW,2229,-34.053113,151.121684,,,Tasmania Government LIST Telstra Payphones layer
02954002X2,0436385830,617 PORT HACKING RD,LILLI PILLI,NSW,2229,-34.06357,151.11982,,,Tasmania Government LIST Telstra Payphones layer
02952302X2,0295233308,7 BUNDEENA DRV,BUNDEENA,NSW,2230,-34.08499,151.15104,,,Tasmania Government LIST Telstra Payphones layer
02952300X2,0295231147,1 CRONULLA MALL,CRONULLA,NSW,2230,-34.051532,151.153168,,,Tasmania Government LIST Telstra Payphones layer
02952301X2,0295232128,62 CRONULLA MALL,CRONULLA,NSW,2230,-34.053091,151.152598,,,Tasmania Government LIST Telstra Payphones layer
02952307X2,0295230035,1 CRONULLA MALL,CRONULLA,NSW,2230,-34.051532,151.153168,,,Tasmania Government LIST Telstra Payphones layer
02952727X2,0295279215,62 PRINCE ST,CRONULLA,NSW,2230,-34.050308,151.155617,,,Tasmania Government LIST Telstra Payphones layer
02954403X2,0295441166,101 GERRALE ST,CRONULLA,NSW,2230,-34.056844,151.153593,,,Tasmania Government LIST Telstra Payphones layer
02954404X2,0295441261,17 KINGSWAY,CRONULLA,NSW,2230,-34.051148,151.152709,,,Tasmania Government LIST Telstra Payphones layer
02954412X2,0295441799,137 CRONULLA ST,CRONULLA,NSW,2230,-34.055559,151.15154,,,Tasmania Government LIST Telstra Payphones layer
02954417X2,0455116830,103 ELOUERA RD,CRONULLA,NSW,2230,-34.04769,151.15508,,,Tasmania Government LIST Telstra Payphones layer
02954421X2,0429935009,3 INGALARA AVE,CRONULLA,NSW,2230,-34.060539,151.154548,,,Tasmania Government LIST Telstra Payphones layer
02954453X2,0295443548,62 CRONULLA MALL,CRONULLA,NSW,2230,-34.053091,151.152598,,,Tasmania Government LIST Telstra Payphones layer
02952305X2,0295233197,67 PACIFIC CRS,MAIANBAR,NSW,2230,-34.077803,151.130408,,,Tasmania Government LIST Telstra Payphones layer
02952311X2,0295231835,57 FLINDERS RD,WOOLOOWARE,NSW,2230,-34.046028,151.144667,,,Tasmania Government LIST Telstra Payphones layer
02954405X2,0295441264,2 SWAN ST,WOOLOOWARE,NSW,2230,-34.04753,151.143712,,,Tasmania Government LIST Telstra Payphones layer
02966801X2,0296689195,20 TORRES ST,KURNELL,NSW,2231,-34.010993,151.209337,,,Tasmania Government LIST Telstra Payphones layer
02952501X2,0295250891,106 GRAYS POINT RD,GRAYS POINT,NSW,2232,-34.058784,151.081452,,,Tasmania Government LIST Telstra Payphones layer
02954200X2,0448452865,487 PRINCES HWY,KIRRAWEE,NSW,2232,-34.029665,151.080589,,,Tasmania Government LIST Telstra Payphones layer
02954503X2,0295453158,144 OAK RD,KIRRAWEE,NSW,2232,-34.03415,151.071166,,,Tasmania Government LIST Telstra Payphones layer
02954509X2,0295452786,168 OAK RD,KIRRAWEE,NSW,2232,-34.03496,151.07103,,,Tasmania Government LIST Telstra Payphones layer
02954514X2,0295453162,74 ACACIA RD,KIRRAWEE,NSW,2232,-34.028011,151.067792,,,Tasmania Government LIST Telstra Payphones layer
02954206X2,0295426547,1 PITT ST,LOFTUS,NSW,2232,-34.04417,151.05252,,,Tasmania Government LIST Telstra Payphones layer
02954506X2,0295452069,1 LOFTUS AVE,LOFTUS,NSW,2232,-34.04546,151.05066,,,Tasmania Government LIST Telstra Payphones layer
02954207X1,0295423972,2 LADY CARRINGTON DRV,ROYAL NATIONAL PARK,NSW,2232,-34.074913,151.056379,,,Tasmania Government LIST Telstra Payphones layer
02954501X2,0295453154,770 OLD PRINCES HWY,SUTHERLAND,NSW,2232,-34.031636,151.057873,,,Tasmania Government LIST Telstra Payphones layer
02954502X2,0295453157,16 BOYLE ST,SUTHERLAND,NSW,2232,-34.032794,151.057274,,,Tasmania Government LIST Telstra Payphones layer
02954504X2,0295453156,25 EAST PDE,SUTHERLAND,NSW,2232,-34.031207,151.05698,,,Tasmania Government LIST Telstra Payphones layer
02954510X2,0295453152,770 OLD PRINCES HWY,SUTHERLAND,NSW,2232,-34.031636,151.057873,,,Tasmania Government LIST Telstra Payphones layer
02954515X2,0295453163,1 ADELONG ST,SUTHERLAND,NSW,2232,-34.031733,151.056353,,,Tasmania Government LIST Telstra Payphones layer
02954517X2,0295453166,16 BOYLE ST,SUTHERLAND,NSW,2232,-34.032794,151.057274,,,Tasmania Government LIST Telstra Payphones layer
02954518X2,0295454539,1 OLD PRINCES HWY,SUTHERLAND,NSW,2232,-34.031523,151.057394,,,Tasmania Government LIST Telstra Payphones layer
02954519X2,0295455137,1 OLD PRINCES HWY,SUTHERLAND,NSW,2232,-34.031648,151.057297,,,Tasmania Government LIST Telstra Payphones layer
02952000X2,0295200069,30 STATION ST,ENGADINE,NSW,2233,-34.066706,151.014028,,,Tasmania Government LIST Telstra Payphones layer
02954802X2,0295481148,1033 OLD PRINCES HWY,ENGADINE,NSW,2233,-34.064766,151.01347,,,Tasmania Government LIST Telstra Payphones layer
02954803X2,0295481279,PRINCES HWY,ENGADINE,NSW,2233,-34.06766,151.01469,,,Tasmania Government LIST Telstra Payphones layer
02954805X2,0295481128,64 STATION ST,ENGADINE,NSW,2233,-34.065921,151.012844,,,Tasmania Government LIST Telstra Payphones layer
02952002X2,0295206813,1347 PRINCES HWY,HEATHCOTE,NSW,2233,-34.08733,151.00797,,,Tasmania Government LIST Telstra Payphones layer
02954804X2,0295482576,1356 PRINCES HWY,HEATHCOTE,NSW,2233,-34.087965,151.008134,,,Tasmania Government LIST Telstra Payphones layer
02952001X2,0295206328,1919 PRINCES HWY,WATERFALL,NSW,2233,-34.13319,150.99374,,,Tasmania Government LIST Telstra Payphones layer
02952003X2,0295209430,1 PRINCES HWY,WATERFALL,NSW,2233,-34.13541,150.99361,,,Tasmania Government LIST Telstra Payphones layer
02954317X2,0295438627,1 OLD ILLAWARRA RD,BARDEN RIDGE,NSW,2234,-34.033151,151.005784,,,Tasmania Government LIST Telstra Payphones layer
02954312X2,0295430471,OLD ILLAWARRA RD,MENAI,NSW,2234,-34.007898,151.01071,,,Tasmania Government LIST Telstra Payphones layer
02437601X2,0243761134,9 WALKERS RIDGE RD,BUCKETTY,NSW,2250,-33.138655,151.20252,,,Tasmania Government LIST Telstra Payphones layer
02432324X2,0243236465,30 ADELAIDE ST,EAST GOSFORD,NSW,2250,-33.437969,151.355015,,,Tasmania Government LIST Telstra Payphones layer
02432327X2,0243234879,87 VICTORIA ST,EAST GOSFORD,NSW,2250,-33.437553,151.353526,,,Tasmania Government LIST Telstra Payphones layer
02436503X2,0243653186,162 THE ENTRANCE RD,ERINA,NSW,2250,-33.437495,151.384112,,,Tasmania Government LIST Telstra Payphones layer
02436505X1,0243654429,620 TERRIGAL DRV,ERINA,NSW,2250,-33.439439,151.39503,,,Tasmania Government LIST Telstra Payphones layer
02436507X2,0243651042,27 KARALTA RD,ERINA,NSW,2250,-33.439055,151.385982,,,Tasmania Government LIST Telstra Payphones layer
02432301X2,0243237652,60 HOLDEN ST,GOSFORD,NSW,2250,-33.4205,151.33945,,,Tasmania Government LIST Telstra Payphones layer
02432306X2,0243234859,10 WILLIAM ST,GOSFORD,NSW,2250,-33.42619,151.342731,,,Tasmania Government LIST Telstra Payphones layer
02432314X2,0243233160,4 WATT ST,GOSFORD,NSW,2250,-33.424225,151.343555,,,Tasmania Government LIST Telstra Payphones layer
02432320X7,0243232523,38 SHOWGROUND RD,GOSFORD,NSW,2250,-33.4236,151.34202,,,Tasmania Government LIST Telstra Payphones layer
02432321X7,0243232089,38 SHOWGROUND RD,GOSFORD,NSW,2250,-33.423638,151.341601,,,Tasmania Government LIST Telstra Payphones layer
02432323X7,0243232111,BURNS CRS,GOSFORD,NSW,2250,-33.42284,151.34204,,,Tasmania Government LIST Telstra Payphones layer
02432326X2,0243234958,27 RACECOURSE RD,GOSFORD,NSW,2250,-33.420009,151.335861,,,Tasmania Government LIST Telstra Payphones layer
02432332X2,0243237651,60 HOLDEN ST,GOSFORD,NSW,2250,-33.419992,151.338946,,,Tasmania Government LIST Telstra Payphones layer
02432333X7,0243233575,38 SHOWGROUND RD,GOSFORD,NSW,2250,-33.423389,151.341366,,,Tasmania Government LIST Telstra Payphones layer
02432334X2,0243234205,10 WILLIAM ST,GOSFORD,NSW,2250,-33.426053,151.342223,,,Tasmania Government LIST Telstra Payphones layer
02432335X7,0243233810,38 SHOWGROUND RD,GOSFORD,NSW,2250,-33.423423,151.341819,,,Tasmania Government LIST Telstra Payphones layer
02432343X2,0243234274,107 DONNISON ST,GOSFORD,NSW,2250,-33.426884,151.342103,,,Tasmania Government LIST Telstra Payphones layer
02432349X2,0243234256,9 MANN ST,GOSFORD,NSW,2250,-33.430508,151.341297,,,Tasmania Government LIST Telstra Payphones layer
02432400X2,0243246565,10 DANE DRV,GOSFORD,NSW,2250,-33.42778,151.33936,,,Tasmania Government LIST Telstra Payphones layer
02432503X2,0243250702,28 MASONS PDE,GOSFORD,NSW,2250,-33.437979,151.341815,,,Tasmania Government LIST Telstra Payphones layer
02434021X2,0243402016,6 PACIFIC HWY,KARIONG,NSW,2250,-33.434153,151.296329,,,Tasmania Government LIST Telstra Payphones layer
02437600X2,0243761395,1 GRETA RD,KULNURA,NSW,2250,-33.225059,151.222631,,,Tasmania Government LIST Telstra Payphones layer
02432900X2,0243292906,1 PARSONS RD,LISAROW,NSW,2250,-33.385214,151.366486,,,Tasmania Government LIST Telstra Payphones layer
02432901X1,0447793520,950 PACIFIC HWY,LISAROW,NSW,2250,-33.382121,151.370282,,,Tasmania Government LIST Telstra Payphones layer
02437400X2,0243741299,1 WARATAH RD,MANGROVE MOUNTAIN,NSW,2250,-33.301118,151.19208,,,Tasmania Government LIST Telstra Payphones layer
02432500X2,0436287487,100 MANNS RD,NARARA,NSW,2250,-33.407093,151.336668,,,Tasmania Government LIST Telstra Payphones layer
02432902X2,0436351701,46 NARARA VALLEY DRV,NARARA,NSW,2250,-33.39472,151.34437,,,Tasmania Government LIST Telstra Payphones layer
02432931X2,0243293407,708 PACIFIC HWY,NARARA,NSW,2250,-33.393486,151.349975,,,Tasmania Government LIST Telstra Payphones layer
02432345X2,0243234264,250 HENRY PARRY DRV,NORTH GOSFORD,NSW,2250,-33.413495,151.349445,,,Tasmania Government LIST Telstra Payphones layer
02437301X2,0243731099,780 PEATS RIDGE RD,PEATS RIDGE,NSW,2250,-33.316281,151.235106,,,Tasmania Government LIST Telstra Payphones layer
02432346X2,0438272376,51 BRISBANE WATER DRV,POINT CLARE,NSW,2250,-33.445971,151.328245,,,Tasmania Government LIST Telstra Payphones layer
02437200X2,0243721409,841 WISEMANS FERRY RD,SOMERSBY,NSW,2250,-33.35821,151.29012,,,Tasmania Government LIST Telstra Payphones layer
02432308X2,0243234854,136 WELLS ST,SPRINGFIELD,NSW,2250,-33.43196,151.36443,,,Tasmania Government LIST Telstra Payphones layer
02432344X2,0419791114,2 GLENROCK PDE,TASCOTT,NSW,2250,-33.450942,151.318403,,,Tasmania Government LIST Telstra Payphones layer
02432331X2,0243234852,2 MOORE ST,WEST GOSFORD,NSW,2250,-33.427187,151.332036,,,Tasmania Government LIST Telstra Payphones layer
02432325X2,0243236281,127 MAIDENS BRUSH RD,WYOMING,NSW,2250,-33.409427,151.364234,,,Tasmania Government LIST Telstra Payphones layer
02432347X2,0243234258,460 PACIFIC HWY,WYOMING,NSW,2250,-33.411174,151.346212,,,Tasmania Government LIST Telstra Payphones layer
02432906X2,0243293173,24 KINARRA AVE,WYOMING,NSW,2250,-33.405633,151.352024,,,Tasmania Government LIST Telstra Payphones layer
02438104X2,0243811262,179 AVOCA DRV,AVOCA BEACH,NSW,2251,-33.464914,151.432689,,,Tasmania Government LIST Telstra Payphones layer
02438109X2,0243811279,1 AVOCA DRV,AVOCA BEACH,NSW,2251,-33.470567,151.437431,,,Tasmania Government LIST Telstra Payphones layer
02436309X2,0419349861,30 KALLAROO RD,BENSVILLE,NSW,2251,-33.498717,151.381409,,,Tasmania Government LIST Telstra Payphones layer
02438101X2,0243811271,206 DEL MONTE PL,COPACABANA,NSW,2251,-33.490592,151.431164,,,Tasmania Government LIST Telstra Payphones layer
02436521X2,0243652012,100 AVOCA DRV,GREEN POINT,NSW,2251,-33.446979,151.371588,,,Tasmania Government LIST Telstra Payphones layer
02436302X2,0448145024,120 AVOCA DRV,KINCUMBER,NSW,2251,-33.469125,151.390318,,,Tasmania Government LIST Telstra Payphones layer
02436800X2,0243681588,2 KERTA RD,KINCUMBER,NSW,2251,-33.474138,151.394455,,,Tasmania Government LIST Telstra Payphones layer
02438114X2,0243811263,100 MARINE PDE,MACMASTERS BEACH,NSW,2251,-33.500618,151.424792,,,Tasmania Government LIST Telstra Payphones layer
02436308X2,0448758535,12 VILLAGE RD,SARATOGA,NSW,2251,-33.47555,151.3525,,,Tasmania Government LIST Telstra Payphones layer
02436306X2,0243690251,287 DAVISTOWN RD,YATTALUNGA,NSW,2251,-33.46713,151.36322,,,Tasmania Government LIST Telstra Payphones layer
02434428X2,0455991275,39 BRISBANE WATER DRV,KOOLEWONG,NSW,2256,-33.466249,151.318652,,,Tasmania Government LIST Telstra Payphones layer
02998500Y2,0299857742,LITTLE WOBBY BH,LITTLE WOBBY,NSW,2256,-33.549596,151.249848,,,Tasmania Government LIST Telstra Payphones layer
02437900X2,0243791100,12 PATONGA DRV,PATONGA,NSW,2256,-33.550232,151.274604,,,Tasmania Government LIST Telstra Payphones layer
02437901X2,0243791200,87 BAY ST,PATONGA,NSW,2256,-33.553935,151.268827,,,Tasmania Government LIST Telstra Payphones layer
02434100X2,0243418721,PEARL PDE,PEARL BEACH,NSW,2256,-33.544464,151.307118,,,Tasmania Government LIST Telstra Payphones layer
02434442X2,0455779563,66 PHEGANS BAY RD,PHEGANS BAY,NSW,2256,-33.487993,151.309522,,,Tasmania Government LIST Telstra Payphones layer
02434309X2,0243431198,10 GEORGE ST,WOY WOY,NSW,2256,-33.48739,151.32385,,,Tasmania Government LIST Telstra Payphones layer
02434317X2,0243413720,3 RAILWAY ST,WOY WOY,NSW,2256,-33.48562,151.323478,,,Tasmania Government LIST Telstra Payphones layer
02434402X2,0243442650,3 RAILWAY ST,WOY WOY,NSW,2256,-33.485586,151.323717,,,Tasmania Government LIST Telstra Payphones layer
02434403X2,0243447128,3 RAILWAY ST,WOY WOY,NSW,2256,-33.485586,151.323717,,,Tasmania Government LIST Telstra Payphones layer
02434423X7,0427064268,59 TRAFALGAR AVE,WOY WOY,NSW,2256,-33.504593,151.324379,,,Tasmania Government LIST Telstra Payphones layer
02434428X7,0243427843,49 BLACKWALL RD,WOY WOY,NSW,2256,-33.486589,151.325128,,,Tasmania Government LIST Telstra Payphones layer
02434430X2,0243428392,76 WOY WOY RD,WOY WOY,NSW,2256,-33.495483,151.309072,,,Tasmania Government LIST Telstra Payphones layer
02434437X2,0243428631,241 BLACKWALL RD,WOY WOY,NSW,2256,-33.49661,151.32885,,,Tasmania Government LIST Telstra Payphones layer
02434460X2,0243446124,15 THE BOULEVARDE,WOY WOY,NSW,2256,-33.484339,151.324552,,,Tasmania Government LIST Telstra Payphones layer
02434461X2,0448779803,46 BLACKWALL RD,WOY WOY,NSW,2256,-33.48642,151.32524,,,Tasmania Government LIST Telstra Payphones layer
02434439X2,0455727891,78 BOOKER BAY RD,BOOKER BAY,NSW,2257,-33.511129,151.344579,,,Tasmania Government LIST Telstra Payphones layer
02436307X2,0243631815,1 SORRENTO RD,EMPIRE BAY,NSW,2257,-33.493737,151.363153,,,Tasmania Government LIST Telstra Payphones layer
02434300X2,0448784566,113 BARRENJOEY RD,ETTALONG BEACH,NSW,2257,-33.516524,151.329635,,,Tasmania Government LIST Telstra Payphones layer
02434304X2,0437622471,153 BROKEN BAY RD,ETTALONG BEACH,NSW,2257,-33.522316,151.329031,,,Tasmania Government LIST Telstra Payphones layer
02434311X2,0436315230,346 OCEAN VIEW RD,ETTALONG BEACH,NSW,2257,-33.514573,151.339801,,,Tasmania Government LIST Telstra Payphones layer
02434420X2,0243415230,21 BARRENJOEY RD,ETTALONG BEACH,NSW,2257,-33.510512,151.33064,,,Tasmania Government LIST Telstra Payphones layer
02434421X2,0428786352,204 MEMORIAL AVE,ETTALONG BEACH,NSW,2257,-33.513444,151.335375,,,Tasmania Government LIST Telstra Payphones layer
02434433X2,0455991380,160 MEMORIAL AVE,ETTALONG BEACH,NSW,2257,-33.51065,151.33502,,,Tasmania Government LIST Telstra Payphones layer
02436006X2,0243601129,58 ARALUEN DRV,KILLCARE,NSW,2257,-33.5241,151.360823,,,Tasmania Government LIST Telstra Payphones layer
02436010X2,0243601572,54 BEACH DRV,KILLCARE,NSW,2257,-33.530046,151.361368,,,Tasmania Government LIST Telstra Payphones layer
02436003X2,0243602169,174 THE SCENIC RD,KILLCARE HEIGHTS,NSW,2257,-33.520164,151.38283,,,Tasmania Government LIST Telstra Payphones layer
02434308X2,0428320642,350 WEST ST,UMINA BEACH,NSW,2257,-33.521342,151.317074,,,Tasmania Government LIST Telstra Payphones layer
02434314X2,0243431729,306 TRAFALGAR AVE,UMINA BEACH,NSW,2257,-33.521861,151.320944,,,Tasmania Government LIST Telstra Payphones layer
02434423X2,0418964263,283 WEST ST,UMINA BEACH,NSW,2257,-33.521459,151.319567,,,Tasmania Government LIST Telstra Payphones layer
02434429X2,0455685024,99 MT ETTALONG RD,UMINA BEACH,NSW,2257,-33.532219,151.306904,,,Tasmania Government LIST Telstra Payphones layer
02434435X2,0448778916,403 OCEAN BEACH RD,UMINA BEACH,NSW,2257,-33.517752,151.317236,,,Tasmania Government LIST Telstra Payphones layer
02434436X2,0447969641,367 OCEAN BEACH RD,UMINA BEACH,NSW,2257,-33.514754,151.317755,,,Tasmania Government LIST Telstra Payphones layer
02434440X2,0243444038,176 BOURKE RD,UMINA BEACH,NSW,2257,-33.510588,151.320284,,,Tasmania Government LIST Telstra Payphones layer
02434443X2,0455734603,3 LESLIE ST,UMINA BEACH,NSW,2257,-33.521553,151.321908,,,Tasmania Government LIST Telstra Payphones layer
02436004X2,0243601049,48 WAGSTAFF AVE,WAGSTAFFE,NSW,2257,-33.522976,151.342578,,,Tasmania Government LIST Telstra Payphones layer
02436202X2,0243628305,21 PACIFIC HWY,OURIMBAH,NSW,2258,-33.36263,151.370772,,,Tasmania Government LIST Telstra Payphones layer
02436208X2,0243628501,64 PACIFIC HWY,OURIMBAH,NSW,2258,-33.348775,151.369759,,,Tasmania Government LIST Telstra Payphones layer
02436220X2,0243628452,57 PACIFIC HWY,OURIMBAH,NSW,2258,-33.35961,151.370101,,,Tasmania Government LIST Telstra Payphones layer
02435812X2,0243581104,38 LLOYD AVE,CHAIN VALLEY BAY,NSW,2259,-33.174516,151.563748,,,Tasmania Government LIST Telstra Payphones layer
02435816X2,0243581205,KARIOLA ST,CHAIN VALLEY BAY,NSW,2259,-33.16092,151.570481,,,Tasmania Government LIST Telstra Payphones layer
02435512X7,0243551202,1021 DOORALONG RD,DOORALONG,NSW,2259,-33.188804,151.355047,,,Tasmania Government LIST Telstra Payphones layer
02497250X2,0249763247,8 ORANA RD,GWANDALAN,NSW,2259,-33.136657,151.586219,,,Tasmania Government LIST Telstra Payphones layer
02497603X2,0429707697,2 ALDINGA RD,GWANDALAN,NSW,2259,-33.142508,151.589396,,,Tasmania Government LIST Telstra Payphones layer
02439206X2,0243924621,664 PACIFIC HWY,HAMLYN TERRACE,NSW,2259,-33.261262,151.481224,,,Tasmania Government LIST Telstra Payphones layer
02439207X2,0243924831,664 PACIFIC HWY,HAMLYN TERRACE,NSW,2259,-33.26158,151.48166,,,Tasmania Government LIST Telstra Payphones layer
02439211X2,0243924163,664 PACIFIC HWY,HAMLYN TERRACE,NSW,2259,-33.261415,151.480731,,,Tasmania Government LIST Telstra Payphones layer
02439315X2,0243931622,258 WALLARAH RD,KANWAL,NSW,2259,-33.253465,151.493198,,,Tasmania Government LIST Telstra Payphones layer
02435810X2,0243581101,1 LESLIE AVE,LAKE MUNMORAH,NSW,2259,-33.206345,151.586621,,,Tasmania Government LIST Telstra Payphones layer
02435813X2,0243581141,31 KAMILAROO RD,LAKE MUNMORAH,NSW,2259,-33.194763,151.559939,,,Tasmania Government LIST Telstra Payphones layer
02435814X2,0243581180,93 ANITA AVE,LAKE MUNMORAH,NSW,2259,-33.194026,151.570643,,,Tasmania Government LIST Telstra Payphones layer
02435900X2,0243591001,50 VALES RD,MANNERING PARK,NSW,2259,-33.151084,151.537467,,,Tasmania Government LIST Telstra Payphones layer
02497601X2,0455991709,62 CAMS BLV,SUMMERLAND POINT,NSW,2259,-33.138146,151.565083,,,Tasmania Government LIST Telstra Payphones layer
02435100X1,0243554682,75 PACIFIC HWY,TUGGERAH,NSW,2259,-33.30773,151.42021,,,Tasmania Government LIST Telstra Payphones layer
02435101X1,0243554685,75 PACIFIC HWY,TUGGERAH,NSW,2259,-33.30773,151.42021,,,Tasmania Government LIST Telstra Payphones layer
02435114X2,0243512189,2 ANZAC RD,TUGGERAH,NSW,2259,-33.307165,151.419397,,,Tasmania Government LIST Telstra Payphones layer
02439316X2,0243931619,2 CADONIA RD,TUGGERAWONG,NSW,2259,-33.280807,151.480633,,,Tasmania Government LIST Telstra Payphones layer
02435301X2,0243531754,JOHN RD,WADALBA,NSW,2259,-33.271128,151.454067,,,Tasmania Government LIST Telstra Payphones layer
02439321X2,0455841087,6 WARNERVALE RD,WARNERVALE,NSW,2259,-33.247534,151.44965,,,Tasmania Government LIST Telstra Payphones layer
02435700X2,0243571278,127 WYEE RD,WYEE,NSW,2259,-33.175739,151.484774,,,Tasmania Government LIST Telstra Payphones layer
02435107X2,0243554683,7 RAILWAY SQ,WYONG,NSW,2259,-33.285633,151.425038,,,Tasmania Government LIST Telstra Payphones layer
02435108X2,0243554674,7 RAILWAY SQ,WYONG,NSW,2259,-33.285358,151.425152,,,Tasmania Government LIST Telstra Payphones layer
02435110X2,0243554673,23 ALISON RD,WYONG,NSW,2259,-33.28365,151.422751,,,Tasmania Government LIST Telstra Payphones layer
02435113X2,0243554679,20 HOPE ST,WYONG,NSW,2259,-33.280995,151.422108,,,Tasmania Government LIST Telstra Payphones layer
02435115X2,0243554681,4 CUTLER DRV,WYONG,NSW,2259,-33.276249,151.428043,,,Tasmania Government LIST Telstra Payphones layer
02435117X2,0243554672,7 RAILWAY SQ,WYONG,NSW,2259,-33.285641,151.425129,,,Tasmania Government LIST Telstra Payphones layer
02435118X2,0243554684,7 RAILWAY SQ,WYONG,NSW,2259,-33.285535,151.42529,,,Tasmania Government LIST Telstra Payphones layer
02435202X2,0243522870,106 PACIFIC HWY,WYONG,NSW,2259,-33.284562,151.424813,,,Tasmania Government LIST Telstra Payphones layer
02435215X1,0243522539,18 ALISON RD,WYONG,NSW,2259,-33.283351,151.422711,,,Tasmania Government LIST Telstra Payphones layer
02439204X2,0243922121,7 STANLEY ST,WYONGAH,NSW,2259,-33.270041,151.489421,,,Tasmania Government LIST Telstra Payphones layer
02439312X2,0243931626,140 TUGGERAWONG RD,WYONGAH,NSW,2259,-33.274908,151.49052,,,Tasmania Government LIST Telstra Payphones layer
02435610X2,0243561076,1331 YARRAMALONG RD,YARRAMALONG,NSW,2259,-33.224958,151.279336,,,Tasmania Government LIST Telstra Payphones layer
02438501X2,0437458662,17 FORRESTERS BEACH RD,FORRESTERS BEACH,NSW,2260,-33.405807,151.465459,,,Tasmania Government LIST Telstra Payphones layer
02438509X2,0437000899,17 NORTH AVOCA PDE,NORTH AVOCA,NSW,2260,-33.458302,151.438223,,,Tasmania Government LIST Telstra Payphones layer
02438506X2,0243852008,11 CHURCH ST,TERRIGAL,NSW,2260,-33.447447,151.443693,,,Tasmania Government LIST Telstra Payphones layer
02438507X2,0243852459,40 TERRIGAL ESP,TERRIGAL,NSW,2260,-33.447448,151.445494,,,Tasmania Government LIST Telstra Payphones layer
02438513X2,0243851240,188 TERRIGAL DRV,TERRIGAL,NSW,2260,-33.441432,151.439821,,,Tasmania Government LIST Telstra Payphones layer
02438517X2,0448942133,208 TERRIGAL DRV,TERRIGAL,NSW,2260,-33.440067,151.43734,,,Tasmania Government LIST Telstra Payphones layer
02438519X2,0436292316,83 TERRIGAL DRV,TERRIGAL,NSW,2260,-33.43934,151.426054,,,Tasmania Government LIST Telstra Payphones layer
02438521X2,0243851329,2 CAMPBELL CRS,TERRIGAL,NSW,2260,-33.446427,151.44386,,,Tasmania Government LIST Telstra Payphones layer
02438500X2,0243851182,2 GHERSI AVE,WAMBERAL,NSW,2260,-33.423183,151.437888,,,Tasmania Government LIST Telstra Payphones layer
02438502X2,0243851459,129 OCEANVIEW DRV,WAMBERAL,NSW,2260,-33.43031,151.44551,,,Tasmania Government LIST Telstra Payphones layer
02438505X2,0455689624,770 THE ENTRANCE RD,WAMBERAL,NSW,2260,-33.4185,151.44581,,,Tasmania Government LIST Telstra Payphones layer
02433202X2,0428218666,161 CRESTHAVEN AVE,BATEAU BAY,NSW,2261,-33.386364,151.462562,,,Tasmania Government LIST Telstra Payphones layer
02433401X1,0243343053,12 BAY VILLAGE RD,BATEAU BAY,NSW,2261,-33.374065,151.47306,,,Tasmania Government LIST Telstra Payphones layer
02433403X1,0243343337,12 BAY VILLAGE RD,BATEAU BAY,NSW,2261,-33.374347,151.472497,,,Tasmania Government LIST Telstra Payphones layer
02433422X2,0455738563,105 BATEAU BAY RD,BATEAU BAY,NSW,2261,-33.381577,151.48058,,,Tasmania Government LIST Telstra Payphones layer
02433424X2,0455731381,570 THE ENTRANCE RD,BATEAU BAY,NSW,2261,-33.389216,151.473343,,,Tasmania Government LIST Telstra Payphones layer
02433439X2,0436384431,12 DEBRA ANNE DRV,BATEAU BAY,NSW,2261,-33.379204,151.457695,,,Tasmania Government LIST Telstra Payphones layer
02438902X2,0243892229,48 KINGSFORD SMITH DRV,BERKELEY VALE,NSW,2261,-33.336387,151.434253,,,Tasmania Government LIST Telstra Payphones layer
02438907X2,0243891885,367 LAKEDGE AVE,BERKELEY VALE,NSW,2261,-33.3318,151.43939,,,Tasmania Government LIST Telstra Payphones layer
02438909X2,0243892209,123 LAKEDGE AVE,BERKELEY VALE,NSW,2261,-33.349213,151.44226,,,Tasmania Government LIST Telstra Payphones layer
02433421X2,0243342151,20 YETHONGA AVE,BLUE BAY,NSW,2261,-33.352719,151.499567,,,Tasmania Government LIST Telstra Payphones layer
02438913X2,0243892236,100 CHITTAWAY RD,CHITTAWAY BAY,NSW,2261,-33.327354,151.42971,,,Tasmania Government LIST Telstra Payphones layer
02433403X2,0243341608,144 WYONG RD,KILLARNEY VALE,NSW,2261,-33.365653,151.461634,,,Tasmania Government LIST Telstra Payphones layer
02433419X2,0243342584,120 WYONG RD,KILLARNEY VALE,NSW,2261,-33.36648,151.463358,,,Tasmania Government LIST Telstra Payphones layer
02433425X2,0243341339,69 DAMPIER BLV,KILLARNEY VALE,NSW,2261,-33.374109,151.464078,,,Tasmania Government LIST Telstra Payphones layer
02433400X2,0243345326,501 THE ENTRANCE RD,LONG JETTY,NSW,2261,-33.364945,151.476986,,,Tasmania Government LIST Telstra Payphones layer
02433401X2,0447228790,405 THE ENTRANCE ROAD,LONG JETTY,NSW,2261,-33.358331,151.484773,,,Tasmania Government LIST Telstra Payphones layer
02433437X2,0243341386,10 THOMPSON ST,LONG JETTY,NSW,2261,-33.357555,151.48588,,,Tasmania Government LIST Telstra Payphones layer
02433441X2,0243342740,2 THELMA ST,LONG JETTY,NSW,2261,-33.362224,151.48914,,,Tasmania Government LIST Telstra Payphones layer
02433443X2,0243345318,349 THE ENTRANCE ROAD,LONG JETTY,NSW,2261,-33.354323,151.487964,,,Tasmania Government LIST Telstra Payphones layer
02433350X2,0243335186,93 THE ENTRANCE RD,THE ENTRANCE,NSW,2261,-33.340126,151.498788,,,Tasmania Government LIST Telstra Payphones layer
02433404X2,0243341814,116 THE ENTRANCE RD,THE ENTRANCE,NSW,2261,-33.345914,151.494953,,,Tasmania Government LIST Telstra Payphones layer
02433409X2,0243343195,MARINE PDE,THE ENTRANCE,NSW,2261,-33.342016,151.498599,,,Tasmania Government LIST Telstra Payphones layer
02433410X2,0243343194,18 MANNING RD,THE ENTRANCE,NSW,2261,-33.339117,151.4951,,,Tasmania Government LIST Telstra Payphones layer
02433415X2,0243342818,5 DENNING ST,THE ENTRANCE,NSW,2261,-33.344922,151.496673,,,Tasmania Government LIST Telstra Payphones layer
02433417X2,0243342711,16 FAIRVIEW AVE,THE ENTRANCE,NSW,2261,-33.343728,151.496465,,,Tasmania Government LIST Telstra Payphones layer
02433418X2,0243342684,13 OCEAN PDE,THE ENTRANCE,NSW,2261,-33.342793,151.497996,,,Tasmania Government LIST Telstra Payphones layer
02433433X2,0243342221,5 DENNING ST,THE ENTRANCE,NSW,2261,-33.344922,151.496673,,,Tasmania Government LIST Telstra Payphones layer
02433406X2,0447141043,83 HUTTON RD,THE ENTRANCE NORTH,NSW,2261,-33.333928,151.505157,,,Tasmania Government LIST Telstra Payphones layer
02433431X2,0243341411,17 HARGRAVES ST,THE ENTRANCE NORTH,NSW,2261,-33.337294,151.503762,,,Tasmania Government LIST Telstra Payphones layer
02433201X2,0448102841,145 BAY RD,TOOWOON BAY,NSW,2261,-33.357911,151.4966,,,Tasmania Government LIST Telstra Payphones layer
02433413X1,0243343341,1 KOONGARA ST,TOOWOON BAY,NSW,2261,-33.363824,151.495178,,,Tasmania Government LIST Telstra Payphones layer
02438904X2,0436431709,6 NORTHUMBERLAND WAY,TUMBI UMBI,NSW,2261,-33.374367,151.456345,,,Tasmania Government LIST Telstra Payphones layer
02438908X2,0419971377,23 WYONG RD,TUMBI UMBI,NSW,2261,-33.36247,151.44705,,,Tasmania Government LIST Telstra Payphones layer
02439908X2,0243991036,4 MCKELLAR BLV,BLUE HAVEN,NSW,2262,-33.21389,151.49641,,,Tasmania Government LIST Telstra Payphones layer
02439907X1,0243991607,2 WEEMALA ST,BUDGEWOI,NSW,2262,-33.235546,151.566522,,,Tasmania Government LIST Telstra Payphones layer
02439907X2,0243991122,39 TENTH AVE,BUDGEWOI,NSW,2262,-33.23339,151.55511,,,Tasmania Government LIST Telstra Payphones layer
02439910X2,0455796045,67 SCENIC DRV,BUDGEWOI,NSW,2262,-33.234454,151.555672,,,Tasmania Government LIST Telstra Payphones layer
02439911X2,0448402848,3 BUDGEWOI CRCLE,BUDGEWOI,NSW,2262,-33.237329,151.563074,,,Tasmania Government LIST Telstra Payphones layer
02439904X2,0243991571,33 BRUCE RD,BUFF POINT,NSW,2262,-33.232077,151.538265,,,Tasmania Government LIST Telstra Payphones layer
02439913X2,0447749179,49 LIAMENA AVE,SAN REMO,NSW,2262,-33.2179,151.52218,,,Tasmania Government LIST Telstra Payphones layer
02439701X1,0243971041,2 OLEANDER ST,CANTON BEACH,NSW,2263,-33.273612,151.546425,,,Tasmania Government LIST Telstra Payphones layer
02439300X2,0243931620,74 WALLARAH RD,GOROKAN,NSW,2263,-33.257906,151.51108,,,Tasmania Government LIST Telstra Payphones layer
02439302X2,0243933014,80 DUDLEY ST,GOROKAN,NSW,2263,-33.24865,151.50959,,,Tasmania Government LIST Telstra Payphones layer
02439309X2,0437058621,50 GOROKAN DRV,LAKE HAVEN,NSW,2263,-33.24889,151.50543,,,Tasmania Government LIST Telstra Payphones layer
02439712X1,0243971176,20 VICTORIA ST,NORAH HEAD,NSW,2263,-33.284481,151.566614,,,Tasmania Government LIST Telstra Payphones layer
02439703X2,0243967956,442 MAIN RD,NORAVILLE,NSW,2263,-33.268424,151.556346,,,Tasmania Government LIST Telstra Payphones layer
02439701X2,0243967932,35 CANTON BEACH RD,TOUKLEY,NSW,2263,-33.265289,151.540809,,,Tasmania Government LIST Telstra Payphones layer
02439702X2,0243967953,30 CANTON BEACH RD,TOUKLEY,NSW,2263,-33.264055,151.540857,,,Tasmania Government LIST Telstra Payphones layer
02439707X2,0243967963,145 MAIN RD,TOUKLEY,NSW,2263,-33.26364,151.53293,,,Tasmania Government LIST Telstra Payphones layer
02439712X2,0243967958,350 MAIN RD,TOUKLEY,NSW,2263,-33.26617,151.54823,,,Tasmania Government LIST Telstra Payphones layer
02497309X2,0447218358,27 STATION ST,BONNELLS BAY,NSW,2264,-33.10407,151.51724,,,Tasmania Government LIST Telstra Payphones layer
02497312X2,0439165797,4 WAMSLEY ST,DORA CREEK,NSW,2264,-33.084119,151.501518,,,Tasmania Government LIST Telstra Payphones layer
02497302X2,0249731569,52 FISHERY POINT RD,MIRRABOOKA,NSW,2264,-33.10872,151.555007,,,Tasmania Government LIST Telstra Payphones layer
02497004X2,0249705819,79 DORA ST,MORISSET,NSW,2264,-33.108152,151.487959,,,Tasmania Government LIST Telstra Payphones layer
02497050X1,0249705789,71 DORA ST,MORISSET,NSW,2264,-33.109046,151.487871,,,Tasmania Government LIST Telstra Payphones layer
02497053X2,0249705337,71 DORA ST,MORISSET,NSW,2264,-33.10881,151.48773,,,Tasmania Government LIST Telstra Payphones layer
02497310X2,0249731489,73 DORA ST,MORISSET,NSW,2264,-33.10787,151.48881,,,Tasmania Government LIST Telstra Payphones layer
02497311X2,0249731654,46 NEWCASTLE ST,MORISSET,NSW,2264,-33.106473,151.487294,,,Tasmania Government LIST Telstra Payphones layer
02497301X2,0249731441,5 MACQUARIE RD,MORISSET PARK,NSW,2264,-33.12011,151.53473,,,Tasmania Government LIST Telstra Payphones layer
02497700X2,0249771006,559 FREEMANS DRV,COORANBONG,NSW,2265,-33.07635,151.45361,,,Tasmania Government LIST Telstra Payphones layer
02497707X2,0249771590,296 FREEMANS DRV,COORANBONG,NSW,2265,-33.093039,151.462811,,,Tasmania Government LIST Telstra Payphones layer
02497502X2,0249751032,293 WATKINS RD,WANGI WANGI,NSW,2267,-33.069593,151.588379,,,Tasmania Government LIST Telstra Payphones layer
02497507X2,0249751924,21 MARKET ST,WANGI WANGI,NSW,2267,-33.067599,151.579775,,,Tasmania Government LIST Telstra Payphones layer
02495320X7,0455666791,96 NORTHVILLE DRV,BARNSLEY,NSW,2278,-32.93194,151.58656,,,Tasmania Government LIST Telstra Payphones layer
02495311X7,0249531321,25 THE BROADWAY,KILLINGWORTH,NSW,2278,-32.93448,151.55982,,,Tasmania Government LIST Telstra Payphones layer
02494504X2,0249459254,30 EVANS ST,BELMONT,NSW,2280,-33.028755,151.658328,,,Tasmania Government LIST Telstra Payphones layer
02494532X7,0249453783,16 CROUDACE BAY RD,BELMONT,NSW,2280,-33.024795,151.648364,,,Tasmania Government LIST Telstra Payphones layer
02494580X1,0249458734,1 SINGLETON ST,BELMONT,NSW,2280,-33.036571,151.659207,,,Tasmania Government LIST Telstra Payphones layer
02494700X1,0249470465,21 THOMAS ST,BELMONT,NSW,2280,-33.034666,151.659086,,,Tasmania Government LIST Telstra Payphones layer
02494701X1,0249470355,21 THOMAS ST,BELMONT,NSW,2280,-33.034666,151.659086,,,Tasmania Government LIST Telstra Payphones layer
02494771X2,0249477098,24 MACQUARIE ST,BELMONT,NSW,2280,-33.036152,151.660944,,,Tasmania Government LIST Telstra Payphones layer
02494501X7,0455442771,332 PACIFIC HWY,BELMONT NORTH,NSW,2280,-33.02047,151.66751,,,Tasmania Government LIST Telstra Payphones layer
02494509X2,0249450254,149 WOMMARA AVE,BELMONT NORTH,NSW,2280,-33.021382,151.676135,,,Tasmania Government LIST Telstra Payphones layer
02494508X2,0437737987,1 ROBERT RD,BELMONT SOUTH,NSW,2280,-33.047426,151.655835,,,Tasmania Government LIST Telstra Payphones layer
02494711X2,0437109079,73 NTABA RD,JEWELLS,NSW,2280,-33.012686,151.684044,,,Tasmania Government LIST Telstra Payphones layer
02494502X2,0249459310,22 EMILY ST,MARKS POINT,NSW,2280,-33.054774,151.652738,,,Tasmania Government LIST Telstra Payphones layer
02494507X2,0448086518,80 MARKS POINT RD,MARKS POINT,NSW,2280,-33.05545,151.64654,,,Tasmania Government LIST Telstra Payphones layer
02494670X2,0249467076,14 ALLAMBEE PL,VALENTINE,NSW,2280,-33.00951,151.63515,,,Tasmania Government LIST Telstra Payphones layer
02497220X7,0249712378,80 TUREA ST,BLACKSMITHS,NSW,2281,-33.078993,151.650121,,,Tasmania Government LIST Telstra Payphones layer
02497600X2,0249762010,4 LINDSLEY ST,CATHERINE HILL BAY,NSW,2281,-33.157844,151.627689,,,Tasmania Government LIST Telstra Payphones layer
02497105X2,0249712521,64 CAVES BEACH RD,CAVES BEACH,NSW,2281,-33.104606,151.644864,,,Tasmania Government LIST Telstra Payphones layer
02497602X2,0249761010,51 MARINE PDE,NORDS WHARF,NSW,2281,-33.135265,151.604032,,,Tasmania Government LIST Telstra Payphones layer
02497106X2,0249712610,77 CHANNEL ST,SWANSEA,NSW,2281,-33.083919,151.637057,,,Tasmania Government LIST Telstra Payphones layer
02497211X7,0249715843,5 LAKE RD,SWANSEA,NSW,2281,-33.089402,151.637325,,,Tasmania Government LIST Telstra Payphones layer
02494801X2,0436319713,30 JOHN ST,WARNERS BAY,NSW,2282,-32.974164,151.645772,,,Tasmania Government LIST Telstra Payphones layer
02494806X2,0249486654,468 THE ESPLANADE,WARNERS BAY,NSW,2282,-32.974392,151.644415,,,Tasmania Government LIST Telstra Payphones layer
02495924X2,0249594210,23 SOUTH PDE,BLACKALLS PARK,NSW,2283,-33.001305,151.585193,,,Tasmania Government LIST Telstra Payphones layer
02495917X2,0249593189,2 THRELKELD DRV,BOLTON POINT,NSW,2283,-32.99275,151.606648,,,Tasmania Government LIST Telstra Payphones layer
02495911X2,0249594632,14 LAYCOCK ST,CAREY BAY,NSW,2283,-33.027216,151.605574,,,Tasmania Government LIST Telstra Payphones layer
02495916X2,0249594498,46 AMBROSE ST,CAREY BAY,NSW,2283,-33.023077,151.60486,,,Tasmania Government LIST Telstra Payphones layer
02495919X2,0249591309,195 COAL PT RD,COAL POINT,NSW,2283,-33.03888,151.60929,,,Tasmania Government LIST Telstra Payphones layer
02495918X2,0249591334,TUCKER CL,FASSIFERN,NSW,2283,-32.985626,151.581241,,,Tasmania Government LIST Telstra Payphones layer
02497501X2,0427370536,14 FISHING POINT RD,RATHMINES,NSW,2283,-33.044026,151.593053,,,Tasmania Government LIST Telstra Payphones layer
02495045X2,0249504462,48 THE BOULEVARDE,TORONTO,NSW,2283,-33.013708,151.595551,,,Tasmania Government LIST Telstra Payphones layer
02495046X2,0249504419,51 THE BOULEVARDE,TORONTO,NSW,2283,-33.013356,151.594296,,,Tasmania Government LIST Telstra Payphones layer
02495915X2,0249594921,113 THE BOULEVARDE,TORONTO,NSW,2283,-33.012739,151.589981,,,Tasmania Government LIST Telstra Payphones layer
02495809X2,0249583787,436 LAKE RD,ARGENTON,NSW,2284,-32.935262,151.629261,,,Tasmania Government LIST Telstra Payphones layer
02495081X2,0249508010,25 RANCLAUD ST,BOORAGUL,NSW,2284,-32.97408,151.60869,,,Tasmania Government LIST Telstra Payphones layer
02495801X2,0249582654,189 MAIN RD,SPEERS POINT,NSW,2284,-32.963798,151.622643,,,Tasmania Government LIST Telstra Payphones layer
02495803X2,0249582676,91 MAIN RD,SPEERS POINT,NSW,2284,-32.955504,151.622184,,,Tasmania Government LIST Telstra Payphones layer
02495080X2,0249508075,21 ANZAC PDE,TERALBA,NSW,2284,-32.964644,151.606695,,,Tasmania Government LIST Telstra Payphones layer
02495800X2,0249582121,42 YORK ST,TERALBA,NSW,2284,-32.964267,151.604427,,,Tasmania Government LIST Telstra Payphones layer
02495040X2,0249504160,80 HAYDEN BROOK RD,WOODRISING,NSW,2284,-32.98211,151.60657,,,Tasmania Government LIST Telstra Payphones layer
02495403X2,0249549121,33 VERONICA RD,CARDIFF,NSW,2285,-32.939373,151.659335,,,Tasmania Government LIST Telstra Payphones layer
02495681X2,0249568264,283 MAIN RD,CARDIFF,NSW,2285,-32.941371,151.662638,,,Tasmania Government LIST Telstra Payphones layer
02495698X2,0249569357,39 HELEN ST,CARDIFF SOUTH,NSW,2285,-32.95766,151.662659,,,Tasmania Government LIST Telstra Payphones layer
02495082X2,0448599941,23 IRVING ST,EDGEWORTH,NSW,2285,-32.926001,151.612677,,,Tasmania Government LIST Telstra Payphones layer
02495084X2,0436482039,635 MAIN RD,EDGEWORTH,NSW,2285,-32.926023,151.633818,,,Tasmania Government LIST Telstra Payphones layer
02495805X2,0249582098,6 MINMI RD,EDGEWORTH,NSW,2285,-32.922851,151.622321,,,Tasmania Government LIST Telstra Payphones layer
02495405X2,0429698099,387 LAKE RD,GLENDALE,NSW,2285,-32.933788,151.639836,,,Tasmania Government LIST Telstra Payphones layer
02495312X7,0249531543,20 GEORGE ST,HOLMESVILLE,NSW,2286,-32.915791,151.578408,,,Tasmania Government LIST Telstra Payphones layer
02495321X9,0249531143,13 GEORGE BOOTH DRV,SEAHAMPTON,NSW,2286,-32.891096,151.584964,,,Tasmania Government LIST Telstra Payphones layer
02495313X7,0249531343,7 WITHERS ST,WEST WALLSEND,NSW,2286,-32.903342,151.581231,,,Tasmania Government LIST Telstra Payphones layer
02495106X2,0436426687,45 FUSSELL ST,BIRMINGHAM GARDENS,NSW,2287,-32.89414,151.688685,,,Tasmania Government LIST Telstra Payphones layer
02495104X2,0436461317,207 MARYLAND DRV,MARYLAND,NSW,2287,-32.873911,151.657846,,,Tasmania Government LIST Telstra Payphones layer
02495310X7,0249531165,96 WOODFORD ST,MINMI,NSW,2287,-32.879335,151.616494,,,Tasmania Government LIST Telstra Payphones layer
02495010X1,0249501996,24 KOKERA ST,WALLSEND,NSW,2287,-32.902992,151.667626,,,Tasmania Government LIST Telstra Payphones layer
02495100X2,0249511344,54 METCALFE ST,WALLSEND,NSW,2287,-32.907913,151.672326,,,Tasmania Government LIST Telstra Payphones layer
02495103X2,0455725032,22 MACQUARIE ST,WALLSEND,NSW,2287,-32.899068,151.665376,,,Tasmania Government LIST Telstra Payphones layer
02495110X2,0249514378,24 MORESBY ST,WALLSEND,NSW,2287,-32.905154,151.679663,,,Tasmania Government LIST Telstra Payphones layer
02495112X2,0428431979,38 DOUGLAS ST,WALLSEND,NSW,2287,-32.900607,151.681944,,,Tasmania Government LIST Telstra Payphones layer
02495114X2,0249513106,23 CARDIFF RD,WALLSEND,NSW,2287,-32.913206,151.672002,,,Tasmania Government LIST Telstra Payphones layer
02495550X1,0249555201,24 KOKERA ST,WALLSEND,NSW,2287,-32.902455,151.667428,,,Tasmania Government LIST Telstra Payphones layer
02495560X2,0436127916,181 NELSON ST,WALLSEND,NSW,2287,-32.902785,151.669674,,,Tasmania Government LIST Telstra Payphones layer
02495561X2,0249556174,74 NELSON ST,WALLSEND,NSW,2287,-32.900501,151.669003,,,Tasmania Government LIST Telstra Payphones layer
02495211X2,0436363242,266 BRUNKER RD,ADAMSTOWN,NSW,2289,-32.934986,151.725676,,,Tasmania Government LIST Telstra Payphones layer
02495708X1,0249509175,7 PARK AVE,ADAMSTOWN,NSW,2289,-32.933826,151.720042,,,Tasmania Government LIST Telstra Payphones layer
02495710X2,0249527489,89 FLETCHER ST,ADAMSTOWN,NSW,2289,-32.938717,151.716687,,,Tasmania Government LIST Telstra Payphones layer
02495722X2,0407135865,195 BRUNKER RD,ADAMSTOWN,NSW,2289,-32.933277,151.726364,,,Tasmania Government LIST Telstra Payphones layer
02495624X2,0437929977,43 JOSLIN ST,KOTARA,NSW,2289,-32.944701,151.698951,,,Tasmania Government LIST Telstra Payphones layer
02494211X1,0249425834,338 CHARLESTOWN RD,CHARLESTOWN,NSW,2290,-32.961141,151.695276,,,Tasmania Government LIST Telstra Payphones layer
02494211X2,0249436815,17 SMART ST,CHARLESTOWN,NSW,2290,-32.963376,151.695328,,,Tasmania Government LIST Telstra Payphones layer
02494302X2,0249431254,273 CHARLESTOWN RD,CHARLESTOWN,NSW,2290,-32.958138,151.690121,,,Tasmania Government LIST Telstra Payphones layer
02494307X2,0249437410,17 JAMES ST,CHARLESTOWN,NSW,2290,-32.96928,151.698618,,,Tasmania Government LIST Telstra Payphones layer
02494314X2,0249437210,52 RIDLEY ST,CHARLESTOWN,NSW,2290,-32.962272,151.695769,,,Tasmania Government LIST Telstra Payphones layer
02494313X2,0249437810,2 SYDNEY ST,GATESHEAD,NSW,2290,-32.981929,151.691852,,,Tasmania Government LIST Telstra Payphones layer
02494308X2,0249432965,6 GLEBE ST,KAHIBAH,NSW,2290,-32.962356,151.712194,,,Tasmania Government LIST Telstra Payphones layer
02494712X2,0249480217,9 WILSONS RD,MT HUTTON,NSW,2290,-32.982638,151.669298,,,Tasmania Government LIST Telstra Payphones layer
02494860X1,0249486596,46 WILSONS RD,MT HUTTON,NSW,2290,-32.984424,151.672727,,,Tasmania Government LIST Telstra Payphones layer
02494401X2,0249448232,19 BEACH RD,REDHEAD,NSW,2290,-33.012461,151.715059,,,Tasmania Government LIST Telstra Payphones layer
02494304X2,0436292538,155 DUDLEY RD,WHITEBRIDGE,NSW,2290,-32.978445,151.708317,,,Tasmania Government LIST Telstra Payphones layer
02496300X2,0249634181,10 RIDGE ST,MEREWETHER,NSW,2291,-32.948771,151.754864,,,Tasmania Government LIST Telstra Payphones layer
02496304X2,0249633236,57 WATKINS ST,MEREWETHER,NSW,2291,-32.943955,151.757981,,,Tasmania Government LIST Telstra Payphones layer
02496306X2,0249635057,36 LLEWELLYN ST,MEREWETHER,NSW,2291,-32.942026,151.751432,,,Tasmania Government LIST Telstra Payphones layer
02494012X2,0249408715,189 UNION ST,THE JUNCTION,NSW,2291,-32.938019,151.759258,,,Tasmania Government LIST Telstra Payphones layer
02496131X1,0249613202,200 UNION ST,THE JUNCTION,NSW,2291,-32.938294,151.757929,,,Tasmania Government LIST Telstra Payphones layer
02494006X2,0249654105,36 GRAHAM ST,BROADMEADOW,NSW,2292,-32.922944,151.735086,,,Tasmania Government LIST Telstra Payphones layer
02494019X2,0437487061,43 BROADMEADOW RD,BROADMEADOW,NSW,2292,-32.914209,151.732755,,,Tasmania Government LIST Telstra Payphones layer
02495231X2,0455991822,104 LAMBTON RD,BROADMEADOW,NSW,2292,-32.923589,151.727733,,,Tasmania Government LIST Telstra Payphones layer
02496130X1,0249613977,36 GRAHAM ST,BROADMEADOW,NSW,2292,-32.922944,151.735086,,,Tasmania Government LIST Telstra Payphones layer
02496222X2,0249622234,37 BELFORD ST,BROADMEADOW,NSW,2292,-32.924354,151.738534,,,Tasmania Government LIST Telstra Payphones layer
02494009X2,0249653964,70 HARRISON ST,MARYVILLE,NSW,2293,-32.910499,151.753659,,,Tasmania Government LIST Telstra Payphones layer
02494007X2,0249408759,74 HANNELL ST,WICKHAM,NSW,2293,-32.921223,151.759935,,,Tasmania Government LIST Telstra Payphones layer
02494027X2,0249654132,29 ALBERT ST,WICKHAM,NSW,2293,-32.918404,151.756601,,,Tasmania Government LIST Telstra Payphones layer
02496220X1,0249622973,STATION ST,WICKHAM,NSW,2293,-32.9245,151.759532,,,Tasmania Government LIST Telstra Payphones layer
02494013X2,0249408640,97 YOUNG ST,CARRINGTON,NSW,2294,-32.915263,151.765392,,,Tasmania Government LIST Telstra Payphones layer
02492808X2,0249282365,1004 NELSON BAY RD,FERN BAY,NSW,2295,-32.872432,151.793704,,,Tasmania Government LIST Telstra Payphones layer
02492000X2,0249201053,3 PITT ST,STOCKTON,NSW,2295,-32.913202,151.788653,,,Tasmania Government LIST Telstra Payphones layer
02492800X2,0455665037,12 MITCHELL ST,STOCKTON,NSW,2295,-32.918164,151.7833,,,Tasmania Government LIST Telstra Payphones layer
02492803X2,0249282343,48 HEREFORD ST,STOCKTON,NSW,2295,-32.908056,151.783344,,,Tasmania Government LIST Telstra Payphones layer
02492809X2,0249282543,19 KING ST,STOCKTON,NSW,2295,-32.914887,151.784763,,,Tasmania Government LIST Telstra Payphones layer
02494029X2,0249654504,36 MORGAN ST,ISLINGTON,NSW,2296,-32.914638,151.750365,,,Tasmania Government LIST Telstra Payphones layer
02496232X2,0249654318,104 MAITLAND RD,ISLINGTON,NSW,2296,-32.916305,151.748955,,,Tasmania Government LIST Telstra Payphones layer
02494015X2,0249653852,201 MAITLAND RD,TIGHES HILL,NSW,2297,-32.907005,151.748038,,,Tasmania Government LIST Telstra Payphones layer
02496235X2,0249654510,266 MAITLAND RD,TIGHES HILL,NSW,2297,-32.908901,151.746296,,,Tasmania Government LIST Telstra Payphones layer
02496238X2,0249623874,266 MAITLAND RD,TIGHES HILL,NSW,2297,-32.9092,151.744502,,,Tasmania Government LIST Telstra Payphones layer
02496729X2,0249673410,57 GEORGETOWN RD,GEORGETOWN,NSW,2298,-32.908352,151.729644,,,Tasmania Government LIST Telstra Payphones layer
02496717X2,0249671721,2 EDITH ST,WARATAH,NSW,2298,-32.897843,151.720905,,,Tasmania Government LIST Telstra Payphones layer
02496730X1,0249673920,2 EDITH ST,WARATAH,NSW,2298,-32.8985,151.72092,,,Tasmania Government LIST Telstra Payphones layer
02496803X1,0249688297,91 TURTON RD,WARATAH,NSW,2298,-32.90766,151.72585,,,Tasmania Government LIST Telstra Payphones layer
02496805X2,0249688121,2 LAMBTON RD,WARATAH,NSW,2298,-32.905192,151.72347,,,Tasmania Government LIST Telstra Payphones layer
02496890X1,0249689340,2 EDITH ST,WARATAH,NSW,2298,-32.89817,151.720905,,,Tasmania Government LIST Telstra Payphones layer
02495109X2,0249514654,60 MORDUE PDE,JESMOND,NSW,2299,-32.89949,151.686815,,,Tasmania Government LIST Telstra Payphones layer
02495216X2,0455118472,49 JANET ST,JESMOND,NSW,2299,-32.901675,151.695345,,,Tasmania Government LIST Telstra Payphones layer
02495550X2,0249555104,26 BLUEGUM RD,JESMOND,NSW,2299,-32.902869,151.690842,,,Tasmania Government LIST Telstra Payphones layer
02495214X2,0436019870,33 MOREHEAD ST,LAMBTON,NSW,2299,-32.912103,151.709171,,,Tasmania Government LIST Telstra Payphones layer
02495215X2,0448331723,37 DICKSON ST,LAMBTON,NSW,2299,-32.910448,151.709713,,,Tasmania Government LIST Telstra Payphones layer
02495711X2,0249578502,77 DURHAM RD,LAMBTON,NSW,2299,-32.916472,151.713197,,,Tasmania Government LIST Telstra Payphones layer
02492617X2,0249263054,5 LIGHT ST,BAR BEACH,NSW,2300,-32.935252,151.771615,,,Tasmania Government LIST Telstra Payphones layer
02492902X2,0249275618,1 MEMORIAL DRV,BAR BEACH,NSW,2300,-32.941285,151.767346,,,Tasmania Government LIST Telstra Payphones layer
02492630X2,0455733849,2 YOUNG ST,COOKS HILL,NSW,2300,-32.937146,151.766185,,,Tasmania Government LIST Telstra Payphones layer
02492634X2,0249263432,103 PARKWAY AVE,COOKS HILL,NSW,2300,-32.935442,151.761783,,,Tasmania Government LIST Telstra Payphones layer
02492646X2,0249265429,141 DARBY ST,COOKS HILL,NSW,2300,-32.931736,151.771535,,,Tasmania Government LIST Telstra Payphones layer
02492600X2,0249261535,214 SCOTT ST,NEWCASTLE,NSW,2300,-32.926367,151.778674,,,Tasmania Government LIST Telstra Payphones layer
02492607X2,0249264298,136 HUNTER ST,NEWCASTLE,NSW,2300,-32.927171,151.781987,,,Tasmania Government LIST Telstra Payphones layer
02492618X2,0249261223,103 HUNTER ST,NEWCASTLE,NSW,2300,-32.927305,151.781927,,,Tasmania Government LIST Telstra Payphones layer
02492619X2,0249262187,13 BOLTON ST,NEWCASTLE,NSW,2300,-32.927423,151.783335,,,Tasmania Government LIST Telstra Payphones layer
02492627X2,0418248997,200 HUNTER ST,NEWCASTLE,NSW,2300,-32.926566,151.779481,,,Tasmania Government LIST Telstra Payphones layer
02492629X2,0249264513,15 PACIFIC ST,NEWCASTLE,NSW,2300,-32.928193,151.785696,,,Tasmania Government LIST Telstra Payphones layer
02492648X2,0249261536,5 CROWN ST,NEWCASTLE,NSW,2300,-32.926878,151.77688,,,Tasmania Government LIST Telstra Payphones layer
02492754X2,0249275732,282 KING ST,NEWCASTLE,NSW,2300,-32.928026,151.772662,,,Tasmania Government LIST Telstra Payphones layer
02492759X2,0249271478,WATT ST,NEWCASTLE,NSW,2300,-32.926478,151.784731,,,Tasmania Government LIST Telstra Payphones layer
02492909X2,0249275637,55 SHORTLAND ESP,NEWCASTLE,NSW,2300,-32.929005,151.787114,,,Tasmania Government LIST Telstra Payphones layer
02492616X2,0249262565,50 TYRELL ST,THE HILL,NSW,2300,-32.930133,151.778986,,,Tasmania Government LIST Telstra Payphones layer
02492500X1,0249252481,23 STEEL ST,NEWCASTLE WEST,NSW,2302,-32.928364,151.762283,,,Tasmania Government LIST Telstra Payphones layer
02492623X2,0429550323,1 NATIONAL PARK ST,NEWCASTLE WEST,NSW,2302,-32.926443,151.76153,,,Tasmania Government LIST Telstra Payphones layer
02492624X2,0249263076,582 HUNTER ST,NEWCASTLE WEST,NSW,2302,-32.927234,151.766938,,,Tasmania Government LIST Telstra Payphones layer
02492903X1,0249275867,136 PARRY ST,NEWCASTLE WEST,NSW,2302,-32.927763,151.760573,,,Tasmania Government LIST Telstra Payphones layer
02494001X7,0249400867,1 WOOD ST,NEWCASTLE WEST,NSW,2302,-32.92495,151.758123,,,Tasmania Government LIST Telstra Payphones layer
02494003X2,0249654295,63 LINDSAY ST,HAMILTON,NSW,2303,-32.92194,151.747162,,,Tasmania Government LIST Telstra Payphones layer
02494010X2,0448255342,2 REAY ST,HAMILTON,NSW,2303,-32.922484,151.741842,,,Tasmania Government LIST Telstra Payphones layer
02494017X2,0249654376,52 GORDON AVE,HAMILTON,NSW,2303,-32.925637,151.751091,,,Tasmania Government LIST Telstra Payphones layer
02494018X2,0249654183,8 BEAUMONT ST,HAMILTON,NSW,2303,-32.91861,151.748238,,,Tasmania Government LIST Telstra Payphones layer
02494021X2,0249654142,131 BEAUMONT ST,HAMILTON,NSW,2303,-32.924238,151.746926,,,Tasmania Government LIST Telstra Payphones layer
02496900X2,0448809850,58 BEAUMONT ST,HAMILTON,NSW,2303,-32.920679,151.747502,,,Tasmania Government LIST Telstra Payphones layer
02494000X2,0249654140,186 LAWSON ST,HAMILTON SOUTH,NSW,2303,-32.930594,151.747891,,,Tasmania Government LIST Telstra Payphones layer
02494020X2,0249654290,5 HASSALL ST,HAMILTON SOUTH,NSW,2303,-32.935628,151.739745,,,Tasmania Government LIST Telstra Payphones layer
02494033X2,0249654158,8 FOWLER ST,HAMILTON SOUTH,NSW,2303,-32.935708,151.743351,,,Tasmania Government LIST Telstra Payphones layer
02496110X2,0249611598,5 HASSALL ST,HAMILTON SOUTH,NSW,2303,-32.935628,151.739745,,,Tasmania Government LIST Telstra Payphones layer
02496081X1,0249608025,32 INDUSTRIAL DRV,MAYFIELD,NSW,2304,-32.891755,151.743586,,,Tasmania Government LIST Telstra Payphones layer
02496713X2,0436444680,90 HANBURY ST,MAYFIELD,NSW,2304,-32.897559,151.736368,,,Tasmania Government LIST Telstra Payphones layer
02496720X2,0455457556,133 HANBURY ST,MAYFIELD,NSW,2304,-32.895,151.739435,,,Tasmania Government LIST Telstra Payphones layer
02496724X2,0249673165,1 SUNDERLAND ST,MAYFIELD,NSW,2304,-32.90145,151.73219,,,Tasmania Government LIST Telstra Payphones layer
02496726X2,0436358166,52 HAVELOCK ST,MAYFIELD,NSW,2304,-32.897765,151.743722,,,Tasmania Government LIST Telstra Payphones layer
02496727X2,0436350574,57 BULL ST,MAYFIELD,NSW,2304,-32.890175,151.737013,,,Tasmania Government LIST Telstra Payphones layer
02496734X2,0249675849,49 INGALL ST,MAYFIELD,NSW,2304,-32.901187,151.746575,,,Tasmania Government LIST Telstra Payphones layer
02496737X2,0436283393,188 MAITLAND RD,MAYFIELD,NSW,2304,-32.900129,151.740162,,,Tasmania Government LIST Telstra Payphones layer
02496841X2,0249684791,127 MAITLAND RD,MAYFIELD,NSW,2304,-32.8988,151.73854,,,Tasmania Government LIST Telstra Payphones layer
02496705X2,0427309447,36 THORNTON AVE,MAYFIELD WEST,NSW,2304,-32.886673,151.723097,,,Tasmania Government LIST Telstra Payphones layer
02496728X2,0249673365,281 MAITLAND RD,MAYFIELD WEST,NSW,2304,-32.892711,151.730416,,,Tasmania Government LIST Telstra Payphones layer
02496704X2,0249673909,162 MAITLAND RD,SANDGATE,NSW,2304,-32.864895,151.7063,,,Tasmania Government LIST Telstra Payphones layer
02495213X2,0249526756,54 ORCHARDTOWN RD,NEW LAMBTON,NSW,2305,-32.933577,151.707628,,,Tasmania Government LIST Telstra Payphones layer
02495610X2,0249578046,83 VICTORIA ST,NEW LAMBTON,NSW,2305,-32.923851,151.713041,,,Tasmania Government LIST Telstra Payphones layer
02495703X1,0249579846,88 HOBART RD,NEW LAMBTON,NSW,2305,-32.92076,151.71545,,,Tasmania Government LIST Telstra Payphones layer
02495719X2,0249579068,282 TURTON RD,NEW LAMBTON,NSW,2305,-32.918116,151.7247,,,Tasmania Government LIST Telstra Payphones layer
02495704X1,0249579263,1 LOOKOUT RD,NEW LAMBTON HEIGHTS,NSW,2305,-32.92273,151.69302,,,Tasmania Government LIST Telstra Payphones layer
02495714X2,0249578487,2 LOOKOUT RD,NEW LAMBTON HEIGHTS,NSW,2305,-32.922238,151.692708,,,Tasmania Government LIST Telstra Payphones layer
02495720X2,0249509367,2 LOOKOUT RD,NEW LAMBTON HEIGHTS,NSW,2305,-32.922238,151.692708,,,Tasmania Government LIST Telstra Payphones layer
02494802X2,0249488721,8 LAKE ST,WINDALE,NSW,2306,-32.992813,151.682274,,,Tasmania Government LIST Telstra Payphones layer
02495118X2,0249517776,294 SANDGATE RD,SHORTLAND,NSW,2307,-32.88652,151.69558,,,Tasmania Government LIST Telstra Payphones layer
02496011X2,0249609872,RING RD,CALLAGHAN,NSW,2308,-32.894786,151.702576,,,Tasmania Government LIST Telstra Payphones layer
02496021X2,0249602142,RICHARDSON RD,CALLAGHAN,NSW,2308,-32.893416,151.701171,,,Tasmania Government LIST Telstra Payphones layer
02496709X2,0249675709,130 UNIVERSITY DRV,CALLAGHAN,NSW,2308,-32.8969,151.70812,,,Tasmania Government LIST Telstra Payphones layer
02496731X2,0249674632,UNIVERSITY DRV,CALLAGHAN,NSW,2308,-32.894046,151.704403,,,Tasmania Government LIST Telstra Payphones layer
02496736X2,0249675965,RICHARDSON RD,CALLAGHAN,NSW,2308,-32.893,151.70515,,,Tasmania Government LIST Telstra Payphones layer
02493890X2,0249389403,64 PARK ST,EAST GRESFORD,NSW,2311,-32.428983,151.553028,,,Tasmania Government LIST Telstra Payphones layer
02493891X2,0249389408,2 CHURCH ST,GRESFORD,NSW,2311,-32.42695,151.537085,,,Tasmania Government LIST Telstra Payphones layer
02493150X2,0249315202,3808 ALLYN RIVER RD,UPPER ALLYN,NSW,2311,-32.13031,151.47346,,,Tasmania Government LIST Telstra Payphones layer
02655411X2,0265541402,14 NABIAC ST,NABIAC,NSW,2312,-32.098972,152.381081,,,Tasmania Government LIST Telstra Payphones layer
02498113X2,0249811765,28 SANDY POINT RD,CORLETTE,NSW,2315,-32.717403,152.114302,,,Tasmania Government LIST Telstra Payphones layer
02498112X2,0249811734,52 MARINE DRV,FINGAL BAY,NSW,2315,-32.746768,152.169253,,,Tasmania Government LIST Telstra Payphones layer
02498424X2,0249815512,44 MARINE DRV,FINGAL BAY,NSW,2315,-32.742402,152.170205,,,Tasmania Government LIST Telstra Payphones layer
02498122X2,0249812165,48 AUSTRAL ST,NELSON BAY,NSW,2315,-32.722051,152.154719,,,Tasmania Government LIST Telstra Payphones layer
02498410X2,0249814324,8 STOCKTON ST,NELSON BAY,NSW,2315,-32.721483,152.143744,,,Tasmania Government LIST Telstra Payphones layer
02498425X2,0249813621,15 GOWRIE AVE,NELSON BAY,NSW,2315,-32.71454,152.160524,,,Tasmania Government LIST Telstra Payphones layer
02498441X2,0249844139,62 VICTORIA PDE,NELSON BAY,NSW,2315,-32.720548,152.144495,,,Tasmania Government LIST Telstra Payphones layer
02498141X2,0249814592,51 SHOAL BAY RD,SHOAL BAY,NSW,2315,-32.720409,152.174354,,,Tasmania Government LIST Telstra Payphones layer
02498423X2,0249810719,GOVERNMENT RD,SHOAL BAY,NSW,2315,-32.720494,152.172658,,,Tasmania Government LIST Telstra Payphones layer
02498211X2,0249821106,140 GAN GAN RD,ANNA BAY,NSW,2316,-32.777854,152.084596,,,Tasmania Government LIST Telstra Payphones layer
02498215X2,0249821103,2 OCEAN PDE,BOAT HARBOUR,NSW,2316,-32.786897,152.111552,,,Tasmania Government LIST Telstra Payphones layer
02498131X2,0249813017,272 SANDY POINT RD,SALAMANDER BAY,NSW,2317,-32.73348,152.109189,,,Tasmania Government LIST Telstra Payphones layer
02498271X2,0249827104,206 SOLDIERS PT RD,SALAMANDER BAY,NSW,2317,-32.718536,152.074763,,,Tasmania Government LIST Telstra Payphones layer
02498270X2,0249827102,17 SOLDIERS POINT RD,SOLDIERS POINT,NSW,2317,-32.702597,152.064962,,,Tasmania Government LIST Telstra Payphones layer
02498290X2,0249829351,37 FERODALE RD,MEDOWIE,NSW,2318,-32.74074,151.86443,,,Tasmania Government LIST Telstra Payphones layer
02498261X2,0249826233,2457 NELSON BAY RD,SALT ASH,NSW,2318,-32.788252,151.903061,,,Tasmania Government LIST Telstra Payphones layer
02496510X1,0249651871,1 WILLIAMTOWN DRV,WILLIAMTOWN,NSW,2318,-32.804141,151.839864,,,Tasmania Government LIST Telstra Payphones layer
02498242X2,0249824965,17 COOK PDE,LEMON TREE PASSAGE,NSW,2319,-32.730804,152.039434,,,Tasmania Government LIST Telstra Payphones layer
02498249X2,0249824536,48 PRESIDENT WILSON WLK,TANILBA BAY,NSW,2319,-32.734172,152.001978,,,Tasmania Government LIST Telstra Payphones layer
02493000X2,0249300000,2 WILLIAM ST,LARGS,NSW,2320,-32.702625,151.602569,,,Tasmania Government LIST Telstra Payphones layer
02493310X2,0455525854,22 BELMORE RD,LORN,NSW,2320,-32.728435,151.557176,,,Tasmania Government LIST Telstra Payphones layer
02493307X2,0428983020,226 HIGH ST,MAITLAND,NSW,2320,-32.738057,151.561714,,,Tasmania Government LIST Telstra Payphones layer
02493308X2,0455732202,1 SEMPILL ST,MAITLAND,NSW,2320,-32.72902,151.552096,,,Tasmania Government LIST Telstra Payphones layer
02493313X2,0249335032,371 HIGH ST,MAITLAND,NSW,2320,-32.733788,151.55774,,,Tasmania Government LIST Telstra Payphones layer
02493400X2,0448099490,24 ELGIN ST,MAITLAND,NSW,2320,-32.733148,151.554533,,,Tasmania Government LIST Telstra Payphones layer
02493408X2,0448511275,88 CHURCH ST,MAITLAND,NSW,2320,-32.737697,151.552063,,,Tasmania Government LIST Telstra Payphones layer
02493413X2,0448172725,420 HIGH ST,MAITLAND,NSW,2320,-32.73189,151.554806,,,Tasmania Government LIST Telstra Payphones layer
02493426X2,0249342754,88 CHURCH ST,MAITLAND,NSW,2320,-32.73783,151.552144,,,Tasmania Government LIST Telstra Payphones layer
02499870X2,0249987785,2188 BROKE RD,POKOLBIN,NSW,2320,-32.774473,151.311818,,,Tasmania Government LIST Telstra Payphones layer
02493070X1,0249324891,360 NEW ENGLAND HWY,RUTHERFORD,NSW,2320,-32.71019,151.51644,,,Tasmania Government LIST Telstra Payphones layer
02493196X1,0249319686,1 HILLVIEW ST,RUTHERFORD,NSW,2320,-32.716065,151.527446,,,Tasmania Government LIST Telstra Payphones layer
02493202X2,0249327254,14 LOGAN RD,RUTHERFORD,NSW,2320,-32.71759,151.51993,,,Tasmania Government LIST Telstra Payphones layer
02493203X2,0249324187,236 VERGE ST,RUTHERFORD,NSW,2320,-32.7199,151.52961,,,Tasmania Government LIST Telstra Payphones layer
02493206X2,0249327098,7 WEST MALL,RUTHERFORD,NSW,2320,-32.71656,151.52677,,,Tasmania Government LIST Telstra Payphones layer
02493207X2,0249324254,115 NEW ENGLAND HWY,RUTHERFORD,NSW,2320,-32.721155,151.539412,,,Tasmania Government LIST Telstra Payphones layer
02493305X2,0448029751,24 ANZAC ST,SOUTH MAITLAND,NSW,2320,-32.742508,151.564318,,,Tasmania Government LIST Telstra Payphones layer
02493200X2,0249324143,49 TELARAH ST,TELARAH,NSW,2320,-32.729383,151.536296,,,Tasmania Government LIST Telstra Payphones layer
02493201X1,0249324414,24 JOHNSON ST,TELARAH,NSW,2320,-32.72342,151.539794,,,Tasmania Government LIST Telstra Payphones layer
02499640X2,0249964118,30 GREY ST,CLARENCE TOWN,NSW,2321,-32.588113,151.780911,,,Tasmania Government LIST Telstra Payphones layer
02493204X2,0249327032,2 BECKETT ST,GILLIESTON HEIGHTS,NSW,2321,-32.761772,151.52827,,,Tasmania Government LIST Telstra Payphones layer
02493701X2,0249371409,48 MAIN RD,HEDDON GRETA,NSW,2321,-32.804447,151.509753,,,Tasmania Government LIST Telstra Payphones layer
02493050X2,0249305225,20 PATERSON ST,HINTON,NSW,2321,-32.716157,151.6507,,,Tasmania Government LIST Telstra Payphones layer
02493070X2,0249307411,103 NEW ENGLAND HWY,LOCHINVAR,NSW,2321,-32.699936,151.450735,,,Tasmania Government LIST Telstra Payphones layer
02493072X1,0249307533,414 STATION LA,LOCHINVAR,NSW,2321,-32.72044,151.4503,,,Tasmania Government LIST Telstra Payphones layer
02493300X2,0249332321,105 SWAN ST,MORPETH,NSW,2321,-32.724861,151.62825,,,Tasmania Government LIST Telstra Payphones layer
02496600X2,0448395498,25 LAWSON AVE,BERESFIELD,NSW,2322,-32.800689,151.658338,,,Tasmania Government LIST Telstra Payphones layer
02496610X2,0249664209,39 DELPRAT AVE,BERESFIELD,NSW,2322,-32.802279,151.650661,,,Tasmania Government LIST Telstra Payphones layer
02496601X2,0249664832,35 ANDERSON DRV,TARRO,NSW,2322,-32.809463,151.664947,,,Tasmania Government LIST Telstra Payphones layer
02496411X1,0249641063,KARUAH ST,THORNTON,NSW,2322,-32.783511,151.639857,,,Tasmania Government LIST Telstra Payphones layer
02496603X2,0249664165,21 RAILWAY AVE,THORNTON,NSW,2322,-32.783,151.641704,,,Tasmania Government LIST Telstra Payphones layer
02496605X2,0249664376,1 TAYLOR AVE,THORNTON,NSW,2322,-32.777581,151.63971,,,Tasmania Government LIST Telstra Payphones layer
02496482X2,0249648402,819 TOMAGO RD,TOMAGO,NSW,2322,-32.818918,151.697978,,,Tasmania Government LIST Telstra Payphones layer
02496413X2,0455903338,LAWSON AVE,WOODBERRY,NSW,2322,-32.794273,151.664599,,,Tasmania Government LIST Telstra Payphones layer
02493301X1,0249337598,15 MITCHELL DRV,EAST MAITLAND,NSW,2323,-32.761235,151.590369,,,Tasmania Government LIST Telstra Payphones layer
02493302X2,0447986842,87 MELBOURNE ST,EAST MAITLAND,NSW,2323,-32.746308,151.581905,,,Tasmania Government LIST Telstra Payphones layer
02493303X2,0438032916,121 HIGH ST,EAST MAITLAND,NSW,2323,-32.751325,151.589733,,,Tasmania Government LIST Telstra Payphones layer
02493312X2,0249337698,44 BRUNSWICK ST,EAST MAITLAND,NSW,2323,-32.75429,151.59295,,,Tasmania Government LIST Telstra Payphones layer
02493402X1,0249343659,1 MOLLY MORGAN DRV,EAST MAITLAND,NSW,2323,-32.762125,151.59128,,,Tasmania Government LIST Telstra Payphones layer
02493406X2,0249348423,18 MORTON ST,EAST MAITLAND,NSW,2323,-32.75637,151.597533,,,Tasmania Government LIST Telstra Payphones layer
02493421X1,0249342721,62 VICTORIA ST,EAST MAITLAND,NSW,2323,-32.75103,151.59343,,,Tasmania Government LIST Telstra Payphones layer
02493422X1,0249342732,MORPETH RD,EAST MAITLAND,NSW,2323,-32.744914,151.58749,,,Tasmania Government LIST Telstra Payphones layer
02497800X2,0249781110,1903 FREEMANS DRV,FREEMANS WATERHOLE,NSW,2323,-32.984644,151.485659,,,Tasmania Government LIST Telstra Payphones layer
02493322X2,0249334010,105 CHELMSFORD DRV,METFORD,NSW,2323,-32.766459,151.611194,,,Tasmania Government LIST Telstra Payphones layer
02493411X2,0249345030,22 CHELMSFORD DRV,METFORD,NSW,2323,-32.763612,151.601535,,,Tasmania Government LIST Telstra Payphones layer
02493800X2,0249380301,8 VINCENT ST,MULBRING,NSW,2323,-32.902976,151.482383,,,Tasmania Government LIST Telstra Payphones layer
02493309X2,0249335098,39 MAIZE ST,TENAMBIT,NSW,2323,-32.743338,151.603259,,,Tasmania Government LIST Telstra Payphones layer
02499710X7,0429222145,123 BOONER ST,HAWKS NEST,NSW,2324,-32.673402,152.182805,,,Tasmania Government LIST Telstra Payphones layer
02499712X2,0447904498,71 BOONER ST,HAWKS NEST,NSW,2324,-32.672677,152.177646,,,Tasmania Government LIST Telstra Payphones layer
02498302X2,0249831307,208 ADELAIDE ST,HEATHERBRAE,NSW,2324,-32.780969,151.737379,,,Tasmania Government LIST Telstra Payphones layer
02499753X2,0249975743,401 TAREAN RD,KARUAH,NSW,2324,-32.654075,151.962215,,,Tasmania Government LIST Telstra Payphones layer
02499754X2,0249975695,MUSTONS RD,KARUAH,NSW,2324,-32.647121,151.960941,,,Tasmania Government LIST Telstra Payphones layer
02498300X1,0249831470,35 WILLIAM ST,RAYMOND TERRACE,NSW,2324,-32.761933,151.743619,,,Tasmania Government LIST Telstra Payphones layer
02498300X2,0249831158,61 PORT STEPHENS ST,RAYMOND TERRACE,NSW,2324,-32.761863,151.741724,,,Tasmania Government LIST Telstra Payphones layer
02498306X2,0249831650,33 TROMAN PDE,RAYMOND TERRACE,NSW,2324,-32.757848,151.760141,,,Tasmania Government LIST Telstra Payphones layer
02498308X2,0249831552,40 WILLIAM ST,RAYMOND TERRACE,NSW,2324,-32.763258,151.744336,,,Tasmania Government LIST Telstra Payphones layer
02498323X2,0249832741,STURGEON ST,RAYMOND TERRACE,NSW,2324,-32.763925,151.742266,,,Tasmania Government LIST Telstra Payphones layer
02498324X2,0249831202,2 GEER ST,RAYMOND TERRACE,NSW,2324,-32.75538,151.75824,,,Tasmania Government LIST Telstra Payphones layer
02498740X2,0249874895,77 BENJAMIN LEE DRV,RAYMOND TERRACE,NSW,2324,-32.761116,151.774242,,,Tasmania Government LIST Telstra Payphones layer
02498741X2,0249874908,26 WILLIAM ST,RAYMOND TERRACE,NSW,2324,-32.762187,151.743292,,,Tasmania Government LIST Telstra Payphones layer
02498800X2,0249886241,9 WARREN ST,SEAHAM,NSW,2324,-32.661382,151.728268,,,Tasmania Government LIST Telstra Payphones layer
02499710X2,0249971063,85 MARINE DRV,TEA GARDENS,NSW,2324,-32.666888,152.160901,,,Tasmania Government LIST Telstra Payphones layer
02499720X1,0249972553,8 MYALL QUAYS BLV,TEA GARDENS,NSW,2324,-32.652157,152.150074,,,Tasmania Government LIST Telstra Payphones layer
02499014X2,0249903164,69 ABERDARE RD,ABERDARE,NSW,2325,-32.842897,151.372978,,,Tasmania Government LIST Telstra Payphones layer
02499020X2,0448766155,420 WOLLOMBI RD,BELLBIRD,NSW,2325,-32.856132,151.323367,,,Tasmania Government LIST Telstra Payphones layer
02499007X2,0249903554,99 WOLLOMBI RD,CESSNOCK,NSW,2325,-32.839418,151.342562,,,Tasmania Government LIST Telstra Payphones layer
02499011X2,0249904276,29 VIEW ST,CESSNOCK,NSW,2325,-32.828326,151.348606,,,Tasmania Government LIST Telstra Payphones layer
02499015X2,0249903209,136 WOLLOMBI RD,CESSNOCK,NSW,2325,-32.836291,151.346652,,,Tasmania Government LIST Telstra Payphones layer
02499019X2,0249904165,223 VINCENT ST,CESSNOCK,NSW,2325,-32.840228,151.355192,,,Tasmania Government LIST Telstra Payphones layer
02499021X2,0249904254,2 EDWARD ST,CESSNOCK,NSW,2325,-32.833456,151.356854,,,Tasmania Government LIST Telstra Payphones layer
02499025X2,0436452764,HALL ST,CESSNOCK,NSW,2325,-32.837405,151.356062,,,Tasmania Government LIST Telstra Payphones layer
02499100X1,0249916278,146 NORTH AVE,CESSNOCK,NSW,2325,-32.835824,151.354361,,,Tasmania Government LIST Telstra Payphones layer
02499109X1,0249911869,205 WOLLOMBI RD,CESSNOCK,NSW,2325,-32.833018,151.354555,,,Tasmania Government LIST Telstra Payphones layer
02499811X2,0249981406,5 RUGBY ST,ELLALONG,NSW,2325,-32.914263,151.310865,,,Tasmania Government LIST Telstra Payphones layer
02499004X2,0249901187,19 ALLANDALE ST,KEARSLEY,NSW,2325,-32.85881,151.39544,,,Tasmania Government LIST Telstra Payphones layer
02499001X2,0249902732,50 ABERDARE ST,KITCHENER,NSW,2325,-32.87841,151.36798,,,Tasmania Government LIST Telstra Payphones layer
02499812X2,0249981407,51 WOLLOMBI RD,MILLFIELD,NSW,2325,-32.889239,151.258944,,,Tasmania Government LIST Telstra Payphones layer
02499810X2,0249981405,52 MILLFIELD RD,PAXTON,NSW,2325,-32.90251,151.280305,,,Tasmania Government LIST Telstra Payphones layer
02499830X2,0249983210,2887 WOLLOMBI RD,WOLLOMBI,NSW,2325,-32.938027,151.141536,,,Tasmania Government LIST Telstra Payphones layer
02493040X2,0249304281,202 CESSNOCK RD,ABERMAIN,NSW,2326,-32.811016,151.431882,,,Tasmania Government LIST Telstra Payphones layer
02493041X2,0249304294,66 CESSNOCK RD,NEATH,NSW,2326,-32.825901,151.41413,,,Tasmania Government LIST Telstra Payphones layer
02493702X2,0455339871,32 STATION ST,WESTON,NSW,2326,-32.81435,151.458791,,,Tasmania Government LIST Telstra Payphones layer
02493611X2,0249361377,205 LANG ST,KURRI KURRI,NSW,2327,-32.81891,151.48032,,,Tasmania Government LIST Telstra Payphones layer
02493613X2,0249361379,9 VICTORIA ST,KURRI KURRI,NSW,2327,-32.82363,151.48589,,,Tasmania Government LIST Telstra Payphones layer
02493704X2,0249372309,174 LANG ST,KURRI KURRI,NSW,2327,-32.818416,151.481496,,,Tasmania Government LIST Telstra Payphones layer
02493750X2,0249375532,307 LANG ST,KURRI KURRI,NSW,2327,-32.82063,151.47719,,,Tasmania Government LIST Telstra Payphones layer
02654720X2,0265472200,27 OGILVIE ST,DENMAN,NSW,2328,-32.38953,150.68708,,,Tasmania Government LIST Telstra Payphones layer
02637616X2,0263761007,24 BUCCLEUGH ST,CASSILIS,NSW,2329,-32.005265,149.98094,,,Tasmania Government LIST Telstra Payphones layer
02654820X2,0265482003,78 BETTINGTON ST,MERRIWA,NSW,2329,-32.13939,150.35694,,,Tasmania Government LIST Telstra Payphones layer
02654821X2,0265482484,150 BETTINGTON ST,MERRIWA,NSW,2329,-32.138758,150.350618,,,Tasmania Government LIST Telstra Payphones layer
02657910X2,0265791005,9 SINGLETON ST,BROKE,NSW,2330,-32.749943,151.105736,,,Tasmania Government LIST Telstra Payphones layer
02657640X2,0265764001,13 PAGAN ST,JERRYS PLAINS,NSW,2330,-32.49667,150.90989,,,Tasmania Government LIST Telstra Payphones layer
02657970X2,0265797145,408 PUTTY VALLEY RD,PUTTY,NSW,2330,-32.953938,150.661038,,,Tasmania Government LIST Telstra Payphones layer
02657200X1,0265721032,159 JOHN ST,SINGLETON,NSW,2330,-32.563538,151.169236,,,Tasmania Government LIST Telstra Payphones layer
02657204X2,0265722343,84 YORK ST,SINGLETON,NSW,2330,-32.568146,151.178422,,,Tasmania Government LIST Telstra Payphones layer
02657213X2,0265721165,136 JOHN ST,SINGLETON,NSW,2330,-32.56441,151.167857,,,Tasmania Government LIST Telstra Payphones layer
02657217X2,0265711021,MUNROE ST,SINGLETON,NSW,2330,-32.57176,151.16542,,,Tasmania Government LIST Telstra Payphones layer
02657218X2,0265721676,106 NEW ENGLAND HWY,SINGLETON,NSW,2330,-32.56414,151.1768,,,Tasmania Government LIST Telstra Payphones layer
02657230X1,0265723704,1 GOWRIE ST,SINGLETON,NSW,2330,-32.56745,151.1643,,,Tasmania Government LIST Telstra Payphones layer
02657240X1,0265724815,1 GOWRIE ST,SINGLETON,NSW,2330,-32.56745,151.1643,,,Tasmania Government LIST Telstra Payphones layer
02657203X2,0265722454,21 WENTWORTH AVE,SINGLETON HEIGHTS,NSW,2330,-32.551943,151.158232,,,Tasmania Government LIST Telstra Payphones layer
02657305X2,0265731370,2 WILCOX AVE,SINGLETON HEIGHTS,NSW,2330,-32.547769,151.16329,,,Tasmania Government LIST Telstra Payphones layer
02654102X1,0265414809,22 SOWERBY ST,MUSWELLBROOK,NSW,2333,-32.26254,150.89102,,,Tasmania Government LIST Telstra Payphones layer
02654107X2,0455151916,17 BRIDGE ST,MUSWELLBROOK,NSW,2333,-32.264654,150.88878,,,Tasmania Government LIST Telstra Payphones layer
02654310X2,0436025181,29 MAITLAND ST,MUSWELLBROOK,NSW,2333,-32.26999,150.88829,,,Tasmania Government LIST Telstra Payphones layer
02654310X7,0265431535,2 MARKET ST,MUSWELLBROOK,NSW,2333,-32.267414,150.890382,,,Tasmania Government LIST Telstra Payphones layer
02654311X7,0265431810,188 SYDNEY RD,MUSWELLBROOK,NSW,2333,-32.276285,150.874382,,,Tasmania Government LIST Telstra Payphones layer
02654313X2,0265431054,49 SYDNEY ST,MUSWELLBROOK,NSW,2333,-32.268167,150.88647,,,Tasmania Government LIST Telstra Payphones layer
02654314X2,0455101109,25 BRENTWOOD ST,MUSWELLBROOK,NSW,2333,-32.26526,150.899646,,,Tasmania Government LIST Telstra Payphones layer
02654319X2,0265431454,68 SOWERBY ST,MUSWELLBROOK,NSW,2333,-32.255819,150.892696,,,Tasmania Government LIST Telstra Payphones layer
02654320X2,0265432921,53 BROOK ST,MUSWELLBROOK,NSW,2333,-32.26345,150.88906,,,Tasmania Government LIST Telstra Payphones layer
02654745X7,0265474506,1623 MAIN RD,SANDY HOLLOW,NSW,2333,-32.33462,150.56594,,,Tasmania Government LIST Telstra Payphones layer
02493871X2,0249387207,61 HIGH ST,GRETA,NSW,2334,-32.677053,151.388971,,,Tasmania Government LIST Telstra Payphones layer
02493811X2,0249381500,56 MAITLAND RD,BRANXTON,NSW,2335,-32.656056,151.352574,,,Tasmania Government LIST Telstra Payphones layer
02654370X2,0265437304,172 MACQUEEN ST,ABERDEEN,NSW,2336,-32.173179,150.89057,,,Tasmania Government LIST Telstra Payphones layer
02654371X2,0265437305,21 MORAY ST,ABERDEEN,NSW,2336,-32.163744,150.890032,,,Tasmania Government LIST Telstra Payphones layer
02654360X2,0265436209,2510 ROUCHEL RD,UPPER ROUCHEL,NSW,2336,-32.122293,151.090541,,,Tasmania Government LIST Telstra Payphones layer
02654541X2,0265454110,27 HIGH ST,BUNNAN,NSW,2337,-32.039394,150.590129,,,Tasmania Government LIST Telstra Payphones layer
02654372X2,0265437109,GLENBAWN RD,GLENBAWN,NSW,2337,-32.107824,150.990088,,,Tasmania Government LIST Telstra Payphones layer
02654580X2,0265458110,5 RILEY ST,GUNDY,NSW,2337,-32.014079,150.996315,,,Tasmania Government LIST Telstra Payphones layer
02654630X2,0265463100,1 MITCHELL ST,MOONAN FLAT,NSW,2337,-31.925871,151.237932,,,Tasmania Government LIST Telstra Payphones layer
02654511X2,0265451432,111 LIVERPOOL ST,SCONE,NSW,2337,-32.05072,150.866856,,,Tasmania Government LIST Telstra Payphones layer
02654513X2,0265451610,24 STAFFORD ST,SCONE,NSW,2337,-32.051928,150.876256,,,Tasmania Government LIST Telstra Payphones layer
02654520X2,0265452232,2 TOWARRI ST,SCONE,NSW,2337,-32.045185,150.84697,,,Tasmania Government LIST Telstra Payphones layer
02654521X2,0265452509,SUSAN ST,SCONE,NSW,2337,-32.046514,150.867901,,,Tasmania Government LIST Telstra Payphones layer
02654503X2,0265450376,33 NEW ENGLAND HWY,WINGEN,NSW,2337,-31.88803,150.880171,,,Tasmania Government LIST Telstra Payphones layer
02654662X2,0265466108,1 MOORE ST,BLANDFORD,NSW,2338,-31.78376,150.895921,,,Tasmania Government LIST Telstra Payphones layer
02654661X2,0265466203,89 MAYNE ST,MURRURUNDI,NSW,2338,-31.764561,150.836484,,,Tasmania Government LIST Telstra Payphones layer
02674713X7,0267471305,24 NEW ENGLAND HWY,WILLOW TREE,NSW,2339,-31.64834,150.72642,,,Tasmania Government LIST Telstra Payphones layer
02676501X2,0267657321,92 CALALA LA,CALALA,NSW,2340,-31.128705,150.943766,,,Tasmania Government LIST Telstra Payphones layer
02674317X2,0267431794,76 OXLEY HWY,CARROLL,NSW,2340,-30.985686,150.445945,,,Tasmania Government LIST Telstra Payphones layer
02676940X2,0267694200,1745 TAMWORTH-NUNDLE RD,DUNGOWAN,NSW,2340,-31.21428,151.11904,,,Tasmania Government LIST Telstra Payphones layer
02676631X2,0267669906,73 UPPER ST,EAST TAMWORTH,NSW,2340,-31.08564,150.93459,,,Tasmania Government LIST Telstra Payphones layer
02676632X2,0267669931,513 ARMIDALE RD,EAST TAMWORTH,NSW,2340,-31.10828,150.95422,,,Tasmania Government LIST Telstra Payphones layer
02676936X2,0267693687,BARRY STATION RD,HANGING ROCK,NSW,2340,-31.48833,151.19294,,,Tasmania Government LIST Telstra Payphones layer
02676216X2,0267627591,383 GOONOO GOONOO RD,HILLVUE,NSW,2340,-31.125177,150.923855,,,Tasmania Government LIST Telstra Payphones layer
02676970X1,0267697610,KEEPIT DAM RD,KEEPIT,NSW,2340,-30.89298,150.502061,,,Tasmania Government LIST Telstra Payphones layer
02676090X2,0267609102,48 SOMERSET PL,NEMINGHA,NSW,2340,-31.123821,150.983844,,,Tasmania Government LIST Telstra Payphones layer
02676170X2,0267617451,51 PEEL ST,NORTH TAMWORTH,NSW,2340,-31.073543,150.912867,,,Tasmania Government LIST Telstra Payphones layer
02676603X1,0267663282,31 DEAN ST,NORTH TAMWORTH,NSW,2340,-31.074,150.92401,,,Tasmania Government LIST Telstra Payphones layer
02676604X1,0267663493,31 DEAN ST,NORTH TAMWORTH,NSW,2340,-31.07378,150.92442,,,Tasmania Government LIST Telstra Payphones layer
02676932X7,0267693209,29 OAKENVILLE ST,NUNDLE,NSW,2340,-31.460667,151.127717,,,Tasmania Government LIST Telstra Payphones layer
02676172X2,0267617492,172 MANILLA RD,OXLEY VALE,NSW,2340,-31.058717,150.896667,,,Tasmania Government LIST Telstra Payphones layer
02676970X2,0267697541,1 OXLEY HWY,SOMERTON,NSW,2340,-30.937478,150.635081,,,Tasmania Government LIST Telstra Payphones layer
02676207X2,0267620305,1 ROBINA ST,SOUTH TAMWORTH,NSW,2340,-31.11492,150.92367,,,Tasmania Government LIST Telstra Payphones layer
02676217X2,0267620312,66 DURI RD,SOUTH TAMWORTH,NSW,2340,-31.108263,150.89933,,,Tasmania Government LIST Telstra Payphones layer
02676222X2,0267620308,4 KATHLEEN ST,SOUTH TAMWORTH,NSW,2340,-31.10416,150.91845,,,Tasmania Government LIST Telstra Payphones layer
02676500X2,0448326532,3 HILLVUE RD,SOUTH TAMWORTH,NSW,2340,-31.110491,150.915409,,,Tasmania Government LIST Telstra Payphones layer
02676507X2,0455749751,80 ROBERT ST,SOUTH TAMWORTH,NSW,2340,-31.108823,150.908342,,,Tasmania Government LIST Telstra Payphones layer
02676508X2,0267658723,6 THIBAULT ST,SOUTH TAMWORTH,NSW,2340,-31.107849,150.923338,,,Tasmania Government LIST Telstra Payphones layer
02676609X1,0267668051,341 PEEL ST,TAMWORTH,NSW,2340,-31.090933,150.929412,,,Tasmania Government LIST Telstra Payphones layer
02676615X2,0267662597,479 PEEL ST,TAMWORTH,NSW,2340,-31.093186,150.931964,,,Tasmania Government LIST Telstra Payphones layer
02676618X2,0436362966,146 MARIUS ST,TAMWORTH,NSW,2340,-31.0873,150.93059,,,Tasmania Government LIST Telstra Payphones layer
02676626X2,0429620866,276 PEEL ST,TAMWORTH,NSW,2340,-31.088694,150.928074,,,Tasmania Government LIST Telstra Payphones layer
02676630X2,0267669341,23 FITZROY ST,TAMWORTH,NSW,2340,-31.091582,150.93129,,,Tasmania Government LIST Telstra Payphones layer
02676219X2,0267620309,DENISON ST,WEST TAMWORTH,NSW,2340,-31.093409,150.917651,,,Tasmania Government LIST Telstra Payphones layer
02676500Y2,0436375717,123 WARRAL RD,WEST TAMWORTH,NSW,2340,-31.109811,150.897108,,,Tasmania Government LIST Telstra Payphones layer
02676519X2,0267657509,62 BRIDGE ST,WEST TAMWORTH,NSW,2340,-31.09255,150.92149,,,Tasmania Government LIST Telstra Payphones layer
02676070X1,0267607548,42 SHAND CCT,WESTDALE,NSW,2340,-31.084171,150.848396,,,Tasmania Government LIST Telstra Payphones layer
02676150X2,0267615126,2 EVANS ST,WESTDALE,NSW,2340,-31.09539,150.87783,,,Tasmania Government LIST Telstra Payphones layer
02676420X2,0267642201,69 NUNDLE ST,WOOLOMIN,NSW,2340,-31.30465,151.14981,,,Tasmania Government LIST Telstra Payphones layer
02676871X2,0267687602,50 SINGLE ST,WERRIS CREEK,NSW,2341,-31.34893,150.64728,,,Tasmania Government LIST Telstra Payphones layer
02676875X2,0267687406,1 KURRARA ST,WERRIS CREEK,NSW,2341,-31.35881,150.64567,,,Tasmania Government LIST Telstra Payphones layer
02676890X2,0267689104,4 DAVIS ST,CURRABUBULA,NSW,2342,-31.263682,150.732634,,,Tasmania Government LIST Telstra Payphones layer
02674740X2,0267474005,24 YARRAMAN ST,BLACKVILLE,NSW,2343,-31.640338,150.235445,,,Tasmania Government LIST Telstra Payphones layer
02674747X2,0267474701,2 MOOKI RD,CAROONA,NSW,2343,-31.406962,150.426207,,,Tasmania Government LIST Telstra Payphones layer
02674747X7,0267474702,CAROONA MISSION RD,CAROONA,NSW,2343,-31.394285,150.418815,,,Tasmania Government LIST Telstra Payphones layer
02674610X2,0267461201,LODER ST,QUIRINDI,NSW,2343,-31.51739,150.67573,,,Tasmania Government LIST Telstra Payphones layer
02674613X2,0267461701,96 HENRY ST,QUIRINDI,NSW,2343,-31.508207,150.679733,,,Tasmania Government LIST Telstra Payphones layer
02674614X2,0267461801,RAILWAY SQ,QUIRINDI,NSW,2343,-31.505304,150.680908,,,Tasmania Government LIST Telstra Payphones layer
02674619X2,0267461901,2 PERKINS ST,QUIRINDI,NSW,2343,-31.495532,150.681767,,,Tasmania Government LIST Telstra Payphones layer
02674730X2,0267473801,DARBY RD,SPRING RIDGE,NSW,2343,-31.394907,150.247937,,,Tasmania Government LIST Telstra Payphones layer
02674650X2,0267465541,38 COACH ST,WALLABADAH,NSW,2343,-31.540319,150.830136,,,Tasmania Government LIST Telstra Payphones layer
02676800X2,0267680201,13 RAILWAY AVE,DURI,NSW,2344,-31.217281,150.818761,,,Tasmania Government LIST Telstra Payphones layer
02676950X2,0267695696,5 FOSSIKERS WAY,ATTUNGA,NSW,2345,-30.92895,150.845991,,,Tasmania Government LIST Telstra Payphones layer
02678511X2,0267851101,164 MANILLA ST,MANILLA,NSW,2346,-30.74758,150.72006,,,Tasmania Government LIST Telstra Payphones layer
02678512X2,0267851602,72 ARTHUR ST,MANILLA,NSW,2346,-30.74875,150.72488,,,Tasmania Government LIST Telstra Payphones layer
02678513X2,0428454347,1 SKI GARDENS RD,RUSHES CREEK,NSW,2346,-30.800961,150.565813,,,Tasmania Government LIST Telstra Payphones layer
02678211X2,0267821100,20 QUEEN ST,BARRABA,NSW,2347,-30.386261,150.609179,,,Tasmania Government LIST Telstra Payphones layer
02678212X2,0267821101,125 QUEEN ST,BARRABA,NSW,2347,-30.378477,150.610689,,,Tasmania Government LIST Telstra Payphones layer
02678271X2,0267827201,21 COBBADAH ST,UPPER HORTON,NSW,2347,-30.1407,150.445314,,,Tasmania Government LIST Telstra Payphones layer
02677103X2,0267714982,118 BEARDY ST,ARMIDALE,NSW,2350,-30.514068,151.668482,,,Tasmania Government LIST Telstra Payphones layer
02677108X1,0267712083,195 BEARDY ST,ARMIDALE,NSW,2350,-30.511852,151.665305,,,Tasmania Government LIST Telstra Payphones layer
02677112X2,0267714001,17 ERSKINE ST,ARMIDALE,NSW,2350,-30.506365,151.685013,,,Tasmania Government LIST Telstra Payphones layer
02677120X2,0267712137,8 QUEEN ELIZABETH DRV,ARMIDALE,NSW,2350,-30.503363,151.651303,,,Tasmania Government LIST Telstra Payphones layer
02677206X2,0267728121,298 BEARDY ST,ARMIDALE,NSW,2350,-30.509896,151.653363,,,Tasmania Government LIST Telstra Payphones layer
02677218X2,0448760732,117 JESSIE ST,ARMIDALE,NSW,2350,-30.512961,151.663505,,,Tasmania Government LIST Telstra Payphones layer
02677222X2,0267721387,162 BEARDY ST,ARMIDALE,NSW,2350,-30.513461,151.666841,,,Tasmania Government LIST Telstra Payphones layer
02677225X2,0267721548,129 MARSH ST,ARMIDALE,NSW,2350,-30.515805,151.668478,,,Tasmania Government LIST Telstra Payphones layer
02677229X2,0436345347,142 MARKHAM ST,ARMIDALE,NSW,2350,-30.516432,151.657222,,,Tasmania Government LIST Telstra Payphones layer
02677234X2,0436298765,194 BEARDY ST,ARMIDALE,NSW,2350,-30.51325,151.66559,,,Tasmania Government LIST Telstra Payphones layer
02677237X2,0267728026,104 MANN ST,ARMIDALE,NSW,2350,-30.521333,151.666369,,,Tasmania Government LIST Telstra Payphones layer
02677246X2,0428025282,129 RUSDEN ST,ARMIDALE,NSW,2350,-30.514779,151.666052,,,Tasmania Government LIST Telstra Payphones layer
02677248X2,0267714736,RING RD,ARMIDALE,NSW,2350,-30.485635,151.644622,,,Tasmania Government LIST Telstra Payphones layer
02677250X2,0267729120,226 RUSDEN ST,ARMIDALE,NSW,2350,-30.51241,151.65513,,,Tasmania Government LIST Telstra Payphones layer
02677251X2,0267729140,184 MOSSMAN ST,ARMIDALE,NSW,2350,-30.519907,151.653825,,,Tasmania Government LIST Telstra Payphones layer
02677255X2,0267721054,194 CANAMBE ST,ARMIDALE,NSW,2350,-30.52518,151.677422,,,Tasmania Government LIST Telstra Payphones layer
02677811X2,0267781110,93 BRACKIN ST,HILLGROVE,NSW,2350,-30.569832,151.904698,,,Tasmania Government LIST Telstra Payphones layer
02677520X2,0267752053,171 INVERGOWRIE RD,INVERGOWRIE,NSW,2350,-30.519783,151.528326,,,Tasmania Government LIST Telstra Payphones layer
02677813X7,0267781309,82 WOOLLOMOMBI RD,WOLLOMOMBI,NSW,2350,-30.511195,152.045254,,,Tasmania Government LIST Telstra Payphones layer
02676033X2,0267603241,2 IRVINE ST,KOOTINGAL,NSW,2352,-31.056245,151.054384,,,Tasmania Government LIST Telstra Payphones layer
02676030X2,0267603101,12 PARK AVE,MOONBI,NSW,2353,-31.01909,151.069863,,,Tasmania Government LIST Telstra Payphones layer
02677872X2,0267787239,38 NOALIMBA AVE,KENTUCKY,NSW,2354,-30.760972,151.449651,,,Tasmania Government LIST Telstra Payphones layer
02676921X2,0267692241,25 HEALY ST,NIANGALA,NSW,2354,-31.2955,151.406592,,,Tasmania Government LIST Telstra Payphones layer
02677700X2,0267770901,68 TOPS RD,NOWENDOC,NSW,2354,-31.51328,151.7179,,,Tasmania Government LIST Telstra Payphones layer
02677710X2,0267771081,113 MIDDLE ST,WALCHA,NSW,2354,-30.979958,151.599215,,,Tasmania Government LIST Telstra Payphones layer
02677711X2,0267771082,108 FITZROY ST,WALCHA,NSW,2354,-30.984263,151.587514,,,Tasmania Government LIST Telstra Payphones layer
02677712X2,0267771083,66 FITZROY ST,WALCHA,NSW,2354,-30.985923,151.597391,,,Tasmania Government LIST Telstra Payphones layer
02677720X2,0267772098,48 DERBY ST,WALCHA,NSW,2354,-30.98351,151.59379,,,Tasmania Government LIST Telstra Payphones layer
02677751X2,0267775841,9 MIDDLE ST,WALCHA ROAD,NSW,2354,-30.944152,151.404302,,,Tasmania Government LIST Telstra Payphones layer
02677750X2,0267775802,18 SINGH ST,WOOLBROOK,NSW,2354,-30.968345,151.344973,,,Tasmania Government LIST Telstra Payphones layer
02677771X2,0267777584,11610 OXLEY HWY,YARROWITCH,NSW,2354,-31.23277,151.92853,,,Tasmania Government LIST Telstra Payphones layer
02676960X2,0267696591,19 HAVANNAH ST,BENDEMEER,NSW,2355,-30.880488,151.158316,,,Tasmania Government LIST Telstra Payphones layer
02676400X2,0267640110,2433 WATSONS CREEK RD,WATSONS CREEK,NSW,2355,-30.73402,151.051283,,,Tasmania Government LIST Telstra Payphones layer
02684362X2,0268436200,4 ANZAC PDE,GWABEGAR,NSW,2356,-30.60915,148.97194,,,Tasmania Government LIST Telstra Payphones layer
02684210X2,0268421054,9 ANNE ST,COONABARABRAN,NSW,2357,-31.273583,149.271205,,,Tasmania Government LIST Telstra Payphones layer
02684215X2,0268421565,13 NEWELL HWY,COONABARABRAN,NSW,2357,-31.278007,149.279044,,,Tasmania Government LIST Telstra Payphones layer
02684216X2,0268421655,71 JOHN ST,COONABARABRAN,NSW,2357,-31.274158,149.277727,,,Tasmania Government LIST Telstra Payphones layer
02684290X2,0268429110,OXLEY HWY,ROCKY GLEN,NSW,2357,-31.11671,149.57327,,,Tasmania Government LIST Telstra Payphones layer
02684278X2,0268427810,ULAMAMBRI ST,ULAMAMBRI,NSW,2357,-31.331064,149.391655,,,Tasmania Government LIST Telstra Payphones layer
02677890X2,0267789110,4319 KINGSTOWN RD,KINGSTOWN,NSW,2358,-30.507511,151.114093,,,Tasmania Government LIST Telstra Payphones layer
02677843X2,0267784001,365 THUNDERBOLTS WAY,ROCKY RIVER,NSW,2358,-30.611611,151.489228,,,Tasmania Government LIST Telstra Payphones layer
02677841X2,0267784421,15 HILL ST,URALLA,NSW,2358,-30.642139,151.502193,,,Tasmania Government LIST Telstra Payphones layer
02677842X2,0267784601,55 BRIDGE ST,URALLA,NSW,2358,-30.642065,151.499323,,,Tasmania Government LIST Telstra Payphones layer
02672371X2,0267237452,18 BENDEMEER ST,BUNDARRA,NSW,2359,-30.17092,151.07593,,,Tasmania Government LIST Telstra Payphones layer
02672362X9,0267236204,3485 COPETON DAM RD,COPETON,NSW,2360,-29.922601,150.938308,,,Tasmania Government LIST Telstra Payphones layer
02672323X2,0267232307,1149 ELSMORE-PARADISE RD,ELSMORE,NSW,2360,-29.802858,151.274676,,,Tasmania Government LIST Telstra Payphones layer
02672310X2,0267231357,34 MARSH ST,GILGAI,NSW,2360,-29.853693,151.117354,,,Tasmania Government LIST Telstra Payphones layer
02672560X2,0267256405,DELUNGRA RD,GRAMAN,NSW,2360,-29.469458,150.928185,,,Tasmania Government LIST Telstra Payphones layer
02672102X2,0267210296,45 OTHO ST,INVERELL,NSW,2360,-29.77483,151.112072,,,Tasmania Government LIST Telstra Payphones layer
02672104X2,0448219023,58 WARATAH ST,INVERELL,NSW,2360,-35.78141,150.231944,,,Tasmania Government LIST Telstra Payphones layer
02672203X2,0267221632,80 GLEN INNES RD,INVERELL,NSW,2360,-29.780644,151.127026,,,Tasmania Government LIST Telstra Payphones layer
02672205X2,0267222232,2 MEDORA ST,INVERELL,NSW,2360,-29.782844,151.118679,,,Tasmania Government LIST Telstra Payphones layer
02672206X2,0267222698,2 SWAN ST,INVERELL,NSW,2360,-29.773856,151.098782,,,Tasmania Government LIST Telstra Payphones layer
02672207X2,0267222832,8 WADE ST,INVERELL,NSW,2360,-29.768272,151.105633,,,Tasmania Government LIST Telstra Payphones layer
02672208X2,0267222909,100 BYRON ST,INVERELL,NSW,2360,-29.772871,151.112199,,,Tasmania Government LIST Telstra Payphones layer
02672209X2,0267223121,97 OTHO ST,INVERELL,NSW,2360,-29.77599,151.11316,,,Tasmania Government LIST Telstra Payphones layer
02672210X2,0267223365,142 BYRON ST,INVERELL,NSW,2360,-29.772214,151.113359,,,Tasmania Government LIST Telstra Payphones layer
02672217X2,0267221098,6 WARIALDA RD,INVERELL,NSW,2360,-29.774953,151.106184,,,Tasmania Government LIST Telstra Payphones layer
02672511X2,0267251501,1189 NULLAMANNA RD,NULLAMANNA,NSW,2360,-29.653065,151.213861,,,Tasmania Government LIST Telstra Payphones layer
02672542X2,0267254207,32 ALBURY ST,ASHFORD,NSW,2361,-29.322429,151.095325,,,Tasmania Government LIST Telstra Payphones layer
02673320X2,0267332100,MOREDUN RD,BEN LOMOND,NSW,2365,-30.020307,151.658277,,,Tasmania Government LIST Telstra Payphones layer
02673331X2,0436289666,29 CAMP ST,GLENCOE,NSW,2365,-29.925752,151.724393,,,Tasmania Government LIST Telstra Payphones layer
02677910X2,0267791307,154 BRADLEY ST,GUYRA,NSW,2365,-30.220502,151.671495,,,Tasmania Government LIST Telstra Payphones layer
02677911X2,0267791508,2 MOORE ST,GUYRA,NSW,2365,-30.217975,151.67162,,,Tasmania Government LIST Telstra Payphones layer
02677914X2,0267791507,5232 NEW ENGLAND HWY,LLANGOTHLIN,NSW,2365,-30.128891,151.684694,,,Tasmania Government LIST Telstra Payphones layer
02672323X7,0267232309,737 OLD MILL RD,STANNIFER,NSW,2369,-29.880476,151.217248,,,Tasmania Government LIST Telstra Payphones layer
02672332X2,0267233201,29 RUBY ST,TINGHA,NSW,2369,-29.955347,151.212083,,,Tasmania Government LIST Telstra Payphones layer
02672335X2,0448582242,29 RUBY ST,TINGHA,NSW,2369,-29.955347,151.212083,,,Tasmania Government LIST Telstra Payphones layer
02664346X2,0266433047,GWYDIR HWY,GIBRALTAR RANGE,NSW,2370,-29.513957,152.312986,,,Tasmania Government LIST Telstra Payphones layer
02673205X2,0267325039,133 BOURKE ST,GLEN INNES,NSW,2370,-29.739283,151.735155,,,Tasmania Government LIST Telstra Payphones layer
02673210X2,0267321232,110 MEADE ST,GLEN INNES,NSW,2370,-29.736967,151.736469,,,Tasmania Government LIST Telstra Payphones layer
02673212X2,0267321343,176 FERGUSON ST,GLEN INNES,NSW,2370,-29.733917,151.726826,,,Tasmania Government LIST Telstra Payphones layer
02673215X2,0267321709,15 CHURCH ST,GLEN INNES,NSW,2370,-29.751602,151.735762,,,Tasmania Government LIST Telstra Payphones layer
02673218X2,0267323143,28 WALTER ST,GLEN INNES,NSW,2370,-29.742609,151.740272,,,Tasmania Government LIST Telstra Payphones layer
02673422X2,0267342241,GRAFTON ST,RED RANGE,NSW,2370,-29.774157,151.898085,,,Tasmania Government LIST Telstra Payphones layer
02673450X2,0267345309,45 TENTERFIELD ST,DEEPWATER,NSW,2371,-29.440031,151.846444,,,Tasmania Government LIST Telstra Payphones layer
02673470X2,0267347200,3 POST OFFICE ST,EMMAVILLE,NSW,2371,-29.444306,151.598569,,,Tasmania Government LIST Telstra Payphones layer
02673460X2,0267346200,2729 TORRINGTON RD,TORRINGTON,NSW,2371,-29.31122,151.696842,,,Tasmania Government LIST Telstra Payphones layer
02673602X2,0267361121,231 ROUSE ST,TENTERFIELD,NSW,2372,-29.054906,152.018973,,,Tasmania Government LIST Telstra Payphones layer
02673604X2,0267361587,43 HIGH ST,TENTERFIELD,NSW,2372,-29.052353,152.011116,,,Tasmania Government LIST Telstra Payphones layer
02673605X2,0267361987,359 ROUSE ST,TENTERFIELD,NSW,2372,-29.051091,152.019683,,,Tasmania Government LIST Telstra Payphones layer
02673606X2,0267362189,195 HIGH ST,TENTERFIELD,NSW,2372,-29.054594,152.026586,,,Tasmania Government LIST Telstra Payphones layer
02674378X2,0267437816,47 NOMBI ST,MULLALEY,NSW,2379,-31.09747,149.91154,,,Tasmania Government LIST Telstra Payphones layer
02674203X2,0267426095,21 MARQUIS ST,GUNNEDAH,NSW,2380,-30.98314,150.251869,,,Tasmania Government LIST Telstra Payphones layer
02674205X2,0267424331,179 CONADILLY ST,GUNNEDAH,NSW,2380,-30.97746,150.25225,,,Tasmania Government LIST Telstra Payphones layer
02674206X2,0267421632,58 STOCK RD,GUNNEDAH,NSW,2380,-30.989661,150.245452,,,Tasmania Government LIST Telstra Payphones layer
02674209X2,0267421709,58 HIGH ST,GUNNEDAH,NSW,2380,-30.988657,150.237973,,,Tasmania Government LIST Telstra Payphones layer
02674211X2,0267421509,4 GOODWIN RD,GUNNEDAH,NSW,2380,-30.992885,150.254237,,,Tasmania Government LIST Telstra Payphones layer
02674213X2,0267421098,310 CONADILLY ST,GUNNEDAH,NSW,2380,-30.978761,150.255948,,,Tasmania Government LIST Telstra Payphones layer
02674215X2,0267421232,382 CONADILLY ST,GUNNEDAH,NSW,2380,-30.981937,150.260185,,,Tasmania Government LIST Telstra Payphones layer
02674216X2,0267421309,27 GEORGE ST,GUNNEDAH,NSW,2380,-30.987231,150.241668,,,Tasmania Government LIST Telstra Payphones layer
02674221X2,0267421498,57 CONADILLY ST,GUNNEDAH,NSW,2380,-30.974691,150.246589,,,Tasmania Government LIST Telstra Payphones layer
02674222X2,0267421565,45 HENRY ST,GUNNEDAH,NSW,2380,-30.978204,150.260866,,,Tasmania Government LIST Telstra Payphones layer
02674224X2,0267422309,9 BANDO ST,GUNNEDAH,NSW,2380,-30.992982,150.234655,,,Tasmania Government LIST Telstra Payphones layer
02674227X2,0267425173,144 CONADILLY ST,GUNNEDAH,NSW,2380,-30.976516,150.251335,,,Tasmania Government LIST Telstra Payphones layer
02674228X2,0267425312,72 HUNTER ST,GUNNEDAH,NSW,2380,-30.984948,150.249323,,,Tasmania Government LIST Telstra Payphones layer
02674457X2,0267445705,KAMILAROI HWY,BREEZA,NSW,2381,-31.24686,150.46351,,,Tasmania Government LIST Telstra Payphones layer
02674412X2,0267441205,7 GORAN ST,CURLEWIS,NSW,2381,-31.11646,150.26846,,,Tasmania Government LIST Telstra Payphones layer
02674420X2,0267442009,PREMER AVE,PREMER,NSW,2381,-31.457006,149.900696,,,Tasmania Government LIST Telstra Payphones layer
02674423X2,0267442301,67 COOLAH RD,TAMBAR SPRINGS,NSW,2381,-31.345629,149.829323,,,Tasmania Government LIST Telstra Payphones layer
02674341X2,0267434508,90 MERTON ST,BOGGABRI,NSW,2382,-30.70518,150.04379,,,Tasmania Government LIST Telstra Payphones layer
02679612X2,0267961231,1 WATERLOO ST,BURREN JUNCTION,NSW,2386,-30.105089,148.965568,,,Tasmania Government LIST Telstra Payphones layer
02679652X2,0267965101,ROWENA ST,ROWENA,NSW,2387,-29.814403,148.910571,,,Tasmania Government LIST Telstra Payphones layer
02679642X2,0267964303,NEW ST,PILLIGA,NSW,2388,-30.351408,148.885141,,,Tasmania Government LIST Telstra Payphones layer
02679531X2,0267953147,101 ROSE ST,WEE WAA,NSW,2388,-30.224793,149.444123,,,Tasmania Government LIST Telstra Payphones layer
02679541X2,0267954304,101 ROSE ST,WEE WAA,NSW,2388,-30.22483,149.44415,,,Tasmania Government LIST Telstra Payphones layer
02679447X7,0267944742,21 BIBIL ST,BAAN BAA,NSW,2390,-30.597823,149.952408,,,Tasmania Government LIST Telstra Payphones layer
02679207X2,0267922232,26 MOOLOOBAR ST,NARRABRI,NSW,2390,-30.340229,149.754927,,,Tasmania Government LIST Telstra Payphones layer
02679209X2,0267923143,87 MAITLAND ST,NARRABRI,NSW,2390,-30.326609,149.783742,,,Tasmania Government LIST Telstra Payphones layer
02679211X2,0267924161,56 MAITLAND ST,NARRABRI,NSW,2390,-30.328718,149.785158,,,Tasmania Government LIST Telstra Payphones layer
02679212X2,0267921032,140 MAITLAND ST,NARRABRI,NSW,2390,-30.324931,149.783031,,,Tasmania Government LIST Telstra Payphones layer
02679222X2,0267922721,41 HINDS ST,NARRABRI,NSW,2390,-30.33814,149.77793,,,Tasmania Government LIST Telstra Payphones layer
02679223X2,0267924247,31 COOMA RD,NARRABRI,NSW,2390,-30.339576,149.76616,,,Tasmania Government LIST Telstra Payphones layer
02684410X2,0268441400,30 RENSHAW ST,BINNAWAY,NSW,2395,-31.552793,149.378733,,,Tasmania Government LIST Telstra Payphones layer
02684310X2,0268431600,34 NARREN ST,BARADINE,NSW,2396,-30.949466,149.069255,,,Tasmania Government LIST Telstra Payphones layer
02684311X2,0268431800,25 DARLING ST,BARADINE,NSW,2396,-30.948953,149.066763,,,Tasmania Government LIST Telstra Payphones layer
02684367X2,0268436710,22 GWABEGAR RD,KENEBRI,NSW,2396,-30.779829,149.023626,,,Tasmania Government LIST Telstra Payphones layer
02679375X2,0267937506,28 RAILWAY PDE,BELLATA,NSW,2397,-29.918196,149.79131,,,Tasmania Government LIST Telstra Payphones layer
02675490X2,0267549514,51 BINGERA ST,PALLAMALLAWA,NSW,2399,-29.474917,150.13652,,,Tasmania Government LIST Telstra Payphones layer
02675420X2,0267542110,49 BOOLOOROO ST,ASHLEY,NSW,2400,-29.31643,149.806693,,,Tasmania Government LIST Telstra Payphones layer
02675101X2,0267511291,70 BALO ST,MOREE,NSW,2400,-29.463802,149.841689,,,Tasmania Government LIST Telstra Payphones layer
02675110X1,0267511635,85 BALO ST,MOREE,NSW,2400,-29.460997,149.841274,,,Tasmania Government LIST Telstra Payphones layer
02675211X2,0267521521,35 ALICE ST,MOREE,NSW,2400,-29.47083,149.8402,,,Tasmania Government LIST Telstra Payphones layer
02675221X7,0428269543,301 GOSPORT ST,MOREE,NSW,2400,-29.473239,149.847478,,,Tasmania Government LIST Telstra Payphones layer
02675223X7,0267522254,390 FROME ST,MOREE,NSW,2400,-29.476824,149.843138,,,Tasmania Government LIST Telstra Payphones layer
02675224X7,0267522329,407 FROME ST,MOREE,NSW,2400,-29.480923,149.845147,,,Tasmania Government LIST Telstra Payphones layer
02675229X2,0267522032,28 HEBER ST,MOREE,NSW,2400,-29.463042,149.842465,,,Tasmania Government LIST Telstra Payphones layer
02675270X1,0267527894,AMAROO DRV,MOREE,NSW,2400,-29.485811,149.848893,,,Tasmania Government LIST Telstra Payphones layer
02675461X2,0267546114,TERRY HIE HIE RD,TERRY HIE HIE,NSW,2400,-29.790947,150.149952,,,Tasmania Government LIST Telstra Payphones layer
02672971X2,0267297100,35 RAILWAY PDE,GRAVESEND,NSW,2401,-29.583076,150.336224,,,Tasmania Government LIST Telstra Payphones layer
02672990X2,0267299088,16 WARIALDA RD,COOLATAI,NSW,2402,-29.25226,150.750726,,,Tasmania Government LIST Telstra Payphones layer
02672914X2,0267291008,85 HOPE ST,WARIALDA,NSW,2402,-29.541158,150.575506,,,Tasmania Government LIST Telstra Payphones layer
02672915X2,0267291516,63 ALLAN CUNNINGHAM RD,WARIALDA,NSW,2402,-29.58121,150.53696,,,Tasmania Government LIST Telstra Payphones layer
02672916X2,0267291204,GEDDES ST,WARIALDA,NSW,2402,-29.542554,150.569265,,,Tasmania Government LIST Telstra Payphones layer
02672480X2,0267248409,30 INVERELL ST,DELUNGRA,NSW,2403,-29.653952,150.829264,,,Tasmania Government LIST Telstra Payphones layer
02672418X2,0267241503,17 MAITLAND ST,BINGARA,NSW,2404,-29.867284,150.571435,,,Tasmania Government LIST Telstra Payphones layer
02675352X2,0267535305,34 BISHOP ST,BOOMI,NSW,2405,-28.724562,149.579472,,,Tasmania Government LIST Telstra Payphones layer
02675433X2,0267543303,2 BINGERANG ST,GARAH,NSW,2405,-29.074105,149.634563,,,Tasmania Government LIST Telstra Payphones layer
02675320X2,0267532001,51 ST GEORGE ST,MUNGINDI,NSW,2406,-28.977566,148.9969,,,Tasmania Government LIST Telstra Payphones layer
02675323X2,0267532201,161 ST GEORGE ST,MUNGINDI,NSW,2406,-28.97665,148.98887,,,Tasmania Government LIST Telstra Payphones layer
02675370X2,0267537309,62 BALARANG ST,WEEMELAH,NSW,2406,-29.014359,149.254735,,,Tasmania Government LIST Telstra Payphones layer
02675450X2,0267545201,4 BUCKIE RD,CROPPA CREEK,NSW,2411,-29.125062,150.305207,,,Tasmania Government LIST Telstra Payphones layer
02499451X2,0249945008,17 THE BUCKETTS WAY,STROUD ROAD,NSW,2415,-32.345151,151.92962,,,Tasmania Government LIST Telstra Payphones layer
02499204X2,0249923015,169 DOWLING ST,DUNGOG,NSW,2420,-32.402214,151.757634,,,Tasmania Government LIST Telstra Payphones layer
02499205X2,0249923052,129 DOWLING ST,DUNGOG,NSW,2420,-32.403158,151.757451,,,Tasmania Government LIST Telstra Payphones layer
02499207X1,0249923081,BROWN ST,DUNGOG,NSW,2420,-32.402247,151.759387,,,Tasmania Government LIST Telstra Payphones layer
02493851X1,0249385510,58 GRACE AVE,MARTINS CREEK,NSW,2420,-32.558595,151.618515,,,Tasmania Government LIST Telstra Payphones layer
02493850X1,0249385400,9 GEORGE ST,PATERSON,NSW,2421,-32.602391,151.614664,,,Tasmania Government LIST Telstra Payphones layer
02493850X2,0249385409,21 KING ST,PATERSON,NSW,2421,-32.599228,151.618029,,,Tasmania Government LIST Telstra Payphones layer
02493880X2,0249388102,795 GRESFORD RD,VACY,NSW,2421,-32.54155,151.576698,,,Tasmania Government LIST Telstra Payphones layer
02655840X2,0265584200,12 ARGYLE ST,BARRINGTON,NSW,2422,-31.973239,151.911873,,,Tasmania Government LIST Telstra Payphones layer
02655810X2,0265581506,44 CHURCH ST,GLOUCESTER,NSW,2422,-32.006737,151.95856,,,Tasmania Government LIST Telstra Payphones layer
02655811X2,0265581606,11 QUEEN ST,GLOUCESTER,NSW,2422,-32.006175,151.959644,,,Tasmania Government LIST Telstra Payphones layer
02655812X2,0265581906,104 CHURCH ST,GLOUCESTER,NSW,2422,-32.008969,151.958079,,,Tasmania Government LIST Telstra Payphones layer
02655814X2,0265581706,80 RAVENSHAW ST,GLOUCESTER,NSW,2422,-32.012175,151.962288,,,Tasmania Government LIST Telstra Payphones layer
02655820X2,0265582316,BUCKETTS WAY,GLOUCESTER,NSW,2422,-32.02348,151.95367,,,Tasmania Government LIST Telstra Payphones layer
02655880X2,0265588309,31 BRIDGE ST,STRATFORD,NSW,2422,-32.11805,151.93791,,,Tasmania Government LIST Telstra Payphones layer
02499740X2,0249974202,969 BOMBAH POINT RD,BOMBAH POINT,NSW,2423,-32.505385,152.304134,,,Tasmania Government LIST Telstra Payphones layer
02499741X2,0249974400,88 STROUD ST,BULAHDELAH,NSW,2423,-32.412846,152.207538,,,Tasmania Government LIST Telstra Payphones layer
02499743X2,0249974276,73 BULAHDELAH WAY,BULAHDELAH,NSW,2423,-32.409975,152.210828,,,Tasmania Government LIST Telstra Payphones layer
02499762X9,0249976287,2600 THE LAKES WAY,BUNGWAHL,NSW,2423,-32.386977,152.444613,,,Tasmania Government LIST Telstra Payphones layer
02499772X2,0249977101,110 PACIFIC HWY,COOLONGOLOOK,NSW,2423,-32.216888,152.322519,,,Tasmania Government LIST Telstra Payphones layer
02498790X2,0249879247,5 WHIMBREL DRV,NERONG,NSW,2423,-32.511686,152.211021,,,Tasmania Government LIST Telstra Payphones layer
02499761X2,0249976101,2 KINKA RD,SEAL ROCKS,NSW,2423,-32.435451,152.528897,,,Tasmania Government LIST Telstra Payphones layer
02499762X2,0249976284,7 CAMPING RESERVE ST,SEAL ROCKS,NSW,2423,-32.432752,152.524065,,,Tasmania Government LIST Telstra Payphones layer
02655065X2,0265506504,1446 NOWENDOC RD,MT GEORGE,NSW,2424,-31.886075,152.186647,,,Tasmania Government LIST Telstra Payphones layer
02499490X2,0249949200,2282 THE BUCKETTS WAY,BOORAL,NSW,2425,-32.472701,151.959485,,,Tasmania Government LIST Telstra Payphones layer
02499450X2,0249945107,52 COWPER ST,STROUD,NSW,2425,-32.403592,151.96763,,,Tasmania Government LIST Telstra Payphones layer
02655631X2,0265563307,16 MACQUARIE ST,COOPERNOOK,NSW,2426,-31.82504,152.61255,,,Tasmania Government LIST Telstra Payphones layer
02655616X2,0265561845,557 CROWDY ST,CROWDY HEAD,NSW,2427,-31.842915,152.743486,,,Tasmania Government LIST Telstra Payphones layer
02655611X2,0265561400,69 CROWDY ST,HARRINGTON,NSW,2427,-31.870003,152.693797,,,Tasmania Government LIST Telstra Payphones layer
02655612X2,0265561402,89 BEACH ST,HARRINGTON,NSW,2427,-31.872224,152.681938,,,Tasmania Government LIST Telstra Payphones layer
02655613X2,0265561407,3 BEACH ST,HARRINGTON,NSW,2427,-31.872028,152.689588,,,Tasmania Government LIST Telstra Payphones layer
02655404X2,0265540430,209 BOOMERANG DRV,BLUEYS BEACH,NSW,2428,-32.347838,152.535993,,,Tasmania Government LIST Telstra Payphones layer
02655420X2,0265542108,11 MOOROOBA RD,COOMBA PARK,NSW,2428,-32.236633,152.473306,,,Tasmania Government LIST Telstra Payphones layer
02655400X2,0265540200,1 MARIANA AVE,ELIZABETH BEACH,NSW,2428,-32.331057,152.534083,,,Tasmania Government LIST Telstra Payphones layer
02655463X2,0265546632,3 WALLIS ST,FORSTER,NSW,2428,-32.180762,152.512066,,,Tasmania Government LIST Telstra Payphones layer
02655472X2,0265547276,84 LITTLE ST,FORSTER,NSW,2428,-32.18849,152.51155,,,Tasmania Government LIST Telstra Payphones layer
02655482X2,0265548521,13 ALLEN AVE,FORSTER,NSW,2428,-32.214019,152.524339,,,Tasmania Government LIST Telstra Payphones layer
02655506X1,0265555608,19 STRAND ST,FORSTER,NSW,2428,-32.18658,152.52273,,,Tasmania Government LIST Telstra Payphones layer
02655506X2,0265556946,12 LITTLE ST,FORSTER,NSW,2428,-32.182912,152.513038,,,Tasmania Government LIST Telstra Payphones layer
02655513X2,0265558357,44 LITTLE ST,FORSTER,NSW,2428,-32.185501,152.511824,,,Tasmania Government LIST Telstra Payphones layer
02655516X2,0265558873,21 BOUNDARY ST,FORSTER,NSW,2428,-32.186744,152.527867,,,Tasmania Government LIST Telstra Payphones layer
02655526X2,0265556449,3 THE LAKES WAY,FORSTER,NSW,2428,-32.194626,152.514013,,,Tasmania Government LIST Telstra Payphones layer
02655528X2,0265556140,BEACH ST,FORSTER,NSW,2428,-32.178474,152.511803,,,Tasmania Government LIST Telstra Payphones layer
02655523X2,0265558039,111 GREEN POINT DRV,GREEN POINT,NSW,2428,-32.251501,152.519264,,,Tasmania Government LIST Telstra Payphones layer
02655440X2,0265544009,4 THIRD RIDGE RD,SMITHS LAKE,NSW,2428,-32.381169,152.501501,,,Tasmania Government LIST Telstra Payphones layer
02655401X2,0265540301,4451 THE LAKES WAY,TIONA,NSW,2428,-32.30435,152.520334,,,Tasmania Government LIST Telstra Payphones layer
02655474X2,0419637124,2 SOUTH ST,TUNCURRY,NSW,2428,-32.17474,152.49881,,,Tasmania Government LIST Telstra Payphones layer
02655477X2,0265547876,144 MANNING ST,TUNCURRY,NSW,2428,-32.169321,152.497612,,,Tasmania Government LIST Telstra Payphones layer
02655484X2,0265548587,11 MANNING ST,TUNCURRY,NSW,2428,-32.176166,152.500236,,,Tasmania Government LIST Telstra Payphones layer
02655514X2,0265558827,5 POINT RD,TUNCURRY,NSW,2428,-32.180013,152.500278,,,Tasmania Government LIST Telstra Payphones layer
02655518X2,0265558812,10 TAREE ST,TUNCURRY,NSW,2428,-32.179073,152.498541,,,Tasmania Government LIST Telstra Payphones layer
02655041X2,0265504100,32 MAIN ST,COMBOYNE,NSW,2429,-31.605769,152.468412,,,Tasmania Government LIST Telstra Payphones layer
02655045X2,0265504510,142 GLENWARRIN RD,ELANDS,NSW,2429,-31.621123,152.292036,,,Tasmania Government LIST Telstra Payphones layer
02655912X2,0265591204,3736 THE BUCKETTS WAY,KRAMBACH,NSW,2429,-32.051652,152.260215,,,Tasmania Government LIST Telstra Payphones layer
02655300X2,0265530851,14 ISABELLA ST,WINGHAM,NSW,2429,-31.86896,152.372866,,,Tasmania Government LIST Telstra Payphones layer
02655346X2,0265534787,9 ALLEN ST,WINGHAM,NSW,2429,-31.866583,152.366784,,,Tasmania Government LIST Telstra Payphones layer
02655347X2,0265534054,2 WYNTER ST,WINGHAM,NSW,2429,-31.870398,152.375848,,,Tasmania Government LIST Telstra Payphones layer
02655351X2,0265535835,78 COMBINED ST,WINGHAM,NSW,2429,-31.867491,152.371681,,,Tasmania Government LIST Telstra Payphones layer
02655922X2,0265592909,15 MAIN ST,BLACK HEAD,NSW,2430,-32.07073,152.54349,,,Tasmania Government LIST Telstra Payphones layer
02655390X2,0265539200,44 MAIN ST,CUNDLETOWN,NSW,2430,-31.897806,152.516694,,,Tasmania Government LIST Telstra Payphones layer
02655391X2,0265539981,1 MANNING RIVER DRV,CUNDLETOWN,NSW,2430,-31.893376,152.506943,,,Tasmania Government LIST Telstra Payphones layer
02655921X2,0265592465,16 DIAMOND DRV,DIAMOND BEACH,NSW,2430,-32.043711,152.538282,,,Tasmania Government LIST Telstra Payphones layer
02655920X2,0265592323,517 BLACKHEAD RD,HALLIDAYS POINT,NSW,2430,-32.066414,152.532,,,Tasmania Government LIST Telstra Payphones layer
02655671X2,0265567108,26 LANSDOWNE RD,LANSDOWNE,NSW,2430,-31.783634,152.535598,,,Tasmania Government LIST Telstra Payphones layer
02655320X1,0265532038,21 MAIN RD,MANNING POINT,NSW,2430,-31.89576,152.65927,,,Tasmania Government LIST Telstra Payphones layer
02655370X2,0265537200,48 OLD BAR RD,OLD BAR,NSW,2430,-31.96919,152.58509,,,Tasmania Government LIST Telstra Payphones layer
02655374X2,0265537960,55 OLD BAR RD,OLD BAR,NSW,2430,-31.96884,152.58397,,,Tasmania Government LIST Telstra Payphones layer
02655100X2,0437334244,474 WINGHAM RD,TAREE,NSW,2430,-31.879117,152.428658,,,Tasmania Government LIST Telstra Payphones layer
02655101X1,0265517532,105 HIGH ST,TAREE,NSW,2430,-31.910108,152.455073,,,Tasmania Government LIST Telstra Payphones layer
02655101X2,0438413477,93 BUSHLAND DRV,TAREE,NSW,2430,-31.893238,152.467215,,,Tasmania Government LIST Telstra Payphones layer
02655103X2,0265510003,110 COMMERCE ST,TAREE,NSW,2430,-31.9066,152.45014,,,Tasmania Government LIST Telstra Payphones layer
02655104X2,0265510032,102 HIGH ST,TAREE,NSW,2430,-31.911203,152.454323,,,Tasmania Government LIST Telstra Payphones layer
02655105X2,0447816612,97 EDINBURGH DRV,TAREE,NSW,2430,-31.92042,152.43897,,,Tasmania Government LIST Telstra Payphones layer
02655106X2,0265510083,24 PULTENEY ST,TAREE,NSW,2430,-31.913317,152.458906,,,Tasmania Government LIST Telstra Payphones layer
02655108X2,0427324789,1 STOKES CCT,TAREE,NSW,2430,-31.898325,152.475727,,,Tasmania Government LIST Telstra Payphones layer
02655113X2,0436353930,66 CHATHAM AVE,TAREE,NSW,2430,-31.901681,152.479051,,,Tasmania Government LIST Telstra Payphones layer
02655114X2,0265510559,35 MANNING ST,TAREE,NSW,2430,-31.912192,152.46131,,,Tasmania Government LIST Telstra Payphones layer
02655115X2,0428667538,33 VICTORIA ST,TAREE,NSW,2430,-31.90916,152.4675,,,Tasmania Government LIST Telstra Payphones layer
02655117X2,0265512684,53 ALBERT ST,TAREE,NSW,2430,-31.911653,152.459521,,,Tasmania Government LIST Telstra Payphones layer
02655120X2,0265510528,21 SHORT ST,TAREE,NSW,2430,-31.911292,152.447176,,,Tasmania Government LIST Telstra Payphones layer
02655121X2,0265510539,1 RAILWAY PDE,TAREE,NSW,2430,-31.904826,152.475509,,,Tasmania Government LIST Telstra Payphones layer
02655210X2,0265521543,294 VICTORIA ST,TAREE,NSW,2430,-31.916793,152.454226,,,Tasmania Government LIST Telstra Payphones layer
02655222X2,0438094877,41 MUDFORD ST,TAREE,NSW,2430,-31.894984,152.461492,,,Tasmania Government LIST Telstra Payphones layer
02655231X2,0438181591,32 WINGHAM RD,TAREE,NSW,2430,-31.907877,152.445559,,,Tasmania Government LIST Telstra Payphones layer
02655245X2,0436282975,155 VICTORIA ST,TAREE,NSW,2430,-31.913225,152.461069,,,Tasmania Government LIST Telstra Payphones layer
02655770X2,0265577625,48 MANNING ST,TAREE,NSW,2430,-31.910809,152.459957,,,Tasmania Government LIST Telstra Payphones layer
02655310X2,0265531101,53 BEECHER ST,TINONEE,NSW,2430,-31.939106,152.410026,,,Tasmania Government LIST Telstra Payphones layer
02655691X2,0265569100,1412 COMBOYNE RD,UPPER LANSDOWNE,NSW,2430,-31.70545,152.46895,,,Tasmania Government LIST Telstra Payphones layer
02655330X2,0265533049,369 SALTWATER RD,WALLABI POINT,NSW,2430,-31.996034,152.569432,,,Tasmania Government LIST Telstra Payphones layer
02656654X2,0265665249,9 OCEAN DRV,SOUTH WEST ROCKS,NSW,2431,-30.884337,153.039193,,,Tasmania Government LIST Telstra Payphones layer
02656670X1,0265667249,279 GREGORY ST,SOUTH WEST ROCKS,NSW,2431,-30.907183,153.042076,,,Tasmania Government LIST Telstra Payphones layer
02656674X2,0265667091,47 LANDSBOROUGH ST,SOUTH WEST ROCKS,NSW,2431,-30.887145,153.043565,,,Tasmania Government LIST Telstra Payphones layer
02656675X2,0265667093,7 MEMORIAL AVE,SOUTH WEST ROCKS,NSW,2431,-30.88535,153.04167,,,Tasmania Government LIST Telstra Payphones layer
02656677X2,0265667504,102 GREGORY ST,SOUTH WEST ROCKS,NSW,2431,-30.8944,153.03975,,,Tasmania Government LIST Telstra Payphones layer
02655941X2,0265594103,8 COMBOYNE ST,KENDALL,NSW,2439,-31.63238,152.70463,,,Tasmania Government LIST Telstra Payphones layer
02655940X2,0265594007,4891 PACIFIC HWY,KEW,NSW,2439,-31.63501,152.72268,,,Tasmania Government LIST Telstra Payphones layer
02656720X2,0265672001,10 MAIN ST,BELLBROOK,NSW,2440,-30.819848,152.511542,,,Tasmania Government LIST Telstra Payphones layer
02656601X2,0265660103,2 MAIN ST,CRESCENT HEAD,NSW,2440,-31.18971,152.97693,,,Tasmania Government LIST Telstra Payphones layer
02656608X2,0265660583,RESERVE RD,CRESCENT HEAD,NSW,2440,-31.187636,152.978854,,,Tasmania Government LIST Telstra Payphones layer
02656222X2,0265626854,1 LORD ST,EAST KEMPSEY,NSW,2440,-31.08173,152.84646,,,Tasmania Government LIST Telstra Payphones layer
02656680X2,0265668251,REMENBRANCE WAY,FREDERICKTON,NSW,2440,-31.03573,152.87954,,,Tasmania Government LIST Telstra Payphones layer
02656740X2,0265674301,3 ASHTON ST,GLADSTONE,NSW,2440,-31.022228,152.948815,,,Tasmania Government LIST Telstra Payphones layer
02656223X2,0265626676,210 RIVER ST,GREENHILL,NSW,2440,-31.05906,152.80107,,,Tasmania Government LIST Telstra Payphones layer
02656770X2,0265677516,STRAIGHT ST,HAT HEAD,NSW,2440,-31.054419,153.049924,,,Tasmania Government LIST Telstra Payphones layer
02656771X2,0265677596,51 STRAIGHT ST,HAT HEAD,NSW,2440,-31.052295,153.046432,,,Tasmania Government LIST Telstra Payphones layer
02656211X2,0265626498,BELGRAVE ST,KEMPSEY,NSW,2440,-31.080376,152.842095,,,Tasmania Government LIST Telstra Payphones layer
02656220X2,0265626020,KEMP ST,KEMPSEY,NSW,2440,-31.07721,152.83274,,,Tasmania Government LIST Telstra Payphones layer
02656310X2,0265631844,8 SMITH ST,KEMPSEY,NSW,2440,-31.080282,152.841655,,,Tasmania Government LIST Telstra Payphones layer
02656311X2,0265631841,15 CLYDE ST,KEMPSEY,NSW,2440,-31.07948,152.84078,,,Tasmania Government LIST Telstra Payphones layer
02656693X2,0265669327,634 SHERWOOD RD,SHERWOOD,NSW,2440,-31.060872,152.727324,,,Tasmania Government LIST Telstra Payphones layer
02656741X2,0265674401,5 MAIN ST,SMITHTOWN,NSW,2440,-31.01615,152.946226,,,Tasmania Government LIST Telstra Payphones layer
02656312X2,0265631843,50 LACHLAN ST,SOUTH KEMPSEY,NSW,2440,-31.093113,152.83731,,,Tasmania Government LIST Telstra Payphones layer
02656202X2,0265625923,43 SEA ST,WEST KEMPSEY,NSW,2440,-31.068579,152.826356,,,Tasmania Government LIST Telstra Payphones layer
02656204X2,0265626040,45 ELBOW ST,WEST KEMPSEY,NSW,2440,-31.080245,152.828714,,,Tasmania Government LIST Telstra Payphones layer
02656207X2,0265626312,35 ELBOW ST,WEST KEMPSEY,NSW,2440,-31.079907,152.82983,,,Tasmania Government LIST Telstra Payphones layer
02656208X2,0265626338,134 RIVER ST,WEST KEMPSEY,NSW,2440,-31.067777,152.819724,,,Tasmania Government LIST Telstra Payphones layer
02656213X2,0265626632,89 BROUGHTON ST,WEST KEMPSEY,NSW,2440,-31.06591,152.8326,,,Tasmania Government LIST Telstra Payphones layer
02656710X2,0265671203,37 ARMIDALE RD,WILLAWARRIN,NSW,2440,-30.92898,152.627458,,,Tasmania Government LIST Telstra Payphones layer
02656991X2,0265699200,1 MAIN ST,EUNGAI CREEK,NSW,2441,-30.831769,152.881414,,,Tasmania Government LIST Telstra Payphones layer
02656990X2,0265699206,23 STATION ST,EUNGAI RAIL,NSW,2441,-30.849349,152.90102,,,Tasmania Government LIST Telstra Payphones layer
02658580X2,0265858378,10 BRIL BRIL RD,ROLLANDS PLAINS,NSW,2441,-31.278957,152.678485,,,Tasmania Government LIST Telstra Payphones layer
02656900X2,0265690609,4 OCEAN A AVE,STUARTS POINT,NSW,2441,-30.820627,152.99344,,,Tasmania Government LIST Telstra Payphones layer
02658500X2,0265850201,MORSE LA,TELEGRAPH POINT,NSW,2441,-31.333794,152.794981,,,Tasmania Government LIST Telstra Payphones layer
02655993X2,0265599254,73 THE BOULEVARDE,DUNBOGAN,NSW,2443,-31.646728,152.813775,,,Tasmania Government LIST Telstra Payphones layer
02655677X2,0265567739,1159 HANNAM VALE RD,HANNAM VALE,NSW,2443,-31.712653,152.594394,,,Tasmania Government LIST Telstra Payphones layer
02655650X2,0265565100,48 JOHN RIVER RD,JOHNS RIVER,NSW,2443,-31.730336,152.696275,,,Tasmania Government LIST Telstra Payphones layer
02655982X2,0265598330,107 SIRIUS DRV,LAKEWOOD,NSW,2443,-31.634635,152.756187,,,Tasmania Government LIST Telstra Payphones layer
02655983X2,0265598406,14 LAKE ST,LAURIETON,NSW,2443,-31.649937,152.79804,,,Tasmania Government LIST Telstra Payphones layer
02655984X2,0265598408,86 BOLD ST,LAURIETON,NSW,2443,-31.649033,152.796595,,,Tasmania Government LIST Telstra Payphones layer
02655992X2,0265599187,78 BOLD ST,LAURIETON,NSW,2443,-31.650368,152.796821,,,Tasmania Government LIST Telstra Payphones layer
02655651X2,0265565101,37 HANNAM VALE RD,MOORLAND,NSW,2443,-31.770427,152.649072,,,Tasmania Government LIST Telstra Payphones layer
02655960X1,0265596739,109 THE PARADE,NORTH HAVEN,NSW,2443,-31.63382,152.83015,,,Tasmania Government LIST Telstra Payphones layer
02655970X1,0265597056,7 EAMES AVE,NORTH HAVEN,NSW,2443,-31.64011,152.807762,,,Tasmania Government LIST Telstra Payphones layer
02655971X2,0265597187,609 OCEAN DRV,NORTH HAVEN,NSW,2443,-31.640327,152.816394,,,Tasmania Government LIST Telstra Payphones layer
02655981X2,0265598301,THE PARADE,NORTH HAVEN,NSW,2443,-31.637044,152.826802,,,Tasmania Government LIST Telstra Payphones layer
02658419X2,0265841665,2 NORTH SHORE DRV,NORTH SHORE,NSW,2444,-31.403202,152.904208,,,Tasmania Government LIST Telstra Payphones layer
02658100X2,0265810061,1 BLACKBUTT RD,PORT MACQUARIE,NSW,2444,-31.449039,152.888781,,,Tasmania Government LIST Telstra Payphones layer
02658120X1,0265812082,523 JOHN OXLEY DRV,PORT MACQUARIE,NSW,2444,-31.45738,152.87415,,,Tasmania Government LIST Telstra Payphones layer
02658130X1,0265813210,31 WRIGHTS RD,PORT MACQUARIE,NSW,2444,-31.452028,152.878086,,,Tasmania Government LIST Telstra Payphones layer
02658200X2,0265820006,46 WATONGA ST,PORT MACQUARIE,NSW,2444,-31.47806,152.92658,,,Tasmania Government LIST Telstra Payphones layer
02658203X2,0436438972,2 WANIORA PKWY,PORT MACQUARIE,NSW,2444,-31.455037,152.917918,,,Tasmania Government LIST Telstra Payphones layer
02658305X2,0265833365,209 HASTINGS RIVER DRV,PORT MACQUARIE,NSW,2444,-31.424572,152.875123,,,Tasmania Government LIST Telstra Payphones layer
02658307X2,0265833854,11 WAUGH ST,PORT MACQUARIE,NSW,2444,-31.432205,152.903039,,,Tasmania Government LIST Telstra Payphones layer
02658308X2,0265833954,36 GORDON ST,PORT MACQUARIE,NSW,2444,-31.433049,152.915601,,,Tasmania Government LIST Telstra Payphones layer
02658310X2,0265835165,48 CLIFTON DRV,PORT MACQUARIE,NSW,2444,-31.436664,152.887978,,,Tasmania Government LIST Telstra Payphones layer
02658311X2,0265836143,57 PACIFIC DRV,PORT MACQUARIE,NSW,2444,-31.443853,152.925893,,,Tasmania Government LIST Telstra Payphones layer
02658312X2,0265836343,20 FLYNN ST,PORT MACQUARIE,NSW,2444,-31.443912,152.924243,,,Tasmania Government LIST Telstra Payphones layer
02658313X2,0265837099,46 HASTINGS RIVER DRV,PORT MACQUARIE,NSW,2444,-31.431285,152.888556,,,Tasmania Government LIST Telstra Payphones layer
02658314X2,0265838832,SHORT ST,PORT MACQUARIE,NSW,2444,-31.431626,152.906809,,,Tasmania Government LIST Telstra Payphones layer
02658316X2,0265831365,85 GORE ST,PORT MACQUARIE,NSW,2444,-31.440703,152.901699,,,Tasmania Government LIST Telstra Payphones layer
02658318X2,0455721857,OXLEY HWY,PORT MACQUARIE,NSW,2444,-31.437431,152.894061,,,Tasmania Government LIST Telstra Payphones layer
02658411X2,0265841095,109 WILLIAM ST,PORT MACQUARIE,NSW,2444,-31.431028,152.908611,,,Tasmania Government LIST Telstra Payphones layer
02658412X1,0265841534,42 HORTON ST,PORT MACQUARIE,NSW,2444,-31.429928,152.909968,,,Tasmania Government LIST Telstra Payphones layer
02658412X2,0265841201,123 WILLIAM ST,PORT MACQUARIE,NSW,2444,-31.43107,152.90793,,,Tasmania Government LIST Telstra Payphones layer
02658412X9,0265841576,1 BURRAWAN ST,PORT MACQUARIE,NSW,2444,-31.434692,152.919701,,,Tasmania Government LIST Telstra Payphones layer
02658413X1,0265841543,42 HORTON ST,PORT MACQUARIE,NSW,2444,-31.429921,152.908861,,,Tasmania Government LIST Telstra Payphones layer
02658414X2,0265841557,141 GORDON ST,PORT MACQUARIE,NSW,2444,-31.434574,152.902966,,,Tasmania Government LIST Telstra Payphones layer
02658415X2,0265841565,82 LAKE RD,PORT MACQUARIE,NSW,2444,-31.44146,152.908507,,,Tasmania Government LIST Telstra Payphones layer
02658418X2,0265841827,5 MUNSTER ST,PORT MACQUARIE,NSW,2444,-31.428353,152.911966,,,Tasmania Government LIST Telstra Payphones layer
02658418X7,0265841675,10 LORD ST,PORT MACQUARIE,NSW,2444,-31.43054,152.91731,,,Tasmania Government LIST Telstra Payphones layer
02658420X1,0265842306,72 WIDDERSON ST,PORT MACQUARIE,NSW,2444,-31.439762,152.890534,,,Tasmania Government LIST Telstra Payphones layer
02658422X2,0436031137,59 CLARENCE ST,PORT MACQUARIE,NSW,2444,-31.429111,152.907594,,,Tasmania Government LIST Telstra Payphones layer
02658426X2,0265842335,52 CLARENCE ST,PORT MACQUARIE,NSW,2444,-31.429145,152.908629,,,Tasmania Government LIST Telstra Payphones layer
02658470X1,0265847453,3 BAY ST,PORT MACQUARIE,NSW,2444,-31.426691,152.895145,,,Tasmania Government LIST Telstra Payphones layer
02658470X2,0265847463,OCEAN DRV,PORT MACQUARIE,NSW,2444,-31.45601,152.89775,,,Tasmania Government LIST Telstra Payphones layer
02658551X2,0265855501,923 OCEAN DRV,BONNY HILLS,NSW,2445,-31.591015,152.839541,,,Tasmania Government LIST Telstra Payphones layer
02658553X2,0265855807,7 KYWONG ST,LAKE CATHIE,NSW,2445,-31.552765,152.855238,,,Tasmania Government LIST Telstra Payphones layer
02658560X2,0265856108,730 BEACHWOOD RD,BEECHWOOD,NSW,2446,-31.435543,152.669202,,,Tasmania Government LIST Telstra Payphones layer
02658710Y2,0265871248,1095 COMBOYNE RD,BYABARRA,NSW,2446,-31.52848,152.541203,,,Tasmania Government LIST Telstra Payphones layer
02658740X2,0265874200,5013 OXLEY HWY,LONG FLAT,NSW,2446,-31.436202,152.492939,,,Tasmania Government LIST Telstra Payphones layer
02658511X2,0265851509,22 HIGH ST,WAUCHOPE,NSW,2446,-31.45748,152.73398,,,Tasmania Government LIST Telstra Payphones layer
02658513X2,0265851806,41 HIGH ST,WAUCHOPE,NSW,2446,-31.45729,152.732635,,,Tasmania Government LIST Telstra Payphones layer
02658514X2,0265851007,67 HIGH ST,WAUCHOPE,NSW,2446,-31.45792,152.72877,,,Tasmania Government LIST Telstra Payphones layer
02658515X2,0265851705,113 CAMERON ST,WAUCHOPE,NSW,2446,-31.46508,152.73238,,,Tasmania Government LIST Telstra Payphones layer
02658611X2,0265861039,230 HIGH ST,WAUCHOPE,NSW,2446,-31.46776,152.71667,,,Tasmania Government LIST Telstra Payphones layer
02656812X2,0455347958,3 COOPER ST,MACKSVILLE,NSW,2447,-30.706852,152.921043,,,Tasmania Government LIST Telstra Payphones layer
02656815X2,0265681787,3 BOUNDARY ST,MACKSVILLE,NSW,2447,-30.713459,152.923935,,,Tasmania Government LIST Telstra Payphones layer
02656832X2,0265683035,16 WALLACE ST,MACKSVILLE,NSW,2447,-30.707281,152.919734,,,Tasmania Government LIST Telstra Payphones layer
02656981X2,0265698055,2 SHORT ST,SCOTTS HEAD,NSW,2447,-30.745988,152.996544,,,Tasmania Government LIST Telstra Payphones layer
02656420X2,0265642218,5 TAYLOR'S ARM RD,TAYLORS ARM,NSW,2447,-30.768775,152.716009,,,Tasmania Government LIST Telstra Payphones layer
02656861X2,0265686302,25 BOWRA ST,NAMBUCCA HEADS,NSW,2448,-30.641988,153.002175,,,Tasmania Government LIST Telstra Payphones layer
02656865X2,0265686802,44 RIVERSIDE DRV,NAMBUCCA HEADS,NSW,2448,-30.65065,152.99685,,,Tasmania Government LIST Telstra Payphones layer
02656869X2,0265686806,1 HEADLAND DRV,NAMBUCCA HEADS,NSW,2448,-30.638715,153.014258,,,Tasmania Government LIST Telstra Payphones layer
02656870X1,0265694618,8 PACIFIC HWY,NAMBUCCA HEADS,NSW,2448,-30.65408,152.988028,,,Tasmania Government LIST Telstra Payphones layer
02656880X1,0265688162,57 RIVERSIDE DRV,NAMBUCCA HEADS,NSW,2448,-30.652749,152.990674,,,Tasmania Government LIST Telstra Payphones layer
02656890X2,0265689213,159 CENTENARY DRV,NAMBUCCA HEADS,NSW,2448,-30.63718,152.98453,,,Tasmania Government LIST Telstra Payphones layer
02656894X2,0265689572,42 BOWRA ST,NAMBUCCA HEADS,NSW,2448,-30.640961,153.001341,,,Tasmania Government LIST Telstra Payphones layer
02656895X2,0265689691,52 WELLINGTON DRV,NAMBUCCA HEADS,NSW,2448,-30.64699,153.01191,,,Tasmania Government LIST Telstra Payphones layer
02656896X2,0265689726,19 RIDGE ST,NAMBUCCA HEADS,NSW,2448,-30.64232,153.00352,,,Tasmania Government LIST Telstra Payphones layer
02656950X2,0265695100,2 THOMPSON ST,VALLA BEACH,NSW,2448,-30.59252,153.01112,,,Tasmania Government LIST Telstra Payphones layer
02656475X2,0265647102,29 HIGH ST,BOWRAVILLE,NSW,2449,-30.646021,152.853076,,,Tasmania Government LIST Telstra Payphones layer
02656480X2,0265648924,720 MISSABOTTI RD,MISSABOTTI,NSW,2449,-30.567042,152.810354,,,Tasmania Government LIST Telstra Payphones layer
02656480X1,0265648981,1039 SOUTH ARM RD,SOUTH ARM,NSW,2449,-30.668721,152.763019,,,Tasmania Government LIST Telstra Payphones layer
02665340X2,0266534200,351 PINE CREEK WAY,BONVILLE,NSW,2450,-30.372138,153.035718,,,Tasmania Government LIST Telstra Payphones layer
02665090X2,0428091735,ELIZABETH ST,COFFS HARBOUR,NSW,2450,-30.298971,153.111792,,,Tasmania Government LIST Telstra Payphones layer
02665100X2,0266511389,110 HARBOUR DRV,COFFS HARBOUR,NSW,2450,-30.297783,153.116053,,,Tasmania Government LIST Telstra Payphones layer
02665102X2,0266511560,1 HARBOUR DRV,COFFS HARBOUR,NSW,2450,-30.296285,153.114264,,,Tasmania Government LIST Telstra Payphones layer
02665107X2,0455991221,45 VICTORIA ST,COFFS HARBOUR,NSW,2450,-30.305724,153.125918,,,Tasmania Government LIST Telstra Payphones layer
02665108X2,0266512708,52 AZALEA AVE,COFFS HARBOUR,NSW,2450,-30.299939,153.107016,,,Tasmania Government LIST Telstra Payphones layer
02665111X2,0266512711,65 KING ST,COFFS HARBOUR,NSW,2450,-30.294576,153.102937,,,Tasmania Government LIST Telstra Payphones layer
02665113X2,0266512713,118 BERYL ST,COFFS HARBOUR,NSW,2450,-30.28692,153.107433,,,Tasmania Government LIST Telstra Payphones layer
02665115X2,0447822716,211 HARBOUR DRV,COFFS HARBOUR,NSW,2450,-30.300607,153.120486,,,Tasmania Government LIST Telstra Payphones layer
02665120X2,0448909547,351 PACIFIC HWY,COFFS HARBOUR,NSW,2450,-30.274443,153.133822,,,Tasmania Government LIST Telstra Payphones layer
02665126X2,0266512840,80 GRAFTON ST,COFFS HARBOUR,NSW,2450,-30.2954,153.114532,,,Tasmania Government LIST Telstra Payphones layer
02665130X2,0266512849,ANGUS MCLEOD PL,COFFS HARBOUR,NSW,2450,-30.306219,153.137644,,,Tasmania Government LIST Telstra Payphones layer
02665131X2,0266512852,84 OCEAN PDE,COFFS HARBOUR,NSW,2450,-30.28731,153.13863,,,Tasmania Government LIST Telstra Payphones layer
02665132X2,0266512951,69 MARINA DRV,COFFS HARBOUR,NSW,2450,-30.302687,153.144576,,,Tasmania Government LIST Telstra Payphones layer
02665134X2,0266513430,312 HARBOUR DRV,COFFS HARBOUR,NSW,2450,-30.305679,153.131835,,,Tasmania Government LIST Telstra Payphones layer
02665135X2,0266513432,150 PACIFIC HWY,COFFS HARBOUR,NSW,2450,-30.29084,153.119823,,,Tasmania Government LIST Telstra Payphones layer
02665137X2,0448873197,19 ARTHUR ST,COFFS HARBOUR,NSW,2450,-30.281059,153.133237,,,Tasmania Government LIST Telstra Payphones layer
02665139X2,0455721283,75 PARK BEACH RD,COFFS HARBOUR,NSW,2450,-30.285707,153.133332,,,Tasmania Government LIST Telstra Payphones layer
02665141X2,0266516034,AIRPORT DRV,COFFS HARBOUR,NSW,2450,-30.323155,153.115598,,,Tasmania Government LIST Telstra Payphones layer
02665142X2,0266517021,BRAY ST,COFFS HARBOUR,NSW,2450,-30.28236,153.12653,,,Tasmania Government LIST Telstra Payphones layer
02665150X2,0266514356,24 MOONEE ST,COFFS HARBOUR,NSW,2450,-30.29693,153.11265,,,Tasmania Government LIST Telstra Payphones layer
02665151X2,0266512838,354 HARBOUR DRV,COFFS HARBOUR,NSW,2450,-30.304567,153.136192,,,Tasmania Government LIST Telstra Payphones layer
02665201X1,0447920487,253 PACIFIC HWY,COFFS HARBOUR,NSW,2450,-30.28278,153.13063,,,Tasmania Government LIST Telstra Payphones layer
02665202X2,0266528186,7 PARK AVE,COFFS HARBOUR,NSW,2450,-30.297416,153.113662,,,Tasmania Government LIST Telstra Payphones layer
02665203X1,0448770317,1 OCEAN PDE,COFFS HARBOUR,NSW,2450,-30.29308,153.13717,,,Tasmania Government LIST Telstra Payphones layer
02665807X1,0266580257,17 DUKE ST,COFFS HARBOUR,NSW,2450,-30.297208,153.118788,,,Tasmania Government LIST Telstra Payphones layer
02665832X2,0266583746,353 HOGBIN DRV,COFFS HARBOUR,NSW,2450,-30.327127,153.103348,,,Tasmania Government LIST Telstra Payphones layer
02665833X2,0266583836,353 HOGBIN DRV,COFFS HARBOUR,NSW,2450,-30.325904,153.10155,,,Tasmania Government LIST Telstra Payphones layer
02665440X2,0266544200,27 GALE ST,CORAMBA,NSW,2450,-30.221938,153.014735,,,Tasmania Government LIST Telstra Payphones layer
02664921X2,0266492120,47 CORAMBA ST,GLENREAGH,NSW,2450,-30.050168,152.978787,,,Tasmania Government LIST Telstra Payphones layer
02665363X2,0266564823,94 SOLITARY ISLANDS WAY,KORORA,NSW,2450,-30.239209,153.147141,,,Tasmania Government LIST Telstra Payphones layer
02665451X2,0266545201,25 GRAFTON ST,LOWANNA,NSW,2450,-30.21177,152.89963,,,Tasmania Government LIST Telstra Payphones layer
02665360X2,0266536399,48 MOONEE BEACH RD,MOONEE BEACH,NSW,2450,-30.208255,153.155494,,,Tasmania Government LIST Telstra Payphones layer
02665371X1,0266537013,2 MOONEE BEACH RD,MOONEE BEACH,NSW,2450,-30.204484,153.150241,,,Tasmania Government LIST Telstra Payphones layer
02665430X2,0266543391,30 ORARA RD,NANA GLEN,NSW,2450,-30.136776,153.006047,,,Tasmania Government LIST Telstra Payphones layer
02665200X1,0266528793,380 PACIFIC HWY,NORTH BOAMBEE VALLEY,NSW,2450,-30.318222,153.089386,,,Tasmania Government LIST Telstra Payphones layer
02665450X2,0266545200,69 PINE AVE,ULONG,NSW,2450,-30.240989,152.885313,,,Tasmania Government LIST Telstra Payphones layer
02665813X2,0266581305,25 FIRST AVE,SAWTELL,NSW,2452,-30.369191,153.099995,,,Tasmania Government LIST Telstra Payphones layer
02665816X2,0266581314,43 DIRRIGEREE ST,SAWTELL,NSW,2452,-30.372375,153.090208,,,Tasmania Government LIST Telstra Payphones layer
02665819X2,0448103581,40 FIRST AVE,SAWTELL,NSW,2452,-30.368288,153.100953,,,Tasmania Government LIST Telstra Payphones layer
02665815X2,0455724109,TOORMINA RD,TOORMINA,NSW,2452,-30.359231,153.082938,,,Tasmania Government LIST Telstra Payphones layer
02665820X1,0266582466,5 TOORMINA RD,TOORMINA,NSW,2452,-30.353595,153.091768,,,Tasmania Government LIST Telstra Payphones layer
02665820X7,0266581318,5 TOORMINA RD,TOORMINA,NSW,2452,-30.353835,153.090148,,,Tasmania Government LIST Telstra Payphones layer
02665831X1,0266583480,5 TOORMINA RD,TOORMINA,NSW,2452,-30.354399,153.092489,,,Tasmania Government LIST Telstra Payphones layer
02665751X2,0266575107,11 MULDIVA RD,BOSTOBRICK,NSW,2453,-30.2741,152.628513,,,Tasmania Government LIST Telstra Payphones layer
02665741X2,0266574140,707 BRIGGSVALE RD,CASCADE,NSW,2453,-30.23252,152.78972,,,Tasmania Government LIST Telstra Payphones layer
02665721X2,0266572148,14 HICKORY ST,DORRIGO,NSW,2453,-30.340821,152.711507,,,Tasmania Government LIST Telstra Payphones layer
02665781X2,0266578163,39 MOUNT ST,DUNDURRABIN,NSW,2453,-30.19146,152.54091,,,Tasmania Government LIST Telstra Payphones layer
02677590X2,0267759150,1 EBOR ST,EBOR,NSW,2453,-30.39803,152.35258,,,Tasmania Government LIST Telstra Payphones layer
02665740X2,0266574110,1396 CORAMBA RD,MEGAN,NSW,2453,-30.283823,152.773178,,,Tasmania Government LIST Telstra Payphones layer
02665780X2,0266578161,8475 ARMIDALE RD,TYRINGHAM,NSW,2453,-30.212866,152.541108,,,Tasmania Government LIST Telstra Payphones layer
02665500X2,0266550458,6 CHURCH ST,BELLINGEN,NSW,2454,-30.45179,152.89729,,,Tasmania Government LIST Telstra Payphones layer
02665512X2,0266551300,2 DOWLE ST,BELLINGEN,NSW,2454,-30.447073,152.897528,,,Tasmania Government LIST Telstra Payphones layer
02665513X2,0266551301,41 HYDE ST,BELLINGEN,NSW,2454,-30.452266,152.897954,,,Tasmania Government LIST Telstra Payphones layer
02665520X2,0266552415,96 HYDE ST,BELLINGEN,NSW,2454,-30.45168,152.89539,,,Tasmania Government LIST Telstra Payphones layer
02665515X2,0266551201,1 TYSON ST,FERNMOUNT,NSW,2454,-30.468733,152.941908,,,Tasmania Government LIST Telstra Payphones layer
02665541X2,0436021030,BEACH PDE,MYLESTOM,NSW,2454,-30.463688,153.045703,,,Tasmania Government LIST Telstra Payphones layer
02665581X2,0448095552,16 GEORGE ST,MYLESTOM,NSW,2454,-30.466856,153.043292,,,Tasmania Government LIST Telstra Payphones layer
02665542X2,0266554242,27 BAILEY ST,REPTON,NSW,2454,-30.43874,153.024878,,,Tasmania Government LIST Telstra Payphones layer
02665551X2,0266555153,GIINAGAY WAY,URUNGA,NSW,2455,-30.49397,153.01457,,,Tasmania Government LIST Telstra Payphones layer
02665562X2,0266556302,25 MORGO ST,URUNGA,NSW,2455,-30.49612,153.02204,,,Tasmania Government LIST Telstra Payphones layer
02665566X2,0266556201,11 BONVILLE ST,URUNGA,NSW,2455,-30.49616,153.020802,,,Tasmania Government LIST Telstra Payphones layer
02664923X2,0266492336,46 ARRAWARRA BH RD,ARRAWARRA,NSW,2456,-30.059512,153.195574,,,Tasmania Government LIST Telstra Payphones layer
02665426X2,0266542785,ARRAWARRA RD,ARRAWARRA HEADLAND,NSW,2456,-30.060672,153.200057,,,Tasmania Government LIST Telstra Payphones layer
02664927X7,0266492743,96 PACIFIC ST,CORINDI BEACH,NSW,2456,-30.028966,153.20023,,,Tasmania Government LIST Telstra Payphones layer
02665611X2,0266561520,107 FIDDAMAN RD,EMERALD BEACH,NSW,2456,-30.17028,153.187744,,,Tasmania Government LIST Telstra Payphones layer
02665422X2,0266542301,60 MULLAWAY DRV,MULLAWAY,NSW,2456,-30.077333,153.200167,,,Tasmania Government LIST Telstra Payphones layer
02664927X2,0266492740,LAWSON ST,RED ROCK,NSW,2456,-29.983096,153.229032,,,Tasmania Government LIST Telstra Payphones layer
02665612X2,0266561658,17 CORAL DRV,SANDY BEACH,NSW,2456,-30.146829,153.189115,,,Tasmania Government LIST Telstra Payphones layer
02665420X2,0266542001,31 RIVER ST,WOOLGOOLGA,NSW,2456,-30.114987,153.193145,,,Tasmania Government LIST Telstra Payphones layer
02665421X2,0266542100,52 SOLITARY ISLANDS WAY,WOOLGOOLGA,NSW,2456,-30.11127,153.1903,,,Tasmania Government LIST Telstra Payphones layer
02665424X2,0266542603,82 BEACH ST,WOOLGOOLGA,NSW,2456,-30.11046,153.202554,,,Tasmania Government LIST Telstra Payphones layer
02665425X2,0266542608,48 BEACH ST,WOOLGOOLGA,NSW,2456,-30.110864,153.199392,,,Tasmania Government LIST Telstra Payphones layer
02664723X2,0266472168,7135 CLARENCE WAY,BARYULGIL,NSW,2460,-29.222797,152.606318,,,Tasmania Government LIST Telstra Payphones layer
02664760X2,0266476200,10 CLARENCE ST,BRUSHGROVE,NSW,2460,-29.566941,153.077889,,,Tasmania Government LIST Telstra Payphones layer
02664730X2,0266473100,31 SUSSEX ST,COPMANHURST,NSW,2460,-29.586309,152.776505,,,Tasmania Government LIST Telstra Payphones layer
02664930X2,0266493248,9 ARMIDALE RD,COUTTS CROSSING,NSW,2460,-29.828271,152.891584,,,Tasmania Government LIST Telstra Payphones layer
02664303X2,0266431394,115 POUND ST,GRAFTON,NSW,2460,-29.689786,152.934929,,,Tasmania Government LIST Telstra Payphones layer
02664307X2,0266432938,33 KING ST,GRAFTON,NSW,2460,-29.688914,152.933275,,,Tasmania Government LIST Telstra Payphones layer
02664320X2,0448149705,58 VICTORIA ST,GRAFTON,NSW,2460,-29.692275,152.9329,,,Tasmania Government LIST Telstra Payphones layer
02664325X2,0266431526,184 ARTHUR ST,GRAFTON,NSW,2460,-29.675547,152.940755,,,Tasmania Government LIST Telstra Payphones layer
02664332X2,0266431647,205 PRINCE ST,GRAFTON,NSW,2460,-29.683962,152.939111,,,Tasmania Government LIST Telstra Payphones layer
02664335X2,0266431701,194 TURF ST,GRAFTON,NSW,2460,-29.67247,152.93579,,,Tasmania Government LIST Telstra Payphones layer
02664341X2,0266431991,313 FRY ST,GRAFTON,NSW,2460,-29.675488,152.923849,,,Tasmania Government LIST Telstra Payphones layer
02664342X2,0266432418,39 PRINCE ST,GRAFTON,NSW,2460,-29.690953,152.933386,,,Tasmania Government LIST Telstra Payphones layer
02664343X2,0266432421,34 PRINCE ST,GRAFTON,NSW,2460,-29.69112,152.93367,,,Tasmania Government LIST Telstra Payphones layer
02664349X2,0266435781,7 CLARENCE ST,GRAFTON,NSW,2460,-29.6938,152.93927,,,Tasmania Government LIST Telstra Payphones layer
02664740X2,0266474610,4467 GWYDIR HWY,JACKADGERY,NSW,2460,-29.577016,152.551226,,,Tasmania Government LIST Telstra Payphones layer
02664470X2,0266447043,6 CASINO RD,JUNCTION HILL,NSW,2460,-29.644968,152.927266,,,Tasmania Government LIST Telstra Payphones layer
02664770X2,0266477300,29 RUTLAND ST,LAWRENCE,NSW,2460,-29.49685,153.10395,,,Tasmania Government LIST Telstra Payphones layer
02664720Y2,0266472192,KEVIN MARTIN DRV,MALABUGILMAH,NSW,2460,-29.181952,152.626374,,,Tasmania Government LIST Telstra Payphones layer
02664941X2,0266494110,3783 ARMIDALE RD,NYMBOIDA,NSW,2460,-29.938898,152.726106,,,Tasmania Government LIST Telstra Payphones layer
02664942X2,0266494280,3520 ARMIDALE RD,NYMBOIDA,NSW,2460,-29.925865,152.747629,,,Tasmania Government LIST Telstra Payphones layer
02664200X1,0266428064,94 BENT ST,SOUTH GRAFTON,NSW,2460,-29.70672,152.93892,,,Tasmania Government LIST Telstra Payphones layer
02664302Y2,0266431391,BIMBLE AVE,SOUTH GRAFTON,NSW,2460,-29.72066,152.92451,,,Tasmania Government LIST Telstra Payphones layer
02664313X2,0266431827,1 FLAHERTY ST,SOUTH GRAFTON,NSW,2460,-29.721881,152.935244,,,Tasmania Government LIST Telstra Payphones layer
02664324X2,0266431501,35 SCHWINGHAMMER ST,SOUTH GRAFTON,NSW,2460,-29.710415,152.944415,,,Tasmania Government LIST Telstra Payphones layer
02664327X2,0266431560,80 CAMBRIDGE ST,SOUTH GRAFTON,NSW,2460,-29.713495,152.940502,,,Tasmania Government LIST Telstra Payphones layer
02664328X2,0266431583,23 THROUGH ST,SOUTH GRAFTON,NSW,2460,-29.70376,152.941573,,,Tasmania Government LIST Telstra Payphones layer
02664334X2,0266431684,49 SKINNER ST,SOUTH GRAFTON,NSW,2460,-29.70264,152.93513,,,Tasmania Government LIST Telstra Payphones layer
02664336X2,0266431726,200 BENT ST,SOUTH GRAFTON,NSW,2460,-29.71593,152.93461,,,Tasmania Government LIST Telstra Payphones layer
02664338X2,0266431752,242 RYAN ST,SOUTH GRAFTON,NSW,2460,-29.70018,152.92338,,,Tasmania Government LIST Telstra Payphones layer
02664344X2,0266432770,SPRING ST,SOUTH GRAFTON,NSW,2460,-29.706462,152.941598,,,Tasmania Government LIST Telstra Payphones layer
02664973X2,0266497585,5 SANDON RD,MINNIE WATER,NSW,2462,-29.769053,153.295234,,,Tasmania Government LIST Telstra Payphones layer
02664974X2,0266497835,646 MINNIE WATER RD,MINNIE WATER,NSW,2462,-29.77384,153.29237,,,Tasmania Government LIST Telstra Payphones layer
02664481X2,0266448371,1170 WOOLI RD,PILLAR VALLEY,NSW,2462,-29.759669,153.119152,,,Tasmania Government LIST Telstra Payphones layer
02664480X2,0266448350,CANDOLE ST,TUCABIA,NSW,2462,-29.66634,153.107546,,,Tasmania Government LIST Telstra Payphones layer
02664450X2,0455081483,16 RIVER ST,ULMARRA,NSW,2462,-29.630347,153.028265,,,Tasmania Government LIST Telstra Payphones layer
02664970X2,0266497541,89 CARRABOI ST,WOOLI,NSW,2462,-29.86544,153.26561,,,Tasmania Government LIST Telstra Payphones layer
02664972X2,0266497565,383 NORTH ST,WOOLI,NSW,2462,-29.85045,153.25711,,,Tasmania Government LIST Telstra Payphones layer
02664670X2,0266467108,92 OCEAN RD,BROOMS HEAD,NSW,2463,-29.606902,153.335023,,,Tasmania Government LIST Telstra Payphones layer
02664671X2,0266467109,92 OCEAN RD,BROOMS HEAD,NSW,2463,-29.606902,153.335023,,,Tasmania Government LIST Telstra Payphones layer
02664541X2,0266454356,CAMERON ST,GULMARRAD,NSW,2463,-29.47252,153.20498,,,Tasmania Government LIST Telstra Payphones layer
02664540X7,0266454385,34 RIVER ST,MACLEAN,NSW,2463,-29.457067,153.196646,,,Tasmania Government LIST Telstra Payphones layer
02664542X2,0266454357,RIVER ST,MACLEAN,NSW,2463,-29.454868,153.196769,,,Tasmania Government LIST Telstra Payphones layer
02664544X2,0266454361,109 RIVER ST,MACLEAN,NSW,2463,-29.448991,153.201482,,,Tasmania Government LIST Telstra Payphones layer
02664545X2,0266454362,1 MACNAUGHTON PL,MACLEAN,NSW,2463,-29.457889,153.196635,,,Tasmania Government LIST Telstra Payphones layer
02664600X2,0266460107,7 YAMBA RD,PALMERS ISLAND,NSW,2463,-29.419343,153.282587,,,Tasmania Government LIST Telstra Payphones layer
02664672X2,0266467113,SANDON RIVER RD,THE SANDON,NSW,2463,-29.67484,153.32716,,,Tasmania Government LIST Telstra Payphones layer
02664540X2,0266454047,1 SCULLIN ST,TOWNSEND,NSW,2463,-29.4646,153.21744,,,Tasmania Government LIST Telstra Payphones layer
02664621X2,0266462106,17 THE CRESCENT,ANGOURIE,NSW,2464,-29.479154,153.36001,,,Tasmania Government LIST Telstra Payphones layer
02664620X1,0266462601,31 YAMBA RD,YAMBA,NSW,2464,-29.433338,153.341213,,,Tasmania Government LIST Telstra Payphones layer
02664623X2,0266462203,16 COLDSTREAM ST,YAMBA,NSW,2464,-29.436492,153.361319,,,Tasmania Government LIST Telstra Payphones layer
02664626X2,0266462408,25 YAMBA ST,YAMBA,NSW,2464,-29.436772,153.361084,,,Tasmania Government LIST Telstra Payphones layer
02664627X2,0266462429,5 YAMBA ST,YAMBA,NSW,2464,-29.43576,153.36023,,,Tasmania Government LIST Telstra Payphones layer
02664680X2,0266468093,1 TREELANDS DRV,YAMBA,NSW,2464,-29.42884,153.32726,,,Tasmania Government LIST Telstra Payphones layer
02664690X2,0266469098,14 HARBOUR ST,YAMBA,NSW,2464,-29.43502,153.35985,,,Tasmania Government LIST Telstra Payphones layer
02664691X2,0266469257,3 YAMBA RD,YAMBA,NSW,2464,-29.4366,153.34909,,,Tasmania Government LIST Telstra Payphones layer
02664642X2,0266464409,20 RIVER RD,HARWOOD,NSW,2465,-29.427117,153.242592,,,Tasmania Government LIST Telstra Payphones layer
02664660X2,0266466000,29 CHARLES ST,ILUKA,NSW,2466,-29.405749,153.348891,,,Tasmania Government LIST Telstra Payphones layer
02664661X2,0266466008,45 RIVERVIEW ST,ILUKA,NSW,2466,-29.398991,153.350383,,,Tasmania Government LIST Telstra Payphones layer
02664664X2,0266466469,38 CHARLES ST,ILUKA,NSW,2466,-29.408369,153.351783,,,Tasmania Government LIST Telstra Payphones layer
02664665X2,0266466636,113 CHARLES ST,ILUKA,NSW,2466,-29.411995,153.356194,,,Tasmania Government LIST Telstra Payphones layer
02664650X2,0266465060,92 WOODY HEAD RD,WOODY HEAD,NSW,2466,-29.36631,153.37147,,,Tasmania Government LIST Telstra Payphones layer
02666511X2,0266651200,1 KOREELAH ST,BONALBO,NSW,2469,-28.736583,152.622834,,,Tasmania Government LIST Telstra Payphones layer
02664643X2,0266464300,CHATSWORTH RD,CHATSWORTH,NSW,2469,-29.38283,153.23323,,,Tasmania Government LIST Telstra Payphones layer
02673760X2,0267376600,7717 BRUXNER HWY,DRAKE VILLAGE,NSW,2469,-28.927233,152.375111,,,Tasmania Government LIST Telstra Payphones layer
02666450X2,0266645100,60 SANDILANDS ST,MALLANGANEE,NSW,2469,-28.90655,152.72181,,,Tasmania Government LIST Telstra Payphones layer
02666130Y1,0266613670,186 WELSH RD,MOOKIMA WYBRA,NSW,2469,-29.014521,152.569008,,,Tasmania Government LIST Telstra Payphones layer
02666133Y1,0266613576,186 WELSH RD,MOOKIMA WYBRA,NSW,2469,-29.013644,152.577888,,,Tasmania Government LIST Telstra Payphones layer
02666134Y1,0266613690,186 WELSH RD,MOOKIMA WYBRA,NSW,2469,-29.014521,152.569008,,,Tasmania Government LIST Telstra Payphones layer
02666135Y1,0266613692,186 WELSH RD,MOOKIMA WYBRA,NSW,2469,-29.014521,152.569008,,,Tasmania Government LIST Telstra Payphones layer
02666470X2,0266647200,5816 BRUXNER HWY,MUMMULGUM,NSW,2469,-28.847972,152.800783,,,Tasmania Government LIST Telstra Payphones layer
02666530X2,0266653100,15242 CLARENCE WAY,OLD BONALBO,NSW,2469,-28.653702,152.595303,,,Tasmania Government LIST Telstra Payphones layer
02666171X2,0266617100,33 NANDABAH ST,RAPPVILLE,NSW,2469,-29.086975,152.952548,,,Tasmania Government LIST Telstra Payphones layer
02666606X2,0266661241,16 COURT ST,TABULAM,NSW,2469,-28.891254,152.566875,,,Tasmania Government LIST Telstra Payphones layer
02666608X2,0266661260,8607 BRUXNER HWY,TABULAM,NSW,2469,-28.88732,152.56874,,,Tasmania Government LIST Telstra Payphones layer
02666609X2,0266661576,BRUXNER HWY,TABULAM,NSW,2469,-28.895785,152.527056,,,Tasmania Government LIST Telstra Payphones layer
02666190X2,0266619128,5351 SUMMERLAND WAY,WHIPORIE,NSW,2469,-29.2826,152.989209,,,Tasmania Government LIST Telstra Payphones layer
02664640X2,0266464200,65 MIDDLE ST,WOOMBAH,NSW,2469,-29.359598,153.281467,,,Tasmania Government LIST Telstra Payphones layer
02666200X2,0266624784,CANTERBURY ST,CASINO,NSW,2470,-28.861327,153.038538,,,Tasmania Government LIST Telstra Payphones layer
02666202X1,0266628452,164 CANTERBURY ST,CASINO,NSW,2470,-28.863102,153.050418,,,Tasmania Government LIST Telstra Payphones layer
02666208X2,0266621387,21 NORTH ST,CASINO,NSW,2470,-28.858837,153.037479,,,Tasmania Government LIST Telstra Payphones layer
02666209X2,0266621787,185 CENTRE ST,CASINO,NSW,2470,-28.860203,153.046796,,,Tasmania Government LIST Telstra Payphones layer
02666210X2,0266621921,105 CENTRE ST,CASINO,NSW,2470,-28.870293,153.044646,,,Tasmania Government LIST Telstra Payphones layer
02666211X2,0266622343,69 CENTRE ST,CASINO,NSW,2470,-28.876632,153.043352,,,Tasmania Government LIST Telstra Payphones layer
02666213X2,0266622587,16 MCDOUGAL ST,CASINO,NSW,2470,-28.85103,153.04271,,,Tasmania Government LIST Telstra Payphones layer
02666214X2,0266622632,59 JOHNSTON ST,CASINO,NSW,2470,-28.859433,153.052778,,,Tasmania Government LIST Telstra Payphones layer
02666215X2,0266622876,58 HARE ST,CASINO,NSW,2470,-28.870312,153.038317,,,Tasmania Government LIST Telstra Payphones layer
02666216X2,0266624695,136 WALKER ST,CASINO,NSW,2470,-28.862666,153.048351,,,Tasmania Government LIST Telstra Payphones layer
02666218X2,0266624790,136 BRUXNER HWY,CASINO,NSW,2470,-28.86063,153.06201,,,Tasmania Government LIST Telstra Payphones layer
02666220X2,0266625573,102 BARKER ST,CASINO,NSW,2470,-28.86465,153.047124,,,Tasmania Government LIST Telstra Payphones layer
02666228X2,0266628278,163 CANTERBURY ST,CASINO,NSW,2470,-28.863502,153.049419,,,Tasmania Government LIST Telstra Payphones layer
02666229X2,0266628871,99 QUEENSLAND RD,CASINO,NSW,2470,-28.847695,153.044437,,,Tasmania Government LIST Telstra Payphones layer
02668320X2,0266832200,57 QUEEN ELIZABETH DRV,CORAKI,NSW,2471,-28.99394,153.28154,,,Tasmania Government LIST Telstra Payphones layer
02668280X2,0266828245,1 FISHER ST,BROADWATER,NSW,2472,-29.010694,153.435696,,,Tasmania Government LIST Telstra Payphones layer
02668220X2,0266822200,85 RIVER ST,WOODBURN,NSW,2472,-29.0713,153.34502,,,Tasmania Government LIST Telstra Payphones layer
02668221X2,0266822283,114 RIVER ST,WOODBURN,NSW,2472,-29.071569,153.342585,,,Tasmania Government LIST Telstra Payphones layer
02668251X2,0266825062,WOODBURN ST,EVANS HEAD,NSW,2473,-29.118908,153.431949,,,Tasmania Government LIST Telstra Payphones layer
02668252X2,0266825064,BEECH ST,EVANS HEAD,NSW,2473,-29.112657,153.432363,,,Tasmania Government LIST Telstra Payphones layer
02668256X2,0266825081,57 WOODBURN ST,EVANS HEAD,NSW,2473,-29.115667,153.429348,,,Tasmania Government LIST Telstra Payphones layer
02668259X2,0266825086,21 PARK ST,EVANS HEAD,NSW,2473,-29.115437,153.431816,,,Tasmania Government LIST Telstra Payphones layer
02663370X2,0266337152,5331 KYOGLE/MURWILLUMBAH RD,CAWONGLA,NSW,2474,-28.60021,153.098315,,,Tasmania Government LIST Telstra Payphones layer
02663205X2,0266321432,2 NORLEDGE ST,GENEVA,NSW,2474,-28.620067,152.984028,,,Tasmania Government LIST Telstra Payphones layer
02663640X2,0266364200,3162 SUMMERLAND WAY,GREVILLIA,NSW,2474,-28.442756,152.833119,,,Tasmania Government LIST Telstra Payphones layer
02663201X2,0266321743,63 SUMMERLAND WAY,KYOGLE,NSW,2474,-28.619598,153.003624,,,Tasmania Government LIST Telstra Payphones layer
02663203X2,0266322254,153 SUMMERLAND WAY,KYOGLE,NSW,2474,-28.62256,153.00392,,,Tasmania Government LIST Telstra Payphones layer
02668970X1,0266897502,161 LINK RD,WADEVILLE,NSW,2474,-28.5663,153.12798,,,Tasmania Government LIST Telstra Payphones layer
02663620X2,0266362200,26 RIVER ST,WIANGAREE,NSW,2474,-28.506446,152.966842,,,Tasmania Government LIST Telstra Payphones layer
02663412X2,0266341241,35 URBEN ST,URBENVILLE,NSW,2475,-28.473161,152.547672,,,Tasmania Government LIST Telstra Payphones layer
02663500X1,0266351524,MULI MULI CRS,MULI MULI,NSW,2476,-28.419291,152.583472,,,Tasmania Government LIST Telstra Payphones layer
02663504X2,0266351203,35 MACPHERSON ST,WOODENBONG,NSW,2476,-28.39078,152.6122,,,Tasmania Government LIST Telstra Payphones layer
02663505X2,0266351304,11 UNUMGAR ST,WOODENBONG,NSW,2476,-28.388645,152.60988,,,Tasmania Government LIST Telstra Payphones layer
02662800X1,0266280502,89 MAIN ST,ALSTONVILLE,NSW,2477,-28.84313,153.44056,,,Tasmania Government LIST Telstra Payphones layer
02662800X2,0266280200,86 MAIN ST,ALSTONVILLE,NSW,2477,-28.84116,153.43965,,,Tasmania Government LIST Telstra Payphones layer
02662830X1,0266283871,89 MAIN ST,ALSTONVILLE,NSW,2477,-28.84313,153.44056,,,Tasmania Government LIST Telstra Payphones layer
02668342X2,0266834637,59 RICHMOND ST,WARDELL,NSW,2477,-28.952214,153.465907,,,Tasmania Government LIST Telstra Payphones layer
02662860X2,0266286376,58 SIMPSON AVE,WOLLONGBAR,NSW,2477,-28.82796,153.420516,,,Tasmania Government LIST Telstra Payphones layer
02668100X1,0266811258,95 FOX ST,BALLINA,NSW,2478,-28.859866,153.560572,,,Tasmania Government LIST Telstra Payphones layer
02668101X2,0266815042,86 TAMAR ST,BALLINA,NSW,2478,-28.869241,153.560483,,,Tasmania Government LIST Telstra Payphones layer
02668103X1,0266813754,100 KERR ST,BALLINA,NSW,2478,-28.85895,153.55883,,,Tasmania Government LIST Telstra Payphones layer
02668103X2,0266816941,24 FAWCETT ST,BALLINA,NSW,2478,-28.870975,153.559823,,,Tasmania Government LIST Telstra Payphones layer
02668600X2,0266862039,210 SOUTHERN CROSS DRV,BALLINA,NSW,2478,-28.837427,153.556407,,,Tasmania Government LIST Telstra Payphones layer
02668608X2,0266867640,12 TWEED ST,BALLINA,NSW,2478,-28.867143,153.552617,,,Tasmania Government LIST Telstra Payphones layer
02668609X2,0436321592,68 SWIFT ST,BALLINA,NSW,2478,-28.866692,153.561093,,,Tasmania Government LIST Telstra Payphones layer
02668611X2,0266867653,176 RIVER ST,BALLINA,NSW,2478,-28.87015,153.559317,,,Tasmania Government LIST Telstra Payphones layer
02668612X2,0436418523,98 KERR ST,BALLINA,NSW,2478,-28.862113,153.557908,,,Tasmania Government LIST Telstra Payphones layer
02668614X2,0266867685,31 RIVER ST,BALLINA,NSW,2478,-28.87157,153.563298,,,Tasmania Government LIST Telstra Payphones layer
02668619X2,0266867746,135 RIVER ST,BALLINA,NSW,2478,-28.870343,153.560222,,,Tasmania Government LIST Telstra Payphones layer
02668621X2,0266867752,31 BENTINCK ST,BALLINA,NSW,2478,-28.866017,153.567729,,,Tasmania Government LIST Telstra Payphones layer
02668630X2,0266869813,85 TAMAR ST,BALLINA,NSW,2478,-28.868574,153.559705,,,Tasmania Government LIST Telstra Payphones layer
02668638X2,0266860356,6 RIVER ST,BALLINA,NSW,2478,-28.872921,153.565538,,,Tasmania Government LIST Telstra Payphones layer
02668607X2,0266867638,PARK ST,EAST BALLINA,NSW,2478,-28.866813,153.579432,,,Tasmania Government LIST Telstra Payphones layer
02668622X2,0266867760,6 GRANDVIEW ST,EAST BALLINA,NSW,2478,-28.865307,153.590955,,,Tasmania Government LIST Telstra Payphones layer
02668628X2,0266869127,38 LINKS AVE,EAST BALLINA,NSW,2478,-28.850606,153.583498,,,Tasmania Government LIST Telstra Payphones layer
02668770X2,0447953568,73 BALLINA ST,LENNOX HEAD,NSW,2478,-28.795458,153.594023,,,Tasmania Government LIST Telstra Payphones layer
02668772X2,0266877373,25 BYRON ST,LENNOX HEAD,NSW,2478,-28.79322,153.590542,,,Tasmania Government LIST Telstra Payphones layer
02668773X2,0266877400,3 ROSS ST,LENNOX HEAD,NSW,2478,-28.786539,153.592722,,,Tasmania Government LIST Telstra Payphones layer
02668750X1,0266875589,35 SKENNARS HEAD RD,SKENNARS HEAD,NSW,2478,-28.824203,153.600477,,,Tasmania Government LIST Telstra Payphones layer
02668601X2,0447195273,344 SOUTH BALLINA BEACH RD,SOUTH BALLINA,NSW,2478,-28.882167,153.560855,,,Tasmania Government LIST Telstra Payphones layer
02668780X2,0266878452,6 GEORGE ST,TINTENBAR,NSW,2478,-28.797085,153.513098,,,Tasmania Government LIST Telstra Payphones layer
02668613X2,0266867668,482 RIVER ST,WEST BALLINA,NSW,2478,-28.863819,153.535774,,,Tasmania Government LIST Telstra Payphones layer
02668625X2,0266868702,21 KALINGA ST,WEST BALLINA,NSW,2478,-28.86395,153.54224,,,Tasmania Government LIST Telstra Payphones layer
02668710X2,0266871300,26 BYRON ST,BANGALOW,NSW,2479,-28.686556,153.524077,,,Tasmania Government LIST Telstra Payphones layer
02668711X2,0266871400,9 OLD PACIFIC HWY,NEWRYBAR,NSW,2479,-28.721666,153.53029,,,Tasmania Government LIST Telstra Payphones layer
02662840X2,0266284206,85 COLEMAN ST,BEXHILL,NSW,2480,-28.762525,153.346711,,,Tasmania Government LIST Telstra Payphones layer
02662910X2,0266291400,33 MAIN ST,CLUNES,NSW,2480,-28.731084,153.405551,,,Tasmania Government LIST Telstra Payphones layer
02668951X2,0266895965,84 JAMES ST,DUNOON,NSW,2480,-28.683301,153.316254,,,Tasmania Government LIST Telstra Payphones layer
02662104X2,0266217074,120 DALLEY ST,EAST LISMORE,NSW,2480,-28.822264,153.298056,,,Tasmania Government LIST Telstra Payphones layer
02662119X2,0266219365,6 HARMONY AVE,EAST LISMORE,NSW,2480,-28.82609,153.290153,,,Tasmania Government LIST Telstra Payphones layer
02662223X2,0266224739,146 MILITARY RD,EAST LISMORE,NSW,2480,-28.827447,153.297813,,,Tasmania Government LIST Telstra Payphones layer
02668800X2,0266884200,432 EUREKA RD,EUREKA,NSW,2480,-28.6881,153.438695,,,Tasmania Government LIST Telstra Payphones layer
02668840X2,0266884100,3 ALBERT ST,FEDERAL,NSW,2480,-28.651955,153.455735,,,Tasmania Government LIST Telstra Payphones layer
02662115X2,0266219260,302 KEEN ST,GIRARDS HILL,NSW,2480,-28.817568,153.272871,,,Tasmania Government LIST Telstra Payphones layer
02662930X2,0266293200,857 NIMBIN RD,GOOLMANGAR,NSW,2480,-28.74691,153.22577,,,Tasmania Government LIST Telstra Payphones layer
02662400X1,0266248126,1 SIMEONI DRV,GOONELLABAH,NSW,2480,-28.822664,153.326882,,,Tasmania Government LIST Telstra Payphones layer
02662401X1,0266247253,1 SIMEONI DRV,GOONELLABAH,NSW,2480,-28.822664,153.326882,,,Tasmania Government LIST Telstra Payphones layer
02662401X2,0266245034,13 SHEARMAN DRV,GOONELLABAH,NSW,2480,-28.82139,153.31567,,,Tasmania Government LIST Telstra Payphones layer
02662510X7,0266251467,3 JAMES RD,GOONELLABAH,NSW,2480,-28.81135,153.34374,,,Tasmania Government LIST Telstra Payphones layer
02662511X2,0266251104,608 BALLINA RD,GOONELLABAH,NSW,2480,-28.817528,153.323595,,,Tasmania Government LIST Telstra Payphones layer
02662514X2,0266251242,59 ROUS RD,GOONELLABAH,NSW,2480,-28.821458,153.319346,,,Tasmania Government LIST Telstra Payphones layer
02662100X2,0266214380,21 CONWAY ST,LISMORE,NSW,2480,-28.81087,153.274946,,,Tasmania Government LIST Telstra Payphones layer
02662102X2,0448894475,112 BALLINA RD,LISMORE,NSW,2480,-28.815022,153.28594,,,Tasmania Government LIST Telstra Payphones layer
02662106X2,0436314784,73 DIADEM ST,LISMORE,NSW,2480,-28.810189,153.287674,,,Tasmania Government LIST Telstra Payphones layer
02662112X2,0266219006,45 WOODLARK ST,LISMORE,NSW,2480,-28.807291,153.278202,,,Tasmania Government LIST Telstra Payphones layer
02662113X2,0266219114,60 URALBA ST,LISMORE,NSW,2480,-28.809486,153.291616,,,Tasmania Government LIST Telstra Payphones layer
02662118X2,0266219339,44 HUNTER ST,LISMORE,NSW,2480,-28.807051,153.29095,,,Tasmania Government LIST Telstra Payphones layer
02662125X2,0266219754,138 DAWSON ST,LISMORE,NSW,2480,-28.81381,153.27815,,,Tasmania Government LIST Telstra Payphones layer
02662127X2,0266219802,50 DAWSON ST,LISMORE,NSW,2480,-28.80775,153.2825,,,Tasmania Government LIST Telstra Payphones layer
02662208X2,0455490724,54 CONWAY ST,LISMORE,NSW,2480,-28.81209,153.27766,,,Tasmania Government LIST Telstra Payphones layer
02662212X1,0266224318,8 BREWSTER ST,LISMORE,NSW,2480,-28.808165,153.285676,,,Tasmania Government LIST Telstra Payphones layer
02662218X2,0266223210,124 MOLESWORTH ST,LISMORE,NSW,2480,-28.807982,153.276556,,,Tasmania Government LIST Telstra Payphones layer
02662219X2,0448718414,101 KEEN ST,LISMORE,NSW,2480,-28.808662,153.278592,,,Tasmania Government LIST Telstra Payphones layer
02662222X2,0266224324,19 ZADOC ST,LISMORE,NSW,2480,-28.805975,153.280344,,,Tasmania Government LIST Telstra Payphones layer
02662231X2,0266221318,182 MOLESWORTH ST,LISMORE,NSW,2480,-28.80897,153.27548,,,Tasmania Government LIST Telstra Payphones layer
02662250X2,0266226983,66 MAGELLAN ST,LISMORE,NSW,2480,-28.809313,153.276836,,,Tasmania Government LIST Telstra Payphones layer
02662251X2,0455718321,203 KEEN ST,LISMORE,NSW,2480,-28.811028,153.277006,,,Tasmania Government LIST Telstra Payphones layer
02662522X2,0266252073,5 DIXON PL,LISMORE,NSW,2480,-28.810767,153.30041,,,Tasmania Government LIST Telstra Payphones layer
02662516X2,0266251335,422 BALLINA RD,LISMORE HEIGHTS,NSW,2480,-28.81072,153.30481,,,Tasmania Government LIST Telstra Payphones layer
02662520X7,0266251451,74 HIGH ST,LISMORE HEIGHTS,NSW,2480,-28.802862,153.294614,,,Tasmania Government LIST Telstra Payphones layer
02668910X2,0266891864,45 CULLEN ST,NIMBIN,NSW,2480,-28.596548,153.223098,,,Tasmania Government LIST Telstra Payphones layer
02668912X2,0266891867,45 CULLEN ST,NIMBIN,NSW,2480,-28.596548,153.223098,,,Tasmania Government LIST Telstra Payphones layer
02668913X2,0436295362,29 SIBLEY ST,NIMBIN,NSW,2480,-28.5954,153.22526,,,Tasmania Government LIST Telstra Payphones layer
02662111X2,0266218986,19 BRIDGE ST,NORTH LISMORE,NSW,2480,-28.804682,153.275364,,,Tasmania Government LIST Telstra Payphones layer
02668820X2,0266882100,546 ROSEBANK RD,ROSEBANK,NSW,2480,-28.66249,153.39163,,,Tasmania Government LIST Telstra Payphones layer
02662117X2,0266219281,237 UNION ST,SOUTH LISMORE,NSW,2480,-28.820495,153.265034,,,Tasmania Government LIST Telstra Payphones layer
02662122X2,0455379986,96 CASINO ST,SOUTH LISMORE,NSW,2480,-28.808016,153.261947,,,Tasmania Government LIST Telstra Payphones layer
02662128X2,0436277183,125 UNION ST,SOUTH LISMORE,NSW,2480,-28.812193,153.267149,,,Tasmania Government LIST Telstra Payphones layer
02662130X2,0266219967,38 UNION ST,SOUTH LISMORE,NSW,2480,-28.81031,153.26881,,,Tasmania Government LIST Telstra Payphones layer
02662131X2,0266219990,81 UNION ST,SOUTH LISMORE,NSW,2480,-28.80885,153.269949,,,Tasmania Government LIST Telstra Payphones layer
02668860X2,0266886200,MILL ST,THE CHANNON,NSW,2480,-28.67307,153.27811,,,Tasmania Government LIST Telstra Payphones layer
02668534X2,0266853670,184 SEVEN MILE BEACH RD,BROKEN HEAD,NSW,2481,-28.70504,153.61431,,,Tasmania Government LIST Telstra Payphones layer
02668000X2,0266809423,98 JONSON ST,BYRON BAY,NSW,2481,-28.646286,153.612591,,,Tasmania Government LIST Telstra Payphones layer
02668080X2,0266808076,10 SHIRLEY ST,BYRON BAY,NSW,2481,-28.641499,153.609749,,,Tasmania Government LIST Telstra Payphones layer
02668090X2,0266809421,78 BANGALOW RD,BYRON BAY,NSW,2481,-28.65773,153.61601,,,Tasmania Government LIST Telstra Payphones layer
02668551X2,0266855309,2 JONSON ST,BYRON BAY,NSW,2481,-28.641219,153.612746,,,Tasmania Government LIST Telstra Payphones layer
02668553X2,0266855572,2 MASSINGER ST,BYRON BAY,NSW,2481,-28.643039,153.622424,,,Tasmania Government LIST Telstra Payphones layer
02668555X2,0266855603,MIDDLETON ST,BYRON BAY,NSW,2481,-28.643337,153.615387,,,Tasmania Government LIST Telstra Payphones layer
02668559X2,0266855664,37 JONSON ST,BYRON BAY,NSW,2481,-28.64308,153.61228,,,Tasmania Government LIST Telstra Payphones layer
02668560X7,0266855574,BAYSHORE DRV,BYRON BAY,NSW,2481,-28.637511,153.581681,,,Tasmania Government LIST Telstra Payphones layer
02668561X9,0266855578,20 BAY ST,BYRON BAY,NSW,2481,-28.641465,153.614564,,,Tasmania Government LIST Telstra Payphones layer
02668563X2,0266856704,13 LAWSON ST,BYRON BAY,NSW,2481,-28.64232,153.61316,,,Tasmania Government LIST Telstra Payphones layer
02668573X2,0266857306,65 CARLYLE ST,BYRON BAY,NSW,2481,-28.648216,153.620224,,,Tasmania Government LIST Telstra Payphones layer
02668574X2,0266857403,67 SHIRLEY ST,BYRON BAY,NSW,2481,-28.639787,153.604349,,,Tasmania Government LIST Telstra Payphones layer
02668575X2,0455840114,64 JONSON ST,BYRON BAY,NSW,2481,-28.644308,153.61229,,,Tasmania Government LIST Telstra Payphones layer
02668583X2,0266858873,10 BAY ST,BYRON BAY,NSW,2481,-28.641157,153.61368,,,Tasmania Government LIST Telstra Payphones layer
02668532X2,0266853178,2 CLIFFORD ST,SUFFOLK PARK,NSW,2481,-28.68954,153.608042,,,Tasmania Government LIST Telstra Payphones layer
02668533X2,0266853200,143 ALCORN ST,SUFFOLK PARK,NSW,2481,-28.690323,153.612669,,,Tasmania Government LIST Telstra Payphones layer
02668450X2,0266845400,892 MAIN ARM RD,MAIN ARM,NSW,2482,-28.503473,153.431726,,,Tasmania Government LIST Telstra Payphones layer
02668430X2,0266843137,71 BURRINGBAR ST,MULLUMBIMBY,NSW,2482,-28.553505,153.501822,,,Tasmania Government LIST Telstra Payphones layer
02668434X2,0266843167,67 STUART ST,MULLUMBIMBY,NSW,2482,-28.55306,153.50072,,,Tasmania Government LIST Telstra Payphones layer
02668439X2,0266843256,93 DALLEY ST,MULLUMBIMBY,NSW,2482,-28.55363,153.499444,,,Tasmania Government LIST Telstra Payphones layer
02668010X2,0266801000,2 WILFRED ST,BILLINUDGEL,NSW,2483,-28.504109,153.527048,,,Tasmania Government LIST Telstra Payphones layer
02668511X2,0266851302,6 OLD PACIFIC HIGHWAY ST,BRUNSWICK HEADS,NSW,2483,-28.537177,153.548203,,,Tasmania Government LIST Telstra Payphones layer
02668512X2,0266851304,2 SHORT ST,BRUNSWICK HEADS,NSW,2483,-28.543952,153.54719,,,Tasmania Government LIST Telstra Payphones layer
02668514X2,0266851600,11 THE TERRACE,BRUNSWICK HEADS,NSW,2483,-28.540455,153.552435,,,Tasmania Government LIST Telstra Payphones layer
02668515X2,0266851702,22 FINGAL ST,BRUNSWICK HEADS,NSW,2483,-28.540496,153.549924,,,Tasmania Government LIST Telstra Payphones layer
02667711X2,0266771107,23 BROADWAY,BURRINGBAR,NSW,2483,-28.43448,153.47092,,,Tasmania Government LIST Telstra Payphones layer
02667710X2,0266771100,22 CRABBES CREEK RD,CRABBES CREEK,NSW,2483,-28.456267,153.496315,,,Tasmania Government LIST Telstra Payphones layer
02667712X2,0266771200,5913 TWEED VALLEY WAY,MOOBALL,NSW,2483,-28.441873,153.488848,,,Tasmania Government LIST Telstra Payphones layer
02668013X2,0455993013,19 RIVER ST,NEW BRIGHTON,NSW,2483,-28.5091,153.54942,,,Tasmania Government LIST Telstra Payphones layer
02668021X1,0266802348,84 RAJAH RD,OCEAN SHORES,NSW,2483,-28.524253,153.546053,,,Tasmania Government LIST Telstra Payphones layer
02668030X2,0266803338,78 RAJAH RD,OCEAN SHORES,NSW,2483,-28.525487,153.546172,,,Tasmania Government LIST Telstra Payphones layer
02668020X1,0266802879,17 BEACH AVE,SOUTH GOLDEN BEACH,NSW,2483,-28.496596,153.549764,,,Tasmania Government LIST Telstra Payphones layer
02667219X2,0266726329,43 KYOGLE RD,BRAY PARK,NSW,2484,-28.340552,153.375163,,,Tasmania Government LIST Telstra Payphones layer
02667910X2,0266791200,1292 NUMINBAH RD,CHILLINGHAM,NSW,2484,-28.314704,153.279263,,,Tasmania Government LIST Telstra Payphones layer
02667207X2,0266726327,140 MCLEOD ST,CONDONG,NSW,2484,-28.312836,153.434883,,,Tasmania Government LIST Telstra Payphones layer
02667950X1,0266795634,153 MT WARNING RD,MT WARNING,NSW,2484,-28.387089,153.325367,,,Tasmania Government LIST Telstra Payphones layer
02667951X2,0266795513,153 MT WARNING RD,MT WARNING,NSW,2484,-28.38868,153.32408,,,Tasmania Government LIST Telstra Payphones layer
02667200X2,0266723587,50 BRISBANE ST,MURWILLUMBAH,NSW,2484,-28.33218,153.395061,,,Tasmania Government LIST Telstra Payphones layer
02667201X2,0266726184,BRISBANE ST,MURWILLUMBAH,NSW,2484,-28.326738,153.395823,,,Tasmania Government LIST Telstra Payphones layer
02667203X2,0266726193,41 MURWILLUMBAH ST,MURWILLUMBAH,NSW,2484,-28.326589,153.398202,,,Tasmania Government LIST Telstra Payphones layer
02667210X2,0266726332,33 WHARF ST,MURWILLUMBAH,NSW,2484,-28.326751,153.398738,,,Tasmania Government LIST Telstra Payphones layer
02667213X2,0266727209,BRISBANE ST,MURWILLUMBAH,NSW,2484,-28.326738,153.395823,,,Tasmania Government LIST Telstra Payphones layer
02667227X2,0266728915,42 WOLLUMBIN ST,MURWILLUMBAH,NSW,2484,-28.32771,153.39589,,,Tasmania Government LIST Telstra Payphones layer
02667208X2,0266726328,TWEED VALLEY WAY,SOUTH MURWILLUMBAH,NSW,2484,-28.3302,153.40259,,,Tasmania Government LIST Telstra Payphones layer
02667212X2,0266726337,461 TWEED VALLEY WAY,SOUTH MURWILLUMBAH,NSW,2484,-28.343218,153.400763,,,Tasmania Government LIST Telstra Payphones layer
02667790X2,0266779298,201 STOKERS SIDING RD,STOKERS SIDING,NSW,2484,-28.396725,153.404525,,,Tasmania Government LIST Telstra Payphones layer
02667930X2,0266793200,17 COOLMAN ST,TYALGUM,NSW,2484,-28.355782,153.205914,,,Tasmania Government LIST Telstra Payphones layer
02667950X2,0455739323,1464 KYOGLE RD,UKI,NSW,2484,-28.41373,153.33513,,,Tasmania Government LIST Telstra Payphones layer
07559901X2,0755991020,41 RECREATION ST,TWEED HEADS,NSW,2485,-28.179024,153.538208,,,Tasmania Government LIST Telstra Payphones layer
07559906X1,0755991213,22 FLORENCE ST,TWEED HEADS,NSW,2485,-28.177,153.54289,,,Tasmania Government LIST Telstra Payphones layer
07559907X2,0755991158,97 KENNEDY DRV,TWEED HEADS,NSW,2485,-28.186613,153.527646,,,Tasmania Government LIST Telstra Payphones layer
07559911X2,0755991270,1 CALOOLA DRV,TWEED HEADS,NSW,2485,-28.177791,153.528641,,,Tasmania Government LIST Telstra Payphones layer
07559912X2,0755991276,BOUNDARY ST,TWEED HEADS,NSW,2485,-28.16767,153.54527,,,Tasmania Government LIST Telstra Payphones layer
07559913X2,0755991314,29 BAY ST,TWEED HEADS,NSW,2485,-28.17092,153.54271,,,Tasmania Government LIST Telstra Payphones layer
07559918X2,0755991435,14 POWELL ST,TWEED HEADS,NSW,2485,-28.176913,153.54435,,,Tasmania Government LIST Telstra Payphones layer
07559925X2,0755991571,34 WHARF ST,TWEED HEADS,NSW,2485,-28.17224,153.54341,,,Tasmania Government LIST Telstra Payphones layer
07559926X2,0755991615,KENNEDY DRV,TWEED HEADS,NSW,2485,-28.18613,153.53205,,,Tasmania Government LIST Telstra Payphones layer
07559931X2,0755991768,29 WHARF ST,TWEED HEADS,NSW,2485,-28.170585,153.543313,,,Tasmania Government LIST Telstra Payphones layer
07553607X2,0755368358,212 KENNEDY DRV,TWEED HEADS WEST,NSW,2485,-28.188831,153.512288,,,Tasmania Government LIST Telstra Payphones layer
07559940X2,0755998492,24 SCENIC DRV,TWEED HEADS WEST,NSW,2485,-28.195172,153.505765,,,Tasmania Government LIST Telstra Payphones layer
07552404X2,0755241200,19 SEXTON HILL DRV,BANORA POINT,NSW,2486,-28.219786,153.546371,,,Tasmania Government LIST Telstra Payphones layer
07552408X1,0755248109,59 DARLINGTON DRV,BANORA POINT,NSW,2486,-28.21513,153.540916,,,Tasmania Government LIST Telstra Payphones layer
07552409X1,0755248097,59 DARLINGTON DRV,BANORA POINT,NSW,2486,-28.21461,153.54125,,,Tasmania Government LIST Telstra Payphones layer
07552413X2,0455795903,45 ASH DRV,BANORA POINT,NSW,2486,-28.22489,153.52864,,,Tasmania Government LIST Telstra Payphones layer
07559071X2,0755907589,381 BILAMBIL RD,BILAMBIL,NSW,2486,-28.224631,153.466363,,,Tasmania Government LIST Telstra Payphones layer
07559070X2,0755907159,69 SIMPSON DRV,BILAMBIL HEIGHTS,NSW,2486,-28.215693,153.485113,,,Tasmania Government LIST Telstra Payphones layer
07552391X2,0755239562,112 MINJUNGBAL DRV,TWEED HEADS SOUTH,NSW,2486,-28.202973,153.545557,,,Tasmania Government LIST Telstra Payphones layer
07552403X2,0755243000,20 ALTAIR ST,TWEED HEADS SOUTH,NSW,2486,-28.19605,153.54628,,,Tasmania Government LIST Telstra Payphones layer
07552407X2,0755242531,34 LLOYD ST,TWEED HEADS SOUTH,NSW,2486,-28.191695,153.535843,,,Tasmania Government LIST Telstra Payphones layer
07552409X2,0755243600,1 WILLIAM ST,TWEED HEADS SOUTH,NSW,2486,-28.190917,153.540729,,,Tasmania Government LIST Telstra Payphones layer
07552417X2,0437802782,115 DRYDOCK RD,TWEED HEADS SOUTH,NSW,2486,-28.19289,153.52617,,,Tasmania Government LIST Telstra Payphones layer
07552419X2,0448029977,1 DRYDOCK RD,TWEED HEADS SOUTH,NSW,2486,-28.187959,153.539459,,,Tasmania Government LIST Telstra Payphones layer
02667400X1,0266742401,46 WOMMIN BAY RD,CHINDERAH,NSW,2487,-28.23731,153.56038,,,Tasmania Government LIST Telstra Payphones layer
02667417X2,0266743387,10 CHINDERAH RD,CHINDERAH,NSW,2487,-28.242159,153.551491,,,Tasmania Government LIST Telstra Payphones layer
02667418X2,0455991350,1 WAUGH ST,CHINDERAH,NSW,2487,-28.233112,153.556465,,,Tasmania Government LIST Telstra Payphones layer
07552415X2,0755247985,50 MAIN ST,FINGAL HEAD,NSW,2487,-28.20077,153.56601,,,Tasmania Government LIST Telstra Payphones layer
02667403X1,0266743407,24 PEARL ST,KINGSCLIFF,NSW,2487,-28.256235,153.575322,,,Tasmania Government LIST Telstra Payphones layer
02667404X2,0266740882,CUDGEN RD,KINGSCLIFF,NSW,2487,-28.26514,153.56855,,,Tasmania Government LIST Telstra Payphones layer
02667405X2,0266742034,170 MARINE PDE,KINGSCLIFF,NSW,2487,-28.250122,153.571216,,,Tasmania Government LIST Telstra Payphones layer
02667407X2,0266742227,60 MARINE PDE,KINGSCLIFF,NSW,2487,-28.256598,153.578762,,,Tasmania Government LIST Telstra Payphones layer
02667408X2,0266742336,MARINE PDE,KINGSCLIFF,NSW,2487,-28.25528,153.57645,,,Tasmania Government LIST Telstra Payphones layer
02667409X2,0266742408,96 MARINE PDE,KINGSCLIFF,NSW,2487,-28.25576,153.57675,,,Tasmania Government LIST Telstra Payphones layer
02667412X2,0266742624,MARINE PDE,KINGSCLIFF,NSW,2487,-28.24226,153.56805,,,Tasmania Government LIST Telstra Payphones layer
02667416X2,0266743310,26 OXFORD ST,KINGSCLIFF,NSW,2487,-28.265159,153.572527,,,Tasmania Government LIST Telstra Payphones layer
02667610X2,0266761100,45 TWEED COAST RD,BOGANGAR,NSW,2488,-28.331955,153.569415,,,Tasmania Government LIST Telstra Payphones layer
02667640X2,0266764283,77 TWEED COAST RD,BOGANGAR,NSW,2488,-28.334039,153.571058,,,Tasmania Government LIST Telstra Payphones layer
02667612X2,0266761200,9 TWEED COAST RD,HASTINGS POINT,NSW,2489,-28.36128,153.575708,,,Tasmania Government LIST Telstra Payphones layer
02667640X1,0266764185,1 TWEED COAST RD,HASTINGS POINT,NSW,2489,-28.35602,153.57309,,,Tasmania Government LIST Telstra Payphones layer
02667613X2,0266761206,9 CORONATION AVE,POTTSVILLE,NSW,2489,-28.389198,153.563893,,,Tasmania Government LIST Telstra Payphones layer
02667614X2,0266761246,TWEED COAST RD,POTTSVILLE,NSW,2489,-28.388284,153.565966,,,Tasmania Government LIST Telstra Payphones layer
02667630X2,0266763397,27 TWEED COAST RD,POTTSVILLE,NSW,2489,-28.384371,153.566981,,,Tasmania Government LIST Telstra Payphones layer
02667660X2,0266766200,22 FAWCETT ST,TUMBULGUM,NSW,2490,-28.274372,153.461303,,,Tasmania Government LIST Telstra Payphones layer
02422678X2,0242265351,128 GLADSTONE AVE,CONISTON,NSW,2500,-34.437733,150.884819,,,Tasmania Government LIST Telstra Payphones layer
02422687X2,0242264952,26 BRIDGE ST,CONISTON,NSW,2500,-34.437795,150.885312,,,Tasmania Government LIST Telstra Payphones layer
02422605X2,0242262737,198 GIPPS ST,GWYNNEVILLE,NSW,2500,-34.416149,150.883458,,,Tasmania Government LIST Telstra Payphones layer
02422608X1,0242266289,NORTHFIELDS AVE,KEIRAVILLE,NSW,2500,-34.406241,150.878549,,,Tasmania Government LIST Telstra Payphones layer
02422656X2,0242262498,225 GIPPS RD,KEIRAVILLE,NSW,2500,-34.414637,150.871869,,,Tasmania Government LIST Telstra Payphones layer
02422903X2,0242298098,NORTHFIELDS AVE,KEIRAVILLE,NSW,2500,-34.408066,150.879241,,,Tasmania Government LIST Telstra Payphones layer
02422638X2,0242265358,101 ST JOHNS AVE,MANGERTON,NSW,2500,-34.438907,150.8694,,,Tasmania Government LIST Telstra Payphones layer
02422501X1,0242257697,1 FOLEYS LA,NORTH WOLLONGONG,NSW,2500,-34.40672,150.88574,,,Tasmania Government LIST Telstra Payphones layer
02422631X2,0242265362,43 BOURKE ST,NORTH WOLLONGONG,NSW,2500,-34.414495,150.895791,,,Tasmania Government LIST Telstra Payphones layer
02422684X2,0242264216,STAFFORD ST,NORTH WOLLONGONG,NSW,2500,-34.412357,150.891521,,,Tasmania Government LIST Telstra Payphones layer
02422606X2,0242262945,501 CROWN ST,WEST WOLLONGONG,NSW,2500,-34.425349,150.873128,,,Tasmania Government LIST Telstra Payphones layer
02422905X2,0242294565,43 YELLALONG ST,WEST WOLLONGONG,NSW,2500,-34.424615,150.863893,,,Tasmania Government LIST Telstra Payphones layer
02422502X1,0242250861,LOFTUS ST,WOLLONGONG,NSW,2500,-34.425022,150.883561,,,Tasmania Government LIST Telstra Payphones layer
02422600X2,0242261971,1 RAILWAY STATION SQ,WOLLONGONG,NSW,2500,-34.426903,150.888414,,,Tasmania Government LIST Telstra Payphones layer
02422602X2,0242262297,11 CROWN ST,WOLLONGONG,NSW,2500,-34.426226,150.901958,,,Tasmania Government LIST Telstra Payphones layer
02422604X2,0242262417,139 CROWN ST,WOLLONGONG,NSW,2500,-34.425351,150.895967,,,Tasmania Government LIST Telstra Payphones layer
02422616X2,0242263257,SMITH ST,WOLLONGONG,NSW,2500,-34.421502,150.893654,,,Tasmania Government LIST Telstra Payphones layer
02422617X2,0428753122,41 CAMPBELL ST,WOLLONGONG,NSW,2500,-34.420269,150.898117,,,Tasmania Government LIST Telstra Payphones layer
02422619X2,0428995928,80 ROWLAND ST,WOLLONGONG,NSW,2500,-34.428486,150.879066,,,Tasmania Government LIST Telstra Payphones layer
02422621X2,0242264265,93 CROWN ST,WOLLONGONG,NSW,2500,-34.425661,150.897714,,,Tasmania Government LIST Telstra Payphones layer
02422635X2,0242267063,203 CROWN ST,WOLLONGONG,NSW,2500,-34.425026,150.893545,,,Tasmania Government LIST Telstra Payphones layer
02422643X2,0436445002,73 KEMBLA ST,WOLLONGONG,NSW,2500,-34.427,150.897026,,,Tasmania Government LIST Telstra Payphones layer
02422645X2,0242265072,84 CLIFF RD,WOLLONGONG,NSW,2500,-34.421354,150.90396,,,Tasmania Government LIST Telstra Payphones layer
02422650X2,0242263824,20 CLIFF RD,WOLLONGONG,NSW,2500,-34.415374,150.900811,,,Tasmania Government LIST Telstra Payphones layer
02422657X2,0242262410,13 GLEBE ST,WOLLONGONG,NSW,2500,-34.4314,150.89647,,,Tasmania Government LIST Telstra Payphones layer
02422675X2,0242266582,71 BURELLI ST,WOLLONGONG,NSW,2500,-34.42646,150.895426,,,Tasmania Government LIST Telstra Payphones layer
02422683X2,0242269291,1 STATION ST,WOLLONGONG,NSW,2500,-34.426908,150.888219,,,Tasmania Government LIST Telstra Payphones layer
02422685X2,0242262247,STATION ST,WOLLONGONG,NSW,2500,-34.427108,150.888002,,,Tasmania Government LIST Telstra Payphones layer
02422686X2,0242262864,CROWN ST,WOLLONGONG,NSW,2500,-34.426851,150.888162,,,Tasmania Government LIST Telstra Payphones layer
02422701X2,0242273179,203 CROWN ST,WOLLONGONG,NSW,2500,-34.425026,150.893545,,,Tasmania Government LIST Telstra Payphones layer
02427624X2,0242743587,38 BIRMINGHAM ST,CRINGILA,NSW,2502,-34.467609,150.872521,,,Tasmania Government LIST Telstra Payphones layer
02427611X2,0242743478,9 WERINGA AVE,LAKE HEIGHTS,NSW,2502,-34.480616,150.872366,,,Tasmania Government LIST Telstra Payphones layer
02427615X2,0436297168,43 ILLOWRA CRS,PRIMBEE,NSW,2502,-34.50082,150.88169,,,Tasmania Government LIST Telstra Payphones layer
02427403X2,0242744334,194 COWPER ST,WARRAWONG,NSW,2502,-34.485287,150.888292,,,Tasmania Government LIST Telstra Payphones layer
02427405X2,0242744943,240 NORTHCLIFF DRV,WARRAWONG,NSW,2502,-34.49165,150.87412,,,Tasmania Government LIST Telstra Payphones layer
02427608X2,0242742960,240 COWPER ST,WARRAWONG,NSW,2502,-34.485473,150.887412,,,Tasmania Government LIST Telstra Payphones layer
02427520X1,0438144716,103 OLD PORT RD,PORT KEMBLA,NSW,2505,-34.47722,150.90276,,,Tasmania Government LIST Telstra Payphones layer
02427604X2,0242746793,2 NORTHCLIFFE DRV,PORT KEMBLA,NSW,2505,-34.488534,150.893632,,,Tasmania Government LIST Telstra Payphones layer
02427610X2,0242747654,156 WENTWORTH ST,PORT KEMBLA,NSW,2505,-34.484285,150.904992,,,Tasmania Government LIST Telstra Payphones layer
02427625X2,0242742086,75 ALLAN ST,PORT KEMBLA,NSW,2505,-34.48139,150.90159,,,Tasmania Government LIST Telstra Payphones layer
02427215X2,0242721169,50 GALLOP ST,BERKELEY,NSW,2506,-34.475572,150.843711,,,Tasmania Government LIST Telstra Payphones layer
02427221X2,0436291064,7 DEVON ST,BERKELEY,NSW,2506,-34.481631,150.845671,,,Tasmania Government LIST Telstra Payphones layer
02429411X2,0242941165,28 PATERSON RD,COALCLIFF,NSW,2508,-34.245805,150.97611,,,Tasmania Government LIST Telstra Payphones layer
02429414X2,0242942357,222 LAWRENCE HARGRAVE DRV,COALCLIFF,NSW,2508,-34.242217,150.977357,,,Tasmania Government LIST Telstra Payphones layer
02429400X1,0242942131,WILSON CREEK RD,HELENSBURGH,NSW,2508,-34.176959,150.994778,,,Tasmania Government LIST Telstra Payphones layer
02429400X2,0242941032,114 PARK ST,HELENSBURGH,NSW,2508,-34.1907,150.98164,,,Tasmania Government LIST Telstra Payphones layer
02429413X2,0242943541,LADY CARRINGTON RD,OTFORD,NSW,2508,-34.21067,151.00581,,,Tasmania Government LIST Telstra Payphones layer
02429401X1,0242941632,38 RAILWAY CRS,STANWELL PARK,NSW,2508,-34.226179,150.98134,,,Tasmania Government LIST Telstra Payphones layer
02429401X2,0242941254,LAWRENCE HARGRAVE DRV,STANWELL PARK,NSW,2508,-34.2281178,150.9835773,,,Tasmania Government LIST Telstra Payphones layer
02426803X2,0436332987,THE GROVE,AUSTINMER,NSW,2515,-34.306187,150.934343,,,Tasmania Government LIST Telstra Payphones layer
02426819X2,0429797356,1 GILCHRIST ST,AUSTINMER,NSW,2515,-34.30606,150.92968,,,Tasmania Government LIST Telstra Payphones layer
02426804X2,0242681497,2 YOUNG ST,COLEDALE,NSW,2515,-34.290216,150.945182,,,Tasmania Government LIST Telstra Payphones layer
02426822X2,0242681231,1 RAILWAY AVE,SCARBOROUGH,NSW,2515,-34.26515,150.96572,,,Tasmania Government LIST Telstra Payphones layer
02426802X2,0242681328,372 LAWRENCE HARGRAVE DRV,THIRROUL,NSW,2515,-34.317421,150.917575,,,Tasmania Government LIST Telstra Payphones layer
02426811X2,0448873152,273 LAWRENCE HARGRAVE DRV,THIRROUL,NSW,2515,-34.314855,150.923535,,,Tasmania Government LIST Telstra Payphones layer
02426818X2,0242681492,RAILWAY PDE,THIRROUL,NSW,2515,-34.31809,150.91908,,,Tasmania Government LIST Telstra Payphones layer
02426810X2,0242681224,529 LAWRENCE HARGRAVE DRV,WOMBARRA,NSW,2515,-34.27619,150.95548,,,Tasmania Government LIST Telstra Payphones layer
02426820X2,0242681042,119 MORRISON AVE,WOMBARRA,NSW,2515,-34.27551,150.95372,,,Tasmania Government LIST Telstra Payphones layer
02428508X2,0242855098,253 PRINCES HWY,BULLI,NSW,2516,-34.33475,150.91341,,,Tasmania Government LIST Telstra Payphones layer
02428549X2,0242852218,FRANKLIN AVE,BULLI,NSW,2516,-34.334355,150.914965,,,Tasmania Government LIST Telstra Payphones layer
02428509X2,0436123307,379 PRINCES HWY,WOONONA,NSW,2517,-34.341276,150.906617,,,Tasmania Government LIST Telstra Payphones layer
02428544X2,0438962762,5 THE CIRCLE,WOONONA,NSW,2517,-34.34929,150.91431,,,Tasmania Government LIST Telstra Payphones layer
02428502Y2,0429641720,82 ROTHERY RD,BELLAMBI,NSW,2518,-34.369319,150.919555,,,Tasmania Government LIST Telstra Payphones layer
02428547X2,0242851805,1 BELLAMBI LA,BELLAMBI,NSW,2518,-34.362751,150.910081,,,Tasmania Government LIST Telstra Payphones layer
02428301X2,0242837942,217 PRINCES HWY,CORRIMAL,NSW,2518,-34.372317,150.896934,,,Tasmania Government LIST Telstra Payphones layer
02428401X1,0242849197,270 PRINCES HWY,CORRIMAL,NSW,2518,-34.374522,150.896968,,,Tasmania Government LIST Telstra Payphones layer
02428507X1,0242850761,270 PRINCES HWY,CORRIMAL,NSW,2518,-34.374522,150.896968,,,Tasmania Government LIST Telstra Payphones layer
02428508X1,0242851469,126 MURRAY RD,CORRIMAL,NSW,2518,-34.37558,150.90517,,,Tasmania Government LIST Telstra Payphones layer
02428530X2,0242852034,226 PRINCES HWY,CORRIMAL,NSW,2518,-34.372031,150.897356,,,Tasmania Government LIST Telstra Payphones layer
02428536X2,0436316638,19 MURRAY RD,EAST CORRIMAL,NSW,2518,-34.376687,150.91298,,,Tasmania Government LIST Telstra Payphones layer
02428512X2,0242852670,83 MEADOW ST,TARRAWANNA,NSW,2518,-34.38175,150.8879,,,Tasmania Government LIST Telstra Payphones layer
02428509X1,0242851776,1 TOWRADGI RD,TOWRADGI,NSW,2518,-34.383848,150.901459,,,Tasmania Government LIST Telstra Payphones layer
02428545X2,0429599849,2 CARTERS LA,TOWRADGI,NSW,2518,-34.38414,150.903252,,,Tasmania Government LIST Telstra Payphones layer
02428524X2,0242851450,1 KEMBLA ST,BALGOWNIE,NSW,2519,-34.38879,150.877568,,,Tasmania Government LIST Telstra Payphones layer
02428300X1,0242837532,201 PIONEER RD,FAIRY MEADOW,NSW,2519,-34.39037,150.90566,,,Tasmania Government LIST Telstra Payphones layer
02428300X2,0242837936,39 PRINCES HWY,FAIRY MEADOW,NSW,2519,-34.393399,150.892901,,,Tasmania Government LIST Telstra Payphones layer
02428537X2,0242851206,CAMBRIDGE AVE,FAIRY MEADOW,NSW,2519,-34.391942,150.893043,,,Tasmania Government LIST Telstra Payphones layer
02428548X2,0242851128,MONTAGUE ST,FAIRY MEADOW,NSW,2519,-34.395463,150.896415,,,Tasmania Government LIST Telstra Payphones layer
02422613X2,0436439383,1 BELLEVUE RD,FIGTREE,NSW,2525,-34.435049,150.861758,,,Tasmania Government LIST Telstra Payphones layer
02426220X2,0242622301,WEST DAPTO RD,KEMBLA GRANGE,NSW,2526,-34.470189,150.817589,,,Tasmania Government LIST Telstra Payphones layer
02427213X2,0242721124,282 CORDEAUX RD,MT KEMBLA,NSW,2526,-34.432373,150.821163,,,Tasmania Government LIST Telstra Payphones layer
02427202X1,0242721440,BERKELEY RD,UNANDERRA,NSW,2526,-34.45488,150.84587,,,Tasmania Government LIST Telstra Payphones layer
02427208X2,0242722992,1 FARMBOROUGH RD,UNANDERRA,NSW,2526,-34.459216,150.840136,,,Tasmania Government LIST Telstra Payphones layer
02427216X2,0242721168,31 CENTRAL RD,UNANDERRA,NSW,2526,-34.453664,150.844718,,,Tasmania Government LIST Telstra Payphones layer
02427223X2,0242721276,31 WAPLES RD,UNANDERRA,NSW,2526,-34.458373,150.833701,,,Tasmania Government LIST Telstra Payphones layer
02425707X2,0242571370,222 TONGARRA RD,ALBION PARK,NSW,2527,-34.571476,150.76484,,,Tasmania Government LIST Telstra Payphones layer
02425709X2,0429495858,133 TONGARRA RD,ALBION PARK,NSW,2527,-34.57071,150.77597,,,Tasmania Government LIST Telstra Payphones layer
02425715X2,0436482760,158 TERRY ST,ALBION PARK,NSW,2527,-34.57945,150.77731,,,Tasmania Government LIST Telstra Payphones layer
02425701X1,0242571293,209 PRINCES HWY,ALBION PARK RAIL,NSW,2527,-34.562917,150.798657,,,Tasmania Government LIST Telstra Payphones layer
02425701X2,0242573514,25 PINE ST,ALBION PARK RAIL,NSW,2527,-34.57119,150.80103,,,Tasmania Government LIST Telstra Payphones layer
02425711X2,0242571151,179 PRINCES HWY,ALBION PARK RAIL,NSW,2527,-34.560871,150.795942,,,Tasmania Government LIST Telstra Payphones layer
02429711X2,0242972036,211 SHELLHARBOUR RD,BARRACK HEIGHTS,NSW,2528,-34.562168,150.860305,,,Tasmania Government LIST Telstra Payphones layer
02429605X2,0242964632,50 JUNCTION RD,BARRACK POINT,NSW,2528,-34.565608,150.867014,,,Tasmania Government LIST Telstra Payphones layer
02429710X2,0436320691,74 ADDISON AVE,LAKE ILLAWARRA,NSW,2528,-34.541465,150.857166,,,Tasmania Government LIST Telstra Payphones layer
02429722X2,0437753896,25 QUEEN ST,LAKE ILLAWARRA,NSW,2528,-34.546665,150.855189,,,Tasmania Government LIST Telstra Payphones layer
02429601X1,0242968453,43 SHELLHARBOUR RD,WARILLA,NSW,2528,-34.547065,150.862917,,,Tasmania Government LIST Telstra Payphones layer
02429702X1,0242973579,43 SHELLHARBOUR RD,WARILLA,NSW,2528,-34.546908,150.863762,,,Tasmania Government LIST Telstra Payphones layer
02429703X1,0242973581,43 SHELLHARBOUR RD,WARILLA,NSW,2528,-34.546389,150.862469,,,Tasmania Government LIST Telstra Payphones layer
02429705X2,0242972832,2 GEORGE ST,WARILLA,NSW,2528,-34.55257,150.860651,,,Tasmania Government LIST Telstra Payphones layer
02429716X2,0242971492,223 WINDANG RD,WINDANG,NSW,2528,-34.531468,150.869055,,,Tasmania Government LIST Telstra Payphones layer
02429713X1,0242977520,PIPER DRV,DUNMORE,NSW,2529,-34.591265,150.844796,,,Tasmania Government LIST Telstra Payphones layer
02425702X2,0242571335,63 CENTRAL AVE,OAK FLATS,NSW,2529,-34.564141,150.819095,,,Tasmania Government LIST Telstra Payphones layer
02425714X2,0242571141,STANDFORD DRV,OAK FLATS,NSW,2529,-34.571927,150.820346,,,Tasmania Government LIST Telstra Payphones layer
02429500X1,0242956673,15 MADIGAN BLV,OAK FLATS,NSW,2529,-34.559111,150.84136,,,Tasmania Government LIST Telstra Payphones layer
02429602X1,0242969381,15 MADIGAN BLV,OAK FLATS,NSW,2529,-34.559454,150.841167,,,Tasmania Government LIST Telstra Payphones layer
02429601X2,0242964521,18 ADDISON ST,SHELLHARBOUR,NSW,2529,-34.578952,150.867999,,,Tasmania Government LIST Telstra Payphones layer
02429503X1,0242957329,211 LAKE ENTRANCE RD,SHELLHARBOUR CITY CENTRE,NSW,2529,-34.565431,150.839809,,,Tasmania Government LIST Telstra Payphones layer
02426201X2,0242621342,42 BROWNSVILLE AVE,BROWNSVILLE,NSW,2530,-34.485395,150.806202,,,Tasmania Government LIST Telstra Payphones layer
02426205X2,0242621352,9 PRINCES HWY,DAPTO,NSW,2530,-34.490851,150.797181,,,Tasmania Government LIST Telstra Payphones layer
02426210X2,0242621328,276 PRINCES HWY,DAPTO,NSW,2530,-34.50478,150.78718,,,Tasmania Government LIST Telstra Payphones layer
02426216X2,0242621325,1 MARSHALL ST,DAPTO,NSW,2530,-34.494074,150.79262,,,Tasmania Government LIST Telstra Payphones layer
02426217X2,0242621337,55 PRINCES HWY,DAPTO,NSW,2530,-34.493803,150.794652,,,Tasmania Government LIST Telstra Payphones layer
02426218X2,0242621458,1 STATION ST,DAPTO,NSW,2530,-34.492986,150.791886,,,Tasmania Government LIST Telstra Payphones layer
02426220X1,0242622612,75 PRINCES HWY,DAPTO,NSW,2530,-34.494551,150.793945,,,Tasmania Government LIST Telstra Payphones layer
02426203X2,0242621349,84 BONG BONG RD,HORSLEY,NSW,2530,-34.490992,150.778249,,,Tasmania Government LIST Telstra Payphones layer
02426202X2,0242621351,56 LAKESIDE DRV,KANAHOOKA,NSW,2530,-34.500367,150.817051,,,Tasmania Government LIST Telstra Payphones layer
02423302X2,0242331306,PRINCES HWY,BOMBO,NSW,2533,-34.65872,150.853772,,,Tasmania Government LIST Telstra Payphones layer
02423600X2,0242360200,32 ALLOWRIE ST,JAMBEROO,NSW,2533,-34.648543,150.777031,,,Tasmania Government LIST Telstra Payphones layer
02423301X2,0242331507,47 SHOALHAVEN ST,KIAMA,NSW,2533,-34.670528,150.85449,,,Tasmania Government LIST Telstra Payphones layer
02423303X1,0242331295,OCEAN ST,KIAMA,NSW,2533,-34.69014,150.8516,,,Tasmania Government LIST Telstra Payphones layer
02423304X2,0242331056,20 MANNING ST,KIAMA,NSW,2533,-34.672374,150.856241,,,Tasmania Government LIST Telstra Payphones layer
02423305X2,0428153056,BONAIRA ST,KIAMA,NSW,2533,-34.682045,150.849068,,,Tasmania Government LIST Telstra Payphones layer
02423314X2,0242331039,COLLINS ST,KIAMA,NSW,2533,-34.668957,150.852926,,,Tasmania Government LIST Telstra Payphones layer
02423316X2,0242331002,RAILWAY PDE,KIAMA,NSW,2533,-34.672446,150.854693,,,Tasmania Government LIST Telstra Payphones layer
02423307X2,0242377481,10 JOHNSON ST,KIAMA DOWNS,NSW,2533,-34.636714,150.853749,,,Tasmania Government LIST Telstra Payphones layer
02423700X1,0242377000,41 MEEHAN DRV,KIAMA DOWNS,NSW,2533,-34.6439,150.84523,,,Tasmania Government LIST Telstra Payphones layer
02423702X1,0242378370,15 NORTH ST,MINNAMURRA,NSW,2533,-34.626217,150.853034,,,Tasmania Government LIST Telstra Payphones layer
02423400X2,0242341100,71 PACIFIC AVE,GERRINGONG,NSW,2534,-34.74287,150.83231,,,Tasmania Government LIST Telstra Payphones layer
02423403X2,0242341200,100 FERN ST,GERRINGONG,NSW,2534,-34.74556,150.82761,,,Tasmania Government LIST Telstra Payphones layer
02423410X2,0242341843,18 BELINDA ST,GERRINGONG,NSW,2534,-34.74478,150.81778,,,Tasmania Government LIST Telstra Payphones layer
02423407X2,0242341854,22 STAFFORD ST,GERROA,NSW,2534,-34.7703,150.81464,,,Tasmania Government LIST Telstra Payphones layer
02446402X2,0244641401,109 QUEEN ST,BERRY,NSW,2535,-34.775469,150.697072,,,Tasmania Government LIST Telstra Payphones layer
02444873X2,0244487647,141 SHOALHAVEN HEADS RD,SHOALHAVEN HEADS,NSW,2535,-34.850997,150.744993,,,Tasmania Government LIST Telstra Payphones layer
02447201X2,0244729321,1 EDWARD RD,BATEHAVEN,NSW,2536,-35.732263,150.199499,,,Tasmania Government LIST Telstra Payphones layer
02447200X2,0244724202,7 PACIFIC ST,BATEMANS BAY,NSW,2536,-35.71383,150.18164,,,Tasmania Government LIST Telstra Payphones layer
02447201X1,0244729718,9 CLYDE ST,BATEMANS BAY,NSW,2536,-35.70514,150.17668,,,Tasmania Government LIST Telstra Payphones layer
02447205X1,0244726182,1 PERRY ST,BATEMANS BAY,NSW,2536,-35.707259,150.176328,,,Tasmania Government LIST Telstra Payphones layer
02447207X2,0244725577,14 RUSSELL ST,BATEMANS BAY,NSW,2536,-35.717318,150.176766,,,Tasmania Government LIST Telstra Payphones layer
02447209X2,0244729328,1 CLYDE ST,BATEMANS BAY,NSW,2536,-35.705446,150.177911,,,Tasmania Government LIST Telstra Payphones layer
02447210X2,0244729327,28 ORIENT ST,BATEMANS BAY,NSW,2536,-35.70792,150.177657,,,Tasmania Government LIST Telstra Payphones layer
02447219X2,0244728216,24 WHARF RD,BATEMANS BAY,NSW,2536,-35.703135,150.182515,,,Tasmania Government LIST Telstra Payphones layer
02447863X2,0244786103,15 FAIRLEY ST,DEPOT BEACH,NSW,2536,-35.629464,150.324973,,,Tasmania Government LIST Telstra Payphones layer
02447860X2,0244786000,62 DURRAS RD,DURRAS NORTH,NSW,2536,-35.63632,150.30279,,,Tasmania Government LIST Telstra Payphones layer
02447111X2,0428106318,366 GEORGE BASS DRV,LILLI PILLI,NSW,2536,-35.78141,150.231944,,,Tasmania Government LIST Telstra Payphones layer
02447224X2,0244724965,2 LONGBEACH RD,LONG BEACH,NSW,2536,-35.70175,150.22927,,,Tasmania Government LIST Telstra Payphones layer
02447110X2,0244711006,1 KUPPA AVE,MALUA BAY,NSW,2536,-35.792313,150.229485,,,Tasmania Government LIST Telstra Payphones layer
02447405X2,0244744809,50 SYDNEY ST,MOGO,NSW,2536,-35.7835,150.14226,,,Tasmania Government LIST Telstra Payphones layer
02447810X2,0244781009,1 WHARF ST,NELLIGEN,NSW,2536,-35.648124,150.14183,,,Tasmania Government LIST Telstra Payphones layer
02447861X2,0244786004,4 CORILLA ST,SOUTH DURRAS,NSW,2536,-35.664191,150.292148,,,Tasmania Government LIST Telstra Payphones layer
02447113X2,0418853706,645 BEACH RD,SURF BEACH,NSW,2536,-35.757968,150.210286,,,Tasmania Government LIST Telstra Payphones layer
02447211X2,0244729062,55 MYAMBA PDE,SURFSIDE,NSW,2536,-35.703251,150.193648,,,Tasmania Government LIST Telstra Payphones layer
02447150X2,0244715294,71 CORONATION DRV,BROULEE,NSW,2537,-35.848178,150.175996,,,Tasmania Government LIST Telstra Payphones layer
02447402X2,0244744434,5 CHURCH ST,MORUYA,NSW,2537,-35.909234,150.08068,,,Tasmania Government LIST Telstra Payphones layer
02447403X2,0244743363,5 PRINCES HWY,MORUYA,NSW,2537,-35.904945,150.081777,,,Tasmania Government LIST Telstra Payphones layer
02447404X2,0244743582,2808 PRINCES HWY,MORUYA,NSW,2537,-35.91973,150.08389,,,Tasmania Government LIST Telstra Payphones layer
02447408X2,0244743364,77 VULCAN ST,MORUYA,NSW,2537,-35.911777,150.080346,,,Tasmania Government LIST Telstra Payphones layer
02447409X2,0244743580,3 CAMPBELL ST,MORUYA,NSW,2537,-35.910518,150.068207,,,Tasmania Government LIST Telstra Payphones layer
02447406X2,0244743583,4 CHARLES MOFFAT DRV,MORUYA HEADS,NSW,2537,-35.91271,150.15579,,,Tasmania Government LIST Telstra Payphones layer
02447170X1,0244717283,2152 GEORGE BASS DRV,TOMAKIN,NSW,2537,-35.824174,150.178896,,,Tasmania Government LIST Telstra Payphones layer
02447171X2,0244717009,10 ANSLIE PDE,TOMAKIN,NSW,2537,-35.823213,150.188973,,,Tasmania Government LIST Telstra Payphones layer
02447382X2,0244738593,38 EVANS RD,TUROSS HEAD,NSW,2537,-36.05939,150.138912,,,Tasmania Government LIST Telstra Payphones layer
02447383X2,0244738984,211 HECTOR MCWILLIAMS DRV,TUROSS HEAD,NSW,2537,-36.034444,150.120041,,,Tasmania Government LIST Telstra Payphones layer
02445406X2,0244541397,66 PRINCES HWY,MILTON,NSW,2538,-35.31588,150.43553,,,Tasmania Government LIST Telstra Payphones layer
02445714X2,0244571291,2 VOYAGER CRS,BAWLEY POINT,NSW,2539,-35.522101,150.392242,,,Tasmania Government LIST Telstra Payphones layer
02445720X1,0244572502,3811 MURRAMARANG RD,BAWLEY POINT,NSW,2539,-35.536665,150.387247,,,Tasmania Government LIST Telstra Payphones layer
02445612X2,0244561109,22 WARATAH ST,BENDALONG,NSW,2539,-35.246684,150.531334,,,Tasmania Government LIST Telstra Payphones layer
02445402X2,0244540942,30 BALMORAL RD,BURRILL LAKE,NSW,2539,-35.388301,150.444736,,,Tasmania Government LIST Telstra Payphones layer
02445640X2,0244564103,45 CORNFIELD PDE,FISHERMANS PARADISE,NSW,2539,-35.229775,150.445413,,,Tasmania Government LIST Telstra Payphones layer
02445428X2,0244541429,104 KINGS PT RD,KINGS POINT,NSW,2539,-35.372156,150.441416,,,Tasmania Government LIST Telstra Payphones layer
02445713X2,0244571101,MURRAMARANG RD,KIOLOA,NSW,2539,-35.560721,150.374314,,,Tasmania Government LIST Telstra Payphones layer
02445715X2,0244571442,635 MURRAMURRANG RD,KIOLOA,NSW,2539,-35.555962,150.378283,,,Tasmania Government LIST Telstra Payphones layer
02445614X2,0244561201,126 ENTRANCE RD,LAKE CONJOLA,NSW,2539,-35.269373,150.482913,,,Tasmania Government LIST Telstra Payphones layer
02445730X1,0244573002,PRINCES HWY,LAKE TABOURIE,NSW,2539,-35.441301,150.407504,,,Tasmania Government LIST Telstra Payphones layer
02445730X2,0244573001,11 RIVER RD,LAKE TABOURIE,NSW,2539,-35.439385,150.398826,,,Tasmania Government LIST Telstra Payphones layer
02445613X2,0244561119,93 CURVERS ST,MANYANA,NSW,2539,-35.255187,150.515228,,,Tasmania Government LIST Telstra Payphones layer
02445403X2,0438136700,72 OCEAN ST,MOLLYMOOK,NSW,2539,-35.339277,150.473268,,,Tasmania Government LIST Telstra Payphones layer
02445410X2,0244540225,80 TALLWOOD AVE,MOLLYMOOK BEACH,NSW,2539,-35.323603,150.475866,,,Tasmania Government LIST Telstra Payphones layer
02445412X2,0244541362,119 MATRON PORTER DRV,NARRAWALLEE,NSW,2539,-35.315269,150.469147,,,Tasmania Government LIST Telstra Payphones layer
02445711X2,0244571001,1600 PRINCES HWY,TERMEIL,NSW,2539,-35.48568,150.339048,,,Tasmania Government LIST Telstra Payphones layer
02445400X2,0244540215,84 PRINCES HWY,ULLADULLA,NSW,2539,-35.357095,150.474539,,,Tasmania Government LIST Telstra Payphones layer
02445404X2,0244541374,135 PRINCES HWY,ULLADULLA,NSW,2539,-35.361492,150.473309,,,Tasmania Government LIST Telstra Payphones layer
02445413X2,0244541367,278 GREEN ST,ULLADULLA,NSW,2539,-35.357123,150.473782,,,Tasmania Government LIST Telstra Payphones layer
02445417X2,0244541406,1 CAMDEN ST,ULLADULLA,NSW,2539,-35.347731,150.470931,,,Tasmania Government LIST Telstra Payphones layer
02444340X2,0244434202,1 TALLYAN PT RD,BASIN VIEW,NSW,2540,-35.091102,150.562603,,,Tasmania Government LIST Telstra Payphones layer
02444110X2,0244411578,31 BERRARA RD,BERRARA,NSW,2540,-35.206913,150.54864,,,Tasmania Government LIST Telstra Payphones layer
02442302Y1,0244236764,GRASSY GULLY RD,BUANGLA,NSW,2540,-34.843975,150.421583,,,Tasmania Government LIST Telstra Payphones layer
02444651X2,0244465314,59 EMMETT ST,CALLALA BAY,NSW,2540,-34.995349,150.717797,,,Tasmania Government LIST Telstra Payphones layer
02444655X2,0244465101,1 PARKES CRS,CALLALA BEACH,NSW,2540,-35.010076,150.696988,,,Tasmania Government LIST Telstra Payphones layer
02444600X2,0244460009,77 MAIN RD,CAMBEWARRA VILLAGE,NSW,2540,-34.822774,150.557875,,,Tasmania Government LIST Telstra Payphones layer
02444720X2,0244472001,FAIRLANDS ST,CULBURRA BEACH,NSW,2540,-34.930369,150.758018,,,Tasmania Government LIST Telstra Payphones layer
02444830X2,0244483190,1 PISCATOR AVE,CURRARONG,NSW,2540,-35.014679,150.823159,,,Tasmania Government LIST Telstra Payphones layer
02444301X2,0244430408,42 NAVAL PDE,EROWAL BAY,NSW,2540,-35.099733,150.650694,,,Tasmania Government LIST Telstra Payphones layer
02444711X2,0244471601,89 GREENWELL POINT RD,GREENWELL POINT,NSW,2540,-34.907883,150.732434,,,Tasmania Government LIST Telstra Payphones layer
02444157X2,0244415947,9 CURRAMBENE ST,HUSKISSON,NSW,2540,-35.03908,150.67082,,,Tasmania Government LIST Telstra Payphones layer
02444161X2,0244416480,TOMERONG ST,HUSKISSON,NSW,2540,-35.0353,150.66682,,,Tasmania Government LIST Telstra Payphones layer
02444373X2,0244437204,74 CYRUS ST,HYAMS BEACH,NSW,2540,-35.10202,150.692274,,,Tasmania Government LIST Telstra Payphones layer
02444122X1,0244412447,ELLMOOS RD,JERVIS BAY,NSW,2540,-35.17968,150.594476,,,Tasmania Government LIST Telstra Payphones layer
02444210X7,0244421038,21 WRECK BAY RD,JERVIS BAY,NSW,2540,-35.166161,150.689603,,,Tasmania Government LIST Telstra Payphones layer
02444212X2,0244421092,87 VILLAGE RD,JERVIS BAY,NSW,2540,-35.134884,150.706731,,,Tasmania Government LIST Telstra Payphones layer
02442201X1,0244225628,69 GEORGE EVANS RD,MUNDAMIA,NSW,2540,-34.88805,150.56781,,,Tasmania Government LIST Telstra Payphones layer
02444653X2,0244465985,123 MYOLA RD,MYOLA,NSW,2540,-35.022023,150.674303,,,Tasmania Government LIST Telstra Payphones layer
02444303X2,0244430503,4 MCGIBBON PDE,OLD EROWAL BAY,NSW,2540,-35.082753,150.648458,,,Tasmania Government LIST Telstra Payphones layer
02444730X2,0244473008,71 ORAMA CRS,ORIENT POINT,NSW,2540,-34.90748,150.748471,,,Tasmania Government LIST Telstra Payphones layer
02444372X2,0244437180,14 PARADISE BEACH RD,SANCTUARY POINT,NSW,2540,-35.104621,150.626215,,,Tasmania Government LIST Telstra Payphones layer
02444341X2,0244434720,97 ISLAND POINT RD,ST GEORGES BASIN,NSW,2540,-35.091039,150.597631,,,Tasmania Government LIST Telstra Payphones layer
02444120X2,0244412001,190 JACOBS DRV,SUSSEX INLET,NSW,2540,-35.156805,150.601263,,,Tasmania Government LIST Telstra Payphones layer
02444126X2,0244412501,10 HOFFMAN DRV,SWANHAVEN,NSW,2540,-35.178683,150.572994,,,Tasmania Government LIST Telstra Payphones layer
02444343X2,0244434302,353 HAWKEN RD,TOMERONG,NSW,2540,-35.053991,150.586498,,,Tasmania Government LIST Telstra Payphones layer
02444155X2,0244415501,5 BURTON ST,VINCENTIA,NSW,2540,-35.070191,150.675282,,,Tasmania Government LIST Telstra Payphones layer
02444342X2,0244434288,2650 PRINCES HWY,WANDANDIAN,NSW,2540,-35.08721,150.51312,,,Tasmania Government LIST Telstra Payphones layer
02442100X2,0447258535,23 SAMUEL ST,BOMADERRY,NSW,2541,-34.839119,150.613448,,,Tasmania Government LIST Telstra Payphones layer
02442103X2,0244214309,41 MEROO ST,BOMADERRY,NSW,2541,-34.85353,150.60933,,,Tasmania Government LIST Telstra Payphones layer
02442130X2,0244214225,MEROO ST,BOMADERRY,NSW,2541,-34.853909,150.609703,,,Tasmania Government LIST Telstra Payphones layer
02442318X2,0437482310,43 LYNDHURST DRV,BOMADERRY,NSW,2541,-34.841178,150.605552,,,Tasmania Government LIST Telstra Payphones layer
02442320X2,0429353280,115 CAMBEWARRA RD,BOMADERRY,NSW,2541,-34.84546,150.600208,,,Tasmania Government LIST Telstra Payphones layer
02442101X2,0244215709,176 ILLAROO RD,NORTH NOWRA,NSW,2541,-34.857989,150.583554,,,Tasmania Government LIST Telstra Payphones layer
02442106X2,0244210698,BERRY ST,NOWRA,NSW,2541,-34.874655,150.600646,,,Tasmania Government LIST Telstra Payphones layer
02442108X2,0244212921,3 PLEASANT WAY,NOWRA,NSW,2541,-34.866499,150.603022,,,Tasmania Government LIST Telstra Payphones layer
02442117X2,0244214301,3 STEWART PL,NOWRA,NSW,2541,-34.875186,150.60186,,,Tasmania Government LIST Telstra Payphones layer
02442122X2,0244210810,75 MOSS ST,NOWRA,NSW,2541,-34.8718,150.608071,,,Tasmania Government LIST Telstra Payphones layer
02442127X2,0244216832,25 MCDONALD AVE,NOWRA,NSW,2541,-34.891787,150.598613,,,Tasmania Government LIST Telstra Payphones layer
02442200X2,0436365471,120 JUNCTION ST,NOWRA,NSW,2541,-34.874601,150.602211,,,Tasmania Government LIST Telstra Payphones layer
02442202X1,0244225238,32 EAST ST,NOWRA,NSW,2541,-34.876912,150.607169,,,Tasmania Government LIST Telstra Payphones layer
02442302X2,0244232735,JUNCTION ST,NOWRA,NSW,2541,-34.874717,150.603912,,,Tasmania Government LIST Telstra Payphones layer
02442306X2,0244234514,11 BERRY ST,NOWRA,NSW,2541,-34.873659,150.600655,,,Tasmania Government LIST Telstra Payphones layer
02442309X2,0244231893,142 JUNCTION ST,NOWRA,NSW,2541,-34.874827,150.603871,,,Tasmania Government LIST Telstra Payphones layer
02442311X2,0244230403,14 KINGHORNE ST,NOWRA,NSW,2541,-34.873644,150.603326,,,Tasmania Government LIST Telstra Payphones layer
02442314X2,0244236579,EGANS LA,NOWRA,NSW,2541,-34.87391,150.602281,,,Tasmania Government LIST Telstra Payphones layer
02442316X2,0244234149,62 ST ANNE ST,NOWRA,NSW,2541,-34.884653,150.601258,,,Tasmania Government LIST Telstra Payphones layer
02442317X2,0244234148,110 KALANDER ST,NOWRA,NSW,2541,-34.888274,150.608987,,,Tasmania Government LIST Telstra Payphones layer
02442119X2,0244214210,PRINCES HWY,SOUTH NOWRA,NSW,2541,-34.907611,150.602794,,,Tasmania Government LIST Telstra Payphones layer
02447350X2,0244735241,68 PRINCES HWY,BODALLA,NSW,2545,-36.08791,150.05065,,,Tasmania Government LIST Telstra Payphones layer
02447352X2,0244735302,9 GULPH ST,NERRIGUNDAH,NSW,2545,-36.116972,149.899436,,,Tasmania Government LIST Telstra Payphones layer
02447370Y2,0244737829,13 UMBARRA RD,AKOLELE,NSW,2546,-36.35321,150.0688,,,Tasmania Government LIST Telstra Payphones layer
02649345X2,0264934660,22 LAMONT ST,BERMAGUI,NSW,2546,-36.426588,150.077819,,,Tasmania Government LIST Telstra Payphones layer
02649350X2,0264935006,6 WALLAGA LAKE RD,BERMAGUI,NSW,2546,-36.421713,150.064468,,,Tasmania Government LIST Telstra Payphones layer
02447370X2,0244737036,4 BATE ST,CENTRAL TILBA,NSW,2546,-36.312977,150.075057,,,Tasmania Government LIST Telstra Payphones layer
02447671X2,0244767902,69 MORT ST,DALMENY,NSW,2546,-36.16419,150.12545,,,Tasmania Government LIST Telstra Payphones layer
02447620X2,0244762254,43 DALMENY DRV,KIANGA,NSW,2546,-36.19615,150.13086,,,Tasmania Government LIST Telstra Payphones layer
02447371X2,0244737463,1 LAMONT YOUNG DRV,MYSTERY BAY,NSW,2546,-36.30223,150.13266,,,Tasmania Government LIST Telstra Payphones layer
02447610X2,0244761327,48 PRINCES HWY,NAROOMA,NSW,2546,-36.215745,150.126114,,,Tasmania Government LIST Telstra Payphones layer
02447611X2,0244761138,195 PRINCES HWY,NAROOMA,NSW,2546,-36.222989,150.12689,,,Tasmania Government LIST Telstra Payphones layer
02447626X2,0244762654,106 WAGONGA ST,NAROOMA,NSW,2546,-36.218191,150.132067,,,Tasmania Government LIST Telstra Payphones layer
02649340X2,0264934087,186 WALLAGA LAKE RD,WALLAGA LAKE,NSW,2546,-36.38348,150.07073,,,Tasmania Government LIST Telstra Payphones layer
02649530X7,0264953020,33 OCEAN DRV,MERIMBULA,NSW,2548,-36.895933,149.914778,,,Tasmania Government LIST Telstra Payphones layer
02649532X2,0264953194,21 SAPPHIRE COAST DRV,MERIMBULA,NSW,2548,-36.886309,149.906564,,,Tasmania Government LIST Telstra Payphones layer
02649538X2,0264953472,53 MARKET ST,MERIMBULA,NSW,2548,-36.887409,149.910475,,,Tasmania Government LIST Telstra Payphones layer
02649500X2,0264950634,2 TURA BEACH DRV,TURA BEACH,NSW,2548,-36.86473,149.916085,,,Tasmania Government LIST Telstra Payphones layer
02649563X2,0264956511,27 QUONDOLO ST,PAMBULA,NSW,2549,-36.92981,149.87445,,,Tasmania Government LIST Telstra Payphones layer
02649562X2,0264956109,1 PAMBULA BEACH RD,PAMBULA BEACH,NSW,2549,-36.941978,149.906398,,,Tasmania Government LIST Telstra Payphones layer
02649210X2,0448026805,182 CARP ST,BEGA,NSW,2550,-36.67435,149.84198,,,Tasmania Government LIST Telstra Payphones layer
02649213X2,0417216131,48 PARKER ST,BEGA,NSW,2550,-36.67522,149.845631,,,Tasmania Government LIST Telstra Payphones layer
02649219X2,0264921509,231 NEWTOWN RD,BEGA,NSW,2550,-36.68516,149.83692,,,Tasmania Government LIST Telstra Payphones layer
02649231X1,0264923394,1614 TATHRA RD,BEGA,NSW,2550,-36.68811,149.855513,,,Tasmania Government LIST Telstra Payphones layer
02649300X2,0264930311,66 LOFTUS ST,BEMBOKA,NSW,2550,-36.62811,149.57052,,,Tasmania Government LIST Telstra Payphones layer
02649321X2,0264932241,50 WILLIAM ST,CANDELO,NSW,2550,-36.76701,149.69512,,,Tasmania Government LIST Telstra Payphones layer
02649361X2,0436398690,50 PRINCES HWY,COBARGO,NSW,2550,-36.387254,149.888253,,,Tasmania Government LIST Telstra Payphones layer
02649415X2,0264941460,6 OLD WALLAGOOT RD,KALARU,NSW,2550,-36.73569,149.93721,,,Tasmania Government LIST Telstra Payphones layer
02649380X2,0264938241,COBARGO ST,QUAAMA,NSW,2550,-36.46484,149.86944,,,Tasmania Government LIST Telstra Payphones layer
02649421X2,0264942009,8 BIG JACK MOUNTAIN RD,ROCKY HALL,NSW,2550,-36.927243,149.503009,,,Tasmania Government LIST Telstra Payphones layer
02649400X2,0264940110,7 BARRABOOKA RD,TANJA,NSW,2550,-36.64011,149.97567,,,Tasmania Government LIST Telstra Payphones layer
02649411X2,0264941106,5 BEGA ST,TATHRA,NSW,2550,-36.72846,149.987143,,,Tasmania Government LIST Telstra Payphones layer
02649412X2,0264941160,2 FRANCIS HOLLIS DRV,TATHRA,NSW,2550,-36.724166,149.977196,,,Tasmania Government LIST Telstra Payphones layer
02649440X2,0264944061,2 ANDY POOLE DRV,TATHRA,NSW,2550,-36.724235,149.978732,,,Tasmania Government LIST Telstra Payphones layer
02649670X2,0264967110,7 TOWAMBA ST,TOWAMBA,NSW,2550,-37.085104,149.695458,,,Tasmania Government LIST Telstra Payphones layer
02649490X2,0264949219,51 BEGA ST,WOLUMLA,NSW,2550,-36.833536,149.809631,,,Tasmania Government LIST Telstra Payphones layer
02649420X2,0264942169,18 MONARO ST,WYNDHAM,NSW,2550,-36.92919,149.64626,,,Tasmania Government LIST Telstra Payphones layer
02649613X2,0264961501,BOYD TOWN PK RD,BOYDTOWN,NSW,2551,-37.103688,149.879588,,,Tasmania Government LIST Telstra Payphones layer
02649611X1,0264961618,ASLINGS BEACH RD,EDEN,NSW,2551,-37.050577,149.914983,,,Tasmania Government LIST Telstra Payphones layer
02649614X2,0264961602,201 IMLAY ST,EDEN,NSW,2551,-37.065897,149.906578,,,Tasmania Government LIST Telstra Payphones layer
02649615X2,0264961605,6 YOUNG ST,EDEN,NSW,2551,-37.049988,149.897379,,,Tasmania Government LIST Telstra Payphones layer
02649616X2,0264961622,152 IMLAY ST,EDEN,NSW,2551,-37.065901,149.906835,,,Tasmania Government LIST Telstra Payphones layer
02649610X2,0264961306,4 KIAH STORE RD,KIAH,NSW,2551,-37.15775,149.85658,,,Tasmania Government LIST Telstra Payphones layer
02649690X2,0264969110,1961 WONBOYN RD,WONBOYN,NSW,2551,-37.25021,149.91354,,,Tasmania Government LIST Telstra Payphones layer
02477480X2,0247748009,1187 THE NORTHERN RD,BRINGELLY,NSW,2556,-33.941121,150.732295,,,Tasmania Government LIST Telstra Payphones layer
02982016X1,0298208307,10 FELDSPAR RD,EAGLE VALE,NSW,2558,-34.03275,150.816666,,,Tasmania Government LIST Telstra Payphones layer
02982018X2,0298206130,172 GOULD RD,EAGLE VALE,NSW,2558,-34.031862,150.817419,,,Tasmania Government LIST Telstra Payphones layer
02982401X2,0298248607,6 KEARNS AVE,KEARNS,NSW,2558,-34.022548,150.804262,,,Tasmania Government LIST Telstra Payphones layer
02462512X2,0246252904,41 GOULD RD,CLAYMORE,NSW,2559,-34.042745,150.814712,,,Tasmania Government LIST Telstra Payphones layer
02462708X1,0246272493,19 DOBELL RD,CLAYMORE,NSW,2559,-34.044364,150.810793,,,Tasmania Government LIST Telstra Payphones layer
02462614X1,0429678633,154 RIVERSIDE DRV,AIRDS,NSW,2560,-34.088531,150.830983,,,Tasmania Government LIST Telstra Payphones layer
02462839X2,0246283725,45 WOODHOUSE DRV,AMBARVALE,NSW,2560,-34.08628,150.801255,,,Tasmania Government LIST Telstra Payphones layer
02463100X2,0246311109,75 APPIN RD,APPIN,NSW,2560,-34.20069,150.78756,,,Tasmania Government LIST Telstra Payphones layer
02462814X2,0246282709,3 HODDLE AVE,BRADBURY,NSW,2560,-34.07464,150.81497,,,Tasmania Government LIST Telstra Payphones layer
02462819X2,0246284104,98 THE PARKWAY,BRADBURY,NSW,2560,-34.084387,150.813146,,,Tasmania Government LIST Telstra Payphones layer
02462504X1,0246254051,1 HURLEY ST,CAMPBELLTOWN,NSW,2560,-34.07023,150.80698,,,Tasmania Government LIST Telstra Payphones layer
02462504X2,0246251173,51 DUMARESQ ST,CAMPBELLTOWN,NSW,2560,-34.067799,150.812969,,,Tasmania Government LIST Telstra Payphones layer
02462701X2,0246275943,3 FARROW RD,CAMPBELLTOWN,NSW,2560,-34.063113,150.814236,,,Tasmania Government LIST Telstra Payphones layer
02462801X2,0246280785,106 LINDESAY ST,CAMPBELLTOWN,NSW,2560,-34.06564,150.82522,,,Tasmania Government LIST Telstra Payphones layer
02462811X1,0246286864,200 GILCHRIST DRV,CAMPBELLTOWN,NSW,2560,-34.075149,150.798211,,,Tasmania Government LIST Telstra Payphones layer
02462815X2,0246286456,1 ALLMAN ST,CAMPBELLTOWN,NSW,2560,-34.06909,150.81229,,,Tasmania Government LIST Telstra Payphones layer
02462816X2,0246285497,198 QUEEN ST,CAMPBELLTOWN,NSW,2560,-34.067343,150.813996,,,Tasmania Government LIST Telstra Payphones layer
02462820X1,0246280964,271 QUEEN ST,CAMPBELLTOWN,NSW,2560,-34.06901,150.81074,,,Tasmania Government LIST Telstra Payphones layer
02462822X1,0246280719,271 QUEEN ST,CAMPBELLTOWN,NSW,2560,-34.068265,150.810627,,,Tasmania Government LIST Telstra Payphones layer
02462824X1,0246280157,271 QUEEN ST,CAMPBELLTOWN,NSW,2560,-34.06901,150.81074,,,Tasmania Government LIST Telstra Payphones layer
02462832X2,0246281807,HURLEY ST,CAMPBELLTOWN,NSW,2560,-34.063654,150.814676,,,Tasmania Government LIST Telstra Payphones layer
02462833X2,0246280678,HURLEY ST,CAMPBELLTOWN,NSW,2560,-34.063716,150.814287,,,Tasmania Government LIST Telstra Payphones layer
02462835X2,0246280772,HURLEY ST,CAMPBELLTOWN,NSW,2560,-34.063787,150.814365,,,Tasmania Government LIST Telstra Payphones layer
02462838X2,0246281150,2 CORDEAUX ST,CAMPBELLTOWN,NSW,2560,-34.066013,150.815411,,,Tasmania Government LIST Telstra Payphones layer
02462846X2,0246283072,82 QUEEN ST,CAMPBELLTOWN,NSW,2560,-34.063042,150.817647,,,Tasmania Government LIST Telstra Payphones layer
02462848X2,0246282430,164 WAMINDA AVE,CAMPBELLTOWN,NSW,2560,-34.075554,150.824414,,,Tasmania Government LIST Telstra Payphones layer
02462849X2,0246280816,MENANGLE RD,CAMPBELLTOWN,NSW,2560,-34.072114,150.796998,,,Tasmania Government LIST Telstra Payphones layer
02462818X2,0246284191,25 O'SULLIVAN RD,LEUMEAH,NSW,2560,-34.053344,150.829966,,,Tasmania Government LIST Telstra Payphones layer
02462829X2,0246280821,9 O'SULLIVAN RD,LEUMEAH,NSW,2560,-34.050838,150.83058,,,Tasmania Government LIST Telstra Payphones layer
02462830X2,0246280806,9 O'SULLIVAN RD,LEUMEAH,NSW,2560,-34.050683,150.830467,,,Tasmania Government LIST Telstra Payphones layer
02462513X2,0246254301,COPPERFIELD DRV,ROSEMEADOW,NSW,2560,-34.095808,150.797898,,,Tasmania Government LIST Telstra Payphones layer
02462817X1,0246284021,177 COPPERFIELD DRV,ROSEMEADOW,NSW,2560,-34.10099,150.799051,,,Tasmania Government LIST Telstra Payphones layer
02462809X2,0246283979,184 JUNCTION RD,RUSE,NSW,2560,-34.07223,150.84181,,,Tasmania Government LIST Telstra Payphones layer
02462511X2,0246257765,83 NORTH STEYNE RD,WOODBINE,NSW,2560,-34.048959,150.820319,,,Tasmania Government LIST Telstra Payphones layer
02463382X2,0246338183,73 RACECOURSE AVE,MENANGLE PARK,NSW,2563,-34.103442,150.745114,,,Tasmania Government LIST Telstra Payphones layer
02960500X2,0429383104,EUCALYPTUS DRV,MACQUARIE FIELDS,NSW,2564,-33.991171,150.894712,,,Tasmania Government LIST Telstra Payphones layer
02961802X2,0436694659,14 BROOKS ST,MACQUARIE FIELDS,NSW,2564,-33.985687,150.891404,,,Tasmania Government LIST Telstra Payphones layer
02961805X2,0436310023,15 ROSEWOOD DRV,MACQUARIE FIELDS,NSW,2564,-33.988329,150.894915,,,Tasmania Government LIST Telstra Payphones layer
02982913X2,0436482723,70 SAYWELL RD,MACQUARIE FIELDS,NSW,2564,-33.99039,150.88325,,,Tasmania Government LIST Telstra Payphones layer
02982915X2,0428678760,1 RAILWAY PDE,MACQUARIE FIELDS,NSW,2564,-33.9853,150.87841,,,Tasmania Government LIST Telstra Payphones layer
02982904X2,0436283350,10 OXFORD RD,INGLEBURN,NSW,2565,-33.997856,150.865231,,,Tasmania Government LIST Telstra Payphones layer
02982907X2,0448750229,INGLEBURN RD,INGLEBURN,NSW,2565,-33.997454,150.86468,,,Tasmania Government LIST Telstra Payphones layer
02982911X2,0448578668,133 CUMBERLAND RD,INGLEBURN,NSW,2565,-34.008936,150.861633,,,Tasmania Government LIST Telstra Payphones layer
02982923X2,0448265105,30 OXFORD RD,INGLEBURN,NSW,2565,-33.99847,150.866212,,,Tasmania Government LIST Telstra Payphones layer
02982924X2,0436694685,47 STANLEY ST,INGLEBURN,NSW,2565,-33.997152,150.864125,,,Tasmania Government LIST Telstra Payphones layer
02982003X2,0298202043,14 REDFERN RD,MINTO,NSW,2566,-34.027864,150.843181,,,Tasmania Government LIST Telstra Payphones layer
02982007X2,0298202143,93 PEMBROKE RD,MINTO,NSW,2566,-34.02139,150.85126,,,Tasmania Government LIST Telstra Payphones layer
02982009X2,0298202661,1 MINTO RD,MINTO,NSW,2566,-34.027329,150.842649,,,Tasmania Government LIST Telstra Payphones layer
02982010X2,0298202961,1 SOMERSET ST,MINTO,NSW,2566,-34.027371,150.842418,,,Tasmania Government LIST Telstra Payphones layer
02982015X1,0298202439,10 BROOKFIELD RD,MINTO,NSW,2566,-34.030057,150.849447,,,Tasmania Government LIST Telstra Payphones layer
02982008X2,0298202165,28 SPITFIRE DRV,RABY,NSW,2566,-34.025959,150.820105,,,Tasmania Government LIST Telstra Payphones layer
02982006X2,0298202067,91 BALLANTRAE DRV,ST ANDREWS,NSW,2566,-34.021183,150.832305,,,Tasmania Government LIST Telstra Payphones layer
02464701X2,0246472244,24 CURRANS HILL DRV,CURRANS HILL,NSW,2567,-34.04631,150.7683,,,Tasmania Government LIST Telstra Payphones layer
02464702X2,0246471463,283 WELLING DRV,MT ANNAN,NSW,2567,-34.05583,150.76351,,,Tasmania Government LIST Telstra Payphones layer
02464802X1,0246484906,11 MAIN ST,MT ANNAN,NSW,2567,-34.049867,150.759665,,,Tasmania Government LIST Telstra Payphones layer
02464700X2,0246471196,346 CAMDEN VALLEY WAY,NARELLAN,NSW,2567,-34.039769,150.738778,,,Tasmania Government LIST Telstra Payphones layer
02464611X2,0246461200,HOLDSWORTH DRV,NARELLAN VALE,NSW,2567,-34.05008,150.74655,,,Tasmania Government LIST Telstra Payphones layer
02463383X2,0246338189,2 STEVENS RD,MENANGLE,NSW,2568,-34.12576,150.74417,,,Tasmania Government LIST Telstra Payphones layer
02463203X2,0246327275,152 CAMDEN RD,DOUGLAS PARK,NSW,2569,-34.18333,150.71047,,,Tasmania Government LIST Telstra Payphones layer
02465501X2,0436027032,42 OLD HUME HWY,CAMDEN,NSW,2570,-34.06834,150.69417,,,Tasmania Government LIST Telstra Payphones layer
02465506X2,0429183225,135 ARGYLE ST,CAMDEN,NSW,2570,-34.054719,150.695018,,,Tasmania Government LIST Telstra Payphones layer
02465510X2,0246551816,168 ARGYLE ST,CAMDEN,NSW,2570,-34.05522,150.69451,,,Tasmania Government LIST Telstra Payphones layer
02465500X2,0455659567,54 FLINDERS AVE,CAMDEN SOUTH,NSW,2570,-34.07905,150.693292,,,Tasmania Government LIST Telstra Payphones layer
02465100X2,0246512241,355 COBBITY RD,COBBITTY,NSW,2570,-34.015743,150.690878,,,Tasmania Government LIST Telstra Payphones layer
02465800X2,0246580104,67 HARRINGTON ST,ELDERSLIE,NSW,2570,-34.05593,150.70851,,,Tasmania Government LIST Telstra Payphones layer
02465400X2,0246545241,155 BURRAGORANG RD,MT HUNTER,NSW,2570,-34.071355,150.637629,,,Tasmania Government LIST Telstra Payphones layer
02465900X2,0246596101,1 EGANS RD,OAKDALE,NSW,2570,-34.07787,150.51374,,,Tasmania Government LIST Telstra Payphones layer
02465700X2,0246571008,59 JOHN ST,THE OAKS,NSW,2570,-34.07821,150.57075,,,Tasmania Government LIST Telstra Payphones layer
02468126X2,0246819500,47 EAST PDE,BUXTON,NSW,2571,-34.25476,150.53454,,,Tasmania Government LIST Telstra Payphones layer
02467705X2,0246771490,102 ARGYLE ST,PICTON,NSW,2571,-34.16896,150.61168,,,Tasmania Government LIST Telstra Payphones layer
02467709X2,0246772544,STATION ST,PICTON,NSW,2571,-34.179013,150.612585,,,Tasmania Government LIST Telstra Payphones layer
02463000X2,0246309241,1105 ARGYLE ST,WILTON,NSW,2571,-34.240565,150.698682,,,Tasmania Government LIST Telstra Payphones layer
02468301X2,0246831224,11 OAKS ST,THIRLMERE,NSW,2572,-34.203974,150.571025,,,Tasmania Government LIST Telstra Payphones layer
02468300X1,0246832091,111 REMEMBRANCE DRV,TAHMOOR,NSW,2573,-34.222916,150.592422,,,Tasmania Government LIST Telstra Payphones layer
02468308X2,0246831223,119 REMEMBERANCE DRV,TAHMOOR,NSW,2573,-34.22355,150.59315,,,Tasmania Government LIST Telstra Payphones layer
02468309X2,0246831225,GEORGE ST,TAHMOOR,NSW,2573,-34.22356,150.59009,,,Tasmania Government LIST Telstra Payphones layer
02468400X1,0246843824,79 AVON DAM RD,BARGO,NSW,2574,-34.300475,150.58933,,,Tasmania Government LIST Telstra Payphones layer
02468400X2,0246841101,72 RAILSIDE AVE,BARGO,NSW,2574,-34.28963,150.57918,,,Tasmania Government LIST Telstra Payphones layer
02468402X2,0246841303,29 REMEMBRANCE DRWY,YANDERRA,NSW,2574,-34.32315,150.5729,,,Tasmania Government LIST Telstra Payphones layer
02488890Y1,0248889269,WOMBEYAN CAVES RD,BULLIO,NSW,2575,-34.36443,150.1093,,,Tasmania Government LIST Telstra Payphones layer
02488940X2,0248894209,5 ELM ST,COLO VALE,NSW,2575,-34.402781,150.488263,,,Tasmania Government LIST Telstra Payphones layer
02488980X2,0248898403,15 WEST PDE,HILL TOP,NSW,2575,-34.353146,150.49388,,,Tasmania Government LIST Telstra Payphones layer
02487105X2,0248712054,29 LYELL ST,MITTAGONG,NSW,2575,-34.44699,150.43186,,,Tasmania Government LIST Telstra Payphones layer
02487201X1,0248721398,REGENT ST,MITTAGONG,NSW,2575,-34.45247,150.44832,,,Tasmania Government LIST Telstra Payphones layer
02487205X2,0248721412,65 OLD HUME HWY,MITTAGONG,NSW,2575,-34.45066,150.44907,,,Tasmania Government LIST Telstra Payphones layer
02488392X2,0248839297,OLD HUME HWY,YERRINBOOL,NSW,2575,-34.37173,150.54346,,,Tasmania Government LIST Telstra Payphones layer
02486205X2,0248621844,4 WINGECARRIBEE ST,BOWRAL,NSW,2576,-34.478671,150.417708,,,Tasmania Government LIST Telstra Payphones layer
02486208X2,0248623034,11 MERRIGANG ST,BOWRAL,NSW,2576,-34.477882,150.418918,,,Tasmania Government LIST Telstra Payphones layer
02486211X2,0248621348,STATION ST,BOWRAL,NSW,2576,-34.47792,150.41696,,,Tasmania Government LIST Telstra Payphones layer
02486212X2,0248621968,RAILWAY PDE,BURRADOO,NSW,2576,-34.49422,150.39811,,,Tasmania Government LIST Telstra Payphones layer
02487710X2,0248771200,28 OLD HUME HWY,BERRIMA,NSW,2577,-34.489306,150.335701,,,Tasmania Government LIST Telstra Payphones layer
02488600X2,0248864241,2 HODDLE ST,BURRAWANG,NSW,2577,-34.59306,150.51634,,,Tasmania Government LIST Telstra Payphones layer
02488770X2,0248877242,NOWRA RD,FITZROY FALLS,NSW,2577,-34.64862,150.486348,,,Tasmania Government LIST Telstra Payphones layer
02446501X2,0244651514,151 MOSS VALE RD,KANGAROO VALLEY,NSW,2577,-34.73588,150.532863,,,Tasmania Government LIST Telstra Payphones layer
02486803X2,0248681054,8 YARRAWA ST,MOSS VALE,NSW,2577,-34.553275,150.364704,,,Tasmania Government LIST Telstra Payphones layer
02486804X2,0248681109,1 DONKIN AVE,MOSS VALE,NSW,2577,-34.550079,150.373413,,,Tasmania Government LIST Telstra Payphones layer
02486805X2,0248681254,ARGYLE RD,MOSS VALE,NSW,2577,-34.54794,150.3718,,,Tasmania Government LIST Telstra Payphones layer
02486807X2,0248681632,475 ARGYLE ST,MOSS VALE,NSW,2577,-34.551045,150.368531,,,Tasmania Government LIST Telstra Payphones layer
02486810X2,0248681091,17 CLARENCE ST,MOSS VALE,NSW,2577,-34.548721,150.373721,,,Tasmania Government LIST Telstra Payphones layer
02487712X2,0248771300,74 TAYLOR AVE,NEW BERRIMA,NSW,2577,-34.50533,150.33702,,,Tasmania Government LIST Telstra Payphones layer
02488500X2,0248851200,77 HODDLE ST,ROBERTSON,NSW,2577,-34.589207,150.595922,,,Tasmania Government LIST Telstra Payphones layer
02486800X2,0248681032,7390 ILLAWARRA HWY,SUTTON FOREST,NSW,2577,-34.570212,150.318237,,,Tasmania Government LIST Telstra Payphones layer
02488360X2,0248836001,5 CHURCH ST,BUNDANOON,NSW,2578,-34.65659,150.299399,,,Tasmania Government LIST Telstra Payphones layer
02488340X2,0248834241,MIDDLE RD,EXETER,NSW,2579,-34.61311,150.31686,,,Tasmania Government LIST Telstra Payphones layer
02484113X2,0248411700,75 GEORGE ST,MARULAN,NSW,2579,-34.711507,150.006543,,,Tasmania Government LIST Telstra Payphones layer
02488440X2,0248844200,901 PENROSE RD,PENROSE,NSW,2579,-34.67255,150.21245,,,Tasmania Government LIST Telstra Payphones layer
02484100X2,0248410200,HIGHLAND WAY,TALLONG,NSW,2579,-34.718451,150.086351,,,Tasmania Government LIST Telstra Payphones layer
02488441X2,0248844341,67 RAILWAY PDE,WINGELLO,NSW,2579,-34.69281,150.15767,,,Tasmania Government LIST Telstra Payphones layer
02484440X2,0248444201,18 GODERICH ST,BUNGONIA,NSW,2580,-34.85776,149.94495,,,Tasmania Government LIST Telstra Payphones layer
02482100X1,0248216565,130 GOLDSMITH ST,GOULBURN,NSW,2580,-34.74889,149.71304,,,Tasmania Government LIST Telstra Payphones layer
02482204X2,0448638753,165 AUBURN ST,GOULBURN,NSW,2580,-34.75498,149.71822,,,Tasmania Government LIST Telstra Payphones layer
02482208X1,0248225389,12 VERNER ST,GOULBURN,NSW,2580,-34.75743,149.718224,,,Tasmania Government LIST Telstra Payphones layer
02482214X2,0248222952,41 ELEANOR ST,GOULBURN,NSW,2580,-34.762172,149.72989,,,Tasmania Government LIST Telstra Payphones layer
02482215X2,0248222941,44 UNION ST,GOULBURN,NSW,2580,-34.744062,149.733596,,,Tasmania Government LIST Telstra Payphones layer
02482217X2,0248222414,50 PRINCE ST,GOULBURN,NSW,2580,-34.741841,149.716576,,,Tasmania Government LIST Telstra Payphones layer
02482221X2,0248222130,84 LANSDOWNE ST,GOULBURN,NSW,2580,-34.76672,149.70362,,,Tasmania Government LIST Telstra Payphones layer
02482225X2,0248221792,288 AUBURN ST,GOULBURN,NSW,2580,-34.752252,149.72032,,,Tasmania Government LIST Telstra Payphones layer
02482232X2,0248221160,75 GOLDSMITH ST,GOULBURN,NSW,2580,-34.749145,149.717673,,,Tasmania Government LIST Telstra Payphones layer
02482233X2,0248221154,57 QUEEN ST,GOULBURN,NSW,2580,-34.72648,149.74086,,,Tasmania Government LIST Telstra Payphones layer
02482238X2,0456051194,36 HOWARD BLV,GOULBURN,NSW,2580,-34.73317,149.72098,,,Tasmania Government LIST Telstra Payphones layer
02482239X2,0248228075,26 YARROWLOW ST,GOULBURN,NSW,2580,-34.72698,149.73366,,,Tasmania Government LIST Telstra Payphones layer
02482241X2,0248222134,64 COMBERMERE ST,GOULBURN,NSW,2580,-34.76011,149.704159,,,Tasmania Government LIST Telstra Payphones layer
02482242X2,0248221329,171 SLOAN ST,GOULBURN,NSW,2580,-34.75815,149.71919,,,Tasmania Government LIST Telstra Payphones layer
02482243X2,0248223172,3 MONTAGUE ST,GOULBURN,NSW,2580,-34.75528,149.71966,,,Tasmania Government LIST Telstra Payphones layer
02484900X2,0248494400,2 WALLIS ST,TARAGO,NSW,2580,-35.069738,149.654659,,,Tasmania Government LIST Telstra Payphones layer
02484020X2,0248402100,29 ORCHARD ST,TARALGA,NSW,2580,-34.404624,149.818985,,,Tasmania Government LIST Telstra Payphones layer
02484350X2,0248435998,45 VICTORIA ARCH DRV,WOMBEYAN CAVES,NSW,2580,-34.308764,149.969001,,,Tasmania Government LIST Telstra Payphones layer
02484800X2,0248480009,CHURCH ST,COLLECTOR,NSW,2581,-34.91235,149.43463,,,Tasmania Government LIST Telstra Payphones layer
02484500X2,0248456200,90 GUNNING ST,DALTON,NSW,2581,-34.72202,149.18181,,,Tasmania Government LIST Telstra Payphones layer
02484510X2,0248451398,90 YASS ST,GUNNING,NSW,2581,-34.782636,149.266226,,,Tasmania Government LIST Telstra Payphones layer
02622772X7,0262277291,32 FAGAN DRV,BOOKHAM,NSW,2582,-34.813496,148.64053,,,Tasmania Government LIST Telstra Payphones layer
02622760X2,0262276020,MONTEM ST,BOWNING,NSW,2582,-34.766384,148.819641,,,Tasmania Government LIST Telstra Payphones layer
02622781X1,0262278115,2373 BURRINJUCK RD,BURRINJUCK,NSW,2582,-34.981286,148.620702,,,Tasmania Government LIST Telstra Payphones layer
02622781X8,0262278120,2373 BURRINJUCK RD,BURRINJUCK,NSW,2582,-34.981286,148.620702,,,Tasmania Government LIST Telstra Payphones layer
02622756X2,0262275643,BARTON HWY,MURRUMBATEMAN,NSW,2582,-34.96919,149.0304,,,Tasmania Government LIST Telstra Payphones layer
02622796X2,0262279610,6490 WEE JASPER RD,WEE JASPER,NSW,2582,-35.110737,148.67829,,,Tasmania Government LIST Telstra Payphones layer
02622621X2,0262262075,63 LAIDLAW ST,YASS,NSW,2582,-34.82709,148.90944,,,Tasmania Government LIST Telstra Payphones layer
02622622X2,0262262121,93 MEEHAN ST,YASS,NSW,2582,-34.84218,148.911002,,,Tasmania Government LIST Telstra Payphones layer
02622624X2,0262262721,72 LEAD ST,YASS,NSW,2582,-34.843985,148.912628,,,Tasmania Government LIST Telstra Payphones layer
02483520X2,0248352200,23 BINDA ST,BIGGA,NSW,2583,-34.084798,149.150863,,,Tasmania Government LIST Telstra Payphones layer
02483560X2,0248356100,11 QUEEN ST,BINDA,NSW,2583,-34.32388,149.3629,,,Tasmania Government LIST Telstra Payphones layer
02483202X2,0248321698,83 GOULBURN ST,CROOKWELL,NSW,2583,-34.457589,149.469619,,,Tasmania Government LIST Telstra Payphones layer
02483700X2,0248373200,PEELWOOD RD,LAGGAN,NSW,2583,-34.403254,149.530387,,,Tasmania Government LIST Telstra Payphones layer
02483570X2,0248357200,22 RUGBY RD,RUGBY,NSW,2583,-34.39406,148.995,,,Tasmania Government LIST Telstra Payphones layer
02483450X2,0248345240,6 BATHURST ST,TUENA,NSW,2583,-34.016929,149.328061,,,Tasmania Government LIST Telstra Payphones layer
02622701X2,0262274201,37 FITZROY ST,BINALONG,NSW,2584,-34.670239,148.633951,,,Tasmania Government LIST Telstra Payphones layer
02638670X2,0263867200,BENT ST,GALONG,NSW,2585,-34.601057,148.557815,,,Tasmania Government LIST Telstra Payphones layer
02638530X2,0436385311,67 QUEEN ST,BOOROWA,NSW,2586,-34.438467,148.716063,,,Tasmania Government LIST Telstra Payphones layer
02638532X2,0436286719,52 COURT ST,BOOROWA,NSW,2586,-34.435894,148.722522,,,Tasmania Government LIST Telstra Payphones layer
02638561X2,0263856219,963 FROGMORE RD,FROGMORE,NSW,2586,-34.273025,148.840561,,,Tasmania Government LIST Telstra Payphones layer
02638460X2,0263846200,2471 MURRINGO GAP RD,MURRINGO,NSW,2586,-34.305765,148.519448,,,Tasmania Government LIST Telstra Payphones layer
02634522X2,0263452210,32 ALBERT ST,REIDS FLAT,NSW,2586,-34.13215,149.00722,,,Tasmania Government LIST Telstra Payphones layer
02638621X2,0263862301,63 ALBURY ST,HARDEN,NSW,2587,-34.555738,148.372389,,,Tasmania Government LIST Telstra Payphones layer
02638622X2,0263862701,32 NEILL ST,HARDEN,NSW,2587,-34.553712,148.36936,,,Tasmania Government LIST Telstra Payphones layer
02638430X2,0263843200,87 WOMBAT RD,WOMBAT,NSW,2587,-34.424385,148.244789,,,Tasmania Government LIST Telstra Payphones layer
02694325X2,0269432500,22 KING ST,WALLENDBEEN,NSW,2588,-34.523914,148.157628,,,Tasmania Government LIST Telstra Payphones layer
02694325X7,0269432501,26 OLYMPIC HWY,WALLENDBEEN,NSW,2588,-34.529101,148.162713,,,Tasmania Government LIST Telstra Payphones layer
02694344X2,0269434400,45 BAYLIS ST,BETHUNGRA,NSW,2590,-34.76141,147.857612,,,Tasmania Government LIST Telstra Payphones layer
02694204X2,0269421898,37 HURLEY ST,COOTAMUNDRA,NSW,2590,-34.642128,148.021268,,,Tasmania Government LIST Telstra Payphones layer
02694207X2,0269422521,2 WEISSEL PL,COOTAMUNDRA,NSW,2590,-34.629746,148.013953,,,Tasmania Government LIST Telstra Payphones layer
02694211X2,0269422254,78 HOVELL ST,COOTAMUNDRA,NSW,2590,-34.641246,148.030274,,,Tasmania Government LIST Telstra Payphones layer
02694212X2,0269421232,14 GUNDAGAI RD,COOTAMUNDRA,NSW,2590,-34.645412,148.029806,,,Tasmania Government LIST Telstra Payphones layer
02694214X2,0269421632,153 SUTTON ST,COOTAMUNDRA,NSW,2590,-34.647077,148.021498,,,Tasmania Government LIST Telstra Payphones layer
02694216X2,0269421854,92 COOPER ST,COOTAMUNDRA,NSW,2590,-34.639744,148.024795,,,Tasmania Government LIST Telstra Payphones layer
02694217X2,0269423894,31 BOURKE ST,COOTAMUNDRA,NSW,2590,-34.636855,148.025498,,,Tasmania Government LIST Telstra Payphones layer
02692454X2,0269245400,14 OLYMPIC HWY,ILLABO,NSW,2590,-34.814854,147.740267,,,Tasmania Government LIST Telstra Payphones layer
02638320X2,0263832250,1 WEEDALLION ST,BRIBBAREE,NSW,2594,-34.119419,147.879725,,,Tasmania Government LIST Telstra Payphones layer
02638360X2,0263836200,1313 MONTEAGLE RD,MONTEAGLE,NSW,2594,-34.188821,148.343116,,,Tasmania Government LIST Telstra Payphones layer
02638205X2,0263825552,61 LYNCH ST,YOUNG,NSW,2594,-34.31414,148.29795,,,Tasmania Government LIST Telstra Payphones layer
02638206X2,0263825553,78 MAIN ST,YOUNG,NSW,2594,-34.313219,148.295811,,,Tasmania Government LIST Telstra Payphones layer
02638213X2,0263825561,239 BOOROWA ST,YOUNG,NSW,2594,-34.312332,148.293138,,,Tasmania Government LIST Telstra Payphones layer
02638215X2,0263825563,86 ALLANAN ST,YOUNG,NSW,2594,-34.319685,148.288096,,,Tasmania Government LIST Telstra Payphones layer
02638216X2,0263825564,8 ZOUCH ST,YOUNG,NSW,2594,-34.310262,148.301612,,,Tasmania Government LIST Telstra Payphones layer
02628200X2,0262821321,7 DUFF PL,DEAKIN,NSW,2600,-35.31519,149.107839,,,Tasmania Government LIST Telstra Payphones layer
02628104X2,0436310574,29 BENTHAM ST,YARRALUMLA,NSW,2600,-35.307575,149.097294,,,Tasmania Government LIST Telstra Payphones layer
02624708X1,0262474634,148 BUNDA ST,CANBERRA,NSW,2601,-35.279785,149.132926,,,Tasmania Government LIST Telstra Payphones layer
02624918X2,0262497419,142 BUNDA ST,CANBERRA,NSW,2601,-35.278998,149.133192,,,Tasmania Government LIST Telstra Payphones layer
02625720X2,0262573849,61 NORTHBOURNE AVE,CANBERRA,NSW,2601,-35.277698,149.128657,,,Tasmania Government LIST Telstra Payphones layer
02625727X2,0262573702,61 NORTHBOURNE AVE,CANBERRA,NSW,2601,-35.277698,149.128657,,,Tasmania Government LIST Telstra Payphones layer
02625739X2,0436031832,222 CITY WLK,CANBERRA,NSW,2601,-35.28033,149.13253,,,Tasmania Government LIST Telstra Payphones layer
02625745X2,0262574169,20 ALLARA ST,CANBERRA,NSW,2601,-35.282659,149.133672,,,Tasmania Government LIST Telstra Payphones layer
02625748X2,0455991201,53 ALINGA ST,CANBERRA,NSW,2601,-35.278117,149.128346,,,Tasmania Government LIST Telstra Payphones layer
02625752X2,0262575318,61 NORTHBOURNE AVE,CANBERRA,NSW,2601,-35.277334,149.128838,,,Tasmania Government LIST Telstra Payphones layer
02625756X2,0262575137,38 MARCUS CLARKE ST,CANBERRA,NSW,2601,-35.278884,149.126207,,,Tasmania Government LIST Telstra Payphones layer
02625760X2,0436353461,148 CITY WLK,CANBERRA,NSW,2601,-35.278685,149.13091,,,Tasmania Government LIST Telstra Payphones layer
02625763X2,0436316897,2 EDGAR ST,AINSLIE,NSW,2602,-35.26267,149.14488,,,Tasmania Government LIST Telstra Payphones layer
02625721X2,0262573811,48 DICKSON PL,DICKSON,NSW,2602,-35.249836,149.139508,,,Tasmania Government LIST Telstra Payphones layer
02625722X2,0262573809,48 DICKSON PL,DICKSON,NSW,2602,-35.249836,149.139508,,,Tasmania Government LIST Telstra Payphones layer
02624814X2,0436483500,1 HACKETT PL,HACKETT,NSW,2602,-35.24836,149.16312,,,Tasmania Government LIST Telstra Payphones layer
02625740X2,0262574506,4 COLVILLE ST,LYNEHAM,NSW,2602,-35.24024,149.12482,,,Tasmania Government LIST Telstra Payphones layer
02625755X2,0262575233,78 WATTLE ST,LYNEHAM,NSW,2602,-35.25259,149.12469,,,Tasmania Government LIST Telstra Payphones layer
02625709X2,0262571499,8 MACPHERSON ST,O'CONNOR,NSW,2602,-35.263955,149.121839,,,Tasmania Government LIST Telstra Payphones layer
02624108X2,0436020131,1 WATSON PL,WATSON,NSW,2602,-35.23916,149.15325,,,Tasmania Government LIST Telstra Payphones layer
02629501X2,0262951854,2 BARKER ST,GRIFFITH,NSW,2603,-35.328597,149.142908,,,Tasmania Government LIST Telstra Payphones layer
02629507X2,0262952565,7 FRANKLIN ST,GRIFFITH,NSW,2603,-35.320231,149.134344,,,Tasmania Government LIST Telstra Payphones layer
02629518X2,0436122575,191 LA PEROUSE ST,RED HILL,NSW,2603,-35.340812,149.130861,,,Tasmania Government LIST Telstra Payphones layer
02629500X2,0262951298,82 GILES ST,KINGSTON,NSW,2604,-35.314746,149.141865,,,Tasmania Government LIST Telstra Payphones layer
02629502X1,0262951309,BURKE CRS,KINGSTON,NSW,2604,-35.31944,149.149314,,,Tasmania Government LIST Telstra Payphones layer
02629517X2,0262952509,59 BOOLIMBA CRS,NARRABUNDAH,NSW,2604,-35.332578,149.153316,,,Tasmania Government LIST Telstra Payphones layer
02628105X2,0262814109,38 CURTIN PL,CURTIN,NSW,2605,-35.32549,149.08284,,,Tasmania Government LIST Telstra Payphones layer
02628103X2,0262813702,28 GARRAN PL,GARRAN,NSW,2605,-35.34282,149.10868,,,Tasmania Government LIST Telstra Payphones layer
02628506X1,0262853324,77 YAMBA DRV,GARRAN,NSW,2605,-35.345854,149.101371,,,Tasmania Government LIST Telstra Payphones layer
02628512X1,0262854186,77 YAMBA DRV,GARRAN,NSW,2605,-35.345854,149.101371,,,Tasmania Government LIST Telstra Payphones layer
02628520X1,0262852581,77 YAMBA DRV,GARRAN,NSW,2605,-35.345607,149.100096,,,Tasmania Government LIST Telstra Payphones layer
02628203X2,0262823426,16 HUGHES PL,HUGHES,NSW,2605,-35.33341,149.09386,,,Tasmania Government LIST Telstra Payphones layer
02628201X2,0262824432,7 LYONS PL,LYONS,NSW,2606,-35.339469,149.076957,,,Tasmania Government LIST Telstra Payphones layer
02628109X2,0262814632,20 BRADLEY ST,PHILLIP,NSW,2606,-35.344462,149.087523,,,Tasmania Government LIST Telstra Payphones layer
02629005X2,0427497993,4 FARRER PL,FARRER,NSW,2607,-35.375625,149.101848,,,Tasmania Government LIST Telstra Payphones layer
02629001X2,0262861384,6 FARR PL,ISAACS,NSW,2607,-35.36658,149.11194,,,Tasmania Government LIST Telstra Payphones layer
02629000X2,0262867906,101 MAWSON DRV,MAWSON,NSW,2607,-35.364367,149.094216,,,Tasmania Government LIST Telstra Payphones layer
02629004X2,0262862845,70 HODGSON CRS,PEARCE,NSW,2607,-35.362741,149.081687,,,Tasmania Government LIST Telstra Payphones layer
02624906X1,0262497357,25 TERMINAL AVE,CANBERRA AIRPORT,NSW,2609,-35.307273,149.19001,,,Tasmania Government LIST Telstra Payphones layer
02623920X2,0262391350,8 GLADSTONE ST,FYSHWICK,NSW,2609,-35.323458,149.173328,,,Tasmania Government LIST Telstra Payphones layer
02623903X1,0262393186,250 CANBERRA AVE,SYMONSTON,NSW,2609,-35.33223,149.16461,,,Tasmania Government LIST Telstra Payphones layer
02623914X2,0262396564,189 NARRABUNDAH LA,SYMONSTON,NSW,2609,-35.348519,149.153325,,,Tasmania Government LIST Telstra Payphones layer
02628816X2,0262882054,8 DUFFY PL,DUFFY,NSW,2611,-35.33659,149.03279,,,Tasmania Government LIST Telstra Payphones layer
02628815X2,0262881321,14 FISHER SQ,FISHER,NSW,2611,-35.36201,149.057385,,,Tasmania Government LIST Telstra Payphones layer
02628806X2,0262883121,48 BLACKWOOD TCE,HOLDER,NSW,2611,-35.33647,149.044407,,,Tasmania Government LIST Telstra Payphones layer
02628804X2,0437116445,1 RIVETT PL,RIVETT,NSW,2611,-35.34692,149.03704,,,Tasmania Government LIST Telstra Payphones layer
02628700X1,0262875628,1437 COTTER RD,STROMLO,NSW,2611,-35.332,148.958894,,,Tasmania Government LIST Telstra Payphones layer
02623681X2,0262365110,5 KELVIN ST,URIARRA VILLAGE,NSW,2611,-35.2966,148.9256,,,Tasmania Government LIST Telstra Payphones layer
02628801X2,0428127952,1 WARAMANGA PL,WARAMANGA,NSW,2611,-35.35268,149.05912,,,Tasmania Government LIST Telstra Payphones layer
02624710X2,0262476564,7 ELOUERA ST,BRADDON,NSW,2612,-35.273455,149.132294,,,Tasmania Government LIST Telstra Payphones layer
02625744X2,0262574430,94 LOWANNA ST,BRADDON,NSW,2612,-35.264154,149.132893,,,Tasmania Government LIST Telstra Payphones layer
02625708X2,0262571864,24 BLAMEY PL,CAMPBELL,NSW,2612,-35.289415,149.154217,,,Tasmania Government LIST Telstra Payphones layer
02625743X2,0262574465,23 QUICK ST,CAMPBELL,NSW,2612,-35.274597,149.148087,,,Tasmania Government LIST Telstra Payphones layer
02625759X2,0262571730,23 QUICK ST,CAMPBELL,NSW,2612,-35.274597,149.148087,,,Tasmania Government LIST Telstra Payphones layer
02625734X2,0262573175,46 ELIMATTA ST,REID,NSW,2612,-35.2779,149.14065,,,Tasmania Government LIST Telstra Payphones layer
02625705X2,0262575497,177 NORTHBOURNE AVE,TURNER,NSW,2612,-35.26411,149.13133,,,Tasmania Government LIST Telstra Payphones layer
02625790X2,0262577475,85 NORTHBOURNE AVE,TURNER,NSW,2612,-35.27347,149.12945,,,Tasmania Government LIST Telstra Payphones layer
02625508X2,0262548954,78 HAWKER PL,HAWKER,NSW,2614,-35.243452,149.043273,,,Tasmania Government LIST Telstra Payphones layer
02625353X1,0262531771,15 JAMISON CNTR,MACQUARIE,NSW,2614,-35.25324,149.07075,,,Tasmania Government LIST Telstra Payphones layer
02625507X2,0262548859,15 SCULLIN PL,SCULLIN,NSW,2614,-35.23359,149.04015,,,Tasmania Government LIST Telstra Payphones layer
02625907X2,0262597981,20 KESTEVEN ST,FLOREY,NSW,2615,-35.226215,149.054964,,,Tasmania Government LIST Telstra Payphones layer
02625904X2,0262596834,4 DALEY CRS,FRASER,NSW,2615,-35.19289,149.04391,,,Tasmania Government LIST Telstra Payphones layer
02625400X2,0428742798,1 HIGGINS PL,HIGGINS,NSW,2615,-35.23108,149.02703,,,Tasmania Government LIST Telstra Payphones layer
02625403X2,0262542321,24 HARDWICK CRS,HOLT,NSW,2615,-35.22289,149.01976,,,Tasmania Government LIST Telstra Payphones layer
02625501X2,0262549037,16 HOLT PL,HOLT,NSW,2615,-35.224654,149.011643,,,Tasmania Government LIST Telstra Payphones layer
02625502X2,0262783446,24 HARDWICK CRS,HOLT,NSW,2615,-35.22289,149.01976,,,Tasmania Government LIST Telstra Payphones layer
02625400X1,0436307688,18 WANLISS ST,LATHAM,NSW,2615,-35.218408,149.032187,,,Tasmania Government LIST Telstra Payphones layer
02625908X2,0262592098,10 MELBA CCT,MELBA,NSW,2615,-35.20826,149.04889,,,Tasmania Government LIST Telstra Payphones layer
02625310X2,0262534391,62 EMU BANK PTH,BELCONNEN,NSW,2617,-35.238782,149.071372,,,Tasmania Government LIST Telstra Payphones layer
02625315X2,0262531397,CONDELL ST,BELCONNEN,NSW,2617,-35.244149,149.069295,,,Tasmania Government LIST Telstra Payphones layer
02625104X1,0262513143,10 HAYDON DRV,BRUCE,NSW,2617,-35.252932,149.090141,,,Tasmania Government LIST Telstra Payphones layer
02625113X1,0262519654,100 EASTERN VALLEY WAY,BRUCE,NSW,2617,-35.241861,149.074521,,,Tasmania Government LIST Telstra Payphones layer
02625332X1,0262534963,11 KIRINARI ST,BRUCE,NSW,2617,-35.238034,149.083565,,,Tasmania Government LIST Telstra Payphones layer
02625909X2,0262590387,13 HEYDON PL,EVATT,NSW,2617,-35.208902,149.073706,,,Tasmania Government LIST Telstra Payphones layer
02624104X2,0455156855,1 GWYDIR SQ,KALEEN,NSW,2617,-35.23414,149.10334,,,Tasmania Government LIST Telstra Payphones layer
02625802X2,0262589764,BENNETTS CL,MCKELLAR,NSW,2617,-35.217132,149.074461,,,Tasmania Government LIST Telstra Payphones layer
02623002X2,0262302602,3 VICTORIA ST,HALL,NSW,2618,-35.17048,149.07005,,,Tasmania Government LIST Telstra Payphones layer
02625502X1,0262559078,16 LIMESTONE DRV,JERRABOMBERRA,NSW,2619,-35.37973,149.20174,,,Tasmania Government LIST Telstra Payphones layer
02629924X2,0262998188,1 JERRABOMBERRA PKWY,JERRABOMBERRA,NSW,2619,-35.38575,149.20073,,,Tasmania Government LIST Telstra Payphones layer
02629904X2,0262994369,2 CREST RD,CRESTWOOD,NSW,2620,-35.34277,149.221112,,,Tasmania Government LIST Telstra Payphones layer
02623680X2,0262368110,35 CORK ST,GUNDAROO,NSW,2620,-35.02616,149.26592,,,Tasmania Government LIST Telstra Payphones layer
02629911X2,0262994396,86 FERGUS RD,KARABAR,NSW,2620,-35.36083,149.22419,,,Tasmania Government LIST Telstra Payphones layer
02629928X2,0262994394,34 QUEENBAR RD,KARABAR,NSW,2620,-35.371098,149.232428,,,Tasmania Government LIST Telstra Payphones layer
02623590X2,0262359110,RYRIE ST,MICHELAGO,NSW,2620,-35.70328,149.159342,,,Tasmania Government LIST Telstra Payphones layer
02628400X2,0262843910,16 GEORGE ST,OAKS ESTATE,NSW,2620,-35.340355,149.229465,,,Tasmania Government LIST Telstra Payphones layer
02628701X2,0262872579,2 PADDYS RIVER RD,PADDYS RIVER,NSW,2620,-35.32457,148.940176,,,Tasmania Government LIST Telstra Payphones layer
02629701X2,0262971078,189 CRAWFORD ST,QUEANBEYAN,NSW,2620,-35.352364,149.233517,,,Tasmania Government LIST Telstra Payphones layer
02629903X2,0262991104,134 CRAWFORD ST,QUEANBEYAN,NSW,2620,-35.349544,149.232039,,,Tasmania Government LIST Telstra Payphones layer
02629904X1,0262994023,139 MONARO ST,QUEANBEYAN,NSW,2620,-35.352444,149.235204,,,Tasmania Government LIST Telstra Payphones layer
02629912X2,0262994392,30 ROSS RD,QUEANBEYAN,NSW,2620,-35.346776,149.224905,,,Tasmania Government LIST Telstra Payphones layer
02629914X2,0262994388,251 CRAWFORD ST,QUEANBEYAN,NSW,2620,-35.353456,149.234487,,,Tasmania Government LIST Telstra Payphones layer
02629915X2,0262994381,36 LOWE ST,QUEANBEYAN,NSW,2620,-35.353784,149.23187,,,Tasmania Government LIST Telstra Payphones layer
02629916X2,0262994379,31 MACQUOID ST,QUEANBEYAN EAST,NSW,2620,-35.351398,149.240668,,,Tasmania Government LIST Telstra Payphones layer
02629930X2,0262994382,4 GILMORE PL,QUEANBEYAN WEST,NSW,2620,-35.35797,149.22071,,,Tasmania Government LIST Telstra Payphones layer
02623001X1,0262303517,47 BIDGES RD,SUTTON,NSW,2620,-35.19849,149.2267,,,Tasmania Government LIST Telstra Payphones layer
02623003X2,0262303241,1 VICTORIA ST,SUTTON,NSW,2620,-35.164332,149.252742,,,Tasmania Government LIST Telstra Payphones layer
02624102X1,0262418541,1246 FEDERAL HWY,SUTTON,NSW,2620,-35.20252,149.21276,,,Tasmania Government LIST Telstra Payphones layer
02623700X2,0262375110,11 NORTH ST,THARWA,NSW,2620,-35.508881,149.067496,,,Tasmania Government LIST Telstra Payphones layer
02623811X2,0262381319,45 GIBRALTAR ST,BUNGENDORE,NSW,2621,-35.254759,149.443761,,,Tasmania Government LIST Telstra Payphones layer
02484640X2,0248464010,5943 ARALUEN RD,ARALUEN,NSW,2622,-35.64316,149.81319,,,Tasmania Government LIST Telstra Payphones layer
02484221X2,0248422506,65 LASCELLES ST,BRAIDWOOD,NSW,2622,-35.44598,149.79896,,,Tasmania Government LIST Telstra Payphones layer
02484610X2,0248461130,GEORGE ST,MAJORS CREEK,NSW,2622,-35.566681,149.738361,,,Tasmania Government LIST Telstra Payphones layer
02484590X2,0248459133,6112 NERRIGA RD,NERRIGA,NSW,2622,-35.11445,150.08753,,,Tasmania Government LIST Telstra Payphones layer
02623660X2,0262366278,53 FOXLOW ST,CAPTAINS FLAT,NSW,2623,-35.591964,149.445218,,,Tasmania Government LIST Telstra Payphones layer
02645753X8,0264575000,KOSCIUSKO RD,CHARLOTTE PASS,NSW,2624,-36.43467,148.332275,,,Tasmania Government LIST Telstra Payphones layer
02645750X8,0264575507,KOSCIUSKO RD,PERISHER VALLEY,NSW,2624,-36.405197,148.412079,,,Tasmania Government LIST Telstra Payphones layer
02645760X2,0264576246,FRIDAY FLAT DRV,THREDBO VILLAGE,NSW,2625,-36.499074,148.311347,,,Tasmania Government LIST Telstra Payphones layer
02645766X1,0264576163,MOWAMBA PL,THREDBO VILLAGE,NSW,2625,-36.50477,148.30502,,,Tasmania Government LIST Telstra Payphones layer
02645440X2,0264544101,MONARO HWY,BREDBO,NSW,2626,-35.95183,149.14557,,,Tasmania Government LIST Telstra Payphones layer
02645671X2,0264567100,5332 KOSCIUSKO RD,EAST JINDABYNE,NSW,2627,-36.394187,148.652111,,,Tasmania Government LIST Telstra Payphones layer
02645603X2,0264562107,82 CARINYA LA,JINDABYNE,NSW,2627,-36.47069,148.62522,,,Tasmania Government LIST Telstra Payphones layer
02645620X2,0264562004,KOSCIUSKO RD,JINDABYNE,NSW,2627,-36.41523,148.62357,,,Tasmania Government LIST Telstra Payphones layer
02645670X2,0264567001,1 LOFTUS AVE,KALKITE,NSW,2627,-36.334933,148.636635,,,Tasmania Government LIST Telstra Payphones layer
02645630X2,0264563105,74 JINDABYNE RD,BERRIDALE,NSW,2628,-36.366416,148.825854,,,Tasmania Government LIST Telstra Payphones layer
02645680X2,0264568849,364 BRAEMAR RD,BRAEMAR BAY,NSW,2628,-36.10636,148.65269,,,Tasmania Government LIST Telstra Payphones layer
02645650X2,0264565008,2 BRIERLY ST,DALGETY,NSW,2628,-36.50462,148.83476,,,Tasmania Government LIST Telstra Payphones layer
02645607X2,0264566730,MATONG RD,NUMBLA VALE,NSW,2628,-36.63616,148.81819,,,Tasmania Government LIST Telstra Payphones layer
02645426X2,0264542424,11 DENISON ST,ADAMINABY,NSW,2629,-35.99664,148.77422,,,Tasmania Government LIST Telstra Payphones layer
02645421X2,0264542207,PENNINSULAR RD,ANGLERS REACH,NSW,2629,-35.997132,148.661775,,,Tasmania Government LIST Telstra Payphones layer
02645425X2,0264542493,3 ILLAWONG RD,ANGLERS REACH,NSW,2629,-36.000666,148.663471,,,Tasmania Government LIST Telstra Payphones layer
02645490X2,0264549486,1 MURRALIN RD,CABRAMURRA,NSW,2629,-35.936632,148.381218,,,Tasmania Government LIST Telstra Payphones layer
02645423X2,0264542245,LUCAS RD,OLD ADAMINABY,NSW,2629,-36.039387,148.705214,,,Tasmania Government LIST Telstra Payphones layer
02645424X2,0264542447,46 PROVIDENCE RD,PROVIDENCE PORTAL,NSW,2629,-35.942236,148.627503,,,Tasmania Government LIST Telstra Payphones layer
02645370X1,0264537249,490 BUCKENDERRA RD,BUCKENDERRA,NSW,2630,-36.182013,148.764866,,,Tasmania Government LIST Telstra Payphones layer
02645212X2,0264523098,119 SHARP ST,COOMA,NSW,2630,-36.234884,149.125802,,,Tasmania Government LIST Telstra Payphones layer
02645216X2,0264521019,60 LAMBIE ST,COOMA,NSW,2630,-36.237879,149.116996,,,Tasmania Government LIST Telstra Payphones layer
02645219X2,0264521691,93 MASSIE ST,COOMA,NSW,2630,-36.234672,149.123607,,,Tasmania Government LIST Telstra Payphones layer
02645224X2,0264522384,3 BROWN CL,COOMA,NSW,2630,-36.218769,149.130355,,,Tasmania Government LIST Telstra Payphones layer
02645229X2,0264522320,71 CROMWELL ST,COOMA,NSW,2630,-36.24496,149.12734,,,Tasmania Government LIST Telstra Payphones layer
02645430X2,0264543101,JERANGLE RD,JERANGLE,NSW,2630,-35.870956,149.366054,,,Tasmania Government LIST Telstra Payphones layer
02645330X2,0264533287,78 MCLEAN ST,NUMERALLA,NSW,2630,-36.17698,149.34466,,,Tasmania Government LIST Telstra Payphones layer
02645461X2,0264546300,34 BOMBALA ST,NIMMITABEL,NSW,2631,-36.512655,149.28407,,,Tasmania Government LIST Telstra Payphones layer
02645852X2,0264585241,6 BURNIMA ST,BIBBENLUKE,NSW,2632,-36.81387,149.28542,,,Tasmania Government LIST Telstra Payphones layer
02645834X2,0264583676,MONARO HWY,BOMBALA,NSW,2632,-36.907372,149.239634,,,Tasmania Government LIST Telstra Payphones layer
02645839X2,0264583232,141 MAYBE ST,BOMBALA,NSW,2632,-36.911808,149.238663,,,Tasmania Government LIST Telstra Payphones layer
02645820X2,0264582000,EDEN ST,CATHCART,NSW,2632,-36.84325,149.39074,,,Tasmania Government LIST Telstra Payphones layer
02645880X2,0264588100,40 BOMBALA ST,DELEGATE,NSW,2633,-37.04356,148.94272,,,Tasmania Government LIST Telstra Payphones layer
02602105X2,0260211365,498 DAVID ST,ALBURY,NSW,2640,-36.081511,146.920822,,,Tasmania Government LIST Telstra Payphones layer
02602108X2,0260212454,591 DAVID ST,ALBURY,NSW,2640,-36.07657,146.921531,,,Tasmania Government LIST Telstra Payphones layer
02602109X2,0260212632,629 JONES ST,ALBURY,NSW,2640,-36.073546,146.91339,,,Tasmania Government LIST Telstra Payphones layer
02602116X2,0260214165,504 OLIVE ST,ALBURY,NSW,2640,-36.080878,146.918308,,,Tasmania Government LIST Telstra Payphones layer
02602119X2,0260214654,569 DEAN ST,ALBURY,NSW,2640,-36.080786,146.916139,,,Tasmania Government LIST Telstra Payphones layer
02602122X2,0260215109,432 TOWNSEND ST,ALBURY,NSW,2640,-36.084003,146.912518,,,Tasmania Government LIST Telstra Payphones layer
02602300X2,0260231006,486 DEAN ST,ALBURY,NSW,2640,-36.08103,146.919145,,,Tasmania Government LIST Telstra Payphones layer
02604106X2,0260412437,652 DEAN ST,ALBURY,NSW,2640,-36.08021,146.91197,,,Tasmania Government LIST Telstra Payphones layer
02604115X2,0260412480,591 DEAN ST,ALBURY,NSW,2640,-36.080643,146.914873,,,Tasmania Government LIST Telstra Payphones layer
02604130X1,0260413607,525 DAVID ST,ALBURY,NSW,2640,-36.07969,146.920209,,,Tasmania Government LIST Telstra Payphones layer
02602104X1,0260215309,201 EAST ST,EAST ALBURY,NSW,2640,-36.07874,146.93829,,,Tasmania Government LIST Telstra Payphones layer
02602107X2,0260212254,288 BORELLA RD,EAST ALBURY,NSW,2640,-36.075955,146.933393,,,Tasmania Government LIST Telstra Payphones layer
02604110X1,0260411631,YOUNG ST,EAST ALBURY,NSW,2640,-36.084287,146.924704,,,Tasmania Government LIST Telstra Payphones layer
02602103X1,0260216371,4 EAMES ST,NORTH ALBURY,NSW,2640,-36.067376,146.93414,,,Tasmania Government LIST Telstra Payphones layer
02602507X2,0260253074,117 MATE ST,NORTH ALBURY,NSW,2640,-36.056729,146.932457,,,Tasmania Government LIST Telstra Payphones layer
02602510X2,0260253137,ALEMEIN AVE,NORTH ALBURY,NSW,2640,-36.056795,146.926436,,,Tasmania Government LIST Telstra Payphones layer
02602111X2,0260213240,516 ABERCORN ST,SOUTH ALBURY,NSW,2640,-36.096791,146.914046,,,Tasmania Government LIST Telstra Payphones layer
02603730X2,0260373241,5798 RIVER RD,TALMALMO,NSW,2640,-35.940508,147.49195,,,Tasmania Government LIST Telstra Payphones layer
02604311X2,0260431115,3 BOTTLEBRUSH ST,THURGOONA,NSW,2640,-36.046938,146.982059,,,Tasmania Government LIST Telstra Payphones layer
02602100X2,0260214218,964 PEMBERTON ST,WEST ALBURY,NSW,2640,-36.073381,146.892159,,,Tasmania Government LIST Telstra Payphones layer
02602504X2,0260252026,443 WAGGA RD,LAVINGTON,NSW,2641,-36.044334,146.944912,,,Tasmania Government LIST Telstra Payphones layer
02602508X2,0260253109,464 URANA RD,LAVINGTON,NSW,2641,-36.040862,146.928173,,,Tasmania Government LIST Telstra Payphones layer
02602509X2,0260253114,342 UNION RD,LAVINGTON,NSW,2641,-36.053992,146.945897,,,Tasmania Government LIST Telstra Payphones layer
02602513X2,0436034372,474 PRUNE ST,LAVINGTON,NSW,2641,-36.040777,146.935126,,,Tasmania Government LIST Telstra Payphones layer
02602516X2,0260253991,449 KAITLERS RD,LAVINGTON,NSW,2641,-36.032926,146.940886,,,Tasmania Government LIST Telstra Payphones layer
02602518X2,0260255598,330 URANA RD,LAVINGTON,NSW,2641,-36.050239,146.932307,,,Tasmania Government LIST Telstra Payphones layer
02604000X2,0260401341,437 MCDONALD RD,LAVINGTON,NSW,2641,-36.04374,146.939959,,,Tasmania Government LIST Telstra Payphones layer
02602940X2,0260294341,3 MAIN ST,BROCKLESBY,NSW,2642,-35.821614,146.680121,,,Tasmania Government LIST Telstra Payphones layer
02602930X2,0260293241,2 URANA RD,BURRUMBUTTOCK,NSW,2642,-35.834514,146.80459,,,Tasmania Government LIST Telstra Payphones layer
02602600X2,0260260657,BENT ST,GEROGERY,NSW,2642,-35.836155,146.993536,,,Tasmania Government LIST Telstra Payphones layer
02602630X2,0260263319,10 URANA ST,JINDERA,NSW,2642,-35.954543,146.888704,,,Tasmania Government LIST Telstra Payphones layer
02603711X2,0260371288,3208 RIVER RD,JINGELLIC,NSW,2642,-35.925654,147.69827,,,Tasmania Government LIST Telstra Payphones layer
02607690X2,0260769441,1362 ALPINE WAY,KHANCOBAN,NSW,2642,-36.220007,148.122086,,,Tasmania Government LIST Telstra Payphones layer
02607691X2,0260769492,1 MITCHEL AVE,KHANCOBAN,NSW,2642,-36.215602,148.12925,,,Tasmania Government LIST Telstra Payphones layer
02607692X2,0260769493,SCOTT ST,KHANCOBAN,NSW,2642,-36.21926,148.12471,,,Tasmania Government LIST Telstra Payphones layer
02602950X2,0260295200,1 BONG ST,RAND,NSW,2642,-35.592962,146.577758,,,Tasmania Government LIST Telstra Payphones layer
02694840X2,0269484481,9 POSSUM POINT RD,TOOMA,NSW,2642,-35.967819,148.058098,,,Tasmania Government LIST Telstra Payphones layer
02602990X2,0260299009,7 BILLABONG ST,WALBUNDRIE,NSW,2642,-35.690664,146.721288,,,Tasmania Government LIST Telstra Payphones layer
02692035X2,0269203541,10 PLUNKET ST,YERONG CREEK,NSW,2642,-35.38675,147.057491,,,Tasmania Government LIST Telstra Payphones layer
02602650X2,0260265338,49 HAWKINS ST,HOWLONG,NSW,2643,-35.979557,146.626651,,,Tasmania Government LIST Telstra Payphones layer
02603621X2,0260362109,110 ALBURY ST,HOLBROOK,NSW,2644,-35.7223,147.31506,,,Tasmania Government LIST Telstra Payphones layer
02602051X2,0260205210,685 WOOMARGAMA WAY,WOOMARGAMA,NSW,2644,-35.833194,147.247627,,,Tasmania Government LIST Telstra Payphones layer
02692083X2,0269208100,23 ANNA ST,URANA,NSW,2645,-35.330428,146.265765,,,Tasmania Government LIST Telstra Payphones layer
02603512X2,0260351200,RAILWAY ST,BALLDALE,NSW,2646,-35.846728,146.517051,,,Tasmania Government LIST Telstra Payphones layer
02603585X2,0260358510,651 FEDERATION WAY,COREEN,NSW,2646,-35.746014,146.343845,,,Tasmania Government LIST Telstra Payphones layer
02603303X2,0260331716,34 QUEEN ST,COROWA,NSW,2646,-35.998852,146.390067,,,Tasmania Government LIST Telstra Payphones layer
02603306X2,0455992337,84 FEDERATION AVE,COROWA,NSW,2646,-36.00692,146.37972,,,Tasmania Government LIST Telstra Payphones layer
02603307X2,0260332566,386 HONOUR AVE,COROWA,NSW,2646,-35.982672,146.402723,,,Tasmania Government LIST Telstra Payphones layer
02603312X2,0260331365,53 GUY ST,COROWA,NSW,2646,-35.99375,146.38402,,,Tasmania Government LIST Telstra Payphones layer
02603319X2,0260331907,118 SANGER ST,COROWA,NSW,2646,-35.99787,146.39109,,,Tasmania Government LIST Telstra Payphones layer
02603502X2,0260350200,URANA RD,DAYSDALE,NSW,2646,-35.643608,146.305165,,,Tasmania Government LIST Telstra Payphones layer
02603582X7,0260358210,8163 RIVERINA HWY,LOWESDALE,NSW,2646,-35.841497,146.364938,,,Tasmania Government LIST Telstra Payphones layer
02603541X2,0260354201,38 MILTHORPE ST,OAKLANDS,NSW,2646,-35.557986,146.168188,,,Tasmania Government LIST Telstra Payphones layer
02603240X2,0260324140,1988 BULL PLAIN RD,RENNIE,NSW,2646,-35.808716,146.134882,,,Tasmania Government LIST Telstra Payphones layer
08809113X2,0880911806,14109 SILVER CITY HWY,SCOTIA,NSW,2648,-32.980167,141.622608,,,Tasmania Government LIST Telstra Payphones layer
02694915X2,0269491741,2241 BATLOW RD,LAUREL HILL,NSW,2649,-35.604465,148.093349,,,Tasmania Government LIST Telstra Payphones layer
02693115X2,0269311854,1 ARNOTT ST,ASHMONT,NSW,2650,-35.128175,147.32482,,,Tasmania Government LIST Telstra Payphones layer
02693117X2,0269311432,42 TOBRUK ST,ASHMONT,NSW,2650,-35.126226,147.329237,,,Tasmania Government LIST Telstra Payphones layer
02693130X2,0436026635,22 TARAKAN ST,ASHMONT,NSW,2650,-35.126217,147.335625,,,Tasmania Government LIST Telstra Payphones layer
02694861X2,0269486171,TUMBARUMBA RD,CARABOST,NSW,2650,-35.600615,147.728072,,,Tasmania Government LIST Telstra Payphones layer
02692000X2,0269200106,2356 STURT HWY,COLLINGULLIE,NSW,2650,-35.08806,147.128069,,,Tasmania Government LIST Telstra Payphones layer
02693300X2,0436286490,1 PUGLSLEY AVE,ESTELLA,NSW,2650,-35.074626,147.356999,,,Tasmania Government LIST Telstra Payphones layer
02692240X2,0269224010,44 ZIEGLER AVE,KOORINGAL,NSW,2650,-35.14614,147.37974,,,Tasmania Government LIST Telstra Payphones layer
02692242X2,0269224076,401 LAKE ALBERT RD,KOORINGAL,NSW,2650,-35.151201,147.372527,,,Tasmania Government LIST Telstra Payphones layer
02692243X2,0269224098,293 LAKE ALBERT RD,KOORINGAL,NSW,2650,-35.14133,147.37512,,,Tasmania Government LIST Telstra Payphones layer
02692245X2,0269224032,101 MAIN ST,LAKE ALBERT,NSW,2650,-35.17189,147.38084,,,Tasmania Government LIST Telstra Payphones layer
02692538X2,0436483649,44 FERNLEIGH RD,MT AUSTIN,NSW,2650,-35.133047,147.357876,,,Tasmania Government LIST Telstra Payphones layer
02692108X2,0269211298,30 HAMPDEN AVE,NORTH WAGGA WAGGA,NSW,2650,-35.097636,147.377413,,,Tasmania Government LIST Telstra Payphones layer
02693151X2,0269315913,1 EUGENE AVE,SAN ISIDORE,NSW,2650,-35.128308,147.294642,,,Tasmania Government LIST Telstra Payphones layer
02693143X2,0269314894,231 BOURKE ST,TOLLAND,NSW,2650,-35.143465,147.351036,,,Tasmania Government LIST Telstra Payphones layer
02692103X1,0269219149,77 TRAIL ST,WAGGA WAGGA,NSW,2650,-35.10283,147.36683,,,Tasmania Government LIST Telstra Payphones layer
02692111X2,0269211410,DOCKER ST,WAGGA WAGGA,NSW,2650,-35.118344,147.356145,,,Tasmania Government LIST Telstra Payphones layer
02692113X2,0269211564,36 BAYLIS ST,WAGGA WAGGA,NSW,2650,-35.11746,147.36895,,,Tasmania Government LIST Telstra Payphones layer
02692115X2,0448815748,49 FITZMAURICE ST,WAGGA WAGGA,NSW,2650,-35.106866,147.370354,,,Tasmania Government LIST Telstra Payphones layer
02692120X2,0269211871,228 KINCAID ST,WAGGA WAGGA,NSW,2650,-35.10922,147.352121,,,Tasmania Government LIST Telstra Payphones layer
02692127X2,0455681727,55 FOX ST,WAGGA WAGGA,NSW,2650,-35.114772,147.365144,,,Tasmania Government LIST Telstra Payphones layer
02692131X2,0269215319,STATION PL,WAGGA WAGGA,NSW,2650,-35.12024,147.36883,,,Tasmania Government LIST Telstra Payphones layer
02692138X2,0269219237,160 BAYLIS ST,WAGGA WAGGA,NSW,2650,-35.11291,147.36984,,,Tasmania Government LIST Telstra Payphones layer
02692140X1,0269214951,260 EDWARD ST,WAGGA WAGGA,NSW,2650,-35.118786,147.357437,,,Tasmania Government LIST Telstra Payphones layer
02692156X2,0269211861,100 BAYLIS ST,WAGGA WAGGA,NSW,2650,-35.115033,147.369455,,,Tasmania Government LIST Telstra Payphones layer
02693172X1,0269317906,87 BAYLIS ST,WAGGA WAGGA,NSW,2650,-35.11475,147.371341,,,Tasmania Government LIST Telstra Payphones layer
02693307X1,0427498838,460 VALDER WAY,WAGGA WAGGA,NSW,2650,-35.056975,147.349662,,,Tasmania Government LIST Telstra Payphones layer
02692846X2,0269284652,JEWNEE ST,WANTABADGERY,NSW,2650,-35.052416,147.724859,,,Tasmania Government LIST Telstra Payphones layer
02692281X9,0269227315,36 ALLONBY AVE,FOREST HILL,NSW,2651,-35.148322,147.465901,,,Tasmania Government LIST Telstra Payphones layer
02692714X2,0269271408,18 DRUMMOND ST,BOREE CREEK,NSW,2652,-35.111032,146.606482,,,Tasmania Government LIST Telstra Payphones layer
02696510X2,0269651307,COBRAM ST,GOOLGOWI,NSW,2652,-33.9811,145.70801,,,Tasmania Government LIST Telstra Payphones layer
02695620X2,0269562100,36 JUNEE ST,GRONG GRONG,NSW,2652,-34.738572,146.78321,,,Tasmania Government LIST Telstra Payphones layer
02692272X2,0269227291,3864 STUART HWY,GUMLY GUMLY,NSW,2652,-35.126962,147.431693,,,Tasmania Government LIST Telstra Payphones layer
02692892X2,0269289241,5 MATE ST,HUMULA,NSW,2652,-35.488237,147.762861,,,Tasmania Government LIST Telstra Payphones layer
02692215X2,0269221508,14 KYEAMBA AVE,LADYSMITH,NSW,2652,-35.20734,147.5139,,,Tasmania Government LIST Telstra Payphones layer
02692857X2,0269285707,14 KYEAMBA ST,MANGOPLAH,NSW,2652,-35.37722,147.253388,,,Tasmania Government LIST Telstra Payphones layer
02692740X2,0269274454,5 YORK ST,MARRAR,NSW,2652,-34.824525,147.352114,,,Tasmania Government LIST Telstra Payphones layer
02692770X2,0269277891,40 MATONG (GRONG GRONG RD) ST,MATONG,NSW,2652,-34.76808,146.91923,,,Tasmania Government LIST Telstra Payphones layer
02696540X2,0427497882,1 CHARNEY ST,MERRIWAGGA,NSW,2652,-33.818235,145.623275,,,Tasmania Government LIST Telstra Payphones layer
02694882X2,0269488241,1649 WAGGA RD,ROSEWOOD,NSW,2652,-35.669874,147.863734,,,Tasmania Government LIST Telstra Payphones layer
02692870X2,0269287101,28 SYDNEY ST,TARCUTTA,NSW,2652,-35.276903,147.737067,,,Tasmania Government LIST Telstra Payphones layer
02692296X2,0269229697,30 OLYMPIC HWY,URANQUINTY,NSW,2652,-35.193284,147.245966,,,Tasmania Government LIST Telstra Payphones layer
02694820X2,0269482254,5 THE PARADE,TUMBARUMBA,NSW,2653,-35.776479,148.009881,,,Tasmania Government LIST Telstra Payphones layer
02694821X2,0269482565,55 MURRAY ST,TUMBARUMBA,NSW,2653,-35.777917,148.012627,,,Tasmania Government LIST Telstra Payphones layer
02692020X2,0269202100,96 URANA ST,THE ROCK,NSW,2655,-35.268346,147.114285,,,Tasmania Government LIST Telstra Payphones layer
02692051X2,0269205508,73 GREEN ST,LOCKHART,NSW,2656,-35.221067,146.71675,,,Tasmania Government LIST Telstra Payphones layer
02692930X2,0269293009,6 SLADEN ST,HENTY,NSW,2658,-35.517037,147.034359,,,Tasmania Government LIST Telstra Payphones layer
02692964X2,0269296410,1 EDGEHILL ST,PLEASANT HILLS,NSW,2658,-35.46474,146.79924,,,Tasmania Government LIST Telstra Payphones layer
02602920X2,0260292109,94 COMMERCIAL ST,WALLA WALLA,NSW,2659,-35.766518,146.901087,,,Tasmania Government LIST Telstra Payphones layer
02602981X2,0260298400,33 BALFOUR ST,CULCAIRN,NSW,2660,-35.667987,147.036917,,,Tasmania Government LIST Telstra Payphones layer
02603650X2,0260365241,25 CULCAIRN HOLBROOK RD,MORVEN,NSW,2660,-35.655259,147.12287,,,Tasmania Government LIST Telstra Payphones layer
02692410X1,0269241970,75 BROADWAY ST,JUNEE,NSW,2663,-34.866857,147.581487,,,Tasmania Government LIST Telstra Payphones layer
02692410X2,0269241232,119 LORNE ST,JUNEE,NSW,2663,-34.870974,147.584553,,,Tasmania Government LIST Telstra Payphones layer
02697820X2,0269782200,ARIAH ST,ARDLETHAN,NSW,2665,-34.357847,146.902778,,,Tasmania Government LIST Telstra Payphones layer
02697410X2,0269741009,44 COOLAMON ST,ARIAH PARK,NSW,2665,-34.34813,147.2207,,,Tasmania Government LIST Telstra Payphones layer
02696390X2,0269639303,108 YAPUNYAH ST,BARELLAN,NSW,2665,-34.284653,146.571696,,,Tasmania Government LIST Telstra Payphones layer
02697411X2,0269741107,ARIAH ST,MIRROOL,NSW,2665,-34.307569,147.08805,,,Tasmania Government LIST Telstra Payphones layer
02695911X2,0269772829,141 TWYNAM ST,TEMORA,NSW,2666,-34.449001,147.526882,,,Tasmania Government LIST Telstra Payphones layer
02697703X2,0269772845,167 HOSKINS ST,TEMORA,NSW,2666,-34.447146,147.533949,,,Tasmania Government LIST Telstra Payphones layer
02697704X2,0269772841,101 KITCHENER RD,TEMORA,NSW,2666,-34.439076,147.530734,,,Tasmania Government LIST Telstra Payphones layer
02697620X2,0269762257,79 QUEEN ST,BARMEDMAN,NSW,2668,-34.143379,147.386564,,,Tasmania Government LIST Telstra Payphones layer
02689690X2,0268969801,59 YARRAN ST,NARADHAN,NSW,2669,-33.613356,146.323724,,,Tasmania Government LIST Telstra Payphones layer
02696610X2,0269661200,16 BOOMERANG ST,RANKINS SPRINGS,NSW,2669,-33.841848,146.260995,,,Tasmania Government LIST Telstra Payphones layer
02697570X2,0269757209,44 TALLIMBA RD,TALLIMBA,NSW,2669,-33.994229,146.882895,,,Tasmania Government LIST Telstra Payphones layer
02697290X2,0269729101,14 CONDOBOLIN ST,TULLIBIGEAL,NSW,2669,-33.421321,146.728021,,,Tasmania Government LIST Telstra Payphones layer
02697590X2,0269759198,39 WOOLONGOUGH ST,UNGARIE,NSW,2669,-33.63904,146.973836,,,Tasmania Government LIST Telstra Payphones layer
02697560X2,0269756109,19 MID WESTERN HWY,WEETHALLE,NSW,2669,-33.875278,146.625548,,,Tasmania Government LIST Telstra Payphones layer
02697250X2,0269725210,3 BENA ST,BURCHER,NSW,2671,-33.51577,147.25373,,,Tasmania Government LIST Telstra Payphones layer
02697220X2,0269722210,280 NEELD ST,WEST WYALONG,NSW,2671,-33.923482,147.219006,,,Tasmania Government LIST Telstra Payphones layer
02697234X2,0269723098,147 MAIN ST,WEST WYALONG,NSW,2671,-33.923269,147.205204,,,Tasmania Government LIST Telstra Payphones layer
02697225X2,0269722321,68 NEELD ST,WYALONG,NSW,2671,-33.926,147.24228,,,Tasmania Government LIST Telstra Payphones layer
02689811X2,0268981103,33 FOSTER ST,LAKE CARGELLIGO,NSW,2672,-33.298274,146.373661,,,Tasmania Government LIST Telstra Payphones layer
02689800Y2,0268981482,35 NYMPAA ST,MURRIN BRIDGE,NSW,2672,-33.214903,146.372601,,,Tasmania Government LIST Telstra Payphones layer
02696720X2,0269672165,190 HIGH ST,HILLSTON,NSW,2675,-33.485485,145.531748,,,Tasmania Government LIST Telstra Payphones layer
02696722X2,0269672556,101 HIGH ST,HILLSTON,NSW,2675,-33.480182,145.534628,,,Tasmania Government LIST Telstra Payphones layer
02696350X2,0269635210,4 RICHARDS ST,BEELBANGERA,NSW,2680,-34.254015,146.101567,,,Tasmania Government LIST Telstra Payphones layer
02696351X2,0269635310,1 CANAL ST,BILBUL,NSW,2680,-34.274473,146.135222,,,Tasmania Government LIST Telstra Payphones layer
02695923X2,0455423512,12 BRINGAGEE ST,GRIFFITH,NSW,2680,-34.282722,146.036346,,,Tasmania Government LIST Telstra Payphones layer
02696205X2,0269622321,100 COOLAH ST,GRIFFITH,NSW,2680,-34.29066,146.03514,,,Tasmania Government LIST Telstra Payphones layer
02696410X2,0269641004,76 WILLANDRA AVE,GRIFFITH,NSW,2680,-34.297199,146.045772,,,Tasmania Government LIST Telstra Payphones layer
02696416X2,0269641015,80 KOOYOO ST,GRIFFITH,NSW,2680,-34.287881,146.047104,,,Tasmania Government LIST Telstra Payphones layer
02696418X2,0269641017,7 KOOYOO ST,GRIFFITH,NSW,2680,-34.288416,146.047183,,,Tasmania Government LIST Telstra Payphones layer
02696441X2,0269644605,457 BANNA AVE,GRIFFITH,NSW,2680,-34.287104,146.040988,,,Tasmania Government LIST Telstra Payphones layer
02696442X2,0269644607,6 COOLAH ST,GRIFFITH,NSW,2680,-34.292528,146.049479,,,Tasmania Government LIST Telstra Payphones layer
02696444X2,0269644613,10 PROBERT AVE,GRIFFITH,NSW,2680,-34.283585,146.058771,,,Tasmania Government LIST Telstra Payphones layer
02696446X2,0269644617,56 COOLAH ST,GRIFFITH,NSW,2680,-34.291735,146.043309,,,Tasmania Government LIST Telstra Payphones layer
02696447X2,0269644618,226 WAKADEN ST,GRIFFITH,NSW,2680,-34.285749,146.051195,,,Tasmania Government LIST Telstra Payphones layer
02696448X2,0269644619,1 JONDARYAN AVE,GRIFFITH,NSW,2680,-34.288954,146.050777,,,Tasmania Government LIST Telstra Payphones layer
02696460X2,0269646796,82 BANNA AVE,GRIFFITH,NSW,2680,-34.289598,146.054364,,,Tasmania Government LIST Telstra Payphones layer
02696300X2,0269630476,14 KIDMAN WAY,HANWOOD,NSW,2680,-34.329414,146.041085,,,Tasmania Government LIST Telstra Payphones layer
02696414X2,0269641494,5 TODD RD,LAKE WYANGAN,NSW,2680,-34.247892,146.031385,,,Tasmania Government LIST Telstra Payphones layer
02696363X2,0269636314,14 DUNN ST,THARBOGANG,NSW,2680,-34.254695,145.991253,,,Tasmania Government LIST Telstra Payphones layer
02696449X2,0269644610,7 EDON ST,YOOGALI,NSW,2680,-34.30051,146.08386,,,Tasmania Government LIST Telstra Payphones layer
02696812X2,0269681401,33 MIRROOL AVE,YENDA,NSW,2681,-34.25069,146.19846,,,Tasmania Government LIST Telstra Payphones layer
02695920X2,0269592076,16335 NEWELL HWY,GILLENBAH,NSW,2700,-34.761994,146.541215,,,Tasmania Government LIST Telstra Payphones layer
02695974X2,0269597400,BROWLEY ST,MORUNDAH,NSW,2700,-34.934465,146.303376,,,Tasmania Government LIST Telstra Payphones layer
02695913X2,0269591743,16 CADELL ST,NARRANDERA,NSW,2700,-34.745453,146.550738,,,Tasmania Government LIST Telstra Payphones layer
02695915X2,0269591654,11 TWYNAM ST,NARRANDERA,NSW,2700,-34.746857,146.552961,,,Tasmania Government LIST Telstra Payphones layer
02692731X2,0269273107,MANN ST,COOLAMON,NSW,2701,-34.815699,147.19969,,,Tasmania Government LIST Telstra Payphones layer
02692732X2,0269273309,WADE ST,COOLAMON,NSW,2701,-34.816977,147.200359,,,Tasmania Government LIST Telstra Payphones layer
02692760X2,0269276400,95 FORD ST,GANMAIN,NSW,2702,-34.793103,147.039222,,,Tasmania Government LIST Telstra Payphones layer
02695571X2,0269557300,9 MAIN AVE,YANCO,NSW,2703,-34.603447,146.409664,,,Tasmania Government LIST Telstra Payphones layer
02695300X2,0269532054,5 KURRAJONG AVE,LEETON,NSW,2705,-34.55193,146.40627,,,Tasmania Government LIST Telstra Payphones layer
02695303X2,0269532565,6 DRUMMOND ST,LEETON,NSW,2705,-34.550559,146.377131,,,Tasmania Government LIST Telstra Payphones layer
02695305X2,0269532721,114 WADE AVE,LEETON,NSW,2705,-34.545638,146.407924,,,Tasmania Government LIST Telstra Payphones layer
02695307X2,0269533121,TRISTIANIA AVE,LEETON,NSW,2705,-34.564187,146.394627,,,Tasmania Government LIST Telstra Payphones layer
02695309X2,0269533854,26 VALENCIA ST,LEETON,NSW,2705,-34.556855,146.390955,,,Tasmania Government LIST Telstra Payphones layer
02695313X2,0269535614,4 GIDGEE ST,LEETON,NSW,2705,-34.557091,146.410828,,,Tasmania Government LIST Telstra Payphones layer
02695594X2,0269559401,6 OXLEY RD,LEETON,NSW,2705,-34.525233,146.330966,,,Tasmania Government LIST Telstra Payphones layer
02695523X2,0269552300,3 WATTLE RD,MURRAMI,NSW,2705,-34.425949,146.301015,,,Tasmania Government LIST Telstra Payphones layer
02695527X2,0269552741,2 HULONG ST,WHITTON,NSW,2705,-34.517406,146.182871,,,Tasmania Government LIST Telstra Payphones layer
02696840X2,0269684110,6 BRIDGE RD,DARLINGTON POINT,NSW,2706,-34.567639,146.000065,,,Tasmania Government LIST Telstra Payphones layer
02696842X2,0269684366,NARRAND ST,DARLINGTON POINT,NSW,2706,-34.567932,146.004374,,,Tasmania Government LIST Telstra Payphones layer
02696846X2,0269684270,STURT HWY,DARLINGTON POINT,NSW,2706,-34.594337,145.992454,,,Tasmania Government LIST Telstra Payphones layer
02695440X2,0269544000,1 BROLGA PL,COLEAMBALLY,NSW,2707,-34.80556,145.881044,,,Tasmania Government LIST Telstra Payphones layer
02699300X2,0269930695,COBB HWY,BOOROORBAN,NSW,2710,-34.931759,144.76213,,,Tasmania Government LIST Telstra Payphones layer
03588460X2,0358846697,5310 CONARGO RD,CONARGO,NSW,2710,-35.30292,145.18117,,,Tasmania Government LIST Telstra Payphones layer
03588102X2,0358816082,327 GEORGE ST,DENILIQUIN,NSW,2710,-35.527753,144.963691,,,Tasmania Government LIST Telstra Payphones layer
03588103X2,0358816079,190 CRESSY ST,DENILIQUIN,NSW,2710,-35.531435,144.965127,,,Tasmania Government LIST Telstra Payphones layer
03588114X2,0358811709,109 CRISPE ST,DENILIQUIN,NSW,2710,-35.539527,144.962245,,,Tasmania Government LIST Telstra Payphones layer
03588117X2,0358811854,347 VICTORIA ST,DENILIQUIN,NSW,2710,-35.52306,144.98065,,,Tasmania Government LIST Telstra Payphones layer
03588120X2,0358812654,357 HARFLEUR ST,DENILIQUIN,NSW,2710,-35.532931,144.959879,,,Tasmania Government LIST Telstra Payphones layer
03588430X1,0358843148,PICNIC POINT RD,MATHOURA,NSW,2710,-35.851102,144.995353,,,Tasmania Government LIST Telstra Payphones layer
03588431X2,0358843235,29 COBB HWY,MATHOURA,NSW,2710,-35.812826,144.902673,,,Tasmania Government LIST Telstra Payphones layer
03588432X2,0358843391,80 TARRAGON RD,MATHOURA,NSW,2710,-35.856601,144.987905,,,Tasmania Government LIST Telstra Payphones layer
03588710X2,0358871200,19 COOK ST,WAKOOL,NSW,2710,-35.468816,144.394813,,,Tasmania Government LIST Telstra Payphones layer
03588471X2,0358847546,4 LANG ST,WANGANELLA,NSW,2710,-35.211868,144.815571,,,Tasmania Government LIST Telstra Payphones layer
02699382X2,0269938143,1 LACHLAN ST,BOOLIGAL,NSW,2711,-33.868933,144.883876,,,Tasmania Government LIST Telstra Payphones layer
02699350X2,0269935149,21 WADE ST,CARRATHOOL,NSW,2711,-34.407259,145.434588,,,Tasmania Government LIST Telstra Payphones layer
02699310X2,0269931105,120 LACHLAN ST,HAY,NSW,2711,-34.509508,144.843334,,,Tasmania Government LIST Telstra Payphones layer
02699313X2,0269931499,198 LACHLAN ST,HAY,NSW,2711,-34.506703,144.843886,,,Tasmania Government LIST Telstra Payphones layer
02699315X2,0269931059,521 KEBLE ST,HAY,NSW,2711,-34.50437,144.829929,,,Tasmania Government LIST Telstra Payphones layer
02699320X2,0269932004,431 MOAMA ST,HAY SOUTH,NSW,2711,-34.520197,144.839703,,,Tasmania Government LIST Telstra Payphones layer
02699360X2,0269936101,YANG YANG ST,MAUDE,NSW,2711,-34.476248,144.301362,,,Tasmania Government LIST Telstra Payphones layer
02699383X2,0269938183,MAIN ST,OXLEY,NSW,2711,-34.196851,144.101052,,,Tasmania Government LIST Telstra Payphones layer
03588520X2,0358852000,80 JERILDERIE ST,BERRIGAN,NSW,2712,-35.657887,145.81206,,,Tasmania Government LIST Telstra Payphones layer
03588260X2,0358826202,18934 RIVERINA HWY,BLIGHTY,NSW,2713,-35.591501,145.287231,,,Tasmania Government LIST Telstra Payphones layer
03588314X2,0358831098,43 DENISON ST,FINLEY,NSW,2713,-35.64075,145.57639,,,Tasmania Government LIST Telstra Payphones layer
03588330X2,0358833195,295 NEWELL HWY,FINLEY,NSW,2713,-35.648715,145.573283,,,Tasmania Government LIST Telstra Payphones layer
03502010X2,0350201105,117 MARKET ST,BALRANALD,NSW,2715,-34.638506,143.561891,,,Tasmania Government LIST Telstra Payphones layer
03502061Y2,0350206858,BALRANALD/IVANHOE RD,HATFIELD,NSW,2715,-33.866834,143.738782,,,Tasmania Government LIST Telstra Payphones layer
03588611X2,0358861532,83 BOLTON ST,JERILDERIE,NSW,2716,-35.35611,145.72926,,,Tasmania Government LIST Telstra Payphones layer
03588613X2,0358861240,6 JERILDERIE ST,JERILDERIE,NSW,2716,-35.355603,145.725185,,,Tasmania Government LIST Telstra Payphones layer
02694951X2,0269495281,49 LAMPE ST,TALBINGO,NSW,2720,-35.582136,148.298128,,,Tasmania Government LIST Telstra Payphones layer
02694710X1,0269471909,2 FITZROY ST,TUMUT,NSW,2720,-35.294837,148.22142,,,Tasmania Government LIST Telstra Payphones layer
02694710X2,0269471098,82 WYNYARD ST,TUMUT,NSW,2720,-35.301375,148.22342,,,Tasmania Government LIST Telstra Payphones layer
02694711X2,0269471309,152 CAPPER ST,TUMUT,NSW,2720,-35.31137,148.22621,,,Tasmania Government LIST Telstra Payphones layer
02694714X2,0269471854,119 WYNYARD ST,TUMUT,NSW,2720,-35.301771,148.221923,,,Tasmania Government LIST Telstra Payphones layer
02694715X2,0269471898,80 SYDNEY ST,TUMUT,NSW,2720,-35.31354,148.21914,,,Tasmania Government LIST Telstra Payphones layer
02694720X2,0269472654,72 FITZROY ST,TUMUT,NSW,2720,-35.303438,148.226891,,,Tasmania Government LIST Telstra Payphones layer
02694720X7,0269471509,40 ADELONG ST,TUMUT,NSW,2720,-35.29553,148.21335,,,Tasmania Government LIST Telstra Payphones layer
02634710X2,0263471309,17 SECOND ST,QUANDIALLA,NSW,2721,-34.011095,147.793058,,,Tasmania Government LIST Telstra Payphones layer
02694491X2,0269449110,BRUNGLE RD,BRUNGLE,NSW,2722,-35.148951,148.227388,,,Tasmania Government LIST Telstra Payphones layer
02694410X2,0269441021,249 SHERIDAN ST,GUNDAGAI,NSW,2722,-35.063066,148.1019,,,Tasmania Government LIST Telstra Payphones layer
02694412X2,0269441165,104 SHERIDAN ST,GUNDAGAI,NSW,2722,-35.06578,148.10785,,,Tasmania Government LIST Telstra Payphones layer
02694472X2,0269447241,2206 NANGUS RD,NANGUS,NSW,2722,-35.052135,147.899648,,,Tasmania Government LIST Telstra Payphones layer
02694418X2,0269441765,34 LUKE ST,SOUTH GUNDAGAI,NSW,2722,-35.078677,148.102211,,,Tasmania Government LIST Telstra Payphones layer
02694315X2,0269431501,DUDAUMAN RD,STOCKINBINGAL,NSW,2725,-34.499769,147.881487,,,Tasmania Government LIST Telstra Payphones layer
02694540X2,0269454241,JUGIONG RD,JUGIONG,NSW,2726,-34.823103,148.324294,,,Tasmania Government LIST Telstra Payphones layer
02694661X2,0269466271,52 REDHILL RD,ADJUNGBILLY,NSW,2727,-35.086945,148.398349,,,Tasmania Government LIST Telstra Payphones layer
02694532X2,0269453256,479 COOLAC RD,COOLAC,NSW,2727,-34.923624,148.165552,,,Tasmania Government LIST Telstra Payphones layer
02694621X2,0269462208,80 TUMUT ST,ADELONG,NSW,2729,-35.308048,148.064273,,,Tasmania Government LIST Telstra Payphones layer
02694910X2,0269491009,5 MAYDAY RD,BATLOW,NSW,2730,-35.519964,148.145269,,,Tasmania Government LIST Telstra Payphones layer
03588700X2,0358875459,41 BROUGHAM ST,MOULAMEIN,NSW,2733,-35.085564,144.034835,,,Tasmania Government LIST Telstra Payphones layer
03588750X2,0358875003,63 TALLOW ST,MOULAMEIN,NSW,2733,-35.088756,144.035016,,,Tasmania Government LIST Telstra Payphones layer
02473302X2,0247334812,GLENMORE PKWY,GLENMORE PARK,NSW,2745,-33.788209,150.667706,,,Tasmania Government LIST Telstra Payphones layer
02477340X2,0247734101,3075 THE NORTHERN RD,LUDDENHAM,NSW,2745,-33.875757,150.689611,,,Tasmania Government LIST Telstra Payphones layer
02477380X2,0247738133,1224 MULGOA RD,MULGOA,NSW,2745,-33.840018,150.649449,,,Tasmania Government LIST Telstra Payphones layer
02477381X2,0247738400,1589 MULGOA RD,WALLACIA,NSW,2745,-33.863838,150.641323,,,Tasmania Government LIST Telstra Payphones layer
02473117X2,0436451772,97 OXFORD ST,CAMBRIDGE PARK,NSW,2747,-33.747562,150.72132,,,Tasmania Government LIST Telstra Payphones layer
02473118X2,0436335950,97 OXFORD ST,CAMBRIDGE PARK,NSW,2747,-33.747562,150.72132,,,Tasmania Government LIST Telstra Payphones layer
02983313X2,0298331990,10 MYRTLE RD,CLAREMONT MEADOWS,NSW,2747,-33.770117,150.750896,,,Tasmania Government LIST Telstra Payphones layer
02472112X2,0247318960,192 GREAT WESTERN HWY,KINGSWOOD,NSW,2747,-33.758692,150.719588,,,Tasmania Government LIST Telstra Payphones layer
02472155X2,0247210704,1 SOMERSET ST,KINGSWOOD,NSW,2747,-33.759647,150.712552,,,Tasmania Government LIST Telstra Payphones layer
02472200X2,0247229389,192 GREAT WESTERN HWY,KINGSWOOD,NSW,2747,-33.758692,150.719588,,,Tasmania Government LIST Telstra Payphones layer
02472201X2,0419906076,1 RICHMOND RD,KINGSWOOD,NSW,2747,-33.758132,150.720829,,,Tasmania Government LIST Telstra Payphones layer
02473611X2,0247364965,1 MANNING ST,KINGSWOOD,NSW,2747,-33.764061,150.725775,,,Tasmania Government LIST Telstra Payphones layer
02962313X2,0296231051,12 O'CONNELL ST,KINGSWOOD,NSW,2747,-33.764997,150.735717,,,Tasmania Government LIST Telstra Payphones layer
02477743X2,0247774109,255 SEVENTH AVE,LLANDILO,NSW,2747,-33.70829,150.751618,,,Tasmania Government LIST Telstra Payphones layer
02983302X2,0298331535,82 VICTORIA ST,WERRINGTON,NSW,2747,-33.757946,150.756264,,,Tasmania Government LIST Telstra Payphones layer
02983305X2,0298331882,RAILWAY ST,WERRINGTON,NSW,2747,-33.759132,150.757458,,,Tasmania Government LIST Telstra Payphones layer
02983311X2,0298331864,82 VICTORIA ST,WERRINGTON,NSW,2747,-33.757946,150.756264,,,Tasmania Government LIST Telstra Payphones layer
02962319X2,0296235808,11 DUNHEVED RD,WERRINGTON COUNTY,NSW,2747,-33.746526,150.741987,,,Tasmania Government LIST Telstra Payphones layer
02473000X2,0247301200,28 PENSAX RD,CRANEBROOK,NSW,2749,-33.726598,150.718768,,,Tasmania Government LIST Telstra Payphones layer
02473511X2,0247353965,139 RUSSELL ST,EMU HEIGHTS,NSW,2750,-33.743092,150.655055,,,Tasmania Government LIST Telstra Payphones layer
02473502X1,0247357893,91 MACKELLER ST,EMU PLAINS,NSW,2750,-33.743921,150.678827,,,Tasmania Government LIST Telstra Payphones layer
02473503X2,0427968819,95 GREAT WESTERN HWY,EMU PLAINS,NSW,2750,-33.746673,150.673774,,,Tasmania Government LIST Telstra Payphones layer
02473505X2,0437569378,2 RAILWAY RW,EMU PLAINS,NSW,2750,-33.745722,150.67169,,,Tasmania Government LIST Telstra Payphones layer
02472109X2,0429161357,90 HENRY ST,PENRITH,NSW,2750,-33.7528,150.699308,,,Tasmania Government LIST Telstra Payphones layer
02472124X2,0447909756,66 HENRY ST,PENRITH,NSW,2750,-33.753295,150.701614,,,Tasmania Government LIST Telstra Payphones layer
02472130X1,0247314280,601 HIGH ST,PENRITH,NSW,2750,-33.750594,150.689802,,,Tasmania Government LIST Telstra Payphones layer
02472137X2,0247212493,317 HIGH ST,PENRITH,NSW,2750,-33.754285,150.701139,,,Tasmania Government LIST Telstra Payphones layer
02472139X2,0247212023,9 STATION ST,PENRITH,NSW,2750,-33.75104,150.695694,,,Tasmania Government LIST Telstra Payphones layer
02472145X2,0455283969,11 WOODRIFF ST,PENRITH,NSW,2750,-33.753873,150.697754,,,Tasmania Government LIST Telstra Payphones layer
02472146X2,0436371625,482 HIGH ST,PENRITH,NSW,2750,-33.753299,150.695874,,,Tasmania Government LIST Telstra Payphones layer
02472148X2,0247213794,461 HIGH ST,PENRITH,NSW,2750,-33.75337,150.696701,,,Tasmania Government LIST Telstra Payphones layer
02472167X2,0436288653,11 CALOOLA AVE,PENRITH,NSW,2750,-33.743513,150.713171,,,Tasmania Government LIST Telstra Payphones layer
02472168X2,0247214705,219 HENRY ST,PENRITH,NSW,2750,-33.75174,150.694867,,,Tasmania Government LIST Telstra Payphones layer
02472203X1,0247321395,1 BELMORE ST,PENRITH,NSW,2750,-33.75024,150.696068,,,Tasmania Government LIST Telstra Payphones layer
02472206X2,0247225137,55 RILEY ST,PENRITH,NSW,2750,-33.751261,150.694139,,,Tasmania Government LIST Telstra Payphones layer
02473100X2,0247312365,78 DERBY ST,PENRITH,NSW,2750,-33.760625,150.710571,,,Tasmania Government LIST Telstra Payphones layer
02473101X2,0247312518,2 HAND AVE,PENRITH,NSW,2750,-33.758454,150.700231,,,Tasmania Government LIST Telstra Payphones layer
02473107X2,0247312965,10 THE CRESCENT,PENRITH,NSW,2750,-33.753103,150.70594,,,Tasmania Government LIST Telstra Payphones layer
02473108X2,0247312912,1 BELMORE ST,PENRITH,NSW,2750,-33.750015,150.695837,,,Tasmania Government LIST Telstra Payphones layer
02473110X2,0437187161,3 DOONMORE ST,PENRITH,NSW,2750,-33.755131,150.705139,,,Tasmania Government LIST Telstra Payphones layer
02472123X2,0247215941,2 BIRMINGHAM RD,SOUTH PENRITH,NSW,2750,-33.773841,150.696523,,,Tasmania Government LIST Telstra Payphones layer
02472138X2,0436299888,49 YORK RD,SOUTH PENRITH,NSW,2750,-33.767106,150.688324,,,Tasmania Government LIST Telstra Payphones layer
02473114X2,0448044542,175 SMITH ST,SOUTH PENRITH,NSW,2750,-33.766859,150.7021,,,Tasmania Government LIST Telstra Payphones layer
02477411X2,0247741109,3 RIDGEHAVEN RD,SILVERDALE,NSW,2752,-33.90499,150.61028,,,Tasmania Government LIST Telstra Payphones layer
02477410X2,0247741008,41 FOURTEENTH ST,WARRAGAMBA,NSW,2752,-33.888679,150.605035,,,Tasmania Government LIST Telstra Payphones layer
02457819X2,0436461116,12 WARNOCK RD,AGNES BANKS,NSW,2753,-33.61297,150.713115,,,Tasmania Government LIST Telstra Payphones layer
02457210X2,0245721208,640 GROSE VALE RD,GROSE VALE,NSW,2753,-33.582234,150.660572,,,Tasmania Government LIST Telstra Payphones layer
02457806X2,0245782965,24 LAURENCE ST,HOBARTVILLE,NSW,2753,-33.605352,150.74456,,,Tasmania Government LIST Telstra Payphones layer
02457818X2,0245781922,358 CARRINGTON RD,LONDONDERRY,NSW,2753,-33.645318,150.737368,,,Tasmania Government LIST Telstra Payphones layer
02457800X2,0245781298,376 WINDSOR ST,RICHMOND,NSW,2753,-33.594254,150.745322,,,Tasmania Government LIST Telstra Payphones layer
02457805X2,0245782832,40 BOURKE ST,RICHMOND,NSW,2753,-33.601849,150.758674,,,Tasmania Government LIST Telstra Payphones layer
02457807X2,0245784156,VINES DRV,RICHMOND,NSW,2753,-33.613263,150.744679,,,Tasmania Government LIST Telstra Payphones layer
02457824X2,0245781365,288 WINDSOR ST,RICHMOND,NSW,2753,-33.596807,150.750729,,,Tasmania Government LIST Telstra Payphones layer
02457828X2,0245787621,30 EAST MARKET ST,RICHMOND,NSW,2753,-33.598446,150.752522,,,Tasmania Government LIST Telstra Payphones layer
02458852X2,0439256855,2 BLACKTOWN RD,RICHMOND,NSW,2753,-33.611545,150.753697,,,Tasmania Government LIST Telstra Payphones layer
02457101X2,0245711600,27 BELLS LINE OF RD,NORTH RICHMOND,NSW,2754,-33.581477,150.721079,,,Tasmania Government LIST Telstra Payphones layer
02457260X2,0245726335,2 SIRIUS RD,BLIGH PARK,NSW,2756,-33.634916,150.790118,,,Tasmania Government LIST Telstra Payphones layer
02457553X2,0245755231,1826 PUTTY RD,COLO,NSW,2756,-33.428417,150.830128,,,Tasmania Government LIST Telstra Payphones layer
02456501X2,0245650241,3356 PUTTY RD,COLO HEIGHTS,NSW,2756,-33.365661,150.709532,,,Tasmania Government LIST Telstra Payphones layer
02456503X2,0245650215,5729 PUTTY RD,COLO HEIGHTS,NSW,2756,-33.197717,150.685152,,,Tasmania Government LIST Telstra Payphones layer
02457961X2,0245796200,444 KURMOND RD,FREEMANS REACH,NSW,2756,-33.557715,150.796308,,,Tasmania Government LIST Telstra Payphones layer
02457650X2,0245765200,160 GOLDEN VALLEY DRV,GLOSSODIA,NSW,2756,-33.531911,150.767338,,,Tasmania Government LIST Telstra Payphones layer
02457551X2,0245755241,755 RIVER RD,LOWER PORTLAND,NSW,2756,-33.439005,150.888539,,,Tasmania Government LIST Telstra Payphones layer
02457701X2,0245774587,30 SCARVELL AVE,MCGRATHS HILL,NSW,2756,-33.61886,150.83648,,,Tasmania Government LIST Telstra Payphones layer
02457713X2,0245773732,1 MULGRAVE RD,MULGRAVE,NSW,2756,-33.626638,150.83047,,,Tasmania Government LIST Telstra Payphones layer
02457230X2,0245723159,87 ELDON ST,PITT TOWN,NSW,2756,-33.586091,150.859175,,,Tasmania Government LIST Telstra Payphones layer
02457500X2,0245750472,7 SACKVILLE FERRY RD,SOUTH MAROOTA,NSW,2756,-33.487078,150.947531,,,Tasmania Government LIST Telstra Payphones layer
02457707X2,0436452814,324 MACQUARIE ST,SOUTH WINDSOR,NSW,2756,-33.62196,150.804329,,,Tasmania Government LIST Telstra Payphones layer
02457711X2,0436475930,489 GEORGE ST,SOUTH WINDSOR,NSW,2756,-33.617031,150.807887,,,Tasmania Government LIST Telstra Payphones layer
02457510X2,0245751400,1 GEORGE RD,WILBERFORCE,NSW,2756,-33.560193,150.837969,,,Tasmania Government LIST Telstra Payphones layer
02457700X2,0245774498,2 MOSES ST,WINDSOR,NSW,2756,-33.610715,150.811045,,,Tasmania Government LIST Telstra Payphones layer
02457708X2,0245774454,126 GEORGE ST,WINDSOR,NSW,2756,-33.605928,150.821909,,,Tasmania Government LIST Telstra Payphones layer
02457710X2,0428434870,224 GEORGE ST,WINDSOR,NSW,2756,-33.607475,150.8196,,,Tasmania Government LIST Telstra Payphones layer
02457718X2,0436297441,33 HARRIS ST,WINDSOR,NSW,2756,-33.621706,150.820096,,,Tasmania Government LIST Telstra Payphones layer
02458770X2,0245877749,425 GEORGE ST,WINDSOR,NSW,2756,-33.613949,150.811493,,,Tasmania Government LIST Telstra Payphones layer
02458780X1,0245878247,6 KABLE ST,WINDSOR,NSW,2756,-33.605332,150.821097,,,Tasmania Government LIST Telstra Payphones layer
02457310X2,0245731300,2 LONGLEAT RD,KURMOND,NSW,2757,-33.550785,150.689139,,,Tasmania Government LIST Telstra Payphones layer
02456710X2,0245671002,2477 BELLS LINE OF RD,BILPIN,NSW,2758,-33.498396,150.52256,,,Tasmania Government LIST Telstra Payphones layer
02457311X2,0245731400,76 OLD BELLS LINE OF RD,KURRAJONG,NSW,2758,-33.553746,150.666494,,,Tasmania Government LIST Telstra Payphones layer
02457610X2,0245761210,764 COMLEROY RD,KURRAJONG,NSW,2758,-33.495427,150.716026,,,Tasmania Government LIST Telstra Payphones layer
02456770X2,0245677209,1259 BELLS LINE OF RD,KURRAJONG HEIGHTS,NSW,2758,-33.530912,150.630609,,,Tasmania Government LIST Telstra Payphones layer
02983400X2,0298341126,188 SWALLOW DRV,ERSKINE PARK,NSW,2759,-33.804035,150.805113,,,Tasmania Government LIST Telstra Payphones layer
02967001X2,0296706419,44 MELVILLE RD,ST CLAIR,NSW,2759,-33.79219,150.780331,,,Tasmania Government LIST Telstra Payphones layer
02983402X1,0298345185,155 BENNETT RD,ST CLAIR,NSW,2759,-33.795158,150.788684,,,Tasmania Government LIST Telstra Payphones layer
02962322X2,0296237498,64 HEWITT ST,COLYTON,NSW,2760,-33.785918,150.799721,,,Tasmania Government LIST Telstra Payphones layer
02967300X2,0296734629,30 DAY ST,COLYTON,NSW,2760,-33.777306,150.788868,,,Tasmania Government LIST Telstra Payphones layer
02962316X2,0296233298,11 PARKLAWN PL,NORTH ST MARYS,NSW,2760,-33.75671,150.781514,,,Tasmania Government LIST Telstra Payphones layer
02962300X2,0296230578,6 SAINSBURY ST,ST MARYS,NSW,2760,-33.770651,150.772705,,,Tasmania Government LIST Telstra Payphones layer
02962301X2,0296236232,53 THOMPSON AVE,ST MARYS,NSW,2760,-33.764919,150.78233,,,Tasmania Government LIST Telstra Payphones layer
02962304X1,0296235819,10 CHARLES HACKETT DRV,ST MARYS,NSW,2760,-33.767236,150.770794,,,Tasmania Government LIST Telstra Payphones layer
02962307X2,0296230145,1 PAGES RD,ST MARYS,NSW,2760,-33.769863,150.768914,,,Tasmania Government LIST Telstra Payphones layer
02962312X2,0296230798,212 QUEEN ST,ST MARYS,NSW,2760,-33.76866,150.773785,,,Tasmania Government LIST Telstra Payphones layer
02962315X2,0296231941,112 QUEEN ST,ST MARYS,NSW,2760,-33.765778,150.77429,,,Tasmania Government LIST Telstra Payphones layer
02962320X2,0296236290,87 MONFARVILLE ST,ST MARYS,NSW,2760,-33.778536,150.775575,,,Tasmania Government LIST Telstra Payphones layer
02967301X2,0296731034,107 QUEEN ST,ST MARYS,NSW,2760,-33.765525,150.774143,,,Tasmania Government LIST Telstra Payphones layer
02983300X1,0298331564,75 MAMRE RD,ST MARYS,NSW,2760,-33.77971,150.77096,,,Tasmania Government LIST Telstra Payphones layer
02983301X2,0298331232,1 STATION ST,ST MARYS,NSW,2760,-33.762067,150.77513,,,Tasmania Government LIST Telstra Payphones layer
02983304X2,0298331825,62 CHAPEL ST,ST MARYS,NSW,2760,-33.766838,150.774239,,,Tasmania Government LIST Telstra Payphones layer
02983310X2,0298331627,3 STATION ST,ST MARYS,NSW,2760,-33.762462,150.775144,,,Tasmania Government LIST Telstra Payphones layer
02983709X2,0427184335,9 YARRAMUNDI DRV,DEAN PARK,NSW,2761,-33.735385,150.859755,,,Tasmania Government LIST Telstra Payphones layer
02983201X2,0428842598,26 GOLDING DRV,GLENDENNING,NSW,2761,-33.740285,150.854845,,,Tasmania Government LIST Telstra Payphones layer
02962805X2,0296287275,211 BUCKWELL DRV,HASSALL GROVE,NSW,2761,-33.734938,150.836679,,,Tasmania Government LIST Telstra Payphones layer
02983504X2,0298352304,36 BUCKWELL DRV,HASSALL GROVE,NSW,2761,-33.729917,150.834779,,,Tasmania Government LIST Telstra Payphones layer
02962505X1,0419676923,260 JERSEY RD,PLUMPTON,NSW,2761,-33.745914,150.835482,,,Tasmania Government LIST Telstra Payphones layer
02983206X2,0436458734,331 ROOTY HILL RD,PLUMPTON,NSW,2761,-33.749744,150.841423,,,Tasmania Government LIST Telstra Payphones layer
02962601X1,0296266125,217 RAILWAY TCE,SCHOFIELDS,NSW,2762,-33.704321,150.873839,,,Tasmania Government LIST Telstra Payphones layer
02983822X2,0298383082,95 RAILWAY TCE,SCHOFIELDS,NSW,2762,-33.695965,150.87001,,,Tasmania Government LIST Telstra Payphones layer
02983701X2,0298371136,1 NIRIMBA DRV,QUAKERS HILL,NSW,2763,-33.726369,150.885005,,,Tasmania Government LIST Telstra Payphones layer
02983702X1,0298373275,2 EASTERN RD,QUAKERS HILL,NSW,2763,-33.724319,150.876227,,,Tasmania Government LIST Telstra Payphones layer
02983703X2,0298374334,2 EASTERN RD,QUAKERS HILL,NSW,2763,-33.72379,150.876341,,,Tasmania Government LIST Telstra Payphones layer
02983704X2,0298371134,5 TALLAGANDRA DRV,QUAKERS HILL,NSW,2763,-33.744451,150.880979,,,Tasmania Government LIST Telstra Payphones layer
02983706X2,0298371137,35 LALOR RD,QUAKERS HILL,NSW,2763,-33.726314,150.886505,,,Tasmania Government LIST Telstra Payphones layer
02983707X2,0298371843,204 FARNHAM RD,QUAKERS HILL,NSW,2763,-33.726333,150.905153,,,Tasmania Government LIST Telstra Payphones layer
02983708X2,0298372591,RAILWAY RD,QUAKERS HILL,NSW,2763,-33.727894,150.886627,,,Tasmania Government LIST Telstra Payphones layer
02457252X2,0245725207,752 RICHMOND RD,BERKSHIRE PARK,NSW,2765,-33.664476,150.800063,,,Tasmania Government LIST Telstra Payphones layer
02457361X2,0245736208,412 BOUNDARY RD,MARAYLYA,NSW,2765,-33.593282,150.916472,,,Tasmania Government LIST Telstra Payphones layer
02983801X2,0436433057,9 RIVERSTONE PDE,RIVERSTONE,NSW,2765,-33.67892,150.86042,,,Tasmania Government LIST Telstra Payphones layer
02983803X2,0436034881,8 RIVERSTONE PDE,RIVERSTONE,NSW,2765,-33.678862,150.860718,,,Tasmania Government LIST Telstra Payphones layer
02983804X2,0436327860,23 GARFIELD RD,RIVERSTONE,NSW,2765,-33.678915,150.862217,,,Tasmania Government LIST Telstra Payphones layer
02983811X2,0298383072,87 HAMILTON ST,RIVERSTONE,NSW,2765,-33.6686,150.866324,,,Tasmania Government LIST Telstra Payphones layer
02962505X2,0437992286,2 ROOTY HILL RD,ROOTY HILL,NSW,2766,-33.772151,150.844117,,,Tasmania Government LIST Telstra Payphones layer
02962506X2,0448637042,2 ROOTY HILL RD,ROOTY HILL,NSW,2766,-33.771203,150.843765,,,Tasmania Government LIST Telstra Payphones layer
02962510X2,0436340404,EVANS RD,ROOTY HILL,NSW,2766,-33.780225,150.849683,,,Tasmania Government LIST Telstra Payphones layer
02967703X2,0447796250,2 ROOTY HILL RD,ROOTY HILL,NSW,2766,-33.772151,150.844117,,,Tasmania Government LIST Telstra Payphones layer
02983221X2,0455778645,2 ROOTY HILL RD,ROOTY HILL,NSW,2766,-33.771203,150.843765,,,Tasmania Government LIST Telstra Payphones layer
02881400X1,0288149051,52 ROSENTHAL ST,DOONSIDE,NSW,2767,-33.772375,150.876588,,,Tasmania Government LIST Telstra Payphones layer
02960022X2,0429684802,255 DOONSIDE CRS,DOONSIDE,NSW,2767,-33.763388,150.869767,,,Tasmania Government LIST Telstra Payphones layer
02962101X2,0436423406,255 DOONSIDE CRS,DOONSIDE,NSW,2767,-33.763389,150.86978,,,Tasmania Government LIST Telstra Payphones layer
02962125X2,0436405430,127 HILL END RD,DOONSIDE,NSW,2767,-33.755749,150.870935,,,Tasmania Government LIST Telstra Payphones layer
02962133X2,0429529996,255 DOONSIDE CRS,DOONSIDE,NSW,2767,-33.763396,150.869762,,,Tasmania Government LIST Telstra Payphones layer
02967100X1,0296712943,52 ROSENTHAL ST,DOONSIDE,NSW,2767,-33.772383,150.876596,,,Tasmania Government LIST Telstra Payphones layer
02882400X1,0448681993,60 GLENWOOD PARK DRV,GLENWOOD,NSW,2768,-33.734027,150.928261,,,Tasmania Government LIST Telstra Payphones layer
02881401X1,0288141397,2 SENTRY DRV,STANHOPE GARDENS,NSW,2768,-33.718487,150.919969,,,Tasmania Government LIST Telstra Payphones layer
02962804X2,0296281310,CHESTNUT CRS,BIDWILL,NSW,2770,-33.726145,150.826412,,,Tasmania Government LIST Telstra Payphones layer
02983509X2,0298351651,JERSEY RD,EMERTON,NSW,2770,-33.742756,150.808908,,,Tasmania Government LIST Telstra Payphones layer
02962502X2,0437718635,65 WELWYN RD,HEBERSHAM,NSW,2770,-33.750935,150.821541,,,Tasmania Government LIST Telstra Payphones layer
02983212X2,0437422174,202 MCFARLANE DRV,MINCHINBURY,NSW,2770,-33.787508,150.831825,,,Tasmania Government LIST Telstra Payphones layer
02962501X2,0419475746,58 DIXON ST,MT DRUITT,NSW,2770,-33.780252,150.820734,,,Tasmania Government LIST Telstra Payphones layer
02962504X2,0447685608,77 MT DRUITT RD,MT DRUITT,NSW,2770,-33.772677,150.811244,,,Tasmania Government LIST Telstra Payphones layer
02962511X2,0436398169,281 BEAMES AVE,MT DRUITT,NSW,2770,-33.76904,150.81357,,,Tasmania Government LIST Telstra Payphones layer
02967503X2,0428067383,11 CLEEVE CL,MT DRUITT,NSW,2770,-33.768427,150.820511,,,Tasmania Government LIST Telstra Payphones layer
02967504X2,0436448648,11 CLEEVE CL,MT DRUITT,NSW,2770,-33.768427,150.820511,,,Tasmania Government LIST Telstra Payphones layer
02967505X2,0429393394,11 CLEEVE CL,MT DRUITT,NSW,2770,-33.768427,150.820511,,,Tasmania Government LIST Telstra Payphones layer
02967700X2,0437175648,211 BEAMES AVE,MT DRUITT,NSW,2770,-33.769888,150.820054,,,Tasmania Government LIST Telstra Payphones layer
02983201X1,0436442180,1 ZOE PL,MT DRUITT,NSW,2770,-33.766523,150.82784,,,Tasmania Government LIST Telstra Payphones layer
02983202X2,0298322766,75 RAILWAY ST,MT DRUITT,NSW,2770,-33.766452,150.829799,,,Tasmania Government LIST Telstra Payphones layer
02983208X2,0448913192,NORTH PDE,MT DRUITT,NSW,2770,-33.769658,150.820054,,,Tasmania Government LIST Telstra Payphones layer
02983209X2,0438435077,22 LUXFORD RD,MT DRUITT,NSW,2770,-33.764909,150.822901,,,Tasmania Government LIST Telstra Payphones layer
02983218X2,0298323903,75 RAILWAY ST,MT DRUITT,NSW,2770,-33.76644,150.830206,,,Tasmania Government LIST Telstra Payphones layer
02983219X2,0298324896,67 NORTH PDE,MT DRUITT,NSW,2770,-33.770185,150.828232,,,Tasmania Government LIST Telstra Payphones layer
02983500X2,0298351324,483 LUXFORD RD,SHALVEY,NSW,2770,-33.729572,150.806177,,,Tasmania Government LIST Telstra Payphones layer
02962803X2,0296285193,157 AURORA DRV,TREGEAR,NSW,2770,-33.744855,150.796274,,,Tasmania Government LIST Telstra Payphones layer
02983501X2,0298352307,122 ELLSWORTH DRV,TREGEAR,NSW,2770,-33.743589,150.797071,,,Tasmania Government LIST Telstra Payphones layer
02983513X2,0298352321,157 AURORA DRV,TREGEAR,NSW,2770,-33.744855,150.796274,,,Tasmania Government LIST Telstra Payphones layer
02983515X2,0428293645,CAPTAIN COOK DRV,WILLMOT,NSW,2770,-33.724758,150.797822,,,Tasmania Government LIST Telstra Payphones layer
02473902X2,0247398293,5 ROSS ST,GLENBROOK,NSW,2773,-33.766799,150.621902,,,Tasmania Government LIST Telstra Payphones layer
02473907X2,0247398213,5 BURFITT PDE,GLENBROOK,NSW,2773,-33.768961,150.62062,,,Tasmania Government LIST Telstra Payphones layer
02473912X2,0247391854,215 EXPLORERS RD,LAPSTONE,NSW,2773,-33.77323,150.6421,,,Tasmania Government LIST Telstra Payphones layer
02473900X2,0247398202,141 GREAT WESTERN HWY,BLAXLAND,NSW,2774,-33.74371,150.60991,,,Tasmania Government LIST Telstra Payphones layer
02473905X2,0436429711,9 NORMIC AVE,BLAXLAND,NSW,2774,-33.74633,150.62205,,,Tasmania Government LIST Telstra Payphones layer
02473909X2,0247398504,144 GREAT WESTERN HWY,BLAXLAND,NSW,2774,-33.743943,150.60933,,,Tasmania Government LIST Telstra Payphones layer
02475360X2,0247536009,280 GREAT WESTERN HWY,WARRIMOO,NSW,2774,-33.722417,150.60344,,,Tasmania Government LIST Telstra Payphones layer
02475363X2,0247536549,5 RAILWAY PDE,WARRIMOO,NSW,2774,-33.721259,150.60234,,,Tasmania Government LIST Telstra Payphones layer
02437001X2,0243771692,COLMER RD,MARLOW,NSW,2775,-33.464376,151.165881,,,Tasmania Government LIST Telstra Payphones layer
02456800X2,0245682100,2 WHARF ST,SAINT ALBANS,NSW,2775,-33.292856,150.971722,,,Tasmania Government LIST Telstra Payphones layer
02437701X2,0243771110,4666 WISEMANS FERRY RD,SPENCER,NSW,2775,-33.458054,151.147177,,,Tasmania Government LIST Telstra Payphones layer
02456640X2,0245664200,5557 OLD NORTHERN RD,WISEMANS FERRY,NSW,2775,-33.38526,150.98605,,,Tasmania Government LIST Telstra Payphones layer
02475107X2,0247516027,622 GREAT WESTERN HWY,FAULCONBRIDGE,NSW,2776,-33.696409,150.535219,,,Tasmania Government LIST Telstra Payphones layer
02475116X2,0436393482,575 GREAT WESTERN HWY,FAULCONBRIDGE,NSW,2776,-33.694225,150.536942,,,Tasmania Government LIST Telstra Payphones layer
02475103X2,0247511054,103 MACQUARIE RD,SPRINGWOOD,NSW,2777,-33.699138,150.568993,,,Tasmania Government LIST Telstra Payphones layer
02475110X2,0247513290,181 MACQUARIE RD,SPRINGWOOD,NSW,2777,-33.698737,150.564554,,,Tasmania Government LIST Telstra Payphones layer
02475112X2,0247516026,179 MACQUARIE RD,SPRINGWOOD,NSW,2777,-33.698759,150.563948,,,Tasmania Government LIST Telstra Payphones layer
02475111X2,0247516024,4 GREEN PDE,VALLEY HEIGHTS,NSW,2777,-33.70411,150.58356,,,Tasmania Government LIST Telstra Payphones layer
02475400X2,0247541000,281 HAWKESBURY RD,WINMALEE,NSW,2777,-33.682001,150.599763,,,Tasmania Government LIST Telstra Payphones layer
02475310X2,0447789035,1 BURKE RD,LINDEN,NSW,2778,-33.715103,150.504803,,,Tasmania Government LIST Telstra Payphones layer
02475800X2,0247586101,64 GREAT WESTERN HWY,WOODFORD,NSW,2778,-33.73524,150.47971,,,Tasmania Government LIST Telstra Payphones layer
02475803X2,0247588697,RAILWAY PDE,WOODFORD,NSW,2778,-33.735578,150.482036,,,Tasmania Government LIST Telstra Payphones layer
02475801X2,0247588698,RAILWAY PDE,HAZELBROOK,NSW,2779,-33.723931,150.454438,,,Tasmania Government LIST Telstra Payphones layer
02475802X2,0247586600,192 GT WESTERN HWY,HAZELBROOK,NSW,2779,-33.72191,150.452685,,,Tasmania Government LIST Telstra Payphones layer
02475805X2,0247586001,38 RAILWAY PDE,HAZELBROOK,NSW,2779,-33.72356,150.453734,,,Tasmania Government LIST Telstra Payphones layer
02478206X2,0247821632,2 MINNI-HA-HA RD,KATOOMBA,NSW,2780,-33.694333,150.317818,,,Tasmania Government LIST Telstra Payphones layer
02478208X2,0247822632,89 LURLINE ST,KATOOMBA,NSW,2780,-33.719776,150.311898,,,Tasmania Government LIST Telstra Payphones layer
02478215X2,0247821454,62 STATION ST,KATOOMBA,NSW,2780,-33.706401,150.313479,,,Tasmania Government LIST Telstra Payphones layer
02478218X2,0247821254,38 ECHO POINT RD,KATOOMBA,NSW,2780,-33.731352,150.311782,,,Tasmania Government LIST Telstra Payphones layer
02478223X2,0247822854,102 KATOOMBA FALLS RD,KATOOMBA,NSW,2780,-33.726469,150.303925,,,Tasmania Government LIST Telstra Payphones layer
02478224X2,0247822721,198 BATHURST RD,KATOOMBA,NSW,2780,-33.709306,150.309011,,,Tasmania Government LIST Telstra Payphones layer
02478225X2,0247822498,216 KATOOMBA ST,KATOOMBA,NSW,2780,-33.717468,150.311012,,,Tasmania Government LIST Telstra Payphones layer
02478227X2,0247821565,167 LURLINE ST,KATOOMBA,NSW,2780,-33.724852,150.310884,,,Tasmania Government LIST Telstra Payphones layer
02478228X2,0247821884,1 MAIN ST,KATOOMBA,NSW,2780,-33.712013,150.311822,,,Tasmania Government LIST Telstra Payphones layer
02478235X2,0247827984,15 KATOOMBA ST,KATOOMBA,NSW,2780,-33.712821,150.311771,,,Tasmania Government LIST Telstra Payphones layer
02478236X2,0247827983,187 KATOOMBA ST,KATOOMBA,NSW,2780,-33.716503,150.311178,,,Tasmania Government LIST Telstra Payphones layer
02478237X2,0247827974,144 KATOOMBA ST,KATOOMBA,NSW,2780,-33.715394,150.311414,,,Tasmania Government LIST Telstra Payphones layer
02478240X2,0247827985,1 GANG GANG RD,KATOOMBA,NSW,2780,-33.712287,150.31168,,,Tasmania Government LIST Telstra Payphones layer
02478214X2,0247842496,22 GLADSTONE RD,LEURA,NSW,2780,-33.712543,150.342613,,,Tasmania Government LIST Telstra Payphones layer
02478221X2,0247842305,1 RAILWAY PDE,LEURA,NSW,2780,-33.712381,150.330957,,,Tasmania Government LIST Telstra Payphones layer
02478400X2,0247843302,1 RAILWAY PDE,LEURA,NSW,2780,-33.71201,150.33063,,,Tasmania Government LIST Telstra Payphones layer
02478801X2,0247881000,40 GREAT WESTERN HWY,MEDLOW BATH,NSW,2780,-33.673307,150.280069,,,Tasmania Government LIST Telstra Payphones layer
02478802X2,0247881235,50 GREAT WESTERN HWY,MEDLOW BATH,NSW,2780,-33.673938,150.28077,,,Tasmania Government LIST Telstra Payphones layer
02475703X2,0247573782,2 STATION ST,WENTWORTH FALLS,NSW,2782,-33.709555,150.376387,,,Tasmania Government LIST Telstra Payphones layer
02475706X2,0247571405,2 STATION ST,WENTWORTH FALLS,NSW,2782,-33.709526,150.375964,,,Tasmania Government LIST Telstra Payphones layer
02475905X2,0247591501,285 GT WESTERN HWY,LAWSON,NSW,2783,-33.719414,150.430206,,,Tasmania Government LIST Telstra Payphones layer
02475906X2,0247591142,286 GREAT WESTERN HWY,LAWSON,NSW,2783,-33.71938,150.4294,,,Tasmania Government LIST Telstra Payphones layer
02475907X2,0247591030,353 GREAT WESTERN HWY,BULLABURRA,NSW,2784,-33.72354,150.41433,,,Tasmania Government LIST Telstra Payphones layer
02475908X2,0247591500,353 GREAT WESTERN HWY,BULLABURRA,NSW,2784,-33.723897,150.415218,,,Tasmania Government LIST Telstra Payphones layer
02478771X2,0247877967,266 GREAT WESTERN HWY,BLACKHEATH,NSW,2785,-33.63343,150.28441,,,Tasmania Government LIST Telstra Payphones layer
02478780X2,0247878100,40 GOVETTS LEAP RD,BLACKHEATH,NSW,2785,-33.635962,150.286117,,,Tasmania Government LIST Telstra Payphones layer
02478783X2,0247878200,59 HAT HILL ST,BLACKHEATH,NSW,2785,-33.63028,150.29149,,,Tasmania Government LIST Telstra Payphones layer
02478785X2,0247878400,1 EVANS LOOKOUT RD,BLACKHEATH,NSW,2785,-33.650055,150.285568,,,Tasmania Government LIST Telstra Payphones layer
02478710X2,0247871201,5 MT YORK RD,MT VICTORIA,NSW,2786,-33.584787,150.246912,,,Tasmania Government LIST Telstra Payphones layer
02478712X2,0247871468,2 STATION ST,MT VICTORIA,NSW,2786,-33.588091,150.256624,,,Tasmania Government LIST Telstra Payphones layer
02633581X2,0263358110,2278 ABERCROMBIE RD,BLACK SPRINGS,NSW,2787,-33.84764,149.74286,,,Tasmania Government LIST Telstra Payphones layer
02633600X2,0263360075,2 DUCKMALOI RD,OBERON,NSW,2787,-33.705895,149.87184,,,Tasmania Government LIST Telstra Payphones layer
02633611X2,0263361700,124 OBERON ST,OBERON,NSW,2787,-33.704315,149.857106,,,Tasmania Government LIST Telstra Payphones layer
02635286X2,0263521730,58 COOERWULL RD,BOWENFELS,NSW,2790,-33.47318,150.13018,,,Tasmania Government LIST Telstra Payphones layer
02635905X2,0263590505,33 MUDGEE RD,CULLEN BULLEN,NSW,2790,-33.29855,150.03314,,,Tasmania Government LIST Telstra Payphones layer
02635931X2,0263593301,1984 JENOLAN CAVES RD,HAMPTON,NSW,2790,-33.645449,150.047683,,,Tasmania Government LIST Telstra Payphones layer
02635930X2,0263593201,4654 JENOLAN CAVES RD,JENOLAN,NSW,2790,-33.819949,150.021765,,,Tasmania Government LIST Telstra Payphones layer
02635510X2,0263551004,41 WOLGEN RD,LIDSDALE,NSW,2790,-33.390327,150.084583,,,Tasmania Government LIST Telstra Payphones layer
02635210X2,0263521621,1119 GREAT WESTERN HWY,LITHGOW,NSW,2790,-33.481664,150.136955,,,Tasmania Government LIST Telstra Payphones layer
02635213X2,0263521177,115 MAIN ST,LITHGOW,NSW,2790,-33.481087,150.15702,,,Tasmania Government LIST Telstra Payphones layer
02635285X2,0263521571,73 METHVEN ST,LITHGOW,NSW,2790,-33.487109,150.138465,,,Tasmania Government LIST Telstra Payphones layer
02635301X2,0263531235,3 ROY ST,LITHGOW,NSW,2790,-33.479509,150.158408,,,Tasmania Government LIST Telstra Payphones layer
02635302X2,0263531367,285 MAIN ST,LITHGOW,NSW,2790,-33.483601,150.146202,,,Tasmania Government LIST Telstra Payphones layer
02635303X2,0263531573,156 MAIN ST,LITHGOW,NSW,2790,-33.481868,150.155063,,,Tasmania Government LIST Telstra Payphones layer
02635305X2,0263531614,RAILWAY PDE,LITHGOW,NSW,2790,-33.480495,150.156616,,,Tasmania Government LIST Telstra Payphones layer
02635307X2,0263531206,48 MAIN ST,LITHGOW,NSW,2790,-33.48038,150.159188,,,Tasmania Government LIST Telstra Payphones layer
02635201X2,0263521491,29 BELL RD,OAKEY PARK,NSW,2790,-33.46781,150.18511,,,Tasmania Government LIST Telstra Payphones layer
02635306X1,0263531386,69 BENT ST,POTTERY ESTATE,NSW,2790,-33.48554,150.15372,,,Tasmania Government LIST Telstra Payphones layer
02635560X2,0263556319,16 BATHURST RD,RYDAL,NSW,2790,-33.483474,150.032256,,,Tasmania Government LIST Telstra Payphones layer
02636730X2,0263673001,6 ICELY ST,CARCOAR,NSW,2791,-33.611499,149.141148,,,Tasmania Government LIST Telstra Payphones layer
02636750X2,0263674017,10 MID WESTERN HWY,MANDURAMA,NSW,2792,-33.648398,149.075532,,,Tasmania Government LIST Telstra Payphones layer
02634518X2,0263451805,38 MAIN ST,DARBYS FALLS,NSW,2793,-33.928852,148.858409,,,Tasmania Government LIST Telstra Payphones layer
02634502X2,0263450201,23 PARKES ST,WOODSTOCK,NSW,2793,-33.744697,148.848173,,,Tasmania Government LIST Telstra Payphones layer
02634102X2,0263411134,84 BRISBANE ST,COWRA,NSW,2794,-33.835088,148.690998,,,Tasmania Government LIST Telstra Payphones layer
02634213X2,0263421321,24 KENDAL ST,COWRA,NSW,2794,-33.83411,148.688111,,,Tasmania Government LIST Telstra Payphones layer
02634214X2,0263421509,2 LACHLAN VALLEY WAY,COWRA,NSW,2794,-33.83546,148.68121,,,Tasmania Government LIST Telstra Payphones layer
02634223X2,0263422165,23 LOGAN ST,COWRA,NSW,2794,-33.821274,148.679234,,,Tasmania Government LIST Telstra Payphones layer
02633157X2,0263319532,100 BENTINCK ST,BATHURST,NSW,2795,-33.421623,149.579629,,,Tasmania Government LIST Telstra Payphones layer
02633202X2,0263321119,212 HOWICK ST,BATHURST,NSW,2795,-33.41776,149.581839,,,Tasmania Government LIST Telstra Payphones layer
02633212X2,0263321167,47 SEYMOUR ST,BATHURST,NSW,2795,-33.422051,149.58263,,,Tasmania Government LIST Telstra Payphones layer
02633215X2,0263321163,98 ROCKET ST,BATHURST,NSW,2795,-33.426236,149.574087,,,Tasmania Government LIST Telstra Payphones layer
02633216X2,0263321160,17 HENRY ST,BATHURST,NSW,2795,-33.413442,149.583483,,,Tasmania Government LIST Telstra Payphones layer
02633218X2,0263321152,122 LAMBERT ST,BATHURST,NSW,2795,-33.42273,149.57392,,,Tasmania Government LIST Telstra Payphones layer
02633220X2,0263321147,87 RANKIN ST,BATHURST,NSW,2795,-33.413,149.5802,,,Tasmania Government LIST Telstra Payphones layer
02633221X2,0436409887,267 STEWART ST,BATHURST,NSW,2795,-33.418231,149.568238,,,Tasmania Government LIST Telstra Payphones layer
02633223X1,0263321548,40 WILLIAM ST,BATHURST,NSW,2795,-33.41721,149.58302,,,Tasmania Government LIST Telstra Payphones layer
02633227X2,0263321131,1 KEPPEL ST,BATHURST,NSW,2795,-33.425607,149.583067,,,Tasmania Government LIST Telstra Payphones layer
02633228X2,0263321110,230 HOWICK ST,BATHURST,NSW,2795,-33.416628,149.580737,,,Tasmania Government LIST Telstra Payphones layer
02633700X2,0263370201,65 LLOYD ST,BURRAGA,NSW,2795,-33.94773,149.53011,,,Tasmania Government LIST Telstra Payphones layer
02633711X2,0263371241,19 PARK ST,EGLINTON,NSW,2795,-33.37886,149.54363,,,Tasmania Government LIST Telstra Payphones layer
02633723X2,0263372409,17 ROCKLEY ST,GEORGES PLAINS,NSW,2795,-33.514712,149.523684,,,Tasmania Government LIST Telstra Payphones layer
02633242X2,0263325374,56 BOYD ST,KELSO,NSW,2795,-33.4145,149.6106,,,Tasmania Government LIST Telstra Payphones layer
02633214X2,0448314220,206 BROWNING ST,MITCHELL,NSW,2795,-33.421923,149.563389,,,Tasmania Government LIST Telstra Payphones layer
02636810X2,0263681001,21 TRUNKEY ST,NEWBRIDGE,NSW,2795,-33.583857,149.36521,,,Tasmania Government LIST Telstra Payphones layer
02633757X2,0263375759,2408 O'CONNELL RD,O'CONNELL,NSW,2795,-33.542578,149.730654,,,Tasmania Government LIST Telstra Payphones layer
02633760X2,0263376509,68 DEMPSEY RD,PEEL,NSW,2795,-33.309927,149.634731,,,Tasmania Government LIST Telstra Payphones layer
02633721X2,0263372309,9 VALE RD,PERTHVILLE,NSW,2795,-33.486829,149.546473,,,Tasmania Government LIST Telstra Payphones layer
02633734X7,0263373440,17 CHRISIE ST,RAGLAN,NSW,2795,-33.4247,149.64644,,,Tasmania Government LIST Telstra Payphones layer
02633793X2,0263379301,2 BUDDEN ST,ROCKLEY,NSW,2795,-33.689363,149.563934,,,Tasmania Government LIST Telstra Payphones layer
02633770X2,0263377010,23 DENISON ST,SOFALA,NSW,2795,-33.08052,149.691565,,,Tasmania Government LIST Telstra Payphones layer
02633225X2,0436355540,42 ROCKET ST,SOUTH BATHURST,NSW,2795,-33.429275,149.576764,,,Tasmania Government LIST Telstra Payphones layer
02633797X2,0263372300,5 YOUNG ST,THE LAGOON,NSW,2795,-33.5366,149.60641,,,Tasmania Government LIST Telstra Payphones layer
02636886X7,0263688605,1 LOWE ST,TRUNKEY CREEK,NSW,2795,-33.81975,149.32486,,,Tasmania Government LIST Telstra Payphones layer
02633771X2,0263377102,3819 SOFALA RD,WATTLE FLAT,NSW,2795,-33.140935,149.693508,,,Tasmania Government LIST Telstra Payphones layer
02633156X2,0263315835,284 LAMBERT ST,WEST BATHURST,NSW,2795,-33.412677,149.563949,,,Tasmania Government LIST Telstra Payphones layer
02633421X2,0263344429,218 SUTTOR ST,WINDRADYNE,NSW,2795,-33.40493,149.54572,,,Tasmania Government LIST Telstra Payphones layer
02636751X2,0263675001,36 MOUNT MCDONALD RD,LYNDHURST,NSW,2797,-33.673116,149.047444,,,Tasmania Government LIST Telstra Payphones layer
02636630X2,0263663091,46 VICTORIA RD,MILLTHORPE,NSW,2798,-33.445889,149.185463,,,Tasmania Government LIST Telstra Payphones layer
02636830X2,0263683500,26 SELWYN ST,BARRY,NSW,2799,-33.645863,149.2717,,,Tasmania Government LIST Telstra Payphones layer
02636820X2,0263682001,64 ADELAIDE ST,BLAYNEY,NSW,2799,-33.532199,149.255379,,,Tasmania Government LIST Telstra Payphones layer
02636822X2,0263682304,130 ADELAIDE ST,BLAYNEY,NSW,2799,-33.528659,149.255829,,,Tasmania Government LIST Telstra Payphones layer
02636884X2,0263688401,31 CROUCH ST,NEVILLE,NSW,2799,-33.710102,149.220729,,,Tasmania Government LIST Telstra Payphones layer
02636430X2,0263643001,32 BELMORE ST,CARGO,NSW,2800,-33.424282,148.807908,,,Tasmania Government LIST Telstra Payphones layer
02636550X2,0263655018,4613 MITCHELL HWY,LUCKNOW,NSW,2800,-33.34662,149.162239,,,Tasmania Government LIST Telstra Payphones layer
02636102X1,0263619734,206 SUMMER ST,ORANGE,NSW,2800,-33.284116,149.099271,,,Tasmania Government LIST Telstra Payphones layer
02636105X2,0263617765,150 PEISLEY ST,ORANGE,NSW,2800,-33.28648,149.103652,,,Tasmania Government LIST Telstra Payphones layer
02636106X1,0263613771,1530 FOREST RD,ORANGE,NSW,2800,-33.316998,149.093193,,,Tasmania Government LIST Telstra Payphones layer
02636203X2,0263620369,147 WOODWARD ST,ORANGE,NSW,2800,-33.284076,149.0858,,,Tasmania Government LIST Telstra Payphones layer
02636206X2,0263620497,203 MARGARET ST,ORANGE,NSW,2800,-33.27187,149.10949,,,Tasmania Government LIST Telstra Payphones layer
02636209X2,0263620666,76 PRINCE ST,ORANGE,NSW,2800,-33.276903,149.097357,,,Tasmania Government LIST Telstra Payphones layer
02636210X2,0263620877,167 HILL ST,ORANGE,NSW,2800,-33.27261,149.09579,,,Tasmania Government LIST Telstra Payphones layer
02636215X2,0263621765,1 ALLENBY RD,ORANGE,NSW,2800,-33.289372,149.108933,,,Tasmania Government LIST Telstra Payphones layer
02636217X2,0263623454,183 DALTON ST,ORANGE,NSW,2800,-33.27748,149.110131,,,Tasmania Government LIST Telstra Payphones layer
02636220X2,0263623632,124 SUMMER ST,ORANGE,NSW,2800,-33.283262,149.096664,,,Tasmania Government LIST Telstra Payphones layer
02636227X2,0263628278,209 PEISLEY ST,ORANGE,NSW,2800,-33.284355,149.10347,,,Tasmania Government LIST Telstra Payphones layer
02636228X2,0400772504,2 PRINCE ST,ORANGE,NSW,2800,-33.275566,149.088228,,,Tasmania Government LIST Telstra Payphones layer
02636233X2,0263629074,140 MARGARET ST,ORANGE,NSW,2800,-33.27128,149.10154,,,Tasmania Government LIST Telstra Payphones layer
02636234X2,0263629363,209 ANSON ST,ORANGE,NSW,2800,-33.283834,149.098513,,,Tasmania Government LIST Telstra Payphones layer
02636249X2,0263620172,222 MITCHELL HWY,ORANGE,NSW,2800,-33.28377,149.099937,,,Tasmania Government LIST Telstra Payphones layer
02636251X2,0263620444,107 DALTON ST,ORANGE,NSW,2800,-33.27626,149.10311,,,Tasmania Government LIST Telstra Payphones layer
02636266X2,0263620165,30 GLENROI AVE,ORANGE,NSW,2800,-33.297251,149.109379,,,Tasmania Government LIST Telstra Payphones layer
02636267X2,0455315732,61 EDWARD ST,ORANGE,NSW,2800,-33.29618,149.1044,,,Tasmania Government LIST Telstra Payphones layer
02636268X2,0263628801,15 TORPY ST,ORANGE,NSW,2800,-33.289502,149.099483,,,Tasmania Government LIST Telstra Payphones layer
02636910X1,0263691748,208 LORDS PL,ORANGE,NSW,2800,-33.28367,149.10126,,,Tasmania Government LIST Telstra Payphones layer
02636551X2,0263655241,12 SEATON ST,SPRING HILL,NSW,2800,-33.398878,149.152593,,,Tasmania Government LIST Telstra Payphones layer
02638370X2,0263837200,139 BENDICK MURRELL-WIRRIMAH RD,BENDICK MURRELL,NSW,2803,-34.15974,148.44523,,,Tasmania Government LIST Telstra Payphones layer
02634435X2,0263443510,6 SLOAN ST,BILLIMARI,NSW,2804,-33.676245,148.620871,,,Tasmania Government LIST Telstra Payphones layer
02634411X7,0263441609,54 GASKILL ST,CANOWINDRA,NSW,2804,-33.56596,148.66083,,,Tasmania Government LIST Telstra Payphones layer
02634420X7,0263441109,33 FERGUSON ST,CANOWINDRA,NSW,2804,-33.56233,148.66428,,,Tasmania Government LIST Telstra Payphones layer
02634480X2,0263448305,40 MAIN ST,GOOLOOGONG,NSW,2805,-33.613787,148.434336,,,Tasmania Government LIST Telstra Payphones layer
02685920X2,0268592201,57 NAMINA ST,EUGOWRA,NSW,2806,-33.427826,148.371735,,,Tasmania Government LIST Telstra Payphones layer
02634534X2,0263453408,4339 OLYMPIC HWY,KOORAWATHA,NSW,2807,-34.039078,148.554508,,,Tasmania Government LIST Telstra Payphones layer
02634508X2,0263450805,172 WAUGOOLA RD,WYANGALA,NSW,2808,-33.967716,148.948766,,,Tasmania Government LIST Telstra Payphones layer
02634508X9,0263450814,2891 REG HAILSTONE WAY,WYANGALA,NSW,2808,-33.9604,148.96116,,,Tasmania Government LIST Telstra Payphones layer
02634360X2,0263436201,NORTHCOTE ST,GREENETHORPE,NSW,2809,-33.996792,148.401606,,,Tasmania Government LIST Telstra Payphones layer
02634711X2,0263471287,55 CALDWELL ST,BIMBI,NSW,2810,-34.03844,147.92901,,,Tasmania Government LIST Telstra Payphones layer
02634750X2,0263475209,MID WESTERN HWY,CARAGABAL,NSW,2810,-33.84413,147.73998,,,Tasmania Government LIST Telstra Payphones layer
02634310X2,0263431032,85 MAIN ST,GRENFELL,NSW,2810,-33.89387,148.16129,,,Tasmania Government LIST Telstra Payphones layer
02684811X2,0268481000,DENHAM ST,TOORAWEENAH,NSW,2817,-31.439781,148.909601,,,Tasmania Government LIST Telstra Payphones layer
02688710X2,0268871100,51 BUCKENBAH ST,GEURIE,NSW,2818,-32.39876,148.83043,,,Tasmania Government LIST Telstra Payphones layer
02684507X2,0268452654,97 CAVES RD,APSLEY,NSW,2820,-32.62079,148.93806,,,Tasmania Government LIST Telstra Payphones layer
02684515X2,0268451232,5 MITCHELL HWY,MONTEFIORES,NSW,2820,-32.54183,148.94216,,,Tasmania Government LIST Telstra Payphones layer
02684680X2,0268468291,1000 MOOKERAWA RD,MOOKERAWA,NSW,2820,-32.76664,149.15796,,,Tasmania Government LIST Telstra Payphones layer
02684674X2,0268467400,FASHIONS MOUNT RD,MUMBIL,NSW,2820,-32.68675,149.10886,,,Tasmania Government LIST Telstra Payphones layer
02684674X7,0268467409,7 MACKEREL ST,MUMBIL,NSW,2820,-32.724773,149.050106,,,Tasmania Government LIST Telstra Payphones layer
02684681X2,0268468241,38 MOLONG ST,STUART TOWN,NSW,2820,-32.80371,149.07811,,,Tasmania Government LIST Telstra Payphones layer
02684503X2,0268451476,14 SIMPSON ST,WELLINGTON,NSW,2820,-32.54952,148.9488,,,Tasmania Government LIST Telstra Payphones layer
02684505X2,0268452309,19 MAUGHN ST,WELLINGTON,NSW,2820,-32.555915,148.943866,,,Tasmania Government LIST Telstra Payphones layer
02684513X2,0268451010,103 PIERCE ST,WELLINGTON,NSW,2820,-32.559245,148.951596,,,Tasmania Government LIST Telstra Payphones layer
02684514X2,0268451165,5 NANINA CRS,WELLINGTON,NSW,2820,-32.55169,148.94091,,,Tasmania Government LIST Telstra Payphones layer
02684521X2,0268452543,59 SWIFT ST,WELLINGTON,NSW,2820,-32.554184,148.94657,,,Tasmania Government LIST Telstra Payphones layer
02688910X7,0268891112,76 DANDALOO ST,NARROMINE,NSW,2821,-32.232214,148.239386,,,Tasmania Government LIST Telstra Payphones layer
02688911X2,0268891309,122 CATHUNDRIL ST,NARROMINE,NSW,2821,-32.242228,148.23942,,,Tasmania Government LIST Telstra Payphones layer
02688914X2,0268891832,1 DANDALOO HWY,NARROMINE,NSW,2821,-32.226275,148.240116,,,Tasmania Government LIST Telstra Payphones layer
02688810X2,0268881000,54 RAILWAY ST,EUMUNGERIE,NSW,2822,-31.94817,148.6204,,,Tasmania Government LIST Telstra Payphones layer
02688870X2,0268887400,10 DANDALOO ST,TRANGIE,NSW,2823,-32.031893,147.984117,,,Tasmania Government LIST Telstra Payphones layer
02684740X2,0268474100,115 DUBBO ST,WARREN,NSW,2824,-31.700906,147.836739,,,Tasmania Government LIST Telstra Payphones layer
02683210X2,0268321343,60 COBAR ST,NYNGAN,NSW,2825,-31.562786,147.192749,,,Tasmania Government LIST Telstra Payphones layer
02683211X2,0268321689,78 PANGEE ST,NYNGAN,NSW,2825,-31.562633,147.195613,,,Tasmania Government LIST Telstra Payphones layer
02684760X2,0268476200,18 TRANGIE ST,NEVERTIRE,NSW,2826,-31.837173,147.716821,,,Tasmania Government LIST Telstra Payphones layer
02684790X2,0268479190,COONAMBLE ST,COLLIE,NSW,2827,-31.667208,148.303293,,,Tasmania Government LIST Telstra Payphones layer
02684720X2,0268472202,58 MILLER ST,GILGANDRA,NSW,2827,-31.710416,148.669962,,,Tasmania Government LIST Telstra Payphones layer
02684722X2,0268472401,15 CASTLEREAGH ST,GILGANDRA,NSW,2827,-31.716836,148.65881,,,Tasmania Government LIST Telstra Payphones layer
02684724X2,0268472205,13 BARDON ST,GILGANDRA,NSW,2827,-31.70955,148.64657,,,Tasmania Government LIST Telstra Payphones layer
02684725X2,0268472701,15 WARREN RD,GILGANDRA,NSW,2827,-31.711823,148.66348,,,Tasmania Government LIST Telstra Payphones layer
02684858X2,0268485800,ARMATREE ST,ARMATREE,NSW,2828,-31.447171,148.479581,,,Tasmania Government LIST Telstra Payphones layer
02682510X2,0268251000,24 BOURBAH ST,GULARGAMBONE,NSW,2828,-31.329681,148.471658,,,Tasmania Government LIST Telstra Payphones layer
02682540X2,0268254300,TIMOR RD,WARRUMBUNGLE,NSW,2828,-31.27714,148.99686,,,Tasmania Government LIST Telstra Payphones layer
02682200X2,0268221298,25 ABERFORD ST,COONAMBLE,NSW,2829,-30.954485,148.388814,,,Tasmania Government LIST Telstra Payphones layer
02682211X2,0268221309,39 DUBBO ST,COONAMBLE,NSW,2829,-30.95666,148.39363,,,Tasmania Government LIST Telstra Payphones layer
02682214X2,0268221439,24 WINGADEE ST,COONAMBLE,NSW,2829,-30.950054,148.379797,,,Tasmania Government LIST Telstra Payphones layer
02682218X2,0268221909,92 ABERFORD ST,COONAMBLE,NSW,2829,-30.952787,148.378798,,,Tasmania Government LIST Telstra Payphones layer
02688650X2,0268865100,34 FEDERATION ST,BALLIMORE,NSW,2830,-32.19553,148.899453,,,Tasmania Government LIST Telstra Payphones layer
02688851X2,0268885110,NEWELL HWY,BROCKLEHURST,NSW,2830,-32.17894,148.62296,,,Tasmania Government LIST Telstra Payphones layer
02688203X1,0268826943,177 MACQUARIE ST,DUBBO,NSW,2830,-32.250122,148.60018,,,Tasmania Government LIST Telstra Payphones layer
02688203X2,0268821721,16 LEAVERS ST,DUBBO,NSW,2830,-32.25339,148.58618,,,Tasmania Government LIST Telstra Payphones layer
02688205X2,0268821921,FITZROY ST,DUBBO,NSW,2830,-32.25199,148.613065,,,Tasmania Government LIST Telstra Payphones layer
02688206X2,0268822032,26 VICTORIA ST,DUBBO,NSW,2830,-32.247845,148.592742,,,Tasmania Government LIST Telstra Payphones layer
02688209X2,0268822432,144 TALBRAGAR ST,DUBBO,NSW,2830,-32.24515,148.60802,,,Tasmania Government LIST Telstra Payphones layer
02688210X2,0268822521,24 WINGEWARRA ST,DUBBO,NSW,2830,-32.248939,148.601355,,,Tasmania Government LIST Telstra Payphones layer
02688211X2,0268822565,36 TALBRAGAR ST,DUBBO,NSW,2830,-32.244938,148.602781,,,Tasmania Government LIST Telstra Payphones layer
02688213X2,0437796548,2 NAMAN ST,DUBBO,NSW,2830,-32.264753,148.603795,,,Tasmania Government LIST Telstra Payphones layer
02688219X2,0268823432,174 DARLING ST,DUBBO,NSW,2830,-32.255906,148.605386,,,Tasmania Government LIST Telstra Payphones layer
02688220X2,0268823521,110 DARLING ST,DUBBO,NSW,2830,-32.245768,148.606733,,,Tasmania Government LIST Telstra Payphones layer
02688221X2,0268823721,141 BRISBANE ST,DUBBO,NSW,2830,-32.246242,148.603885,,,Tasmania Government LIST Telstra Payphones layer
02688222X2,0448775258,31 BENNETT ST,DUBBO,NSW,2830,-32.266208,148.617727,,,Tasmania Government LIST Telstra Payphones layer
02688224X2,0268824032,80 TAMWORTH ST,DUBBO,NSW,2830,-32.260975,148.613524,,,Tasmania Government LIST Telstra Payphones layer
02688226X2,0268825432,196 WINGEWARRA ST,DUBBO,NSW,2830,-32.251907,148.624862,,,Tasmania Government LIST Telstra Payphones layer
02688227X2,0268825565,14 COBRA ST,DUBBO,NSW,2830,-32.253113,148.601047,,,Tasmania Government LIST Telstra Payphones layer
02688228X2,0268825632,272 MYALL ST,DUBBO,NSW,2830,-32.243093,148.636543,,,Tasmania Government LIST Telstra Payphones layer
02688230X2,0268828148,105 BOURKE ST,DUBBO,NSW,2830,-32.242441,148.609591,,,Tasmania Government LIST Telstra Payphones layer
02688242X2,0268822232,35 EAST ST,DUBBO,NSW,2830,-32.250859,148.588664,,,Tasmania Government LIST Telstra Payphones layer
02688243X2,0268822832,50 BOUNDARY RD,DUBBO,NSW,2830,-32.268019,148.610211,,,Tasmania Government LIST Telstra Payphones layer
02688401X2,0268842871,100 MACQUARIE ST,DUBBO,NSW,2830,-32.246253,148.601706,,,Tasmania Government LIST Telstra Payphones layer
02688403X1,0268840362,170 MYALL ST,DUBBO,NSW,2830,-32.239995,148.621733,,,Tasmania Government LIST Telstra Payphones layer
02688405X2,0268847639,77 MYALL ST,DUBBO,NSW,2830,-32.24497,148.62566,,,Tasmania Government LIST Telstra Payphones layer
02688410X2,0268849087,56 WINDSOR PDE,DUBBO,NSW,2830,-32.254986,148.630769,,,Tasmania Government LIST Telstra Payphones layer
02688412X2,0268841290,42 VICTORIA ST,DUBBO,NSW,2830,-32.246783,148.591586,,,Tasmania Government LIST Telstra Payphones layer
02688504X2,0268854587,170 MYALL ST,DUBBO,NSW,2830,-32.239202,148.621193,,,Tasmania Government LIST Telstra Payphones layer
02687479X2,0268747305,831 MITCHELL HWY,BYROCK,NSW,2831,-30.660006,146.402734,,,Tasmania Government LIST Telstra Payphones layer
02682320X2,0268232247,18 COLIN ST,CARINDA,NSW,2831,-30.463236,147.690901,,,Tasmania Government LIST Telstra Payphones layer
02683321X7,0268332100,MITCHELL HWY,COOLABAH,NSW,2831,-31.027777,146.713204,,,Tasmania Government LIST Telstra Payphones layer
02688660X2,0268866100,3 DUNEDOO RD,ELONG ELONG,NSW,2831,-32.111307,149.038584,,,Tasmania Government LIST Telstra Payphones layer
02683310X2,0268331000,8 SYDNEY RD,GIRILAMBONE,NSW,2831,-31.250033,146.904252,,,Tasmania Government LIST Telstra Payphones layer
02683300X2,0268330706,QUANDA ST,HERMIDALE,NSW,2831,-31.54706,146.72653,,,Tasmania Government LIST Telstra Payphones layer
02688611X2,0268861003,9 MERRYGOEN RD,MERRYGOEN,NSW,2831,-31.82514,149.229808,,,Tasmania Government LIST Telstra Payphones layer
02683731X2,0268373860,6 GRAHAM ST,NYMAGEE,NSW,2831,-32.065675,146.315203,,,Tasmania Government LIST Telstra Payphones layer
02682420X2,0268242041,2 TUCKA TUCKA ST,QUAMBONE,NSW,2831,-30.929464,147.870131,,,Tasmania Government LIST Telstra Payphones layer
02688780X2,0268878200,35 GUNDONG ST,WONGARBON,NSW,2831,-32.333879,148.760408,,,Tasmania Government LIST Telstra Payphones layer
02682851X2,0268285279,16 COLLESS ST,COME BY CHANCE,NSW,2832,-30.365347,148.485416,,,Tasmania Government LIST Telstra Payphones layer
02682881X2,0268288479,NARRABRI ST,CUMBORAH,NSW,2832,-29.74334,147.76696,,,Tasmania Government LIST Telstra Payphones layer
02682934X2,0268293952,GLENGARRY RD,CUMBORAH,NSW,2832,-29.66808,147.61662,,,Tasmania Government LIST Telstra Payphones layer
02682935X2,0268293906,GRAWIN ST,CUMBORAH,NSW,2832,-29.670183,147.616072,,,Tasmania Government LIST Telstra Payphones layer
02682810X7,0268281301,141 FOX ST,WALGETT,NSW,2832,-30.031281,148.115144,,,Tasmania Government LIST Telstra Payphones layer
02682817X2,0268281502,61 WEE WAA ST,WALGETT,NSW,2832,-30.021689,148.117112,,,Tasmania Government LIST Telstra Payphones layer
02682820Y2,0268282732,GEORGE SANDS WAY,WALGETT,NSW,2832,-30.008942,148.116559,,,Tasmania Government LIST Telstra Payphones layer
02682822X2,0268282015,36 FOX ST,WALGETT,NSW,2832,-30.020401,148.116751,,,Tasmania Government LIST Telstra Payphones layer
02682830X2,0268283796,805 MISSION RD,WALGETT,NSW,2832,-29.988745,148.074869,,,Tasmania Government LIST Telstra Payphones layer
02675620Y2,0267562614,RESERVE RD,COLLARENEBRI,NSW,2833,-29.556317,148.57105,,,Tasmania Government LIST Telstra Payphones layer
02675624X2,0267562109,25 WILSON ST,COLLARENEBRI,NSW,2833,-29.544156,148.575915,,,Tasmania Government LIST Telstra Payphones layer
02682900X7,0268290083,60 OPAL ST,LIGHTNING RIDGE,NSW,2834,-29.429677,147.980169,,,Tasmania Government LIST Telstra Payphones layer
02682908X2,0268290606,50 MORILLA ST,LIGHTNING RIDGE,NSW,2834,-29.427336,147.980253,,,Tasmania Government LIST Telstra Payphones layer
02683732X2,0268373878,1 EDWARD ST,CANBELEGO,NSW,2835,-31.557589,146.320542,,,Tasmania Government LIST Telstra Payphones layer
02683635X2,0439026054,50 MARSHALL ST,COBAR,NSW,2835,-31.497907,145.836974,,,Tasmania Government LIST Telstra Payphones layer
02683639X2,0436418032,47 LINSLEY ST,COBAR,NSW,2835,-31.499566,145.83809,,,Tasmania Government LIST Telstra Payphones layer
02683640X2,0436298355,101 MARSHALL ST,COBAR,NSW,2835,-31.496552,145.825809,,,Tasmania Government LIST Telstra Payphones layer
08809167X9,0880916747,JOHNSTON ST,WHITE CLIFFS,NSW,2836,-30.850566,143.089785,,,Tasmania Government LIST Telstra Payphones layer
02683730X2,0268373726,2 BARRIER HWY,WILCANNIA,NSW,2836,-31.65349,144.26821,,,Tasmania Government LIST Telstra Payphones layer
08809150Y2,0880915907,WARRALI ST,WILCANNIA,NSW,2836,-31.563708,143.381421,,,Tasmania Government LIST Telstra Payphones layer
08809153X2,0880915806,68 REID ST,WILCANNIA,NSW,2836,-31.560841,143.376248,,,Tasmania Government LIST Telstra Payphones layer
02682960X2,0268296275,1 ADAM ST,GOODOOGA,NSW,2838,-29.113734,147.451969,,,Tasmania Government LIST Telstra Payphones layer
02683904X2,0268392000,93 BATHURST ST,BREWARRINA,NSW,2839,-29.961763,146.859279,,,Tasmania Government LIST Telstra Payphones layer
02683921X2,0268392068,2 PARK ST,BREWARRINA,NSW,2839,-29.954577,146.862496,,,Tasmania Government LIST Telstra Payphones layer
02683922Y2,0268392137,BARWON FOUR RESERVE,BREWARRINA,NSW,2839,-29.944755,146.86101,,,Tasmania Government LIST Telstra Payphones layer
02687441X2,0268744947,49 POST OFFICE RD,WEILMORINGLE,NSW,2839,-29.23862,146.919814,,,Tasmania Government LIST Telstra Payphones layer
02687211X2,0268721626,ANSON ST,BOURKE,NSW,2840,-30.094455,145.935312,,,Tasmania Government LIST Telstra Payphones layer
02687221X7,0268722310,47 OXLEY ST,BOURKE,NSW,2840,-30.089804,145.936261,,,Tasmania Government LIST Telstra Payphones layer
02687222X7,0268722232,1 MORVAN ST,BOURKE,NSW,2840,-30.096171,145.946558,,,Tasmania Government LIST Telstra Payphones layer
02687229X2,0268722643,35 SHORT ST,BOURKE,NSW,2840,-30.086365,145.94997,,,Tasmania Government LIST Telstra Payphones layer
02687473Y2,0268747619,10 BELALIE ST,ENNGONIA,NSW,2840,-29.319667,145.846398,,,Tasmania Government LIST Telstra Payphones layer
02687474Y2,0268747629,MITCHELL HWY,ENNGONIA,NSW,2840,-29.015352,145.716719,,,Tasmania Government LIST Telstra Payphones layer
02687470X7,0268747536,AUBREY ST,FORDS BRIDGE,NSW,2840,-29.75257,145.425281,,,Tasmania Government LIST Telstra Payphones layer
02687471X7,0268747403,BLOXHAM ST,LOUTH,NSW,2840,-30.53509,145.116017,,,Tasmania Government LIST Telstra Payphones layer
02687220X2,0268722054,2 DARLING ST,NORTH BOURKE,NSW,2840,-30.054725,145.949529,,,Tasmania Government LIST Telstra Payphones layer
02683733X2,0268373927,TILPA LOUTH RD,TILPA,NSW,2840,-30.936015,144.416913,,,Tasmania Government LIST Telstra Payphones layer
02687475X2,0268747724,BOURKE-MILPARINKA RD,WANAARING,NSW,2840,-29.70427,144.148858,,,Tasmania Government LIST Telstra Payphones layer
02687476X2,0268747766,HUNGERFORD RD,YANTABULLA,NSW,2840,-29.31287,145.0194,,,Tasmania Government LIST Telstra Payphones layer
02688610X2,0268861002,YALCOGRAN ST,MENDOORAN,NSW,2842,-31.822118,149.117829,,,Tasmania Government LIST Telstra Payphones layer
02637710X2,0263771029,45 BINNIA ST,COOLAH,NSW,2843,-31.823419,149.720229,,,Tasmania Government LIST Telstra Payphones layer
02637711X2,0263771104,3814 BLACK STUMP WAY,COOLAH,NSW,2843,-31.820196,149.725996,,,Tasmania Government LIST Telstra Payphones layer
02637580X2,0263758210,3156 CASTLEREAGH HWY,BIRRIWA,NSW,2844,-32.121096,149.466351,,,Tasmania Government LIST Telstra Payphones layer
02637511X2,0263751305,209 BOLARO ST,DUNEDOO,NSW,2844,-32.01591,149.38943,,,Tasmania Government LIST Telstra Payphones layer
02638512X2,0263751005,BOLARO ST,DUNEDOO,NSW,2844,-32.016004,149.396474,,,Tasmania Government LIST Telstra Payphones layer
02637502X7,0263750223,15 CLARK ST,LEADVILLE,NSW,2844,-32.01473,149.54616,,,Tasmania Government LIST Telstra Payphones layer
02635511X2,0263551237,66 MAIN ST,WALLERAWANG,NSW,2845,-33.407317,150.067689,,,Tasmania Government LIST Telstra Payphones layer
02635513X2,0263551200,21 HUME ST,WALLERAWANG,NSW,2845,-33.414944,150.065612,,,Tasmania Government LIST Telstra Payphones layer
02635901X2,0263590105,68 CASTLEREAGH HWY,CAPERTEE,NSW,2846,-33.1453,149.98208,,,Tasmania Government LIST Telstra Payphones layer
02637972X7,0263797209,CANOBLA AVE,GLEN DAVIS,NSW,2846,-33.12251,150.28071,,,Tasmania Government LIST Telstra Payphones layer
02635551X2,0263555103,59 WILLIWA ST,PORTLAND,NSW,2847,-33.35317,149.98153,,,Tasmania Government LIST Telstra Payphones layer
02637946X2,0263794676,27 STATION ST,CHARBON,NSW,2848,-32.88427,149.96845,,,Tasmania Government LIST Telstra Payphones layer
02637944X2,0263794440,1 CALLAGHAN ST,CLANDULLA,NSW,2848,-32.904132,149.946938,,,Tasmania Government LIST Telstra Payphones layer
02637903X2,0263794487,73 ANGUS AVE,KANDOS,NSW,2848,-32.858669,149.977191,,,Tasmania Government LIST Telstra Payphones layer
02637941X2,0263794306,34 ANGUS AVE,KANDOS,NSW,2848,-32.85897,149.97391,,,Tasmania Government LIST Telstra Payphones layer
02637943X2,0263794407,8 ILFORD RD,KANDOS,NSW,2848,-32.859576,149.969812,,,Tasmania Government LIST Telstra Payphones layer
02637980X2,0263798201,7690 BYLONG VALLEY HWY,BYLONG,NSW,2849,-32.41638,150.11428,,,Tasmania Government LIST Telstra Payphones layer
02637972X2,0263797205,JAMISON ST,GLEN ALICE,NSW,2849,-33.042771,150.214889,,,Tasmania Government LIST Telstra Payphones layer
02637981X2,0263798203,BYLONG VALLEY WAY,GROWEE,NSW,2849,-32.620088,150.069932,,,Tasmania Government LIST Telstra Payphones layer
02637914X2,0263791305,81 LOUEE ST,RYLSTONE,NSW,2849,-32.79844,149.97038,,,Tasmania Government LIST Telstra Payphones layer
02637350X2,0263735210,1364 WOLLAR RD,COOYAL,NSW,2850,-32.45178,149.75485,,,Tasmania Government LIST Telstra Payphones layer
02635885X2,0263588504,WINDERMERE DAM RD,CUDGEGONG,NSW,2850,-32.725539,149.771169,,,Tasmania Government LIST Telstra Payphones layer
02637386X2,0263738601,3506 HILL END RD,HARGRAVES,NSW,2850,-32.788166,149.464374,,,Tasmania Government LIST Telstra Payphones layer
02633781X2,0263378201,47 TAMBAROORA ST,HILL END,NSW,2850,-33.035968,149.414202,,,Tasmania Government LIST Telstra Payphones layer
02635884X1,0263588412,CASTLEREAGH HWY,ILFORD,NSW,2850,-32.958343,149.858101,,,Tasmania Government LIST Telstra Payphones layer
02637364X2,0263736405,35 SWANSTON ST,LUE,NSW,2850,-32.65651,149.84604,,,Tasmania Government LIST Telstra Payphones layer
02637202X2,0263721509,1 WINBOURNE ST,MUDGEE,NSW,2850,-32.59668,149.59857,,,Tasmania Government LIST Telstra Payphones layer
02637209X2,0263723817,127 GLADSTONE ST,MUDGEE,NSW,2850,-32.593956,149.578523,,,Tasmania Government LIST Telstra Payphones layer
02637211X2,0263721232,68 HORATIO ST,MUDGEE,NSW,2850,-32.599069,149.586544,,,Tasmania Government LIST Telstra Payphones layer
02637213X2,0263721539,80 MARKET ST,MUDGEE,NSW,2850,-32.59047,149.58553,,,Tasmania Government LIST Telstra Payphones layer
02637214X2,0263721632,142 CHURCH ST,MUDGEE,NSW,2850,-32.59607,149.58758,,,Tasmania Government LIST Telstra Payphones layer
02637218X2,0263723763,49 CHURCH ST,MUDGEE,NSW,2850,-32.593306,149.587754,,,Tasmania Government LIST Telstra Payphones layer
02637219X2,0263724406,50 MARKET ST,MUDGEE,NSW,2850,-32.5909,149.58918,,,Tasmania Government LIST Telstra Payphones layer
02637220X2,0263724451,42 SYDNEY RD,MUDGEE,NSW,2850,-32.60927,149.60042,,,Tasmania Government LIST Telstra Payphones layer
02637254X2,0263721109,181 MORTIMER ST,MUDGEE,NSW,2850,-32.589267,149.574461,,,Tasmania Government LIST Telstra Payphones layer
02637256X2,0263724487,205 DENISON ST,MUDGEE,NSW,2850,-32.592448,149.571537,,,Tasmania Government LIST Telstra Payphones layer
02635882X2,0263588205,5989 CASTLEREAGH HWY,RUNNING STREAM,NSW,2850,-33.031279,149.900604,,,Tasmania Government LIST Telstra Payphones layer
02637346X2,0263734602,36 MAIN ST,ULAN,NSW,2850,-32.280891,149.743103,,,Tasmania Government LIST Telstra Payphones layer
02637382X2,0263738205,1883 WINDEYER RD,WINDEYER,NSW,2850,-32.78539,149.54733,,,Tasmania Government LIST Telstra Payphones layer
02637342X2,0263734202,4 MAITLAND ST,WOLLAR,NSW,2850,-32.361321,149.949084,,,Tasmania Government LIST Telstra Payphones layer
02637403X2,0263740211,2897 GOOLMA RD,GOOLMA,NSW,2852,-32.374835,149.276992,,,Tasmania Government LIST Telstra Payphones layer
02637410X2,0436401610,129 MAYNE ST,GULGONG,NSW,2852,-32.362636,149.532655,,,Tasmania Government LIST Telstra Payphones layer
02637411X2,0263741602,49 HERBERT ST,GULGONG,NSW,2852,-32.359915,149.534282,,,Tasmania Government LIST Telstra Payphones layer
02636420X2,0263642088,20 MAIN ST,CUDAL,NSW,2864,-33.286642,148.739546,,,Tasmania Government LIST Telstra Payphones layer
02636450X2,0263645300,97 KEIWA ST,MANILDRA,NSW,2865,-33.186268,148.696773,,,Tasmania Government LIST Telstra Payphones layer
02636410X2,0263641001,19 NUBRIGYN ST,EUCHAREENA,NSW,2866,-32.93937,149.09264,,,Tasmania Government LIST Telstra Payphones layer
02636680X2,0263668002,46 BANK ST,MOLONG,NSW,2866,-33.092188,148.869507,,,Tasmania Government LIST Telstra Payphones layer
02636790X2,0263679205,6217 RENSHAW MCGIRR WAY,BALDRY,NSW,2867,-32.865879,148.499236,,,Tasmania Government LIST Telstra Payphones layer
02636770X2,0263677401,33 OBLEY ST,CUMNOCK,NSW,2867,-32.928403,148.754333,,,Tasmania Government LIST Telstra Payphones layer
02684640X2,0268464001,12 FORBES ST,YEOVAL,NSW,2868,-32.75311,148.64914,,,Tasmania Government LIST Telstra Payphones layer
02686910X2,0268691200,60 CASWELL ST,PEAK HILL,NSW,2869,-32.72345,148.19039,,,Tasmania Government LIST Telstra Payphones layer
02686911X2,0268691300,126 CASWELL ST,PEAK HILL,NSW,2869,-32.727462,148.192185,,,Tasmania Government LIST Telstra Payphones layer
02686930X2,0268693241,NEWELL HWY,TOMINGLEY,NSW,2869,-32.57136,148.221953,,,Tasmania Government LIST Telstra Payphones layer
02686530X2,0268653201,29 GOOBANG ST,ALECTOWN,NSW,2870,-32.93226,148.241044,,,Tasmania Government LIST Telstra Payphones layer
02686202X2,0268621232,2 CALLAGHAN ST,PARKES,NSW,2870,-33.14549,148.170646,,,Tasmania Government LIST Telstra Payphones layer
02686203X2,0268621454,350 CLARINDA ST,PARKES,NSW,2870,-33.133791,148.17403,,,Tasmania Government LIST Telstra Payphones layer
02686206X2,0268621832,40 DALTON ST,PARKES,NSW,2870,-33.135984,148.168913,,,Tasmania Government LIST Telstra Payphones layer
02686207X2,0268622032,238 CLARINDA ST,PARKES,NSW,2870,-33.137369,148.174533,,,Tasmania Government LIST Telstra Payphones layer
02686208X2,0268622165,27 CHURCH ST,PARKES,NSW,2870,-33.13564,148.174658,,,Tasmania Government LIST Telstra Payphones layer
02686211X2,0268622432,78 CLARINDA ST,PARKES,NSW,2870,-33.141777,148.181795,,,Tasmania Government LIST Telstra Payphones layer
02686213X2,0268623040,37 ALBERT ST,PARKES,NSW,2870,-33.131385,148.179879,,,Tasmania Government LIST Telstra Payphones layer
02686216X2,0268625518,195 CLARINDA ST,PARKES,NSW,2870,-33.137295,148.174792,,,Tasmania Government LIST Telstra Payphones layer
02686350X2,0268635456,31 BOGAN ST,PARKES,NSW,2870,-33.134725,148.173036,,,Tasmania Government LIST Telstra Payphones layer
02685101X2,0268511341,3 COURT ST,FORBES,NSW,2871,-33.38522,148.008,,,Tasmania Government LIST Telstra Payphones layer
02685105X2,0268515718,27 CALARIE RD,FORBES,NSW,2871,-33.371948,148.008456,,,Tasmania Government LIST Telstra Payphones layer
02685204X2,0268521832,12 REGENT ST,FORBES,NSW,2871,-33.394808,148.009512,,,Tasmania Government LIST Telstra Payphones layer
02685209X2,0268522614,89 RANKIN ST,FORBES,NSW,2871,-33.38384,148.00734,,,Tasmania Government LIST Telstra Payphones layer
02685216X2,0268522232,1 UNION ST,FORBES,NSW,2871,-33.37883,148.01138,,,Tasmania Government LIST Telstra Payphones layer
02685218X2,0268521632,12 BRIDGE ST,FORBES,NSW,2871,-33.3896,148.01399,,,Tasmania Government LIST Telstra Payphones layer
02689280X2,0268928203,1 FEDERATION ST,ALBERT,NSW,2873,-32.35655,147.50857,,,Tasmania Government LIST Telstra Payphones layer
02689241X2,0268924233,69 UMANG ST,TOTTENHAM,NSW,2873,-32.243765,147.354856,,,Tasmania Government LIST Telstra Payphones layer
02689250X2,0268925101,8 HAYLOCK ST,TULLAMORE,NSW,2874,-32.631293,147.565735,,,Tasmania Government LIST Telstra Payphones layer
02689270X2,0268927203,8 SLEE ST,FIFIELD,NSW,2875,-32.807166,147.458438,,,Tasmania Government LIST Telstra Payphones layer
02689210X2,0268921001,24 FORBES ST,TRUNDLE,NSW,2875,-32.92363,147.71058,,,Tasmania Government LIST Telstra Payphones layer
02686412X2,0268641128,HENRY PARKES WAY,BOGAN GATE,NSW,2876,-33.107902,147.804144,,,Tasmania Government LIST Telstra Payphones layer
02689530X2,0268953041,31 BATHURST ST,CONDOBOLIN,NSW,2877,-33.08888,147.15137,,,Tasmania Government LIST Telstra Payphones layer
02689661X2,0268966601,14 LACHLAN ST,EUABALONG,NSW,2877,-33.109709,146.47313,,,Tasmania Government LIST Telstra Payphones layer
02689660X2,0268966602,26 UABBA ST,EUABALONG WEST,NSW,2877,-33.055619,146.39445,,,Tasmania Government LIST Telstra Payphones layer
02689771X2,0268977971,KIDMAN WAY,MT HOPE,NSW,2877,-32.83846,145.87923,,,Tasmania Government LIST Telstra Payphones layer
02699512X2,0269951340,29 COLUMBUS ST,IVANHOE,NSW,2878,-32.8995,144.300117,,,Tasmania Government LIST Telstra Payphones layer
08809144X2,0880914408,44 YARTLA ST,MENINDEE,NSW,2879,-32.393817,142.417426,,,Tasmania Government LIST Telstra Payphones layer
08808703X2,0880871310,231 ARGENT ST,BROKEN HILL,NSW,2880,-31.959305,141.464124,,,Tasmania Government LIST Telstra Payphones layer
08808704X2,0880876256,97 BLENDE ST,BROKEN HILL,NSW,2880,-31.959997,141.46049,,,Tasmania Government LIST Telstra Payphones layer
08808800X1,0880883289,150 RAKOW ST,BROKEN HILL,NSW,2880,-31.961504,141.43776,,,Tasmania Government LIST Telstra Payphones layer
08808801X2,0880881084,393 ARGENT ST,BROKEN HILL,NSW,2880,-31.957112,141.467701,,,Tasmania Government LIST Telstra Payphones layer
08808805X2,0880881247,54 WILLIAM ST,BROKEN HILL,NSW,2880,-31.956251,141.446365,,,Tasmania Government LIST Telstra Payphones layer
08808811X2,0880882316,336 MCCULLOCH ST,BROKEN HILL,NSW,2880,-31.938379,141.467634,,,Tasmania Government LIST Telstra Payphones layer
08808813X2,0880882373,153 PATTON ST,BROKEN HILL,NSW,2880,-31.979324,141.462125,,,Tasmania Government LIST Telstra Payphones layer
08808814X2,0880882391,23 CHLORIDE ST,BROKEN HILL,NSW,2880,-31.957714,141.465151,,,Tasmania Government LIST Telstra Payphones layer
08808815X2,0880882516,191 ZEBINA ST,BROKEN HILL,NSW,2880,-31.947057,141.46632,,,Tasmania Government LIST Telstra Payphones layer
08808819X2,0880882773,343 THOMAS ST,BROKEN HILL,NSW,2880,-31.946364,141.458612,,,Tasmania Government LIST Telstra Payphones layer
08808820X2,0880882791,74 GYPSUM ST,BROKEN HILL,NSW,2880,-31.967991,141.44596,,,Tasmania Government LIST Telstra Payphones layer
08808825X2,0880881408,103 RYAN ST,BROKEN HILL,NSW,2880,-31.97343,141.44338,,,Tasmania Government LIST Telstra Payphones layer
08808840X2,0880884126,5 GALENA ST,BROKEN HILL,NSW,2880,-31.962512,141.450425,,,Tasmania Government LIST Telstra Payphones layer
08809114X2,0880911636,BARRIER HWY,BROKEN HILL,NSW,2880,-32.077979,141.001617,,,Tasmania Government LIST Telstra Payphones layer
08809135X7,0880913590,LOFTUS ST,MILPARINKA,NSW,2880,-29.738287,141.88414,,,Tasmania Government LIST Telstra Payphones layer
08808822X2,0880885321,BURKE ST,SILVERTON,NSW,2880,-31.884355,141.222854,,,Tasmania Government LIST Telstra Payphones layer
08809133X7,0880913304,31 BRISCO ST,TIBOOBURRA,NSW,2880,-29.432245,142.010921,,,Tasmania Government LIST Telstra Payphones layer
02656320X2,0265632001,NEDS BEACH RD,LORD HOWE ISLAND,NSW,2898,-31.524102,159.061342,,,Tasmania Government LIST Telstra Payphones layer
02656321X2,0265632004,BOWKER AVE,LORD HOWE ISLAND,NSW,2898,-31.529501,159.069139,,,Tasmania Government LIST Telstra Payphones layer
02656322X2,0265632007,LAGOON RD,LORD HOWE ISLAND,NSW,2898,-31.540661,159.078029,,,Tasmania Government LIST Telstra Payphones layer
02656323X2,0265632005,ANDERSON RD,LORD HOWE ISLAND,NSW,2898,-31.52231,159.06907,,,Tasmania Government LIST Telstra Payphones layer
02656325X2,0265632289,MIDDLE BEACH RD,LORD HOWE ISLAND,NSW,2898,-31.526723,159.068608,,,Tasmania Government LIST Telstra Payphones layer
02629305X2,0262932949,PITMAN ST,GREENWAY,NSW,2900,-35.414743,149.065668,,,Tasmania Government LIST Telstra Payphones layer
02629307X2,0262932948,PITMAN ST,GREENWAY,NSW,2900,-35.414805,149.065714,,,Tasmania Government LIST Telstra Payphones layer
02629316X1,0262932485,210 ANKETELL ST,GREENWAY,NSW,2900,-35.416923,149.068144,,,Tasmania Government LIST Telstra Payphones layer
02629317X1,0262932759,210 ANKETELL ST,GREENWAY,NSW,2900,-35.4161,149.067344,,,Tasmania Government LIST Telstra Payphones layer
02623139X2,0436483515,2 PRIMMER CRT,KAMBAH,NSW,2902,-35.379896,149.057578,,,Tasmania Government LIST Telstra Payphones layer
02629600X2,0262315164,12 SANGSTER PL,WANNIASSA,NSW,2903,-35.39129,149.08574,,,Tasmania Government LIST Telstra Payphones layer
02629602X2,0436017948,26 DENIGAN ST,WANNIASSA,NSW,2903,-35.404019,149.098046,,,Tasmania Government LIST Telstra Payphones layer
02629104X2,0262910832,18 CASTLETON CRS,GOWRIE,NSW,2904,-35.41394,149.10969,,,Tasmania Government LIST Telstra Payphones layer
02629204X2,0455991962,9 WEBBER CRS,CALWELL,NSW,2905,-35.434654,149.11389,,,Tasmania Government LIST Telstra Payphones layer
02629108X2,0262917618,38 HALLEY ST,CHISHOLM,NSW,2905,-35.413968,149.128382,,,Tasmania Government LIST Telstra Payphones layer
02629203X2,0448405565,131 ELLERSTON AVE,ISABELLA PLAINS,NSW,2905,-35.42846,149.09166,,,Tasmania Government LIST Telstra Payphones layer
02629109X2,0262910309,CLIFT CRS,RICHARDSON,NSW,2905,-35.427346,149.115432,,,Tasmania Government LIST Telstra Payphones layer
02629400X2,0262940631,125 POCKET AVE,BANKS,NSW,2906,-35.47407,149.09361,,,Tasmania Government LIST Telstra Payphones layer
02628400X1,0262847016,4 SIDNEY NOLAN ST,CONDER,NSW,2906,-35.45749,149.09186,,,Tasmania Government LIST Telstra Payphones layer
02629400X1,0262943278,4 SIDNEY NOLAN ST,CONDER,NSW,2906,-35.45749,149.09186,,,Tasmania Government LIST Telstra Payphones layer
02629402X2,0436349796,112 LEWIS LUXTON AVE,GORDON,NSW,2906,-35.450496,149.084012,,,Tasmania Government LIST Telstra Payphones layer
02624113X2,0262419305,35 BROOKES ST,MITCHELL,NSW,2911,-35.217891,149.140773,,,Tasmania Government LIST Telstra Payphones layer
02625354X1,0262538765,33 HIBBERSON ST,GUNGAHLIN,NSW,2912,-35.185772,149.13375,,,Tasmania Government LIST Telstra Payphones layer
02624203X2,0262427521,4 PAUL COE CRS,NGUNNAWAL,NSW,2913,-35.174571,149.12014,,,Tasmania Government LIST Telstra Payphones layer
02625318X2,0262539240,88 KELLEWAY AVE,NICHOLLS,NSW,2913,-35.183171,149.098766,,,Tasmania Government LIST Telstra Payphones layer
02624111X2,0419424793,2 TIPTREE CRS,PALMERSTON,NSW,2913,-35.19719,149.11808,,,Tasmania Government LIST Telstra Payphones layer
02603290X2,0260329201,83 MAIN ST,RUTHERGLEN,NSW,3685,-36.054693,146.461077,,,Tasmania Government LIST Telstra Payphones layer
02603292X2,0260329401,168 HIGH ST,RUTHERGLEN,NSW,3685,-36.056851,146.458815,,,Tasmania Government LIST Telstra Payphones layer
02603302X2,0260331654,24 FOORD ST,WAHGUNYAH,NSW,3687,-36.009749,146.394067,,,Tasmania Government LIST Telstra Payphones layer
02602670X2,0260267200,20 HAVELOCK ST,BARNAWARTHA,NSW,3688,-36.105692,146.67388,,,Tasmania Government LIST Telstra Payphones layer
02605621X2,0448112778,65 MCKOY ST,WEST WODONGA,NSW,3690,-36.109895,146.856536,,,Tasmania Government LIST Telstra Payphones layer
02605900X2,0260593408,34 GAYVIEW ST,WEST WODONGA,NSW,3690,-36.123037,146.854575,,,Tasmania Government LIST Telstra Payphones layer
02605901X2,0260593461,2 BARTON ST,WEST WODONGA,NSW,3690,-36.13449,146.85583,,,Tasmania Government LIST Telstra Payphones layer
02602404X2,0260241619,80 LAWRENCE ST,WODONGA,NSW,3690,-36.125587,146.897781,,,Tasmania Government LIST Telstra Payphones layer
02602405X2,0260241673,227 LAWRENCE ST,WODONGA,NSW,3690,-36.123462,146.879815,,,Tasmania Government LIST Telstra Payphones layer
02602407X2,0455167383,30 ATHOL ST,WODONGA,NSW,3690,-36.136707,146.890077,,,Tasmania Government LIST Telstra Payphones layer
02602409X2,0260241819,2 WILLIAM ST,WODONGA,NSW,3690,-36.124502,146.884155,,,Tasmania Government LIST Telstra Payphones layer
02602421X2,0447817948,131 HIGH ST,WODONGA,NSW,3690,-36.122063,146.887999,,,Tasmania Government LIST Telstra Payphones layer
02602439X2,0455717931,128 BROCKLEY ST,WODONGA,NSW,3690,-36.127024,146.877272,,,Tasmania Government LIST Telstra Payphones layer
02602450X2,0260245596,79 CHAPEL ST,WODONGA,NSW,3690,-36.128865,146.905199,,,Tasmania Government LIST Telstra Payphones layer
02605600X2,0260561232,196 HIGH ST,WODONGA,NSW,3690,-36.123088,146.888235,,,Tasmania Government LIST Telstra Payphones layer
02605608X1,0260569297,1 CARROLLS LA,WODONGA,NSW,3690,-36.105612,146.871884,,,Tasmania Government LIST Telstra Payphones layer
02605608X2,0260562806,1 BEECHWORTH-WODONGA RD,WODONGA,NSW,3690,-36.142804,146.884027,,,Tasmania Government LIST Telstra Payphones layer
02602425X2,0260247315,RUSSELL RD,BANDIANA,NSW,3691,-36.150145,146.911791,,,Tasmania Government LIST Telstra Payphones layer
02602080X2,0260208511,3 SAGE CRT,BARANDUDA,NSW,3691,-36.17978,146.94697,,,Tasmania Government LIST Telstra Payphones layer
02602642X2,0260264359,LAKE RD,BELLBRIDGE,NSW,3691,-36.096141,147.060998,,,Tasmania Government LIST Telstra Payphones layer
02602646X2,0260264068,6 BRIDGE ST,BETHANGA,NSW,3691,-36.123553,147.098486,,,Tasmania Government LIST Telstra Payphones layer
02602890X2,0260289301,4561 KIEWA VALLEY HWY,DEDERANG,NSW,3691,-36.481772,147.0308,,,Tasmania Government LIST Telstra Payphones layer
02602060X2,0260206172,33 BOATHAVEN RD,EBDEN,NSW,3691,-36.141827,147.012891,,,Tasmania Government LIST Telstra Payphones layer
02604102X2,0260411846,40 LINCOLN CSEWY,GATEWAY ISLAND,NSW,3691,-36.093454,146.903515,,,Tasmania Government LIST Telstra Payphones layer
02602428X2,0260244253,43 MULLINS RD,KILLARA,NSW,3691,-36.141426,146.949452,,,Tasmania Government LIST Telstra Payphones layer
02602644X2,0260264397,37 MURRAY ST,LAKE HUME VILLAGE,NSW,3691,-36.10367,147.036375,,,Tasmania Government LIST Telstra Payphones layer
02602731X2,0260273202,56 KIEWA RD,TANGAMBALANGA,NSW,3691,-36.252411,147.030402,,,Tasmania Government LIST Telstra Payphones layer
02607123X2,0260712609,63 TOWONG ST,TALLANGATTA,NSW,3700,-36.217021,147.177289,,,Tasmania Government LIST Telstra Payphones layer
02607241X2,0260724291,BINAMBOOLA RD,DARTMOUTH,NSW,3701,-36.532823,147.495886,,,Tasmania Government LIST Telstra Payphones layer
02607242X2,0260724207,HORSEFALL RD,DARTMOUTH,NSW,3701,-36.579415,147.51944,,,Tasmania Government LIST Telstra Payphones layer
02607200X2,0260720301,3797 OMEO HWY,ESKDALE,NSW,3701,-36.464689,147.25202,,,Tasmania Government LIST Telstra Payphones layer
02607290X2,0260729573,1416 CARLYLE ST,GRANYA,NSW,3701,-36.108286,147.318597,,,Tasmania Government LIST Telstra Payphones layer
02607230X2,0260723500,5555 OMEO HWY,MITTA MITTA,NSW,3701,-36.536793,147.377933,,,Tasmania Government LIST Telstra Payphones layer
02607270X2,0260727579,6156 MURRAY VALLEY HWY,KOETONG,NSW,3704,-36.152841,147.493673,,,Tasmania Government LIST Telstra Payphones layer
02607740X2,0260774200,195 CUDGEWA VALLEY RD,CUDGEWA,NSW,3705,-36.184671,147.778912,,,Tasmania Government LIST Telstra Payphones layer
02607611X2,0260761184,50 HANSON ST,CORRYONG,NSW,3707,-36.195768,147.904252,,,Tasmania Government LIST Telstra Payphones layer
02607790X2,0260779200,3 MAIN ST,TINTALDRA,NSW,3708,-36.047056,147.931492,,,Tasmania Government LIST Telstra Payphones layer
02603710X2,0260371287,47 MAIN ST,WALWA,NSW,3709,-35.96371,147.73682,,,Tasmania Government LIST Telstra Payphones layer
02602715X2,0260271509,37 HIGH ST,YACKANDANDAH,NSW,3749,-36.312939,146.838097,,,Tasmania Government LIST Telstra Payphones layer
02645810X2,0264581410,19 DOWLING ST,BENDOC,NSW,3888,-37.14676,148.88377,,,Tasmania Government LIST Telstra Payphones layer
07553614X1,0755369103,2 AIRPORT RD,BILINGA,NSW,4225,-28.16557,153.512429,,,Tasmania Government LIST Telstra Payphones layer
07553630X2,0755369603,169 GOLDEN FOUR DRV,BILINGA,NSW,4225,-28.160545,153.511703,,,Tasmania Government LIST Telstra Payphones layer
07559917X2,0755991432,6 JOHNSTON ST,BILINGA,NSW,4225,-28.163891,153.516523,,,Tasmania Government LIST Telstra Payphones layer
07553604X2,0455235295,5 HILL ST,COOLANGATTA,NSW,4225,-28.166676,153.544843,,,Tasmania Government LIST Telstra Payphones layer
07553608X2,0427169316,19 TWEED TCE,COOLANGATTA,NSW,4225,-28.164888,153.550495,,,Tasmania Government LIST Telstra Payphones layer
07553617X2,0755368784,5 GRIFFITH ST,COOLANGATTA,NSW,4225,-28.168058,153.535892,,,Tasmania Government LIST Telstra Payphones layer
07553628X2,0755368761,30 MCLEAN ST,COOLANGATTA,NSW,4225,-28.168384,153.53545,,,Tasmania Government LIST Telstra Payphones layer
07553638X2,0755367041,5 MILES ST,COOLANGATTA,NSW,4225,-28.167788,153.531044,,,Tasmania Government LIST Telstra Payphones layer
07553639X2,0755364372,54 MUSGRAVE ST,COOLANGATTA,NSW,4225,-28.167669,153.528136,,,Tasmania Government LIST Telstra Payphones layer
07559906X2,0755991143,68 DUTTON ST,COOLANGATTA,NSW,4225,-28.17323,153.53589,,,Tasmania Government LIST Telstra Payphones layer
07559909X2,0448735623,15 WARD ST,COOLANGATTA,NSW,4225,-28.166211,153.547459,,,Tasmania Government LIST Telstra Payphones layer
07559916X2,0755991374,34 COOLANGATTA RD,COOLANGATTA,NSW,4225,-28.1701,153.52622,,,Tasmania Government LIST Telstra Payphones layer
07559927X2,0755991651,118 GRIFFITH ST,COOLANGATTA,NSW,4225,-28.168787,153.540845,,,Tasmania Government LIST Telstra Payphones layer
07559938X2,0755995460,30 GRIFFITH ST,COOLANGATTA,NSW,4225,-28.168396,153.536892,,,Tasmania Government LIST Telstra Payphones layer
07559949X2,0755991096,75 GRIFFITH ST,COOLANGATTA,NSW,4225,-28.168449,153.53856,,,Tasmania Government LIST Telstra Payphones layer
07559951X2,0755991156,71 GRIFFITH ST,COOLANGATTA,NSW,4225,-28.168384,153.537954,,,Tasmania Government LIST Telstra Payphones layer
02673703X2,0267375248,GLENLYON DAM RD,GLENLYON,NSW,4380,-28.965831,151.472619,,,Tasmania Government LIST Telstra Payphones layer
02673752X1,0267375259,MINGOOLA SCHOOL RD,MINGOOLA,NSW,4380,-29.005876,151.542142,,,Tasmania Government LIST Telstra Payphones layer
08809115X2,0880911535,BARRIER HWY,OLARY,NSW,5440,-32.281769,140.32689,,,Tasmania Government LIST Telstra Payphones layer
